order_id	to_status	at	next_at
14555	20	2026-09-04 07:52:44.957	2026-09-07 09:58:40.357
14555	25	2026-09-07 09:58:40.357	2026-09-07 12:59:41.933
14555	30	2026-09-07 12:59:41.933	2026-09-07 12:59:46.527
14555	35	2026-09-07 12:59:46.527	2026-09-08 14:03:05.974
14555	40	2026-09-08 14:03:05.974	2026-09-08 14:03:08.100
14555	45	2026-09-08 14:03:08.100	2026-09-09 12:54:18.917
14555	48	2026-09-09 12:54:18.917	2026-09-09 12:54:19.521
14555	50	2026-09-09 12:54:19.521	2026-09-09 12:54:22.909
14555	60	2026-09-09 12:54:22.909	2026-09-09 12:54:26.054
14555	80	2026-09-09 12:54:26.054	NULL
15496	20	2026-09-03 15:27:22.930	2026-09-08 10:07:11.639
15496	25	2026-09-08 10:07:11.639	2026-09-08 10:07:14.421
15496	30	2026-09-08 10:07:14.421	2026-09-08 10:07:16.270
15496	50	2026-09-08 10:07:16.270	2026-09-29 12:21:19.608
15496	60	2026-09-29 12:21:19.608	2026-09-29 12:21:23.521
15496	80	2026-09-29 12:21:23.521	NULL
15603	20	2026-09-04 07:03:33.605	2026-09-07 10:07:59.416
15603	25	2026-09-07 10:07:59.416	2026-09-07 13:00:31.424
15603	30	2026-09-07 13:00:31.424	2026-09-07 13:00:33.273
15603	35	2026-09-07 13:00:33.273	2026-09-07 13:57:16.886
15603	40	2026-09-07 13:57:16.886	2026-09-07 13:57:20.040
15603	45	2026-09-07 13:57:20.040	2026-09-08 10:47:04.911
15603	50	2026-09-08 10:47:04.911	2026-09-08 13:47:09.619
15603	60	2026-09-08 13:47:09.619	2026-09-08 13:47:12.416
15603	80	2026-09-08 13:47:12.416	NULL
15687	20	2026-09-03 15:11:38.930	2026-09-04 09:07:01.825
15687	25	2026-09-04 09:07:01.825	2026-09-04 09:07:03.449
15687	30	2026-09-04 09:07:03.449	2026-09-04 09:18:34.710
15687	35	2026-09-04 09:18:34.710	2026-09-04 11:30:35.826
15687	40	2026-09-04 11:30:35.826	2026-09-04 11:32:55.092
15687	45	2026-09-04 11:32:55.092	2026-09-07 13:39:24.500
15687	50	2026-09-07 13:39:24.500	2026-09-08 13:46:02.513
15687	60	2026-09-08 13:46:02.513	2026-09-08 13:46:06.118
15687	80	2026-09-08 13:46:06.118	NULL
15699	20	2026-09-03 11:22:04.146	2026-09-04 10:17:56.821
15699	25	2026-09-04 10:17:56.821	2026-09-04 10:17:59.563
15699	30	2026-09-04 10:17:59.563	2026-09-04 10:18:01.801
15699	35	2026-09-04 10:18:01.801	2026-09-04 12:53:38.173
15699	40	2026-09-04 12:53:38.173	2026-09-04 12:53:41.641
15699	45	2026-09-04 12:53:41.641	2026-09-07 07:56:02.107
15699	50	2026-09-07 07:56:02.107	2026-09-07 08:01:19.937
15699	60	2026-09-07 08:01:19.937	2026-09-07 13:39:58.696
15699	80	2026-09-07 13:39:58.696	NULL
15716	20	2026-09-03 11:32:45.225	2026-09-04 09:15:27.304
15716	25	2026-09-04 09:15:27.304	2026-09-07 11:38:25.811
15716	30	2026-09-07 11:38:25.811	2026-09-07 11:38:28.069
15716	35	2026-09-07 11:38:28.069	2026-09-07 13:59:32.080
15716	40	2026-09-07 13:59:32.080	2026-09-07 13:59:34.521
15716	45	2026-09-07 13:59:34.521	2026-09-08 10:46:41.237
15716	48	2026-09-08 10:46:41.237	2026-09-08 10:46:42.121
15716	50	2026-09-08 10:46:42.121	2026-09-08 13:47:42.987
15716	60	2026-09-08 13:47:42.987	2026-09-08 13:47:47.733
15716	80	2026-09-08 13:47:47.733	NULL
15722	20	2026-09-03 08:28:32.810	2026-09-04 10:24:40.069
15722	25	2026-09-04 10:24:40.069	2026-09-04 10:24:43.451
15722	30	2026-09-04 10:24:43.451	2026-09-04 10:24:46.326
15722	35	2026-09-04 10:24:46.326	2026-09-04 12:45:21.414
15722	40	2026-09-04 12:45:21.414	2026-09-04 12:45:23.939
15722	45	2026-09-04 12:45:23.939	2026-09-07 07:55:51.169
15722	50	2026-09-07 07:55:51.169	2026-09-07 08:01:10.204
15722	60	2026-09-07 08:01:10.204	2026-09-07 09:48:16.644
15722	80	2026-09-07 09:48:16.644	NULL
15723	20	2026-09-03 07:06:04.687	2026-09-07 07:55:39.541
15723	48	2026-09-07 07:55:39.541	2026-09-07 09:47:51.882
15723	81	2026-09-07 09:47:51.882	NULL
15725	20	2026-09-03 07:50:12.677	2026-09-04 09:17:15.068
15725	25	2026-09-04 09:17:15.068	2026-09-04 09:17:17.179
15725	30	2026-09-04 09:17:17.179	2026-09-04 09:23:22.070
15725	35	2026-09-04 09:23:22.070	2026-09-04 13:23:22.504
15725	40	2026-09-04 13:23:22.504	2026-09-04 13:23:29.274
15725	45	2026-09-04 13:23:29.274	2026-09-04 13:24:43.801
15725	50	2026-09-04 13:24:43.801	2026-09-04 13:24:55.632
15725	60	2026-09-04 13:24:55.632	2026-09-04 13:24:58.377
15725	80	2026-09-04 13:24:58.377	NULL
15726	20	2026-09-02 14:12:35.439	2026-09-03 08:15:18.314
15726	25	2026-09-03 08:15:18.314	2026-09-03 08:31:05.523
15726	30	2026-09-03 08:31:05.523	2026-09-03 08:46:37.441
15726	35	2026-09-03 08:46:37.441	2026-09-03 13:49:16.346
15726	40	2026-09-03 13:49:16.346	2026-09-03 13:49:36.512
15726	45	2026-09-03 13:49:36.512	2026-09-03 13:50:00.567
15726	50	2026-09-03 13:50:00.567	2026-09-03 13:50:18.109
15726	60	2026-09-03 13:50:18.109	2026-09-03 13:50:24.319
15726	80	2026-09-03 13:50:24.319	NULL
15738	20	2026-09-04 14:12:10.505	2026-09-11 09:32:47.673
15738	22	2026-09-11 09:32:47.673	2026-09-14 13:11:00.429
15738	99	2026-09-14 13:11:00.429	NULL
55309	20	2026-09-03 15:13:36.199	2026-09-04 11:00:42.722
55309	25	2026-09-04 11:00:42.722	2026-09-04 11:00:45.550
55309	30	2026-09-04 11:00:45.550	2026-09-04 11:00:47.639
55309	35	2026-09-04 11:00:47.639	2026-09-04 12:43:59.411
55309	40	2026-09-04 12:43:59.411	2026-09-04 12:44:29.659
55309	45	2026-09-04 12:44:29.659	2026-09-07 07:55:27.093
55309	50	2026-09-07 07:55:27.093	2026-09-07 08:00:55.125
55309	60	2026-09-07 08:00:55.125	2026-09-07 09:47:37.303
55309	80	2026-09-07 09:47:37.303	NULL
55318	20	2026-09-04 06:51:49.154	2026-09-04 13:12:43.988
55318	25	2026-09-04 13:12:43.988	2026-09-04 13:13:49.054
55318	30	2026-09-04 13:13:49.054	2026-09-04 13:13:52.529
55318	35	2026-09-04 13:13:52.529	2026-09-04 13:14:13.044
55318	40	2026-09-04 13:14:13.044	2026-09-04 13:14:14.005
55318	45	2026-09-04 13:14:14.005	2026-09-08 08:30:30.323
55318	50	2026-09-08 08:30:30.323	2026-09-08 08:31:25.475
55318	60	2026-09-08 08:31:25.475	2026-09-08 08:31:30.579
55318	80	2026-09-08 08:31:30.579	NULL
55337	20	2026-09-03 11:49:53.716	2026-09-04 10:26:45.101
55337	25	2026-09-04 10:26:45.101	2026-09-04 10:53:54.487
55337	30	2026-09-04 10:53:54.487	2026-09-07 13:02:02.634
55337	35	2026-09-07 13:02:02.634	2026-09-09 13:39:40.324
55337	86	2026-09-09 13:39:40.324	2026-09-09 14:37:50.478
55337	35	2026-09-09 14:37:50.478	2026-09-16 12:43:54.247
55337	99	2026-09-16 12:43:54.247	NULL
55359	20	2026-09-03 13:54:15.786	2026-09-04 09:12:45.251
55359	25	2026-09-04 09:12:45.251	2026-09-04 09:12:47.504
55359	30	2026-09-04 09:12:47.504	2026-09-04 09:18:53.249
55359	35	2026-09-04 09:18:53.249	2026-09-04 12:42:57.251
55359	40	2026-09-04 12:42:57.251	2026-09-04 12:44:36.727
55359	45	2026-09-04 12:44:36.727	2026-09-07 13:39:16.513
55359	50	2026-09-07 13:39:16.513	2026-09-08 13:45:52.500
55359	60	2026-09-08 13:45:52.500	2026-09-08 13:45:55.768
55359	80	2026-09-08 13:45:55.768	NULL
55365	20	2026-09-05 08:48:12.379	2026-09-07 10:57:57.303
55365	25	2026-09-07 10:57:57.303	2026-09-07 10:57:59.211
55365	30	2026-09-07 10:57:59.211	2026-09-07 10:58:00.915
55365	35	2026-09-07 10:58:00.915	2026-09-07 13:54:56.610
55365	40	2026-09-07 13:54:56.610	2026-09-07 13:54:59.402
55365	45	2026-09-07 13:54:59.402	2026-09-08 10:46:11.606
55365	50	2026-09-08 10:46:11.606	2026-09-08 13:47:56.550
55365	60	2026-09-08 13:47:56.550	2026-09-08 13:47:59.960
55365	80	2026-09-08 13:47:59.960	NULL
55370	20	2026-09-03 10:11:39.963	2026-09-04 09:08:58.520
55370	25	2026-09-04 09:08:58.520	2026-09-04 09:09:00.591
55370	30	2026-09-04 09:09:00.591	2026-09-04 09:19:07.344
55370	35	2026-09-04 09:19:07.344	2026-09-04 11:31:07.003
55370	40	2026-09-04 11:31:07.003	2026-09-04 11:32:43.222
55370	45	2026-09-04 11:32:43.222	2026-09-07 07:55:14.162
55370	50	2026-09-07 07:55:14.162	2026-09-07 08:00:48.720
55370	60	2026-09-07 08:00:48.720	2026-09-07 10:02:29.999
55370	80	2026-09-07 10:02:29.999	NULL
55375	20	2026-09-03 08:17:33.272	2026-09-04 09:05:23.931
55375	25	2026-09-04 09:05:23.931	2026-09-04 09:05:25.870
55375	30	2026-09-04 09:05:25.870	2026-09-04 10:52:43.380
55375	35	2026-09-04 10:52:43.380	2026-09-04 12:50:23.361
55375	40	2026-09-04 12:50:23.361	2026-09-04 12:50:27.624
55375	45	2026-09-04 12:50:27.624	2026-09-07 07:55:06.195
55375	50	2026-09-07 07:55:06.195	2026-09-07 08:00:41.922
55375	60	2026-09-07 08:00:41.922	2026-09-07 10:02:16.167
55375	80	2026-09-07 10:02:16.167	NULL
55376	20	2026-09-07 07:47:52.358	2026-09-08 09:20:34.894
55376	25	2026-09-08 09:20:34.894	2026-09-08 09:20:37.274
55376	30	2026-09-08 09:20:37.274	2026-09-08 09:20:39.430
55376	35	2026-09-08 09:20:39.430	2026-09-09 14:48:59.569
55376	86	2026-09-09 14:48:59.569	2026-09-09 14:49:20.000
55376	35	2026-09-09 14:49:20.000	2026-09-09 14:49:28.508
55376	86	2026-09-09 14:49:28.508	2026-09-11 10:02:55.782
55376	99	2026-09-11 10:02:55.782	NULL
55379	20	2026-09-04 12:07:43.459	2026-09-07 10:56:46.337
55379	25	2026-09-07 10:56:46.337	2026-09-07 10:56:47.428
55379	30	2026-09-07 10:56:47.428	2026-09-07 10:56:48.151
55379	35	2026-09-07 10:56:48.151	2026-09-07 12:38:35.934
55379	40	2026-09-07 12:38:35.934	2026-09-07 12:38:39.868
55379	45	2026-09-07 12:38:39.868	2026-09-08 10:46:02.527
55379	50	2026-09-08 10:46:02.527	2026-09-08 13:48:06.158
55379	60	2026-09-08 13:48:06.158	2026-09-08 13:48:09.857
55379	80	2026-09-08 13:48:09.857	NULL
55386	20	2026-09-04 11:53:54.946	2026-09-07 11:50:21.076
55386	25	2026-09-07 11:50:21.076	2026-09-07 11:50:23.547
55386	30	2026-09-07 11:50:23.547	2026-09-07 11:50:27.164
55386	50	2026-09-07 11:50:27.164	2026-09-08 13:46:24.196
55386	60	2026-09-08 13:46:24.196	2026-09-08 13:46:31.772
55386	80	2026-09-08 13:46:31.772	NULL
55387	20	2026-09-05 09:04:28.561	2026-09-07 09:43:41.107
55387	25	2026-09-07 09:43:41.107	2026-09-07 13:00:46.357
55387	30	2026-09-07 13:00:46.357	2026-09-07 13:00:50.463
55387	50	2026-09-07 13:00:50.463	2026-09-10 07:09:06.164
55387	60	2026-09-10 07:09:06.164	2026-09-10 07:09:09.378
55387	80	2026-09-10 07:09:09.378	NULL
55391	20	2026-09-03 09:07:25.149	2026-09-07 13:39:09.773
55391	48	2026-09-07 13:39:09.773	2026-09-08 10:04:27.877
55391	50	2026-09-08 10:04:27.877	2026-09-08 13:45:41.788
55391	60	2026-09-08 13:45:41.788	2026-09-08 13:45:44.766
55391	80	2026-09-08 13:45:44.766	NULL
55396	20	2026-09-05 06:46:40.626	2026-09-07 10:57:29.333
55396	25	2026-09-07 10:57:29.333	2026-09-07 10:57:30.845
55396	30	2026-09-07 10:57:30.845	2026-09-07 10:57:32.446
55396	35	2026-09-07 10:57:32.446	2026-09-07 13:54:41.623
55396	40	2026-09-07 13:54:41.623	2026-09-07 13:54:43.480
55396	45	2026-09-07 13:54:43.480	2026-09-08 08:12:32.008
55396	48	2026-09-08 08:12:32.008	2026-09-08 08:12:32.749
55396	50	2026-09-08 08:12:32.749	2026-09-08 13:21:08.321
55396	60	2026-09-08 13:21:08.321	2026-09-08 13:21:11.976
55396	80	2026-09-08 13:21:11.976	NULL
55415	20	2026-09-04 12:10:05.263	2026-09-11 09:32:33.038
55415	22	2026-09-11 09:32:33.038	2026-09-22 10:50:07.161
55415	99	2026-09-22 10:50:07.161	NULL
55423	20	2026-09-05 06:46:56.016	2026-09-07 12:26:44.760
55423	25	2026-09-07 12:26:44.760	2026-09-07 12:26:48.384
55423	30	2026-09-07 12:26:48.384	2026-09-07 12:26:50.661
55423	35	2026-09-07 12:26:50.661	2026-09-07 12:43:57.784
55423	40	2026-09-07 12:43:57.784	2026-09-07 12:44:01.575
55423	45	2026-09-07 12:44:01.575	2026-09-08 08:12:25.413
55423	50	2026-09-08 08:12:25.413	2026-09-08 13:20:49.644
55423	60	2026-09-08 13:20:49.644	2026-09-08 13:21:03.376
55423	80	2026-09-08 13:21:03.376	NULL
55430	20	2026-09-08 08:30:51.151	2026-09-09 13:17:25.736
55430	25	2026-09-09 13:17:25.736	2026-09-09 13:17:34.300
55430	30	2026-09-09 13:17:34.300	2026-09-09 14:19:47.373
55430	48	2026-09-09 14:19:47.373	2026-09-15 09:06:07.887
55430	99	2026-09-15 09:06:07.887	NULL
55433	20	2026-09-03 08:28:08.515	2026-09-04 09:04:42.828
55433	25	2026-09-04 09:04:42.828	2026-09-04 09:04:45.596
55433	30	2026-09-04 09:04:45.596	2026-09-04 10:52:12.544
55433	35	2026-09-04 10:52:12.544	2026-09-04 12:50:51.210
55433	40	2026-09-04 12:50:51.210	2026-09-04 12:50:53.393
55433	45	2026-09-04 12:50:53.393	2026-09-07 13:39:03.497
55433	50	2026-09-07 13:39:03.497	2026-09-08 13:45:33.947
55433	60	2026-09-08 13:45:33.947	2026-09-08 13:45:36.936
55433	80	2026-09-08 13:45:36.936	NULL
55434	20	2026-09-04 12:32:47.065	2026-09-07 12:13:40.658
55434	25	2026-09-07 12:13:40.658	2026-09-07 12:13:44.214
55434	30	2026-09-07 12:13:44.214	2026-09-07 12:13:56.834
55434	35	2026-09-07 12:13:56.834	2026-09-07 12:59:43.969
55434	40	2026-09-07 12:59:43.969	2026-09-07 14:01:33.093
55434	45	2026-09-07 14:01:33.093	2026-09-08 08:12:11.003
55434	50	2026-09-08 08:12:11.003	2026-09-08 13:20:40.789
55434	60	2026-09-08 13:20:40.789	2026-09-08 13:20:44.139
55434	80	2026-09-08 13:20:44.139	NULL
55445	20	2026-09-03 09:29:54.222	2026-09-04 09:40:22.197
55445	25	2026-09-04 09:40:22.197	2026-09-07 11:37:59.045
55445	30	2026-09-07 11:37:59.045	2026-09-07 11:38:03.067
55445	35	2026-09-07 11:38:03.067	2026-09-07 13:58:12.378
55445	40	2026-09-07 13:58:12.378	2026-09-07 13:58:14.842
55445	45	2026-09-07 13:58:14.842	2026-09-08 08:11:58.916
55445	50	2026-09-08 08:11:58.916	2026-09-08 13:20:31.391
55445	60	2026-09-08 13:20:31.391	2026-09-08 13:20:34.709
55445	80	2026-09-08 13:20:34.709	NULL
55448	20	2026-09-02 11:45:02.461	2026-09-03 13:48:39.828
55448	25	2026-09-03 13:48:39.828	2026-09-03 13:48:45.615
55448	30	2026-09-03 13:48:45.615	2026-09-03 13:48:56.345
55448	35	2026-09-03 13:48:56.345	2026-09-03 13:49:14.576
55448	40	2026-09-03 13:49:14.576	2026-09-03 13:49:34.287
55448	45	2026-09-03 13:49:34.287	2026-09-04 08:13:31.915
55448	50	2026-09-04 08:13:31.915	2026-09-04 08:13:57.158
55448	60	2026-09-04 08:13:57.158	2026-09-04 08:14:00.454
55448	80	2026-09-04 08:14:00.454	NULL
55449	20	2026-09-03 11:02:32.755	2026-09-04 09:18:12.986
55449	25	2026-09-04 09:18:12.986	2026-09-04 09:18:15.564
55449	30	2026-09-04 09:18:15.564	2026-09-04 09:19:40.587
55449	35	2026-09-04 09:19:40.587	2026-09-04 12:55:07.922
55449	40	2026-09-04 12:55:07.922	2026-09-04 12:55:11.355
55449	45	2026-09-04 12:55:11.355	2026-09-07 07:54:25.639
55449	50	2026-09-07 07:54:25.639	2026-09-07 08:00:24.690
55449	60	2026-09-07 08:00:24.690	2026-09-07 09:47:29.010
55449	80	2026-09-07 09:47:29.010	NULL
55450	20	2026-09-04 12:52:48.620	2026-09-07 10:57:03.341
55450	25	2026-09-07 10:57:03.341	2026-09-07 10:57:04.287
55450	30	2026-09-07 10:57:04.287	2026-09-07 10:57:05.028
55450	35	2026-09-07 10:57:05.028	2026-09-07 13:54:16.255
55450	40	2026-09-07 13:54:16.255	2026-09-07 13:54:18.536
55450	45	2026-09-07 13:54:18.536	2026-09-08 08:11:34.364
55450	50	2026-09-08 08:11:34.364	2026-09-08 13:20:21.888
55450	60	2026-09-08 13:20:21.888	2026-09-08 13:20:25.309
55450	80	2026-09-08 13:20:25.309	NULL
55458	20	2026-09-05 07:04:25.838	2026-09-07 11:49:41.171
55458	25	2026-09-07 11:49:41.171	2026-09-07 11:49:44.931
55458	30	2026-09-07 11:49:44.931	2026-09-07 11:49:46.102
55458	35	2026-09-07 11:49:46.102	2026-09-07 13:44:01.736
55458	40	2026-09-07 13:44:01.736	2026-09-07 13:44:06.683
55458	45	2026-09-07 13:44:06.683	2026-09-08 08:10:19.055
55458	50	2026-09-08 08:10:19.055	2026-09-08 13:20:11.291
55458	60	2026-09-08 13:20:11.291	2026-09-08 13:20:14.754
55458	80	2026-09-08 13:20:14.754	NULL
55467	20	2026-09-07 10:24:04.408	2026-09-08 09:58:02.117
55467	25	2026-09-08 09:58:02.117	2026-09-08 09:58:04.362
55467	30	2026-09-08 09:58:04.362	2026-09-08 09:58:06.592
55467	35	2026-09-08 09:58:06.592	2026-09-09 13:52:54.582
55467	40	2026-09-09 13:52:54.582	2026-09-10 08:29:49.926
55467	45	2026-09-10 08:29:49.926	2026-09-10 11:38:43.782
55467	50	2026-09-10 11:38:43.782	2026-09-10 11:46:14.074
55467	60	2026-09-10 11:46:14.074	2026-09-10 11:46:17.233
55467	80	2026-09-10 11:46:17.233	NULL
55468	20	2026-09-04 09:55:43.411	2026-09-07 12:30:20.563
55468	25	2026-09-07 12:30:20.563	2026-09-07 12:30:22.781
55468	30	2026-09-07 12:30:22.781	2026-09-07 12:30:24.274
55468	35	2026-09-07 12:30:24.274	2026-09-07 12:43:35.317
55468	40	2026-09-07 12:43:35.317	2026-09-07 12:43:41.708
55468	45	2026-09-07 12:43:41.708	2026-09-08 08:10:06.205
55468	50	2026-09-08 08:10:06.205	2026-09-08 13:20:03.271
55468	60	2026-09-08 13:20:03.271	2026-09-08 13:20:06.333
55468	80	2026-09-08 13:20:06.333	NULL
55490	20	2026-09-05 06:37:04.274	2026-09-07 09:57:31.204
55490	25	2026-09-07 09:57:31.204	2026-09-07 12:58:56.200
55490	30	2026-09-07 12:58:56.200	2026-09-07 12:59:03.682
55490	35	2026-09-07 12:59:03.682	2026-09-08 14:02:52.556
55490	40	2026-09-08 14:02:52.556	2026-09-08 14:02:54.826
55490	45	2026-09-08 14:02:54.826	2026-09-09 12:46:21.383
55490	48	2026-09-09 12:46:21.383	2026-09-09 12:46:22.056
55490	50	2026-09-09 12:46:22.056	2026-09-09 12:46:47.250
55490	60	2026-09-09 12:46:47.250	2026-09-09 12:46:51.037
55490	80	2026-09-09 12:46:51.037	NULL
55497	20	2026-09-03 15:16:00.924	2026-09-07 09:54:07.316
55497	25	2026-09-07 09:54:07.316	2026-09-07 12:50:28.674
55497	30	2026-09-07 12:50:28.674	2026-09-07 12:50:31.115
55497	35	2026-09-07 12:50:31.115	2026-09-08 14:00:33.875
55497	40	2026-09-08 14:00:33.875	2026-09-08 14:00:36.002
55497	45	2026-09-08 14:00:36.002	2026-09-09 12:49:23.184
55497	50	2026-09-09 12:49:23.184	2026-09-09 12:49:32.848
55497	60	2026-09-09 12:49:32.848	2026-09-09 12:49:37.563
55497	80	2026-09-09 12:49:37.563	NULL
55504	20	2026-09-04 06:41:59.580	2026-09-07 09:53:13.093
55504	25	2026-09-07 09:53:13.093	2026-09-07 12:50:14.030
55504	30	2026-09-07 12:50:14.030	2026-09-07 12:50:15.220
55504	35	2026-09-07 12:50:15.220	2026-09-08 14:00:25.426
55504	40	2026-09-08 14:00:25.426	2026-09-08 14:00:27.692
55504	45	2026-09-08 14:00:27.692	2026-09-09 12:37:01.743
55504	50	2026-09-09 12:37:01.743	2026-09-09 12:41:51.843
55504	60	2026-09-09 12:41:51.843	2026-09-09 12:41:55.850
55504	80	2026-09-09 12:41:55.850	NULL
55532	20	2026-09-02 11:59:45.911	2026-09-03 08:11:32.846
55532	25	2026-09-03 08:11:32.846	2026-09-03 08:30:54.338
55532	30	2026-09-03 08:30:54.338	2026-09-03 08:46:26.049
55532	35	2026-09-03 08:46:26.049	2026-09-03 13:49:12.892
55532	40	2026-09-03 13:49:12.892	2026-09-03 13:49:38.320
55532	45	2026-09-03 13:49:38.320	2026-09-07 13:38:56.875
55532	50	2026-09-07 13:38:56.875	2026-09-08 17:36:58.754
55532	60	2026-09-08 17:36:58.754	2026-09-08 17:37:04.830
55532	80	2026-09-08 17:37:04.830	NULL
55541	20	2026-09-03 13:09:21.741	2026-09-07 07:51:22.963
55541	48	2026-09-07 07:51:22.963	2026-09-07 10:01:55.344
55541	81	2026-09-07 10:01:55.344	2026-09-14 08:23:06.126
55541	80	2026-09-14 08:23:06.126	NULL
55557	20	2026-09-03 07:01:45.092	2026-09-04 08:56:52.911
55557	25	2026-09-04 08:56:52.911	2026-09-04 08:56:58.678
55557	30	2026-09-04 08:56:58.678	2026-09-04 10:27:19.900
55557	35	2026-09-04 10:27:19.900	2026-09-04 12:54:52.399
55557	40	2026-09-04 12:54:52.399	2026-09-04 12:54:53.779
55557	45	2026-09-04 12:54:53.779	2026-09-07 13:38:44.394
55557	48	2026-09-07 13:38:44.394	2026-09-07 13:38:45.329
55557	50	2026-09-07 13:38:45.329	2026-09-08 13:45:22.914
55557	60	2026-09-08 13:45:22.914	2026-09-08 13:45:26.080
55557	80	2026-09-08 13:45:26.080	NULL
55573	20	2026-09-03 14:03:02.263	2026-09-04 08:55:58.402
55573	25	2026-09-04 08:55:58.402	2026-09-04 08:56:05.312
55573	30	2026-09-04 08:56:05.312	2026-09-04 10:19:06.096
55573	35	2026-09-04 10:19:06.096	2026-09-04 12:53:56.999
55573	40	2026-09-04 12:53:56.999	2026-09-04 12:54:00.216
55573	45	2026-09-04 12:54:00.216	2026-09-07 07:49:34.540
55573	48	2026-09-07 07:49:34.540	2026-09-07 07:49:38.742
55573	50	2026-09-07 07:49:38.742	2026-09-07 07:59:43.256
55573	60	2026-09-07 07:59:43.256	2026-09-07 10:01:37.553
55573	80	2026-09-07 10:01:37.553	NULL
55598	20	2026-09-08 11:48:59.221	2026-09-09 13:13:21.458
55598	25	2026-09-09 13:13:21.458	2026-09-09 13:13:32.164
55598	30	2026-09-09 13:13:32.164	2026-09-09 13:13:38.603
55598	48	2026-09-09 13:13:38.603	2026-09-11 08:32:54.658
55598	50	2026-09-11 08:32:54.658	2026-09-11 08:38:23.574
55598	60	2026-09-11 08:38:23.574	2026-09-11 08:38:30.782
55598	80	2026-09-11 08:38:30.782	NULL
55599	20	2026-09-03 15:10:34.039	2026-09-04 08:51:43.483
55599	25	2026-09-04 08:51:43.483	2026-09-04 08:51:45.998
55599	30	2026-09-04 08:51:45.998	2026-09-04 10:50:57.554
55599	35	2026-09-04 10:50:57.554	2026-09-04 12:52:34.493
55599	40	2026-09-04 12:52:34.493	2026-09-04 12:52:37.834
55599	45	2026-09-04 12:52:37.834	2026-09-07 07:49:24.846
55599	50	2026-09-07 07:49:24.846	2026-09-08 13:47:26.726
55599	60	2026-09-08 13:47:26.726	2026-09-08 13:47:30.684
55599	80	2026-09-08 13:47:30.684	NULL
55604	20	2026-09-04 08:08:41.630	2026-09-07 12:10:39.427
55604	25	2026-09-07 12:10:39.427	2026-09-07 12:12:50.328
55604	30	2026-09-07 12:12:50.328	2026-09-07 12:12:52.546
55604	35	2026-09-07 12:12:52.546	2026-09-07 12:59:19.750
55604	40	2026-09-07 12:59:19.750	2026-09-07 12:59:22.922
55604	45	2026-09-07 12:59:22.922	2026-09-10 17:43:30.497
55604	70	2026-09-10 17:43:30.497	2026-09-14 13:00:04.953
55604	80	2026-09-14 13:00:04.953	NULL
55614	20	2026-09-04 08:18:51.974	2026-09-07 10:54:01.220
55614	25	2026-09-07 10:54:01.220	2026-09-07 10:54:03.480
55614	30	2026-09-07 10:54:03.480	2026-09-07 10:54:04.583
55614	35	2026-09-07 10:54:04.583	2026-09-07 12:40:11.896
55614	40	2026-09-07 12:40:11.896	2026-09-07 12:40:14.913
55614	45	2026-09-07 12:40:14.913	2026-09-08 10:45:53.927
55614	50	2026-09-08 10:45:53.927	2026-09-08 13:48:17.890
55614	60	2026-09-08 13:48:17.890	2026-09-08 13:48:21.086
55614	80	2026-09-08 13:48:21.086	NULL
55617	20	2026-09-04 13:55:52.215	2026-09-07 12:10:08.135
55617	25	2026-09-07 12:10:08.135	2026-09-07 12:10:10.972
55617	30	2026-09-07 12:10:10.972	2026-09-07 12:10:14.107
55617	35	2026-09-07 12:10:14.107	2026-09-07 12:59:08.999
55617	40	2026-09-07 12:59:08.999	2026-09-07 12:59:12.270
55617	45	2026-09-07 12:59:12.270	2026-09-08 10:45:45.781
55617	50	2026-09-08 10:45:45.781	2026-09-08 13:48:28.636
55617	60	2026-09-08 13:48:28.636	2026-09-08 13:48:31.660
55617	80	2026-09-08 13:48:31.660	NULL
55628	20	2026-09-05 11:49:59.129	2026-09-07 10:34:12.772
55628	25	2026-09-07 10:34:12.772	2026-09-07 10:34:16.177
55628	30	2026-09-07 10:34:16.177	2026-09-07 10:34:18.124
55628	35	2026-09-07 10:34:18.124	2026-09-07 13:41:59.863
55628	40	2026-09-07 13:41:59.863	2026-09-07 13:42:02.748
55628	45	2026-09-07 13:42:02.748	2026-09-08 08:09:50.220
55628	50	2026-09-08 08:09:50.220	2026-09-08 13:19:37.371
55628	60	2026-09-08 13:19:37.371	2026-09-08 13:19:40.742
55628	80	2026-09-08 13:19:40.742	NULL
55639	20	2026-09-04 07:55:56.734	2026-09-07 09:56:49.937
55639	25	2026-09-07 09:56:49.937	2026-09-08 09:56:23.896
55639	30	2026-09-08 09:56:23.896	2026-09-08 09:56:25.749
55639	35	2026-09-08 09:56:25.749	2026-09-08 14:00:41.485
55639	40	2026-09-08 14:00:41.485	2026-09-08 14:00:43.969
55639	45	2026-09-08 14:00:43.969	2026-09-09 13:02:08.798
55639	50	2026-09-09 13:02:08.798	2026-09-09 13:02:12.188
55639	60	2026-09-09 13:02:12.188	2026-09-09 13:02:15.442
55639	80	2026-09-09 13:02:15.442	NULL
55641	20	2026-09-05 13:50:19.042	2026-09-07 12:30:47.517
55641	25	2026-09-07 12:30:47.517	2026-09-07 12:30:51.189
55641	30	2026-09-07 12:30:51.189	2026-09-07 12:30:52.695
55641	35	2026-09-07 12:30:52.695	2026-09-07 12:43:26.623
55641	40	2026-09-07 12:43:26.623	2026-09-07 12:43:29.703
55641	45	2026-09-07 12:43:29.703	2026-09-08 08:09:40.031
55641	50	2026-09-08 08:09:40.031	2026-09-08 13:19:27.180
55641	60	2026-09-08 13:19:27.180	2026-09-08 13:19:30.449
55641	80	2026-09-08 13:19:30.449	NULL
55649	20	2026-09-04 07:17:49.383	2026-09-07 10:56:30.884
55649	25	2026-09-07 10:56:30.884	2026-09-07 10:56:32.149
55649	30	2026-09-07 10:56:32.149	2026-09-07 10:56:32.866
55649	35	2026-09-07 10:56:32.866	2026-09-07 13:54:08.400
55649	40	2026-09-07 13:54:08.400	2026-09-07 13:54:10.603
55649	45	2026-09-07 13:54:10.603	2026-09-08 08:09:26.133
55649	50	2026-09-08 08:09:26.133	2026-09-08 13:19:20.337
55649	60	2026-09-08 13:19:20.337	2026-09-08 13:19:23.480
55649	80	2026-09-08 13:19:23.480	NULL
55652	20	2026-09-04 10:44:03.689	2026-09-07 10:56:12.683
55652	25	2026-09-07 10:56:12.683	2026-09-07 10:56:14.557
55652	30	2026-09-07 10:56:14.557	2026-09-07 10:56:15.432
55652	35	2026-09-07 10:56:15.432	2026-09-07 13:53:51.355
55652	40	2026-09-07 13:53:51.355	2026-09-07 13:53:53.939
55652	45	2026-09-07 13:53:53.939	2026-09-08 08:09:16.379
55652	50	2026-09-08 08:09:16.379	2026-09-08 13:19:12.361
55652	60	2026-09-08 13:19:12.361	2026-09-08 13:19:15.369
55652	80	2026-09-08 13:19:15.369	NULL
55669	20	2026-09-07 09:42:15.916	2026-09-08 09:50:32.902
55669	25	2026-09-08 09:50:32.902	2026-09-08 09:50:36.023
55669	30	2026-09-08 09:50:36.023	2026-09-08 09:50:38.108
55669	35	2026-09-08 09:50:38.108	2026-09-08 13:59:57.577
55669	40	2026-09-08 13:59:57.577	2026-09-08 13:59:59.604
55669	45	2026-09-08 13:59:59.604	2026-09-09 13:01:45.152
55669	50	2026-09-09 13:01:45.152	2026-09-09 13:01:53.007
55669	60	2026-09-09 13:01:53.007	2026-09-09 13:01:57.478
55669	80	2026-09-09 13:01:57.478	NULL
55672	20	2026-09-04 09:35:24.244	2026-09-07 10:55:48.086
55672	25	2026-09-07 10:55:48.086	2026-09-07 10:55:50.021
55672	30	2026-09-07 10:55:50.021	2026-09-07 10:55:51.289
55672	35	2026-09-07 10:55:51.289	2026-09-07 13:53:25.238
55672	40	2026-09-07 13:53:25.238	2026-09-07 13:53:27.894
55672	45	2026-09-07 13:53:27.894	2026-09-08 08:36:39.216
55672	50	2026-09-08 08:36:39.216	2026-09-08 08:37:09.034
55672	60	2026-09-08 08:37:09.034	2026-09-08 08:37:12.472
55672	80	2026-09-08 08:37:12.472	NULL
55678	20	2026-09-07 14:09:30.814	2026-09-08 09:31:42.528
55678	25	2026-09-08 09:31:42.528	2026-09-08 09:31:44.555
55678	30	2026-09-08 09:31:44.555	2026-09-08 09:31:46.568
55678	35	2026-09-08 09:31:46.568	2026-09-09 14:49:57.884
55678	86	2026-09-09 14:49:57.884	2026-09-11 10:00:50.629
55678	99	2026-09-11 10:00:50.629	NULL
55683	20	2026-09-04 11:31:46.161	2026-09-08 05:56:23.650
55683	25	2026-09-08 05:56:23.650	2026-09-08 05:56:26.371
55683	30	2026-09-08 05:56:26.371	2026-09-08 05:56:29.327
55683	35	2026-09-08 05:56:29.327	2026-09-08 09:28:19.465
55683	40	2026-09-08 09:28:19.465	2026-09-08 09:28:21.590
55683	45	2026-09-08 09:28:21.590	2026-09-08 10:46:53.954
55683	50	2026-09-08 10:46:53.954	2026-09-08 13:47:18.124
55683	60	2026-09-08 13:47:18.124	2026-09-08 13:47:20.856
55683	80	2026-09-08 13:47:20.856	NULL
55684	20	2026-09-04 11:33:19.397	2026-09-07 10:55:07.182
55684	25	2026-09-07 10:55:07.182	2026-09-07 10:55:08.851
55684	30	2026-09-07 10:55:08.851	2026-09-07 10:55:09.785
55684	50	2026-09-07 10:55:09.785	2026-09-08 13:46:46.042
55684	60	2026-09-08 13:46:46.042	2026-09-08 13:46:49.738
55684	80	2026-09-08 13:46:49.738	NULL
55694	20	2026-09-04 07:46:55.695	2026-09-07 12:35:50.510
55694	25	2026-09-07 12:35:50.510	2026-09-07 12:49:16.323
55694	30	2026-09-07 12:49:16.323	2026-09-07 12:49:18.569
55694	35	2026-09-07 12:49:18.569	2026-09-07 12:58:56.448
55694	40	2026-09-07 12:58:56.448	2026-09-07 12:58:59.481
55694	45	2026-09-07 12:58:59.481	2026-09-08 08:08:14.659
55694	50	2026-09-08 08:08:14.659	2026-09-08 13:19:05.603
55694	60	2026-09-08 13:19:05.603	2026-09-08 13:19:08.235
55694	80	2026-09-08 13:19:08.235	NULL
55695	20	2026-09-07 06:55:54.851	2026-09-08 08:50:57.026
55695	25	2026-09-08 08:50:57.026	2026-09-08 08:51:00.421
55695	30	2026-09-08 08:51:00.421	2026-09-08 08:51:02.814
55695	35	2026-09-08 08:51:02.814	2026-09-08 12:53:59.586
55695	40	2026-09-08 12:53:59.586	2026-09-08 12:54:05.452
55695	45	2026-09-08 12:54:05.452	2026-09-14 07:38:37.905
55695	50	2026-09-14 07:38:37.905	2026-09-14 08:22:47.560
55695	60	2026-09-14 08:22:47.560	2026-09-14 08:22:50.444
55695	80	2026-09-14 08:22:50.444	NULL
55701	20	2026-09-04 08:28:03.805	2026-09-11 09:32:08.580
55701	22	2026-09-11 09:32:08.580	2026-09-15 09:05:37.589
55701	99	2026-09-15 09:05:37.589	NULL
55703	20	2026-09-04 14:08:11.897	2026-09-11 13:37:05.765
55703	99	2026-09-11 13:37:05.765	NULL
55706	20	2026-09-05 07:19:19.388	2026-09-08 10:02:16.800
55706	25	2026-09-08 10:02:16.800	2026-09-08 10:02:24.253
55706	30	2026-09-08 10:02:24.253	2026-09-08 10:02:38.716
55706	35	2026-09-08 10:02:38.716	2026-09-09 12:53:57.720
55706	48	2026-09-09 12:53:57.720	2026-09-09 12:54:07.186
55706	81	2026-09-09 12:54:07.186	2026-10-02 07:52:34.335
55706	80	2026-10-02 07:52:34.335	NULL
55712	20	2026-09-03 13:40:52.920	2026-09-04 08:50:29.865
55712	25	2026-09-04 08:50:29.865	2026-09-04 08:51:04.525
55712	30	2026-09-04 08:51:04.525	2026-09-04 10:54:08.710
55712	35	2026-09-04 10:54:08.710	2026-09-04 12:45:00.648
55712	40	2026-09-04 12:45:00.648	2026-09-04 12:45:07.284
55712	45	2026-09-04 12:45:07.284	2026-09-07 13:38:22.941
55712	50	2026-09-07 13:38:22.941	2026-09-08 13:45:06.514
55712	60	2026-09-08 13:45:06.514	2026-09-08 13:45:09.121
55712	80	2026-09-08 13:45:09.121	NULL
55728	20	2026-09-04 14:09:03.282	2026-09-07 10:53:31.432
55728	48	2026-09-07 10:53:31.432	2026-09-08 10:45:35.068
55728	50	2026-09-08 10:45:35.068	2026-09-08 13:43:36.324
55728	60	2026-09-08 13:43:36.324	2026-09-08 13:44:52.079
55728	80	2026-09-08 13:44:52.079	NULL
55730	20	2026-09-04 11:10:29.369	2026-09-11 09:31:49.721
55730	22	2026-09-11 09:31:49.721	2026-09-17 09:54:50.688
55730	99	2026-09-17 09:54:50.688	NULL
55732	20	2026-09-04 12:05:54.568	2026-09-11 13:36:42.128
55732	99	2026-09-11 13:36:42.128	NULL
55737	20	2026-09-05 11:00:57.282	2026-09-07 10:52:34.110
55737	25	2026-09-07 10:52:34.110	2026-09-07 10:52:36.075
55737	30	2026-09-07 10:52:36.075	2026-09-07 10:52:37.037
55737	35	2026-09-07 10:52:37.037	2026-09-07 13:51:22.170
55737	40	2026-09-07 13:51:22.170	2026-09-07 13:51:25.705
55737	45	2026-09-07 13:51:25.705	2026-09-08 08:08:04.414
55737	50	2026-09-08 08:08:04.414	2026-09-08 13:18:55.745
55737	60	2026-09-08 13:18:55.745	2026-09-08 13:18:59.280
55737	80	2026-09-08 13:18:59.280	NULL
55742	20	2026-09-05 07:02:11.922	2026-09-07 12:31:53.047
55742	25	2026-09-07 12:31:53.047	2026-09-07 12:31:57.845
55742	30	2026-09-07 12:31:57.845	2026-09-07 12:41:50.773
55742	35	2026-09-07 12:41:50.773	2026-09-07 12:42:18.645
55742	40	2026-09-07 12:42:18.645	2026-09-07 12:42:21.087
55742	45	2026-09-07 12:42:21.087	2026-09-08 08:07:56.282
55742	50	2026-09-08 08:07:56.282	2026-09-08 13:18:46.017
55742	60	2026-09-08 13:18:46.017	2026-09-08 13:18:49.737
55742	80	2026-09-08 13:18:49.737	NULL
55748	20	2026-09-04 11:41:25.551	2026-09-07 12:01:49.341
55748	25	2026-09-07 12:01:49.341	2026-09-07 12:01:53.453
55748	30	2026-09-07 12:01:53.453	2026-09-07 12:48:54.702
55748	35	2026-09-07 12:48:54.702	2026-09-07 12:58:44.042
55748	40	2026-09-07 12:58:44.042	2026-09-07 12:58:47.371
55748	45	2026-09-07 12:58:47.371	2026-09-08 08:07:42.568
55748	50	2026-09-08 08:07:42.568	2026-09-08 13:18:33.982
55748	60	2026-09-08 13:18:33.982	2026-09-08 13:18:38.045
55748	80	2026-09-08 13:18:38.045	NULL
55750	20	2026-09-04 11:44:52.552	2026-09-07 12:00:17.565
55750	25	2026-09-07 12:00:17.565	2026-09-07 12:00:51.014
55750	30	2026-09-07 12:00:51.014	2026-09-07 12:00:54.044
55750	35	2026-09-07 12:00:54.044	2026-09-09 13:51:55.471
55750	40	2026-09-09 13:51:55.471	2026-09-09 13:51:57.815
55750	45	2026-09-09 13:51:57.815	2026-09-10 11:41:06.661
55750	50	2026-09-10 11:41:06.661	2026-09-10 11:43:59.878
55750	60	2026-09-10 11:43:59.878	2026-09-10 11:44:03.900
55750	80	2026-09-10 11:44:03.900	2026-09-16 13:35:14.495
55750	90	2026-09-16 13:35:14.495	NULL
55754	20	2026-09-04 11:32:57.736	2026-09-07 09:43:04.163
55754	25	2026-09-07 09:43:04.163	2026-09-08 09:52:56.890
55754	30	2026-09-08 09:52:56.890	2026-09-08 09:52:58.947
55754	35	2026-09-08 09:52:58.947	2026-09-10 08:07:39.560
55754	40	2026-09-10 08:07:39.560	2026-09-10 08:07:42.901
55754	45	2026-09-10 08:07:42.901	2026-09-11 08:32:45.643
55754	50	2026-09-11 08:32:45.643	2026-09-11 08:37:59.518
55754	60	2026-09-11 08:37:59.518	2026-09-11 08:38:02.511
55754	80	2026-09-11 08:38:02.511	NULL
55758	20	2026-09-05 09:34:44.758	2026-09-07 12:25:00.651
55758	25	2026-09-07 12:25:00.651	2026-09-07 12:25:04.512
55758	30	2026-09-07 12:25:04.512	2026-09-07 12:25:06.471
55758	50	2026-09-07 12:25:06.471	2026-09-08 13:47:00.368
55758	60	2026-09-08 13:47:00.368	2026-09-08 13:47:03.636
55758	80	2026-09-08 13:47:03.636	NULL
55763	20	2026-09-04 13:16:03.717	2026-09-07 09:42:24.284
55763	25	2026-09-07 09:42:24.284	2026-09-08 09:52:43.310
55763	30	2026-09-08 09:52:43.310	2026-09-08 09:52:46.488
55763	35	2026-09-08 09:52:46.488	2026-09-09 13:18:21.602
55763	40	2026-09-09 13:18:21.602	2026-09-09 13:18:26.392
55763	45	2026-09-09 13:18:26.392	2026-09-09 13:18:37.840
55763	50	2026-09-09 13:18:37.840	2026-09-09 13:18:43.648
55763	60	2026-09-09 13:18:43.648	2026-09-09 13:18:47.760
55763	80	2026-09-09 13:18:47.760	NULL
55774	20	2026-09-05 06:23:03.583	2026-09-07 11:48:57.217
55774	25	2026-09-07 11:48:57.217	2026-09-07 11:48:58.703
55774	30	2026-09-07 11:48:58.703	2026-09-07 11:49:00.740
55774	35	2026-09-07 11:49:00.740	2026-09-07 13:43:52.779
55774	40	2026-09-07 13:43:52.779	2026-09-07 13:43:55.307
55774	45	2026-09-07 13:43:55.307	2026-09-08 10:45:23.852
55774	50	2026-09-08 10:45:23.852	2026-09-08 13:43:28.150
55774	60	2026-09-08 13:43:28.150	2026-09-08 13:43:30.890
55774	80	2026-09-08 13:43:30.890	NULL
55775	20	2026-09-07 09:45:26.178	2026-09-08 09:28:07.991
55775	25	2026-09-08 09:28:07.991	2026-09-08 09:28:10.036
55775	30	2026-09-08 09:28:10.036	2026-09-08 09:28:11.944
55775	35	2026-09-08 09:28:11.944	2026-09-08 13:57:45.613
55775	40	2026-09-08 13:57:45.613	2026-09-08 13:57:47.794
55775	45	2026-09-08 13:57:47.794	2026-09-09 12:48:45.757
55775	50	2026-09-09 12:48:45.757	2026-09-09 12:48:52.859
55775	60	2026-09-09 12:48:52.859	2026-09-09 12:48:58.454
55775	80	2026-09-09 12:48:58.454	NULL
55792	20	2026-09-04 13:16:19.788	2026-09-07 11:59:38.429
55792	25	2026-09-07 11:59:38.429	2026-09-07 11:59:48.312
55792	30	2026-09-07 11:59:48.312	2026-09-07 11:59:49.904
55792	35	2026-09-07 11:59:49.904	2026-09-07 12:58:15.446
55792	40	2026-09-07 12:58:15.446	2026-09-07 12:58:18.516
55792	45	2026-09-07 12:58:18.516	2026-09-08 08:07:31.049
55792	50	2026-09-08 08:07:31.049	2026-09-08 13:18:24.488
55792	60	2026-09-08 13:18:24.488	2026-09-08 13:18:28.117
55792	80	2026-09-08 13:18:28.117	NULL
55795	20	2026-09-05 09:45:17.234	2026-09-07 09:56:26.332
55795	25	2026-09-07 09:56:26.332	2026-09-08 09:51:11.484
55795	30	2026-09-08 09:51:11.484	2026-09-08 09:51:13.890
55795	35	2026-09-08 09:51:13.890	2026-09-08 14:00:15.887
55795	40	2026-09-08 14:00:15.887	2026-09-08 14:00:18.223
55795	45	2026-09-08 14:00:18.223	2026-09-09 12:47:58.780
55795	50	2026-09-09 12:47:58.780	2026-09-09 12:48:12.346
55795	60	2026-09-09 12:48:12.346	2026-09-09 12:48:15.548
55795	80	2026-09-09 12:48:15.548	NULL
55818	20	2026-09-04 13:58:54.576	2026-09-07 12:22:22.010
55818	25	2026-09-07 12:22:22.010	2026-09-07 12:22:23.939
55818	30	2026-09-07 12:22:23.939	2026-09-07 12:22:46.912
55818	35	2026-09-07 12:22:46.912	2026-09-07 12:41:37.289
55818	40	2026-09-07 12:41:37.289	2026-09-07 12:41:46.409
55818	45	2026-09-07 12:41:46.409	2026-09-08 08:07:23.524
55818	50	2026-09-08 08:07:23.524	2026-09-08 13:17:48.724
55818	60	2026-09-08 13:17:48.724	2026-09-08 13:17:52.131
55818	80	2026-09-08 13:17:52.131	NULL
55819	20	2026-09-05 12:38:40.497	2026-09-07 10:52:51.913
55819	25	2026-09-07 10:52:51.913	2026-09-07 10:52:53.436
55819	30	2026-09-07 10:52:53.436	2026-09-07 10:52:54.930
55819	35	2026-09-07 10:52:54.930	2026-09-07 13:51:46.373
55819	40	2026-09-07 13:51:46.373	2026-09-07 13:51:49.564
55819	45	2026-09-07 13:51:49.564	2026-09-08 10:45:13.892
55819	50	2026-09-08 10:45:13.892	2026-09-08 13:43:14.060
55819	60	2026-09-08 13:43:14.060	2026-09-08 13:43:17.460
55819	80	2026-09-08 13:43:17.460	NULL
55829	20	2026-09-04 13:36:58.010	2026-09-07 10:35:07.794
55829	25	2026-09-07 10:35:07.794	2026-09-07 10:35:12.938
55829	30	2026-09-07 10:35:12.938	2026-09-07 10:35:14.494
55829	35	2026-09-07 10:35:14.494	2026-09-07 13:42:08.538
55829	40	2026-09-07 13:42:08.538	2026-09-07 13:42:10.868
55829	45	2026-09-07 13:42:10.868	2026-09-08 08:07:14.671
55829	50	2026-09-08 08:07:14.671	2026-09-08 13:17:39.413
55829	60	2026-09-08 13:17:39.413	2026-09-08 13:17:42.913
55829	80	2026-09-08 13:17:42.913	NULL
55830	20	2026-09-07 07:13:29.020	2026-09-08 08:49:48.174
55830	25	2026-09-08 08:49:48.174	2026-09-08 08:49:51.488
55830	30	2026-09-08 08:49:51.488	2026-09-08 08:49:56.108
55830	50	2026-09-08 08:49:56.108	2026-09-10 07:09:19.424
55830	60	2026-09-10 07:09:19.424	2026-09-10 07:09:22.822
55830	80	2026-09-10 07:09:22.822	NULL
55834	20	2026-09-05 11:39:17.588	2026-09-11 09:32:59.092
55834	22	2026-09-11 09:32:59.092	2026-09-11 09:58:36.535
55834	99	2026-09-11 09:58:36.535	NULL
55838	20	2026-09-08 11:37:34.370	2026-09-09 12:02:56.669
55838	25	2026-09-09 12:02:56.669	2026-09-09 12:03:09.795
55838	30	2026-09-09 12:03:09.795	2026-09-09 12:03:11.823
55838	35	2026-09-09 12:03:11.823	2026-09-10 09:32:12.514
55838	40	2026-09-10 09:32:12.514	2026-09-10 09:32:15.089
55838	45	2026-09-10 09:32:15.089	2026-09-11 08:32:39.375
55838	50	2026-09-11 08:32:39.375	2026-09-11 08:37:52.079
55838	60	2026-09-11 08:37:52.079	2026-09-11 08:37:55.247
55838	80	2026-09-11 08:37:55.247	NULL
55844	20	2026-09-07 13:15:47.339	2026-09-08 09:37:26.400
55844	25	2026-09-08 09:37:26.400	2026-09-08 09:37:29.075
55844	30	2026-09-08 09:37:29.075	2026-09-08 09:37:31.226
55844	35	2026-09-08 09:37:31.226	2026-09-08 13:58:31.613
55844	40	2026-09-08 13:58:31.613	2026-09-08 13:58:34.374
55844	45	2026-09-08 13:58:34.374	2026-09-09 12:36:27.430
55844	50	2026-09-09 12:36:27.430	2026-09-09 12:36:32.708
55844	60	2026-09-09 12:36:32.708	2026-09-09 12:36:35.966
55844	80	2026-09-09 12:36:35.966	NULL
55858	20	2026-09-05 11:15:50.591	2026-09-07 09:41:48.523
55858	25	2026-09-07 09:41:48.523	2026-09-08 09:51:31.838
55858	30	2026-09-08 09:51:31.838	2026-09-08 09:51:34.358
55858	35	2026-09-08 09:51:34.358	2026-09-10 07:55:58.122
55858	40	2026-09-10 07:55:58.122	2026-09-10 07:56:02.575
55858	45	2026-09-10 07:56:02.575	2026-09-10 17:43:17.156
55858	70	2026-09-10 17:43:17.156	2026-09-11 06:58:31.940
55858	80	2026-09-11 06:58:31.940	NULL
55862	20	2026-09-05 11:31:43.182	2026-09-07 10:51:57.977
55862	25	2026-09-07 10:51:57.977	2026-09-07 10:51:59.663
55862	30	2026-09-07 10:51:59.663	2026-09-07 10:52:00.836
55862	35	2026-09-07 10:52:00.836	2026-09-07 13:51:13.061
55862	40	2026-09-07 13:51:13.061	2026-09-07 13:51:17.029
55862	45	2026-09-07 13:51:17.029	2026-09-08 10:45:03.898
55862	50	2026-09-08 10:45:03.898	2026-09-11 15:19:50.916
55862	60	2026-09-11 15:19:50.916	2026-09-11 15:20:56.218
55862	80	2026-09-11 15:20:56.218	NULL
55871	20	2026-09-04 12:16:05.321	2026-09-07 13:51:17.138
55871	25	2026-09-07 13:51:17.138	2026-09-07 13:51:19.336
55871	30	2026-09-07 13:51:19.336	2026-09-07 13:51:21.639
55871	35	2026-09-07 13:51:21.639	2026-09-07 14:00:08.662
55871	40	2026-09-07 14:00:08.662	2026-09-07 14:00:11.515
55871	45	2026-09-07 14:00:11.515	2026-09-08 08:07:06.701
55871	50	2026-09-08 08:07:06.701	2026-09-08 13:17:30.660
55871	60	2026-09-08 13:17:30.660	2026-09-08 13:17:34.258
55871	80	2026-09-08 13:17:34.258	NULL
55877	20	2026-09-05 09:37:54.178	2026-09-07 10:08:51.853
55877	25	2026-09-07 10:08:51.853	2026-09-07 13:03:44.469
55877	30	2026-09-07 13:03:44.469	2026-09-07 13:03:45.813
55877	35	2026-09-07 13:03:45.813	2026-09-08 14:01:30.429
55877	40	2026-09-08 14:01:30.429	2026-09-08 14:01:32.823
55877	45	2026-09-08 14:01:32.823	2026-09-09 12:53:37.122
55877	50	2026-09-09 12:53:37.122	2026-09-09 12:53:44.390
55877	60	2026-09-09 12:53:44.390	2026-09-09 12:53:47.765
55877	80	2026-09-09 12:53:47.765	NULL
55880	20	2026-09-04 12:36:30.561	2026-09-07 12:36:58.689
55880	25	2026-09-07 12:36:58.689	2026-09-07 12:37:00.925
55880	30	2026-09-07 12:37:00.925	2026-09-07 12:37:03.435
55880	35	2026-09-07 12:37:03.435	2026-09-07 13:56:44.084
55880	40	2026-09-07 13:56:44.084	2026-09-07 13:56:46.778
55880	45	2026-09-07 13:56:46.778	2026-09-08 08:06:50.291
55880	50	2026-09-08 08:06:50.291	2026-09-08 13:17:21.925
55880	60	2026-09-08 13:17:21.925	2026-09-08 13:17:25.567
55880	80	2026-09-08 13:17:25.567	NULL
55883	20	2026-09-08 08:50:50.828	2026-09-09 12:08:59.713
55883	25	2026-09-09 12:08:59.713	2026-09-09 12:09:13.890
55883	30	2026-09-09 12:09:13.890	2026-09-09 12:10:06.685
55883	35	2026-09-09 12:10:06.685	2026-09-09 15:04:09.251
55883	86	2026-09-09 15:04:09.251	2026-09-11 09:39:54.996
55883	47	2026-09-11 09:39:54.996	2026-09-11 11:52:05.883
55883	45	2026-09-11 11:52:05.883	2026-09-14 07:38:25.911
55883	48	2026-09-14 07:38:25.911	2026-09-14 07:38:26.467
55883	50	2026-09-14 07:38:26.467	2026-09-14 08:22:34.693
55883	60	2026-09-14 08:22:34.693	2026-09-14 08:22:38.898
55883	80	2026-09-14 08:22:38.898	NULL
55885	20	2026-09-05 14:28:41.390	2026-09-07 11:58:46.960
55885	25	2026-09-07 11:58:46.960	2026-09-07 11:58:53.705
55885	30	2026-09-07 11:58:53.705	2026-09-07 12:48:26.957
55885	35	2026-09-07 12:48:26.957	2026-09-07 12:58:00.415
55885	40	2026-09-07 12:58:00.415	2026-09-07 12:58:04.479
55885	45	2026-09-07 12:58:04.479	2026-09-14 07:26:44.262
55885	50	2026-09-14 07:26:44.262	2026-09-14 08:01:07.485
55885	60	2026-09-14 08:01:07.485	2026-09-14 08:01:10.766
55885	80	2026-09-14 08:01:10.766	NULL
55896	20	2026-09-05 10:09:24.178	2026-09-08 05:57:43.208
55896	25	2026-09-08 05:57:43.208	2026-09-08 05:57:45.957
55896	30	2026-09-08 05:57:45.957	2026-09-08 05:57:48.129
55896	50	2026-09-08 05:57:48.129	2026-09-10 11:42:03.176
55896	60	2026-09-10 11:42:03.176	2026-09-10 11:43:43.193
55896	80	2026-09-10 11:43:43.193	NULL
55897	20	2026-09-07 11:02:36.276	2026-09-08 09:36:15.669
55897	25	2026-09-08 09:36:15.669	2026-09-08 09:36:18.064
55897	30	2026-09-08 09:36:18.064	2026-09-08 09:36:22.196
55897	35	2026-09-08 09:36:22.196	2026-09-08 13:58:21.247
55897	40	2026-09-08 13:58:21.247	2026-09-08 13:58:23.274
55897	45	2026-09-08 13:58:23.274	2026-09-09 13:00:27.839
55897	50	2026-09-09 13:00:27.839	2026-09-09 13:00:34.586
55897	60	2026-09-09 13:00:34.586	2026-09-09 13:00:37.438
55897	80	2026-09-09 13:00:37.438	NULL
55906	20	2026-09-07 06:43:42.359	2026-09-08 09:24:06.566
55906	25	2026-09-08 09:24:06.566	2026-09-08 09:24:09.336
55906	30	2026-09-08 09:24:09.336	2026-09-08 09:24:11.890
55906	35	2026-09-08 09:24:11.890	2026-09-08 13:54:43.165
55906	40	2026-09-08 13:54:43.165	2026-09-08 13:54:49.146
55906	45	2026-09-08 13:54:49.146	2026-09-09 13:04:03.257
55906	50	2026-09-09 13:04:03.257	2026-09-09 13:04:18.793
55906	60	2026-09-09 13:04:18.793	2026-09-09 13:04:54.918
55906	80	2026-09-09 13:04:54.918	NULL
55909	20	2026-09-07 13:21:38.540	2026-09-08 09:01:32.254
55909	25	2026-09-08 09:01:32.254	2026-09-08 09:01:34.325
55909	30	2026-09-08 09:01:34.325	2026-09-08 09:01:36.560
55909	35	2026-09-08 09:01:36.560	2026-09-08 12:57:32.266
55909	40	2026-09-08 12:57:32.266	2026-09-08 12:57:34.224
55909	45	2026-09-08 12:57:34.224	2026-09-09 12:53:15.642
55909	48	2026-09-09 12:53:15.642	2026-09-09 12:53:16.361
55909	50	2026-09-09 12:53:16.361	2026-09-09 12:53:24.789
55909	60	2026-09-09 12:53:24.789	2026-09-09 12:53:28.818
55909	80	2026-09-09 12:53:28.818	NULL
55914	20	2026-09-05 11:55:37.984	2026-09-07 11:41:04.682
55914	25	2026-09-07 11:41:04.682	2026-09-07 11:41:12.568
55914	30	2026-09-07 11:41:12.568	2026-09-07 12:37:27.080
55914	35	2026-09-07 12:37:27.080	2026-09-07 13:56:20.654
55914	40	2026-09-07 13:56:20.654	2026-09-07 13:56:35.579
55914	45	2026-09-07 13:56:35.579	2026-09-08 08:06:35.639
55914	50	2026-09-08 08:06:35.639	2026-09-08 13:16:59.212
55914	60	2026-09-08 13:16:59.212	2026-09-08 13:17:02.602
55914	80	2026-09-08 13:17:02.602	NULL
55920	20	2026-09-05 11:59:53.863	2026-09-07 09:55:47.357
55920	25	2026-09-07 09:55:47.357	2026-09-08 09:50:48.098
55920	30	2026-09-08 09:50:48.098	2026-09-08 09:50:49.842
55920	35	2026-09-08 09:50:49.842	2026-09-08 14:00:06.988
55920	40	2026-09-08 14:00:06.988	2026-09-08 14:00:10.152
55920	45	2026-09-08 14:00:10.152	2026-09-09 13:03:38.008
55920	50	2026-09-09 13:03:38.008	2026-09-09 13:03:43.551
55920	60	2026-09-09 13:03:43.551	2026-09-09 13:03:46.361
55920	80	2026-09-09 13:03:46.361	NULL
55921	20	2026-09-07 14:09:08.540	2026-09-08 09:27:47.325
55921	25	2026-09-08 09:27:47.325	2026-09-08 09:27:49.326
55921	30	2026-09-08 09:27:49.326	2026-09-08 09:27:51.788
55921	35	2026-09-08 09:27:51.788	2026-09-08 13:57:34.420
55921	40	2026-09-08 13:57:34.420	2026-09-08 13:57:37.183
55921	45	2026-09-08 13:57:37.183	2026-09-09 12:47:35.505
55921	50	2026-09-09 12:47:35.505	2026-09-09 12:47:40.538
55921	60	2026-09-09 12:47:40.538	2026-09-09 13:04:50.476
55921	80	2026-09-09 13:04:50.476	NULL
55922	20	2026-09-09 12:58:10.779	2026-09-11 09:41:48.462
55922	22	2026-09-11 09:41:48.462	2026-09-14 13:12:36.982
55922	99	2026-09-14 13:12:36.982	NULL
55930	20	2026-09-05 13:51:38.137	2026-09-07 11:39:43.925
55930	25	2026-09-07 11:39:43.925	2026-09-07 11:39:45.507
55930	30	2026-09-07 11:39:45.507	2026-09-07 11:39:47.539
55930	35	2026-09-07 11:39:47.539	2026-09-07 13:55:39.063
55930	40	2026-09-07 13:55:39.063	2026-09-07 13:55:41.298
55930	45	2026-09-07 13:55:41.298	2026-09-08 08:06:28.754
55930	50	2026-09-08 08:06:28.754	2026-09-08 13:16:48.820
55930	60	2026-09-08 13:16:48.820	2026-09-08 13:16:52.288
55930	80	2026-09-08 13:16:52.288	NULL
55932	20	2026-09-05 12:52:52.938	2026-09-07 12:21:06.739
55932	25	2026-09-07 12:21:06.739	2026-09-07 12:21:09.087
55932	30	2026-09-07 12:21:09.087	2026-09-07 12:21:11.880
55932	35	2026-09-07 12:21:11.880	2026-09-07 12:40:55.657
55932	40	2026-09-07 12:40:55.657	2026-09-07 12:41:02.282
55932	45	2026-09-07 12:41:02.282	2026-09-08 08:06:19.108
55932	50	2026-09-08 08:06:19.108	2026-09-08 13:16:41.066
55932	60	2026-09-08 13:16:41.066	2026-09-08 13:16:43.958
55932	80	2026-09-08 13:16:43.958	NULL
55940	20	2026-09-07 14:50:43.795	2026-09-11 09:37:01.047
55940	22	2026-09-11 09:37:01.047	2026-09-15 09:05:55.352
55940	99	2026-09-15 09:05:55.352	NULL
55942	20	2026-09-05 11:22:53.731	2026-09-07 09:09:24.831
55942	25	2026-09-07 09:09:24.831	2026-09-07 09:09:29.634
55942	30	2026-09-07 09:09:29.634	2026-09-07 10:51:31.937
55942	35	2026-09-07 10:51:31.937	2026-09-07 13:49:55.136
55942	40	2026-09-07 13:49:55.136	2026-09-07 13:49:58.668
55942	45	2026-09-07 13:49:58.668	2026-09-08 08:06:02.693
55942	50	2026-09-08 08:06:02.693	2026-09-08 13:16:27.939
55942	60	2026-09-08 13:16:27.939	2026-09-08 13:16:34.269
55942	80	2026-09-08 13:16:34.269	NULL
55945	20	2026-09-09 13:14:31.282	2026-09-10 08:28:14.447
55945	48	2026-09-10 08:28:14.447	2026-09-16 08:21:09.039
55945	50	2026-09-16 08:21:09.039	2026-09-16 13:08:44.080
55945	60	2026-09-16 13:08:44.080	2026-09-16 13:08:47.227
55945	80	2026-09-16 13:08:47.227	NULL
55953	20	2026-09-05 11:51:03.582	2026-09-07 11:47:18.674
55953	25	2026-09-07 11:47:18.674	2026-09-07 11:47:19.922
55953	30	2026-09-07 11:47:19.922	2026-09-07 11:47:21.377
55953	35	2026-09-07 11:47:21.377	2026-09-07 13:43:45.355
55953	40	2026-09-07 13:43:45.355	2026-09-07 13:43:47.984
55953	45	2026-09-07 13:43:47.984	2026-09-08 10:43:37.546
55953	50	2026-09-08 10:43:37.546	2026-09-08 13:42:53.771
55953	60	2026-09-08 13:42:53.771	2026-09-08 13:42:57.248
55953	80	2026-09-08 13:42:57.248	NULL
55954	20	2026-09-05 12:40:34.245	2026-09-07 10:14:34.713
55954	25	2026-09-07 10:14:34.713	2026-09-08 14:07:24.293
55954	30	2026-09-08 14:07:24.293	2026-09-08 14:07:26.921
55954	35	2026-09-08 14:07:26.921	2026-09-08 14:07:31.955
55954	40	2026-09-08 14:07:31.955	2026-09-08 14:07:34.187
55954	45	2026-09-08 14:07:34.187	2026-09-09 12:35:54.975
55954	50	2026-09-09 12:35:54.975	2026-09-09 12:36:13.485
55954	60	2026-09-09 12:36:13.485	2026-09-09 12:36:17.240
55954	80	2026-09-09 12:36:17.240	NULL
55961	20	2026-09-05 14:05:39.752	2026-09-07 09:08:43.352
55961	25	2026-09-07 09:08:43.352	2026-09-07 09:08:48.667
55961	30	2026-09-07 09:08:48.667	2026-09-07 13:02:27.141
55961	35	2026-09-07 13:02:27.141	2026-09-07 13:49:46.351
55961	40	2026-09-07 13:49:46.351	2026-09-07 13:49:49.609
55961	45	2026-09-07 13:49:49.609	2026-09-08 10:43:16.489
55961	50	2026-09-08 10:43:16.489	2026-09-08 13:42:44.831
55961	60	2026-09-08 13:42:44.831	2026-09-08 13:42:48.156
55961	80	2026-09-08 13:42:48.156	NULL
55962	20	2026-09-05 13:44:29.143	2026-09-07 12:20:37.656
55962	25	2026-09-07 12:20:37.656	2026-09-07 12:20:47.732
55962	30	2026-09-07 12:20:47.732	2026-09-07 12:20:49.808
55962	35	2026-09-07 12:20:49.808	2026-09-07 12:40:44.620
55962	40	2026-09-07 12:40:44.620	2026-09-07 12:40:47.680
55962	45	2026-09-07 12:40:47.680	2026-09-08 08:05:27.863
55962	50	2026-09-08 08:05:27.863	2026-09-08 13:16:17.240
55962	60	2026-09-08 13:16:17.240	2026-09-08 13:16:20.987
55962	80	2026-09-08 13:16:20.987	NULL
55966	20	2026-09-05 09:01:13.754	2026-09-07 11:39:10.590
55966	25	2026-09-07 11:39:10.590	2026-09-07 11:39:13.506
55966	30	2026-09-07 11:39:13.506	2026-09-07 13:03:33.528
55966	35	2026-09-07 13:03:33.528	2026-09-11 13:09:21.668
55966	40	2026-09-11 13:09:21.668	2026-09-11 13:09:23.741
55966	45	2026-09-11 13:09:23.741	2026-09-11 14:36:26.441
55966	50	2026-09-11 14:36:26.441	2026-09-11 15:19:58.297
55966	60	2026-09-11 15:19:58.297	2026-09-11 15:21:05.520
55966	80	2026-09-11 15:21:05.520	NULL
55971	20	2026-09-08 10:06:48.937	2026-09-09 13:22:10.903
55971	25	2026-09-09 13:22:10.903	2026-09-09 13:22:13.048
55971	30	2026-09-09 13:22:13.048	2026-09-09 13:22:14.939
55971	35	2026-09-09 13:22:14.939	2026-09-09 14:10:36.106
55971	40	2026-09-09 14:10:36.106	2026-09-09 14:10:39.124
55971	45	2026-09-09 14:10:39.124	2026-09-10 07:14:58.420
55971	50	2026-09-10 07:14:58.420	2026-09-10 07:15:13.442
55971	60	2026-09-10 07:15:13.442	2026-09-10 07:15:17.278
55971	80	2026-09-10 07:15:17.278	NULL
55981	20	2026-09-09 09:18:41.147	2026-09-10 08:47:17.247
55981	25	2026-09-10 08:47:17.247	2026-09-10 11:11:12.351
55981	30	2026-09-10 11:11:12.351	2026-09-10 11:11:14.755
55981	35	2026-09-10 11:11:14.755	2026-09-10 12:15:25.239
55981	40	2026-09-10 12:15:25.239	2026-09-10 12:15:28.670
55981	45	2026-09-10 12:15:28.670	2026-09-11 11:49:25.398
55981	50	2026-09-11 11:49:25.398	2026-09-11 15:20:10.682
55981	60	2026-09-11 15:20:10.682	2026-09-11 15:21:14.713
55981	80	2026-09-11 15:21:14.713	NULL
55984	20	2026-09-08 10:10:40.780	2026-09-09 12:50:28.421
55984	25	2026-09-09 12:50:28.421	2026-09-09 12:50:30.713
55984	30	2026-09-09 12:50:30.713	2026-09-09 12:50:33.314
55984	35	2026-09-09 12:50:33.314	2026-09-10 12:27:07.761
55984	40	2026-09-10 12:27:07.761	2026-09-10 18:58:30.601
55984	45	2026-09-10 18:58:30.601	2026-09-11 08:33:04.308
55984	50	2026-09-11 08:33:04.308	2026-09-11 08:39:45.367
55984	60	2026-09-11 08:39:45.367	2026-09-11 08:39:49.639
55984	80	2026-09-11 08:39:49.639	NULL
55988	20	2026-09-07 07:20:55.734	2026-09-08 09:31:20.135
55988	25	2026-09-08 09:31:20.135	2026-09-08 09:31:22.297
55988	30	2026-09-08 09:31:22.297	2026-09-08 09:31:24.645
55988	50	2026-09-08 09:31:24.645	2026-09-10 11:41:33.173
55988	60	2026-09-10 11:41:33.173	2026-09-10 11:43:49.083
55988	80	2026-09-10 11:43:49.083	NULL
55991	20	2026-09-05 13:25:07.527	2026-09-07 12:14:21.302
55991	25	2026-09-07 12:14:21.302	2026-09-07 12:14:23.611
55991	30	2026-09-07 12:14:23.611	2026-09-07 12:14:38.313
55991	35	2026-09-07 12:14:38.313	2026-09-07 12:40:36.967
55991	40	2026-09-07 12:40:36.967	2026-09-07 12:40:39.251
55991	45	2026-09-07 12:40:39.251	2026-09-08 08:05:15.594
55991	50	2026-09-08 08:05:15.594	2026-09-08 13:16:00.198
55991	60	2026-09-08 13:16:00.198	2026-09-08 13:16:11.101
55991	80	2026-09-08 13:16:11.101	NULL
56004	20	2026-09-05 13:02:38.366	2026-09-07 05:56:18.653
56004	25	2026-09-07 05:56:18.653	2026-09-07 05:57:32.615
56004	30	2026-09-07 05:57:32.615	2026-09-07 05:57:46.849
56004	35	2026-09-07 05:57:46.849	2026-09-07 13:55:53.271
56004	40	2026-09-07 13:55:53.271	2026-09-07 13:55:55.524
56004	45	2026-09-07 13:55:55.524	2026-09-08 10:43:02.489
56004	50	2026-09-08 10:43:02.489	2026-09-08 13:42:33.767
56004	60	2026-09-08 13:42:33.767	2026-09-08 13:42:37.230
56004	80	2026-09-08 13:42:37.230	NULL
56007	20	2026-09-07 12:04:05.433	2026-09-08 09:49:58.542
56007	25	2026-09-08 09:49:58.542	2026-09-08 09:50:00.674
56007	30	2026-09-08 09:50:00.674	2026-09-08 09:50:02.960
56007	35	2026-09-08 09:50:02.960	2026-09-08 13:59:50.516
56007	40	2026-09-08 13:59:50.516	2026-09-08 13:59:53.010
56007	45	2026-09-08 13:59:53.010	2026-09-09 12:47:11.233
56007	50	2026-09-09 12:47:11.233	2026-09-09 12:47:23.462
56007	60	2026-09-09 12:47:23.462	2026-09-09 12:47:26.387
56007	80	2026-09-09 12:47:26.387	NULL
56027	20	2026-09-07 14:10:11.604	2026-09-08 08:52:44.054
56027	25	2026-09-08 08:52:44.054	2026-09-08 08:52:48.289
56027	30	2026-09-08 08:52:48.289	2026-09-08 08:54:16.025
56027	35	2026-09-08 08:54:16.025	2026-09-09 13:55:09.296
56027	40	2026-09-09 13:55:09.296	2026-09-09 13:55:11.568
56027	45	2026-09-09 13:55:11.568	2026-09-10 11:40:56.359
56027	50	2026-09-10 11:40:56.359	2026-09-10 11:44:10.366
56027	60	2026-09-10 11:44:10.366	2026-09-10 11:44:13.433
56027	80	2026-09-10 11:44:13.433	NULL
56033	20	2026-09-08 10:56:15.492	2026-09-09 12:03:30.758
56033	25	2026-09-09 12:03:30.758	2026-09-09 12:03:38.711
56033	30	2026-09-09 12:03:38.711	2026-09-09 12:03:40.701
56033	35	2026-09-09 12:03:40.701	2026-09-10 12:05:49.413
56033	40	2026-09-10 12:05:49.413	2026-09-10 12:05:53.364
56033	45	2026-09-10 12:05:53.364	2026-09-11 11:49:06.045
56033	50	2026-09-11 11:49:06.045	2026-09-11 15:21:36.443
56033	60	2026-09-11 15:21:36.443	2026-09-11 15:22:02.225
56033	80	2026-09-11 15:22:02.225	NULL
56036	20	2026-09-07 14:16:51.620	2026-09-08 09:49:07.120
56036	25	2026-09-08 09:49:07.120	2026-09-08 09:49:09.338
56036	30	2026-09-08 09:49:09.338	2026-09-08 09:49:11.200
56036	35	2026-09-08 09:49:11.200	2026-09-08 13:50:22.374
56036	40	2026-09-08 13:50:22.374	2026-09-08 13:50:25.235
56036	45	2026-09-08 13:50:25.235	2026-09-09 12:51:56.111
56036	48	2026-09-09 12:51:56.111	2026-09-09 12:51:56.818
56036	50	2026-09-09 12:51:56.818	2026-09-09 12:52:01.933
56036	60	2026-09-09 12:52:01.933	2026-09-09 12:52:05.905
56036	80	2026-09-09 12:52:05.905	NULL
56038	20	2026-09-10 08:04:35.727	2026-09-11 09:13:10.262
56038	25	2026-09-11 09:13:10.262	2026-09-11 09:13:12.470
56038	30	2026-09-11 09:13:12.470	2026-09-11 12:26:05.150
56038	35	2026-09-11 12:26:05.150	2026-09-11 13:08:26.497
56038	40	2026-09-11 13:08:26.497	2026-09-11 13:08:29.812
56038	45	2026-09-11 13:08:29.812	2026-09-14 07:37:56.789
56038	50	2026-09-14 07:37:56.789	2026-09-14 08:22:23.251
56038	60	2026-09-14 08:22:23.251	2026-09-14 08:22:28.101
56038	80	2026-09-14 08:22:28.101	NULL
56048	20	2026-09-07 11:58:23.205	2026-09-08 10:07:57.366
56048	25	2026-09-08 10:07:57.366	2026-09-08 10:08:02.290
56048	30	2026-09-08 10:08:02.290	2026-09-08 10:08:11.114
56048	48	2026-09-08 10:08:11.114	2026-09-08 10:08:12.314
56048	50	2026-09-08 10:08:12.314	2026-09-29 12:22:19.612
56048	60	2026-09-29 12:22:19.612	2026-09-29 12:22:23.544
56048	80	2026-09-29 12:22:23.544	NULL
56063	20	2026-09-09 12:28:01.726	2026-09-10 08:48:55.272
56063	25	2026-09-10 08:48:55.272	2026-09-10 08:49:02.861
56063	30	2026-09-10 08:49:02.861	2026-09-10 09:21:29.206
56063	35	2026-09-10 09:21:29.206	2026-09-10 09:37:23.617
56063	40	2026-09-10 09:37:23.617	2026-09-10 09:37:26.690
56063	45	2026-09-10 09:37:26.690	2026-09-11 08:32:32.992
56063	50	2026-09-11 08:32:32.992	2026-09-11 08:37:41.162
56063	60	2026-09-11 08:37:41.162	2026-09-11 08:37:44.537
56063	80	2026-09-11 08:37:44.537	NULL
56074	20	2026-09-07 13:31:15.061	2026-09-11 14:39:48.401
56074	25	2026-09-11 14:39:48.401	2026-09-11 14:39:50.533
56074	30	2026-09-11 14:39:50.533	2026-09-11 14:39:53.010
56074	35	2026-09-11 14:39:53.010	2026-10-02 11:15:41.180
56074	40	2026-10-02 11:15:41.180	2026-10-02 11:15:43.668
56074	45	2026-10-02 11:15:43.668	2026-10-02 11:15:52.193
56074	70	2026-10-02 11:15:52.193	2026-10-02 11:15:54.186
56074	80	2026-10-02 11:15:54.186	NULL
56079	20	2026-09-08 11:19:45.647	2026-09-09 13:22:38.675
56079	25	2026-09-09 13:22:38.675	2026-09-09 13:22:40.367
56079	30	2026-09-09 13:22:40.367	2026-09-09 13:22:42.277
56079	35	2026-09-09 13:22:42.277	2026-09-09 14:10:19.384
56079	40	2026-09-09 14:10:19.384	2026-09-09 14:10:23.360
56079	45	2026-09-09 14:10:23.360	2026-09-10 07:13:17.002
56079	50	2026-09-10 07:13:17.002	2026-09-10 07:13:24.585
56079	60	2026-09-10 07:13:24.585	2026-09-10 07:13:28.656
56079	80	2026-09-10 07:13:28.656	NULL
56082	20	2026-09-08 11:55:41.931	2026-09-09 12:01:40.115
56082	25	2026-09-09 12:01:40.115	2026-09-09 12:01:44.338
56082	30	2026-09-09 12:01:44.338	2026-09-09 12:01:46.667
56082	35	2026-09-09 12:01:46.667	2026-09-14 12:35:08.040
56082	40	2026-09-14 12:35:08.040	2026-09-14 12:35:09.930
56082	45	2026-09-14 12:35:09.930	2026-09-15 06:58:42.024
56082	50	2026-09-15 06:58:42.024	2026-09-15 07:12:48.987
56082	60	2026-09-15 07:12:48.987	2026-09-15 07:12:56.531
56082	80	2026-09-15 07:12:56.531	NULL
56086	20	2026-09-08 13:28:42.274	2026-09-09 13:16:17.741
56086	25	2026-09-09 13:16:17.741	2026-09-09 13:16:19.528
56086	30	2026-09-09 13:16:19.528	2026-09-09 13:16:21.661
56086	35	2026-09-09 13:16:21.661	2026-09-11 11:52:23.675
56086	40	2026-09-11 11:52:23.675	2026-09-11 11:52:26.286
56086	45	2026-09-11 11:52:26.286	2026-09-15 06:56:44.919
56086	50	2026-09-15 06:56:44.919	2026-09-15 07:11:37.906
56086	60	2026-09-15 07:11:37.906	2026-09-15 07:11:41.923
56086	80	2026-09-15 07:11:41.923	NULL
56088	20	2026-09-08 12:28:37.624	2026-09-09 13:02:34.725
56088	25	2026-09-09 13:02:34.725	2026-09-09 13:02:37.062
56088	30	2026-09-09 13:02:37.062	2026-09-09 13:02:40.267
56088	35	2026-09-09 13:02:40.267	2026-09-10 09:37:02.136
56088	40	2026-09-10 09:37:02.136	2026-09-10 09:37:05.147
56088	45	2026-09-10 09:37:05.147	2026-09-10 11:42:35.906
56088	50	2026-09-10 11:42:35.906	2026-09-10 11:42:45.105
56088	60	2026-09-10 11:42:45.105	2026-09-10 11:42:48.672
56088	80	2026-09-10 11:42:48.672	2026-09-16 11:55:43.455
56088	90	2026-09-16 11:55:43.455	NULL
56092	20	2026-09-08 10:58:50.945	2026-09-09 13:00:29.052
56092	25	2026-09-09 13:00:29.052	2026-09-09 13:00:31.605
56092	30	2026-09-09 13:00:31.605	2026-09-09 13:00:33.709
56092	35	2026-09-09 13:00:33.709	2026-09-10 12:26:29.404
56092	40	2026-09-10 12:26:29.404	2026-09-10 12:26:46.138
56092	45	2026-09-10 12:26:46.138	2026-09-14 07:36:03.230
56092	50	2026-09-14 07:36:03.230	2026-09-14 08:22:10.969
56092	60	2026-09-14 08:22:10.969	2026-09-14 08:22:15.705
56092	80	2026-09-14 08:22:15.705	NULL
56106	20	2026-09-08 12:13:03.608	2026-09-09 13:03:19.890
56106	25	2026-09-09 13:03:19.890	2026-09-09 13:03:22.167
56106	30	2026-09-09 13:03:22.167	2026-09-09 13:03:23.978
56106	35	2026-09-09 13:03:23.978	2026-09-10 09:36:35.159
56106	40	2026-09-10 09:36:35.159	2026-09-10 09:36:38.237
56106	45	2026-09-10 09:36:38.237	2026-09-11 08:32:26.576
56106	50	2026-09-11 08:32:26.576	2026-09-11 08:37:17.272
56106	60	2026-09-11 08:37:17.272	2026-09-11 08:37:24.658
56106	80	2026-09-11 08:37:24.658	NULL
56114	20	2026-09-07 08:42:05.405	2026-09-08 09:30:46.213
56114	48	2026-09-08 09:30:46.213	2026-09-15 07:11:57.587
56114	81	2026-09-15 07:11:57.587	2026-09-15 07:16:53.346
56114	80	2026-09-15 07:16:53.346	NULL
56121	20	2026-09-17 06:35:43.826	2026-09-17 08:50:14.299
56121	25	2026-09-17 08:50:14.299	2026-09-17 08:50:17.151
56121	22	2026-09-17 08:50:17.151	2026-09-17 08:50:29.592
56121	25	2026-09-17 08:50:29.592	2026-09-17 10:22:34.486
56121	30	2026-09-17 10:22:34.486	2026-09-17 10:22:37.552
56121	35	2026-09-17 10:22:37.552	2026-09-17 10:40:53.043
56121	40	2026-09-17 10:40:53.043	2026-09-17 10:40:54.790
56121	45	2026-09-17 10:40:54.790	2026-09-18 06:56:21.868
56121	50	2026-09-18 06:56:21.868	2026-09-18 07:29:29.473
56121	60	2026-09-18 07:29:29.473	2026-09-18 07:29:32.393
56121	80	2026-09-18 07:29:32.393	NULL
56123	20	2026-09-07 13:48:41.248	2026-09-08 09:34:00.494
56123	25	2026-09-08 09:34:00.494	2026-09-08 09:34:04.141
56123	30	2026-09-08 09:34:04.141	2026-09-08 09:34:07.325
56123	35	2026-09-08 09:34:07.325	2026-09-08 13:05:46.312
56123	40	2026-09-08 13:05:46.312	2026-09-08 13:53:46.638
56123	45	2026-09-08 13:53:46.638	2026-09-09 13:00:02.841
56123	48	2026-09-09 13:00:02.841	2026-09-09 13:00:03.929
56123	50	2026-09-09 13:00:03.929	2026-09-09 13:00:08.593
56123	60	2026-09-09 13:00:08.593	2026-09-09 13:00:11.569
56123	80	2026-09-09 13:00:11.569	NULL
56133	20	2026-09-07 09:27:20.646	2026-09-08 09:19:19.904
56133	25	2026-09-08 09:19:19.904	2026-09-08 09:19:22.270
56133	30	2026-09-08 09:19:22.270	2026-09-08 09:19:23.738
56133	35	2026-09-08 09:19:23.738	2026-09-10 05:57:58.278
56133	40	2026-09-10 05:57:58.278	2026-09-10 05:58:02.123
56133	45	2026-09-10 05:58:02.123	2026-09-10 07:15:29.756
56133	50	2026-09-10 07:15:29.756	2026-09-10 07:15:33.695
56133	60	2026-09-10 07:15:33.695	2026-09-10 07:15:37.072
56133	80	2026-09-10 07:15:37.072	NULL
56141	20	2026-09-07 13:34:42.801	2026-09-08 08:57:12.667
56141	25	2026-09-08 08:57:12.667	2026-09-08 08:57:15.062
56141	30	2026-09-08 08:57:15.062	2026-09-08 08:57:17.431
56141	35	2026-09-08 08:57:17.431	2026-09-10 12:53:08.044
56141	40	2026-09-10 12:53:08.044	2026-09-10 18:54:01.555
56141	45	2026-09-10 18:54:01.555	2026-09-16 06:54:59.423
56141	50	2026-09-16 06:54:59.423	2026-09-16 06:58:42.596
56141	60	2026-09-16 06:58:42.596	2026-09-16 06:58:46.251
56141	80	2026-09-16 06:58:46.251	NULL
56145	20	2026-09-08 11:03:32.948	2026-09-09 12:01:19.348
56145	25	2026-09-09 12:01:19.348	2026-09-09 12:01:21.982
56145	30	2026-09-09 12:01:21.982	2026-09-09 12:01:24.134
56145	35	2026-09-09 12:01:24.134	2026-09-14 12:34:54.548
56145	40	2026-09-14 12:34:54.548	2026-09-14 12:34:56.869
56145	45	2026-09-14 12:34:56.869	2026-09-15 14:09:33.202
56145	50	2026-09-15 14:09:33.202	2026-09-16 06:58:55.136
56145	60	2026-09-16 06:58:55.136	2026-09-16 06:58:59.033
56145	80	2026-09-16 06:58:59.033	NULL
56157	20	2026-09-09 13:25:14.313	2026-09-10 08:42:10.176
56157	25	2026-09-10 08:42:10.176	2026-09-16 10:53:14.235
56157	30	2026-09-16 10:53:14.235	2026-09-16 10:53:15.977
56157	35	2026-09-16 10:53:15.977	2026-09-16 12:37:14.054
56157	40	2026-09-16 12:37:14.054	2026-09-16 12:37:16.061
56157	45	2026-09-16 12:37:16.061	2026-09-17 07:17:50.127
56157	50	2026-09-17 07:17:50.127	2026-09-17 07:29:16.968
56157	60	2026-09-17 07:29:16.968	2026-09-17 07:29:20.452
56157	80	2026-09-17 07:29:20.452	NULL
56159	20	2026-09-07 13:27:22.087	2026-09-08 09:47:28.630
56159	25	2026-09-08 09:47:28.630	2026-09-08 09:47:30.560
56159	30	2026-09-08 09:47:30.560	2026-09-08 09:47:32.235
56159	35	2026-09-08 09:47:32.235	2026-09-08 13:59:17.178
56159	40	2026-09-08 13:59:17.178	2026-09-08 13:59:21.638
56159	45	2026-09-08 13:59:21.638	2026-09-09 12:59:32.328
56159	50	2026-09-09 12:59:32.328	2026-09-09 12:59:37.923
56159	60	2026-09-09 12:59:37.923	2026-09-09 12:59:40.918
56159	80	2026-09-09 12:59:40.918	NULL
56161	20	2026-09-07 11:06:41.842	2026-09-08 09:27:23.458
56161	25	2026-09-08 09:27:23.458	2026-09-08 09:27:26.868
56161	30	2026-09-08 09:27:26.868	2026-09-08 09:27:28.604
56161	50	2026-09-08 09:27:28.604	2026-09-10 07:09:30.101
56161	60	2026-09-10 07:09:30.101	2026-09-10 07:09:33.741
56161	80	2026-09-10 07:09:33.741	NULL
56168	20	2026-09-08 08:29:00.600	2026-09-11 09:38:07.390
56168	22	2026-09-11 09:38:07.390	2026-09-17 11:44:24.067
56168	99	2026-09-17 11:44:24.067	NULL
56174	20	2026-09-07 09:24:06.016	2026-09-08 09:46:57.442
56174	25	2026-09-08 09:46:57.442	2026-09-08 09:46:59.886
56174	30	2026-09-08 09:46:59.886	2026-09-08 09:47:02.381
56174	35	2026-09-08 09:47:02.381	2026-09-08 12:57:09.971
56174	40	2026-09-08 12:57:09.971	2026-09-08 13:59:07.305
56174	45	2026-09-08 13:59:07.305	2026-09-09 12:59:01.301
56174	48	2026-09-09 12:59:01.301	2026-09-09 12:59:02.083
56174	50	2026-09-09 12:59:02.083	2026-09-09 12:59:12.901
56174	60	2026-09-09 12:59:12.901	2026-09-09 12:59:15.131
56174	80	2026-09-09 12:59:15.131	NULL
56176	20	2026-09-09 11:06:04.311	2026-09-10 08:37:57.024
56176	25	2026-09-10 08:37:57.024	2026-09-10 08:37:59.268
56176	30	2026-09-10 08:37:59.268	2026-09-14 08:36:45.105
56176	35	2026-09-14 08:36:45.105	2026-09-14 08:38:39.536
56176	40	2026-09-14 08:38:39.536	2026-09-14 08:38:42.763
56176	45	2026-09-14 08:38:42.763	2026-09-15 06:59:03.632
56176	50	2026-09-15 06:59:03.632	2026-09-15 07:13:09.668
56176	60	2026-09-15 07:13:09.668	2026-09-15 07:13:13.290
56176	80	2026-09-15 07:13:13.290	NULL
56185	20	2026-09-07 12:12:03.196	2026-09-08 09:46:02.445
56185	25	2026-09-08 09:46:02.445	2026-09-08 09:46:06.675
56185	30	2026-09-08 09:46:06.675	2026-09-08 09:46:10.859
56185	35	2026-09-08 09:46:10.859	2026-09-08 13:58:52.146
56185	40	2026-09-08 13:58:52.146	2026-09-08 13:58:54.013
56185	45	2026-09-08 13:58:54.013	2026-09-09 12:58:25.377
56185	48	2026-09-09 12:58:25.377	2026-09-09 12:58:26.212
56185	50	2026-09-09 12:58:26.212	2026-09-09 12:58:39.848
56185	60	2026-09-09 12:58:39.848	2026-09-09 12:58:42.525
56185	80	2026-09-09 12:58:42.525	NULL
56197	20	2026-09-13 06:40:47.933	2026-09-14 09:49:03.276
56197	25	2026-09-14 09:49:03.276	2026-09-14 09:49:06.449
56197	30	2026-09-14 09:49:06.449	2026-09-16 13:05:18.236
56197	35	2026-09-16 13:05:18.236	2026-09-16 13:25:19.265
56197	40	2026-09-16 13:25:19.265	2026-09-16 13:25:21.068
56197	45	2026-09-16 13:25:21.068	2026-09-17 08:29:22.827
56197	50	2026-09-17 08:29:22.827	2026-09-18 11:02:35.592
56197	60	2026-09-18 11:02:35.592	2026-09-18 11:02:45.303
56197	80	2026-09-18 11:02:45.303	NULL
56200	20	2026-09-09 07:41:12.856	2026-09-10 08:48:08.889
56200	25	2026-09-10 08:48:08.889	2026-09-11 09:44:46.271
56200	30	2026-09-11 09:44:46.271	2026-09-11 09:44:48.141
56200	35	2026-09-11 09:44:48.141	2026-09-11 11:57:42.151
56200	40	2026-09-11 11:57:42.151	2026-09-11 11:57:43.969
56200	45	2026-09-11 11:57:43.969	2026-09-14 07:32:49.980
56200	50	2026-09-14 07:32:49.980	2026-09-14 08:21:20.834
56200	60	2026-09-14 08:21:20.834	2026-09-14 08:21:53.767
56200	80	2026-09-14 08:21:53.767	NULL
56204	20	2026-09-07 13:54:02.269	2026-09-08 09:32:13.034
56204	25	2026-09-08 09:32:13.034	2026-09-08 09:32:23.976
56204	30	2026-09-08 09:32:23.976	2026-09-08 09:32:25.914
56204	35	2026-09-08 09:32:25.914	2026-09-08 12:57:50.933
56204	40	2026-09-08 12:57:50.933	2026-09-08 12:57:53.110
56204	45	2026-09-08 12:57:53.110	2026-09-09 13:02:47.688
56204	50	2026-09-09 13:02:47.688	2026-09-09 13:03:05.668
56204	60	2026-09-09 13:03:05.668	2026-09-09 13:03:08.450
56204	80	2026-09-09 13:03:08.450	NULL
56210	20	2026-09-08 09:31:24.146	2026-09-09 12:46:49.364
56210	25	2026-09-09 12:46:49.364	2026-09-09 12:46:52.066
56210	30	2026-09-09 12:46:52.066	2026-09-09 12:46:54.336
56210	35	2026-09-09 12:46:54.336	2026-09-10 12:28:14.936
56210	40	2026-09-10 12:28:14.936	2026-09-10 12:28:18.031
56210	45	2026-09-10 12:28:18.031	2026-09-11 06:32:43.333
56210	99	2026-09-11 06:32:43.333	NULL
56223	20	2026-09-07 10:21:01.471	2026-09-08 10:09:13.782
56223	48	2026-09-08 10:09:13.782	2026-09-09 12:51:45.404
56223	81	2026-09-09 12:51:45.404	NULL
56240	20	2026-09-07 11:11:35.437	2026-09-08 09:25:15.445
56240	25	2026-09-08 09:25:15.445	2026-09-08 09:25:17.812
56240	30	2026-09-08 09:25:17.812	2026-09-08 09:25:20.163
56240	35	2026-09-08 09:25:20.163	2026-09-08 13:55:42.211
56240	40	2026-09-08 13:55:42.211	2026-09-08 13:55:44.757
56240	45	2026-09-08 13:55:44.757	2026-09-09 08:18:29.975
56240	99	2026-09-09 08:18:29.975	NULL
56241	20	2026-09-07 14:13:42.613	2026-09-08 09:00:01.304
56241	25	2026-09-08 09:00:01.304	2026-09-08 09:00:08.367
56241	30	2026-09-08 09:00:08.367	2026-09-08 09:00:10.785
56241	35	2026-09-08 09:00:10.785	2026-09-08 12:55:36.756
56241	40	2026-09-08 12:55:36.756	2026-09-08 12:55:39.349
56241	45	2026-09-08 12:55:39.349	2026-09-09 09:25:25.867
56241	50	2026-09-09 09:25:25.867	2026-09-09 12:35:00.355
56241	60	2026-09-09 12:35:00.355	2026-09-09 12:35:02.705
56241	80	2026-09-09 12:35:02.705	NULL
56254	20	2026-09-07 11:57:58.058	2026-09-08 08:41:56.326
56254	25	2026-09-08 08:41:56.326	2026-09-08 08:41:59.578
56254	30	2026-09-08 08:41:59.578	2026-09-08 08:42:02.293
56254	35	2026-09-08 08:42:02.293	2026-09-08 13:12:26.316
56254	40	2026-09-08 13:12:26.316	2026-09-08 13:12:29.601
56254	45	2026-09-08 13:12:29.601	2026-09-09 12:58:07.654
56254	50	2026-09-09 12:58:07.654	2026-09-09 12:58:10.545
56254	60	2026-09-09 12:58:10.545	2026-09-09 12:58:12.976
56254	80	2026-09-09 12:58:12.976	NULL
56261	20	2026-09-07 13:59:14.051	2026-09-08 08:59:24.045
56261	25	2026-09-08 08:59:24.045	2026-09-08 08:59:27.395
56261	30	2026-09-08 08:59:27.395	2026-09-08 08:59:29.752
56261	35	2026-09-08 08:59:29.752	2026-09-08 12:55:09.865
56261	40	2026-09-08 12:55:09.865	2026-09-08 12:55:13.530
56261	45	2026-09-08 12:55:13.530	2026-09-09 12:57:51.487
56261	50	2026-09-09 12:57:51.487	2026-09-09 12:57:56.461
56261	60	2026-09-09 12:57:56.461	2026-09-09 12:57:59.180
56261	80	2026-09-09 12:57:59.180	NULL
56265	20	2026-09-08 07:50:54.850	2026-09-09 13:15:00.836
56265	25	2026-09-09 13:15:00.836	2026-09-09 13:15:02.932
56265	30	2026-09-09 13:15:02.932	2026-09-09 13:15:12.529
56265	35	2026-09-09 13:15:12.529	2026-09-09 14:03:46.256
56265	40	2026-09-09 14:03:46.256	2026-09-09 14:03:48.719
56265	45	2026-09-09 14:03:48.719	2026-09-10 07:11:55.360
56265	50	2026-09-10 07:11:55.360	2026-09-10 07:12:34.076
56265	60	2026-09-10 07:12:34.076	2026-09-10 07:12:44.301
56265	80	2026-09-10 07:12:44.301	NULL
56272	20	2026-09-08 09:48:36.228	2026-09-09 13:23:21.462
56272	25	2026-09-09 13:23:21.462	2026-09-09 13:23:24.429
56272	30	2026-09-09 13:23:24.429	2026-09-09 13:23:26.798
56272	35	2026-09-09 13:23:26.798	2026-09-09 14:09:55.791
56272	40	2026-09-09 14:09:55.791	2026-09-09 14:09:58.549
56272	45	2026-09-09 14:09:58.549	2026-09-10 11:40:47.709
56272	50	2026-09-10 11:40:47.709	2026-09-10 11:44:39.037
56272	60	2026-09-10 11:44:39.037	2026-09-10 11:44:44.074
56272	80	2026-09-10 11:44:44.074	NULL
56273	20	2026-09-08 13:33:56.664	2026-09-10 09:19:49.917
56273	25	2026-09-10 09:19:49.917	2026-09-10 09:19:51.699
56273	30	2026-09-10 09:19:51.699	2026-09-10 09:19:53.599
56273	35	2026-09-10 09:19:53.599	2026-09-10 09:36:13.622
56273	40	2026-09-10 09:36:13.622	2026-09-10 09:36:15.847
56273	45	2026-09-10 09:36:15.847	2026-09-11 08:32:20.920
56273	50	2026-09-11 08:32:20.920	2026-09-11 08:37:06.725
56273	60	2026-09-11 08:37:06.725	2026-09-11 08:37:10.166
56273	80	2026-09-11 08:37:10.166	NULL
56284	20	2026-09-08 11:42:42.694	2026-09-09 13:36:19.680
56284	25	2026-09-09 13:36:19.680	2026-09-09 13:36:21.634
56284	30	2026-09-09 13:36:21.634	2026-09-09 13:36:23.893
56284	35	2026-09-09 13:36:23.893	2026-09-10 12:52:48.173
56284	40	2026-09-10 12:52:48.173	2026-09-10 12:52:51.770
56284	45	2026-09-10 12:52:51.770	2026-09-14 07:31:59.617
56284	50	2026-09-14 07:31:59.617	2026-09-14 08:19:38.104
56284	60	2026-09-14 08:19:38.104	2026-09-14 08:20:07.165
56284	80	2026-09-14 08:20:07.165	NULL
56288	20	2026-09-08 08:16:26.672	2026-09-09 10:54:21.323
56288	25	2026-09-09 10:54:21.323	2026-09-09 10:54:24.518
56288	30	2026-09-09 10:54:24.518	2026-09-09 10:54:26.672
56288	35	2026-09-09 10:54:26.672	2026-09-10 12:26:04.109
56288	40	2026-09-10 12:26:04.109	2026-09-10 12:26:16.394
56288	45	2026-09-10 12:26:16.394	2026-09-11 08:32:11.961
56288	50	2026-09-11 08:32:11.961	2026-09-11 08:36:53.195
56288	60	2026-09-11 08:36:53.195	2026-09-11 08:36:56.945
56288	80	2026-09-11 08:36:56.945	NULL
56290	20	2026-09-08 12:42:40.719	2026-09-09 13:03:59.472
56290	25	2026-09-09 13:03:59.472	2026-09-09 13:04:01.680
56290	30	2026-09-09 13:04:01.680	2026-09-09 13:04:04.028
56290	35	2026-09-09 13:04:04.028	2026-09-10 09:35:57.411
56290	40	2026-09-10 09:35:57.411	2026-09-10 09:36:00.163
56290	45	2026-09-10 09:36:00.163	2026-09-10 11:42:24.451
56290	50	2026-09-10 11:42:24.451	2026-09-10 11:43:09.243
56290	60	2026-09-10 11:43:09.243	2026-09-10 11:43:16.909
56290	80	2026-09-10 11:43:16.909	NULL
56298	20	2026-09-09 13:04:32.734	2026-09-10 08:33:07.688
56298	25	2026-09-10 08:33:07.688	2026-09-10 08:33:17.033
56298	30	2026-09-10 08:33:17.033	2026-09-10 09:14:49.450
56298	48	2026-09-10 09:14:49.450	2026-09-11 11:47:29.138
56298	50	2026-09-11 11:47:29.138	2026-09-11 15:21:08.627
56298	60	2026-09-11 15:21:08.627	2026-09-11 15:21:45.631
56298	80	2026-09-11 15:21:45.631	NULL
56305	20	2026-09-09 11:59:51.212	2026-09-10 08:45:28.355
56305	25	2026-09-10 08:45:28.355	2026-09-10 12:13:56.053
56305	47	2026-09-10 12:13:56.053	2026-09-11 11:58:57.570
56305	45	2026-09-11 11:58:57.570	2026-09-14 07:31:38.251
56305	48	2026-09-14 07:31:38.251	2026-09-14 07:31:38.948
56305	50	2026-09-14 07:31:38.948	2026-09-14 08:21:04.322
56305	60	2026-09-14 08:21:04.322	2026-09-14 08:21:08.194
56305	80	2026-09-14 08:21:08.194	NULL
56306	20	2026-09-08 11:06:03.539	2026-09-11 09:37:57.846
56306	22	2026-09-11 09:37:57.846	2026-09-14 13:09:56.251
56306	99	2026-09-14 13:09:56.251	NULL
56321	20	2026-09-09 13:16:42.259	2026-09-10 08:50:48.683
56321	25	2026-09-10 08:50:48.683	2026-09-10 08:50:56.520
56321	30	2026-09-10 08:50:56.520	2026-09-10 10:22:38.380
56321	35	2026-09-10 10:22:38.380	2026-09-10 12:16:30.843
56321	40	2026-09-10 12:16:30.843	2026-09-10 12:16:35.040
56321	45	2026-09-10 12:16:35.040	2026-09-11 08:32:04.524
56321	50	2026-09-11 08:32:04.524	2026-09-11 08:36:45.449
56321	60	2026-09-11 08:36:45.449	2026-09-11 08:36:48.453
56321	80	2026-09-11 08:36:48.453	NULL
56334	20	2026-09-08 09:47:48.241	2026-09-09 13:01:31.676
56334	25	2026-09-09 13:01:31.676	2026-09-09 13:01:34.098
56334	30	2026-09-09 13:01:34.098	2026-09-09 13:01:43.939
56334	35	2026-09-09 13:01:43.939	2026-09-11 11:58:30.423
56334	47	2026-09-11 11:58:30.423	2026-09-11 11:58:35.106
56334	45	2026-09-11 11:58:35.106	2026-09-11 12:06:45.886
56334	48	2026-09-11 12:06:45.886	2026-09-11 12:06:52.648
56334	70	2026-09-11 12:06:52.648	2026-09-14 12:30:36.493
56334	81	2026-09-14 12:30:36.493	2026-09-14 12:30:37.855
56334	80	2026-09-14 12:30:37.855	NULL
56343	20	2026-09-08 08:22:42.875	2026-09-09 13:04:57.282
56343	25	2026-09-09 13:04:57.282	2026-09-09 13:04:59.416
56343	30	2026-09-09 13:04:59.416	2026-09-09 13:05:02.531
56343	35	2026-09-09 13:05:02.531	2026-09-10 09:35:47.293
56343	40	2026-09-10 09:35:47.293	2026-09-10 09:35:51.745
56343	45	2026-09-10 09:35:51.745	2026-09-11 08:31:54.332
56343	50	2026-09-11 08:31:54.332	2026-09-11 08:36:30.282
56343	60	2026-09-11 08:36:30.282	2026-09-11 08:36:34.619
56343	80	2026-09-11 08:36:34.619	NULL
56344	20	2026-09-08 10:41:17.518	2026-09-09 10:53:49.238
56344	25	2026-09-09 10:53:49.238	2026-09-09 10:53:52.165
56344	30	2026-09-09 10:53:52.165	2026-09-09 10:53:54.384
56344	35	2026-09-09 10:53:54.384	2026-09-09 14:06:58.210
56344	40	2026-09-09 14:06:58.210	2026-09-09 14:07:00.316
56344	45	2026-09-09 14:07:00.316	2026-09-10 11:40:37.916
56344	50	2026-09-10 11:40:37.916	2026-09-10 11:45:05.133
56344	60	2026-09-10 11:45:05.133	2026-09-10 11:45:08.295
56344	80	2026-09-10 11:45:08.295	NULL
56345	20	2026-09-09 13:17:06.756	2026-09-10 08:33:44.369
56345	25	2026-09-10 08:33:44.369	2026-09-10 08:33:47.128
56345	30	2026-09-10 08:33:47.128	2026-09-10 09:15:39.561
56345	35	2026-09-10 09:15:39.561	2026-09-10 09:34:23.553
56345	40	2026-09-10 09:34:23.553	2026-09-10 09:34:25.676
56345	45	2026-09-10 09:34:25.676	2026-09-14 07:31:30.763
56345	50	2026-09-14 07:31:30.763	2026-09-14 08:16:01.204
56345	60	2026-09-14 08:16:01.204	2026-09-14 08:16:05.835
56345	80	2026-09-14 08:16:05.835	NULL
56351	20	2026-09-08 12:36:43.835	2026-09-09 10:49:00.480
56351	25	2026-09-09 10:49:00.480	2026-09-09 10:49:05.114
56351	30	2026-09-09 10:49:05.114	2026-09-09 10:49:07.146
56351	35	2026-09-09 10:49:07.146	2026-09-10 12:25:51.042
56351	40	2026-09-10 12:25:51.042	2026-09-10 12:25:54.699
56351	45	2026-09-10 12:25:54.699	2026-09-11 08:31:44.321
56351	50	2026-09-11 08:31:44.321	2026-09-11 08:36:21.349
56351	60	2026-09-11 08:36:21.349	2026-09-11 08:36:24.681
56351	80	2026-09-11 08:36:24.681	NULL
56354	20	2026-09-08 10:28:33.252	2026-09-09 12:47:39.418
56354	25	2026-09-09 12:47:39.418	2026-09-09 12:48:00.418
56354	30	2026-09-09 12:48:00.418	2026-09-09 12:48:03.275
56354	35	2026-09-09 12:48:03.275	2026-09-10 13:50:00.391
56354	40	2026-09-10 13:50:00.391	2026-09-10 13:50:04.975
56354	45	2026-09-10 13:50:04.975	2026-09-11 11:47:13.063
56354	50	2026-09-11 11:47:13.063	2026-09-11 15:21:02.488
56354	60	2026-09-11 15:21:02.488	2026-09-11 15:21:06.478
56354	80	2026-09-11 15:21:06.478	2026-09-17 06:24:28.103
56354	90	2026-09-17 06:24:28.103	NULL
56361	20	2026-09-08 10:20:14.091	2026-09-09 13:11:13.729
56361	25	2026-09-09 13:11:13.729	2026-09-09 13:11:16.778
56361	30	2026-09-09 13:11:16.778	2026-09-09 13:11:18.966
56361	35	2026-09-09 13:11:18.966	2026-09-10 09:35:09.162
56361	40	2026-09-10 09:35:09.162	2026-09-10 09:35:11.891
56361	45	2026-09-10 09:35:11.891	2026-09-10 11:42:12.120
56361	50	2026-09-10 11:42:12.120	2026-09-10 11:43:29.081
56361	60	2026-09-10 11:43:29.081	2026-09-10 11:43:32.854
56361	80	2026-09-10 11:43:32.854	NULL
56362	20	2026-09-08 10:17:24.747	2026-09-09 13:32:47.841
56362	25	2026-09-09 13:32:47.841	2026-09-09 13:32:50.311
56362	30	2026-09-09 13:32:50.311	2026-09-09 13:32:52.602
56362	35	2026-09-09 13:32:52.602	2026-09-09 14:09:36.100
56362	40	2026-09-09 14:09:36.100	2026-09-09 14:09:40.044
56362	45	2026-09-09 14:09:40.044	2026-09-10 07:10:39.205
56362	50	2026-09-10 07:10:39.205	2026-09-10 07:10:45.521
56362	60	2026-09-10 07:10:45.521	2026-09-10 07:10:48.807
56362	80	2026-09-10 07:10:48.807	NULL
56373	20	2026-09-08 08:31:38.922	2026-09-09 10:24:58.935
56373	25	2026-09-09 10:24:58.935	2026-09-09 10:25:01.073
56373	30	2026-09-09 10:25:01.073	2026-09-09 10:25:03.267
56373	35	2026-09-09 10:25:03.267	2026-09-10 12:25:21.340
56373	40	2026-09-10 12:25:21.340	2026-09-10 12:25:27.346
56373	45	2026-09-10 12:25:27.346	2026-09-11 08:31:37.418
56373	50	2026-09-11 08:31:37.418	2026-09-11 08:36:02.881
56373	60	2026-09-11 08:36:02.881	2026-09-11 08:36:09.053
56373	80	2026-09-11 08:36:09.053	NULL
56376	20	2026-09-08 10:55:44.529	2026-09-09 13:34:42.507
56376	25	2026-09-09 13:34:42.507	2026-09-09 13:34:44.390
56376	30	2026-09-09 13:34:44.390	2026-09-09 13:34:46.020
56376	35	2026-09-09 13:34:46.020	2026-09-09 14:07:46.667
56376	40	2026-09-09 14:07:46.667	2026-09-09 14:07:48.490
56376	45	2026-09-09 14:07:48.490	2026-09-10 07:09:52.536
56376	50	2026-09-10 07:09:52.536	2026-09-10 07:10:17.318
56376	60	2026-09-10 07:10:17.318	2026-09-10 07:10:20.879
56376	80	2026-09-10 07:10:20.879	NULL
56380	20	2026-09-08 07:57:27.353	2026-09-09 13:33:50.301
56380	25	2026-09-09 13:33:50.301	2026-09-09 13:33:57.518
56380	30	2026-09-09 13:33:57.518	2026-09-09 13:33:59.857
56380	35	2026-09-09 13:33:59.857	2026-09-09 14:09:12.922
56380	40	2026-09-09 14:09:12.922	2026-09-09 14:09:15.677
56380	45	2026-09-09 14:09:15.677	2026-09-10 11:39:58.351
56380	50	2026-09-10 11:39:58.351	2026-09-10 11:45:24.839
56380	60	2026-09-10 11:45:24.839	2026-09-10 11:45:31.453
56380	80	2026-09-10 11:45:31.453	NULL
56387	20	2026-09-08 11:15:24.425	2026-09-09 10:24:29.132
56387	25	2026-09-09 10:24:29.132	2026-09-09 10:24:37.525
56387	30	2026-09-09 10:24:37.525	2026-09-09 10:24:40.352
56387	35	2026-09-09 10:24:40.352	2026-09-09 14:06:32.466
56387	40	2026-09-09 14:06:32.466	2026-09-09 14:06:34.660
56387	45	2026-09-09 14:06:34.660	2026-09-10 11:39:15.326
56387	50	2026-09-10 11:39:15.326	2026-09-10 11:45:47.689
56387	60	2026-09-10 11:45:47.689	2026-09-10 11:45:51.598
56387	80	2026-09-10 11:45:51.598	NULL
56393	20	2026-09-08 11:42:00.485	2026-09-09 13:35:14.108
56393	25	2026-09-09 13:35:14.108	2026-09-09 13:35:16.454
56393	30	2026-09-09 13:35:16.454	2026-09-09 13:35:18.354
56393	35	2026-09-09 13:35:18.354	2026-09-09 14:07:33.451
56393	40	2026-09-09 14:07:33.451	2026-09-09 14:07:36.015
56393	45	2026-09-09 14:07:36.015	2026-09-10 11:39:02.296
56393	50	2026-09-10 11:39:02.296	2026-09-10 11:46:02.600
56393	60	2026-09-10 11:46:02.600	2026-09-10 11:46:06.123
56393	80	2026-09-10 11:46:06.123	NULL
56394	20	2026-09-09 12:35:05.479	2026-09-10 08:35:27.885
56394	25	2026-09-10 08:35:27.885	2026-09-10 08:35:30.514
56394	30	2026-09-10 08:35:30.514	2026-09-10 12:39:39.047
56394	35	2026-09-10 12:39:39.047	2026-09-10 12:55:03.567
56394	40	2026-09-10 12:55:03.567	2026-09-10 12:55:06.948
56394	45	2026-09-10 12:55:06.948	2026-09-11 08:31:31.849
56394	50	2026-09-11 08:31:31.849	2026-09-11 08:35:52.772
56394	60	2026-09-11 08:35:52.772	2026-09-11 08:35:55.717
56394	80	2026-09-11 08:35:55.717	NULL
56404	20	2026-09-09 07:46:03.972	2026-09-10 08:27:20.337
56404	25	2026-09-10 08:27:20.337	2026-09-10 08:27:23.076
56404	30	2026-09-10 08:27:23.076	2026-09-11 13:17:38.429
56404	35	2026-09-11 13:17:38.429	2026-09-11 13:40:25.942
56404	40	2026-09-11 13:40:25.942	2026-09-11 13:41:01.623
56404	45	2026-09-11 13:41:01.623	2026-09-14 07:31:23.977
56404	50	2026-09-14 07:31:23.977	2026-09-14 08:03:30.317
56404	60	2026-09-14 08:03:30.317	2026-09-14 08:03:33.587
56404	80	2026-09-14 08:03:33.587	NULL
56413	20	2026-09-09 12:49:30.122	2026-09-10 08:41:23.225
56413	25	2026-09-10 08:41:23.225	2026-09-10 11:16:41.445
56413	30	2026-09-10 11:16:41.445	2026-09-10 11:16:44.075
56413	35	2026-09-10 11:16:44.075	2026-09-10 12:07:47.328
56413	40	2026-09-10 12:07:47.328	2026-09-10 12:07:51.719
56413	45	2026-09-10 12:07:51.719	2026-09-11 08:31:21.583
56413	50	2026-09-11 08:31:21.583	2026-09-11 08:35:43.692
56413	60	2026-09-11 08:35:43.692	2026-09-11 08:35:47.069
56413	80	2026-09-11 08:35:47.069	NULL
56423	20	2026-09-09 08:00:58.945	2026-09-11 14:41:49.563
56423	25	2026-09-11 14:41:49.563	2026-09-11 14:41:54.972
56423	30	2026-09-11 14:41:54.972	2026-09-11 14:41:59.252
56423	50	2026-09-11 14:41:59.252	2026-09-29 12:22:50.446
56423	60	2026-09-29 12:22:50.446	2026-09-29 12:22:54.322
56423	80	2026-09-29 12:22:54.322	NULL
56428	20	2026-09-08 12:28:57.272	2026-09-09 13:12:19.534
56428	25	2026-09-09 13:12:19.534	2026-09-09 13:12:21.585
56428	30	2026-09-09 13:12:21.585	2026-09-09 13:12:23.720
56428	35	2026-09-09 13:12:23.720	2026-09-10 09:35:23.526
56428	40	2026-09-10 09:35:23.526	2026-09-10 09:35:33.213
56428	45	2026-09-10 09:35:33.213	2026-09-11 11:46:43.727
56428	50	2026-09-11 11:46:43.727	2026-09-11 15:20:56.789
56428	60	2026-09-11 15:20:56.789	2026-09-11 15:20:59.677
56428	80	2026-09-11 15:20:59.677	NULL
56429	20	2026-09-08 13:41:00.627	2026-09-09 12:49:50.132
56429	25	2026-09-09 12:49:50.132	2026-09-09 12:49:52.542
56429	30	2026-09-09 12:49:52.542	2026-09-09 12:49:54.384
56429	35	2026-09-09 12:49:54.384	2026-09-10 12:27:16.034
56429	40	2026-09-10 12:27:16.034	2026-09-10 12:27:19.339
56429	45	2026-09-10 12:27:19.339	2026-09-14 07:31:16.773
56429	50	2026-09-14 07:31:16.773	2026-09-14 08:13:45.930
56429	60	2026-09-14 08:13:45.930	2026-09-14 08:13:49.214
56429	80	2026-09-14 08:13:49.214	2026-09-16 12:52:34.162
56429	90	2026-09-16 12:52:34.162	NULL
56434	20	2026-09-11 12:47:36.452	2026-09-14 09:39:36.232
56434	25	2026-09-14 09:39:36.232	2026-09-14 14:16:52.613
56434	47	2026-09-14 14:16:52.613	2026-09-15 14:52:17.518
56434	45	2026-09-15 14:52:17.518	2026-09-16 06:55:32.306
56434	48	2026-09-16 06:55:32.306	2026-09-16 06:55:32.356
56434	50	2026-09-16 06:55:32.356	2026-09-16 06:59:19.812
56434	60	2026-09-16 06:59:19.812	2026-09-16 06:59:22.886
56434	80	2026-09-16 06:59:22.886	NULL
56442	20	2026-09-09 13:26:10.168	2026-09-11 09:41:08.736
56442	22	2026-09-11 09:41:08.736	2026-09-15 09:57:31.407
56442	99	2026-09-15 09:57:31.407	NULL
56449	20	2026-09-08 13:08:33.619	2026-09-09 13:20:22.176
56449	25	2026-09-09 13:20:22.176	2026-09-09 13:21:02.459
56449	30	2026-09-09 13:21:02.459	2026-09-09 13:21:05.104
56449	48	2026-09-09 13:21:05.104	2026-09-11 08:31:07.639
56449	50	2026-09-11 08:31:07.639	2026-09-11 08:34:54.360
56449	60	2026-09-11 08:34:54.360	2026-09-11 08:35:04.605
56449	80	2026-09-11 08:35:04.605	NULL
56450	20	2026-09-09 12:58:51.380	2026-09-10 08:36:12.460
56450	25	2026-09-10 08:36:12.460	2026-09-10 08:36:14.386
56450	30	2026-09-10 08:36:14.386	2026-09-11 09:44:32.161
56450	35	2026-09-11 09:44:32.161	2026-09-11 11:52:48.547
56450	40	2026-09-11 11:52:48.547	2026-09-11 11:52:50.684
56450	45	2026-09-11 11:52:50.684	2026-09-14 07:31:02.450
56450	50	2026-09-14 07:31:02.450	2026-09-14 08:12:36.696
56450	60	2026-09-14 08:12:36.696	2026-09-14 08:13:17.658
56450	80	2026-09-14 08:13:17.658	NULL
56455	20	2026-09-08 13:30:03.437	2026-09-09 10:24:01.858
56455	25	2026-09-09 10:24:01.858	2026-09-09 10:24:03.976
56455	30	2026-09-09 10:24:03.976	2026-09-09 10:24:06.336
56455	35	2026-09-09 10:24:06.336	2026-09-10 12:25:07.298
56455	40	2026-09-10 12:25:07.298	2026-09-10 12:25:13.086
56455	45	2026-09-10 12:25:13.086	2026-09-11 08:31:00.155
56455	50	2026-09-11 08:31:00.155	2026-09-11 08:34:17.218
56455	60	2026-09-11 08:34:17.218	2026-09-11 08:34:19.930
56455	80	2026-09-11 08:34:19.930	NULL
56459	20	2026-09-09 10:51:58.315	2026-09-10 08:43:25.803
56459	25	2026-09-10 08:43:25.803	2026-09-15 15:00:04.510
56459	30	2026-09-15 15:00:04.510	2026-09-15 15:00:06.534
56459	35	2026-09-15 15:00:06.534	2026-09-15 15:00:50.706
56459	40	2026-09-15 15:00:50.706	2026-09-15 15:00:53.109
56459	45	2026-09-15 15:00:53.109	2026-09-16 06:56:49.446
56459	50	2026-09-16 06:56:49.446	2026-09-16 07:02:15.881
56459	60	2026-09-16 07:02:15.881	2026-09-16 07:02:18.444
56459	80	2026-09-16 07:02:18.444	NULL
56461	20	2026-09-14 06:55:53.465	2026-09-16 07:16:52.452
56461	25	2026-09-16 07:16:52.452	2026-09-16 07:16:54.714
56461	30	2026-09-16 07:16:54.714	2026-09-16 10:29:51.600
56461	35	2026-09-16 10:29:51.600	2026-09-16 10:30:10.266
56461	40	2026-09-16 10:30:10.266	2026-09-16 10:30:12.660
56461	45	2026-09-16 10:30:12.660	2026-09-17 07:17:42.858
56461	50	2026-09-17 07:17:42.858	2026-09-17 07:29:09.400
56461	60	2026-09-17 07:29:09.400	2026-09-17 07:29:12.676
56461	80	2026-09-17 07:29:12.676	NULL
56464	20	2026-09-09 13:41:36.253	2026-09-10 08:42:40.844
56464	25	2026-09-10 08:42:40.844	2026-09-10 08:42:45.048
56464	30	2026-09-10 08:42:45.048	2026-09-10 11:09:01.294
56464	35	2026-09-10 11:09:01.294	2026-09-10 12:13:10.289
56464	40	2026-09-10 12:13:10.289	2026-09-10 12:13:18.919
56464	45	2026-09-10 12:13:18.919	2026-09-11 11:45:35.571
56464	50	2026-09-11 11:45:35.571	2026-09-11 15:20:51.507
56464	60	2026-09-11 15:20:51.507	2026-09-11 15:20:54.929
56464	80	2026-09-11 15:20:54.929	NULL
56482	20	2026-09-09 10:03:09.400	2026-09-10 08:36:59.394
56482	25	2026-09-10 08:36:59.394	2026-09-10 08:37:03.973
56482	30	2026-09-10 08:37:03.973	2026-09-14 11:53:42.512
56482	35	2026-09-14 11:53:42.512	2026-09-14 12:00:09.032
56482	40	2026-09-14 12:00:09.032	2026-09-14 12:00:10.864
56482	45	2026-09-14 12:00:10.864	2026-09-15 06:58:57.561
56482	50	2026-09-15 06:58:57.561	2026-09-15 07:13:02.770
56482	60	2026-09-15 07:13:02.770	2026-09-15 07:13:05.675
56482	80	2026-09-15 07:13:05.675	NULL
56494	20	2026-09-09 06:44:07.987	2026-09-09 12:11:47.120
56494	25	2026-09-09 12:11:47.120	2026-09-09 12:12:30.356
56494	30	2026-09-09 12:12:30.356	2026-09-09 13:15:37.822
56494	48	2026-09-09 13:15:37.822	2026-09-09 13:36:35.630
56494	50	2026-09-09 13:36:35.630	2026-09-11 09:00:57.098
56494	60	2026-09-11 09:00:57.098	2026-09-11 09:01:56.586
56494	80	2026-09-11 09:01:56.586	NULL
56496	20	2026-09-10 13:15:35.920	2026-09-11 09:14:00.296
56496	25	2026-09-11 09:14:00.296	2026-09-14 14:16:02.453
56496	30	2026-09-14 14:16:02.453	2026-09-14 14:16:04.886
56496	35	2026-09-14 14:16:04.886	2026-09-14 14:17:14.451
56496	40	2026-09-14 14:17:14.451	2026-09-14 14:17:16.270
56496	45	2026-09-14 14:17:16.270	2026-09-15 10:49:38.430
56496	50	2026-09-15 10:49:38.430	2026-09-16 13:08:24.428
56496	60	2026-09-16 13:08:24.428	2026-09-16 13:08:27.719
56496	80	2026-09-16 13:08:27.719	NULL
56506	20	2026-09-09 07:27:53.884	2026-09-14 09:24:58.061
56506	25	2026-09-14 09:24:58.061	2026-09-14 09:25:04.607
56506	30	2026-09-14 09:25:04.607	2026-09-14 10:48:38.977
56506	22	2026-09-14 10:48:38.977	2026-09-14 10:48:45.350
56506	25	2026-09-14 10:48:45.350	2026-09-14 10:48:47.573
56506	30	2026-09-14 10:48:47.573	2026-09-14 10:48:49.482
56506	35	2026-09-14 10:48:49.482	2026-09-14 10:54:12.625
56506	40	2026-09-14 10:54:12.625	2026-09-14 10:54:17.890
56506	45	2026-09-14 10:54:17.890	2026-09-15 10:49:30.811
56506	50	2026-09-15 10:49:30.811	2026-09-16 13:08:30.294
56506	60	2026-09-16 13:08:30.294	2026-09-16 13:08:33.276
56506	80	2026-09-16 13:08:33.276	NULL
56518	20	2026-09-10 10:26:43.430	2026-09-11 09:03:00.769
56518	25	2026-09-11 09:03:00.769	2026-09-11 09:03:03.470
56518	30	2026-09-11 09:03:03.470	2026-09-11 13:54:27.262
56518	35	2026-09-11 13:54:27.262	2026-09-11 13:55:23.703
56518	40	2026-09-11 13:55:23.703	2026-09-14 08:27:42.768
56518	45	2026-09-14 08:27:42.768	2026-09-15 14:09:26.848
56518	50	2026-09-15 14:09:26.848	2026-09-16 13:08:19.127
56518	60	2026-09-16 13:08:19.127	2026-09-16 13:08:22.114
56518	80	2026-09-16 13:08:22.114	NULL
56520	20	2026-09-09 08:41:30.286	2026-09-11 14:43:27.499
56520	25	2026-09-11 14:43:27.499	2026-09-11 14:43:32.766
56520	30	2026-09-11 14:43:32.766	2026-09-11 14:43:34.999
56520	48	2026-09-11 14:43:34.999	2026-10-02 07:48:25.642
56520	50	2026-10-02 07:48:25.642	2026-10-02 07:48:28.319
56520	81	2026-10-02 07:48:28.319	2026-10-02 07:48:42.492
56520	80	2026-10-02 07:48:42.492	NULL
56521	20	2026-09-09 13:21:48.462	2026-09-10 08:26:52.804
56521	25	2026-09-10 08:26:52.804	2026-09-10 08:27:03.337
56521	30	2026-09-10 08:27:03.337	2026-09-10 11:51:16.726
56521	35	2026-09-10 11:51:16.726	2026-09-14 08:31:56.560
56521	40	2026-09-14 08:31:56.560	2026-09-14 08:32:02.179
56521	45	2026-09-14 08:32:02.179	2026-09-15 14:09:19.012
56521	50	2026-09-15 14:09:19.012	2026-09-16 13:08:12.197
56521	60	2026-09-16 13:08:12.197	2026-09-16 13:08:14.962
56521	80	2026-09-16 13:08:14.962	NULL
56528	20	2026-09-09 12:34:30.381	2026-09-10 08:25:26.366
56528	25	2026-09-10 08:25:26.366	2026-09-10 08:25:28.790
56528	30	2026-09-10 08:25:28.790	2026-09-10 08:26:33.473
56528	35	2026-09-10 08:26:33.473	2026-09-11 13:39:24.417
56528	40	2026-09-11 13:39:24.417	2026-09-11 13:39:27.249
56528	45	2026-09-11 13:39:27.249	2026-09-14 07:30:41.624
56528	50	2026-09-14 07:30:41.624	2026-09-14 08:12:24.912
56528	60	2026-09-14 08:12:24.912	2026-09-14 08:12:29.128
56528	80	2026-09-14 08:12:29.128	NULL
56532	20	2026-09-09 08:37:56.829	2026-09-10 08:44:31.192
56532	25	2026-09-10 08:44:31.192	2026-09-10 08:44:32.996
56532	30	2026-09-10 08:44:32.996	2026-09-10 12:56:59.480
56532	50	2026-09-10 12:56:59.480	2026-09-11 15:20:46.465
56532	60	2026-09-11 15:20:46.465	2026-09-11 15:20:48.815
56532	80	2026-09-11 15:20:48.815	NULL
56535	20	2026-09-09 11:08:48.175	2026-09-11 09:41:19.222
56535	22	2026-09-11 09:41:19.222	2026-09-11 11:21:57.652
56535	25	2026-09-11 11:21:57.652	2026-09-14 12:15:27.412
56535	22	2026-09-14 12:15:27.412	2026-09-14 12:15:35.727
56535	25	2026-09-14 12:15:35.727	2026-09-14 12:15:37.753
56535	30	2026-09-14 12:15:37.753	2026-09-14 12:15:39.647
56535	35	2026-09-14 12:15:39.647	2026-09-14 12:38:17.284
56535	40	2026-09-14 12:38:17.284	2026-09-14 12:38:18.735
56535	45	2026-09-14 12:38:18.735	2026-09-16 06:54:30.114
56535	50	2026-09-16 06:54:30.114	2026-09-16 06:58:23.874
56535	60	2026-09-16 06:58:23.874	2026-09-16 06:58:28.972
56535	80	2026-09-16 06:58:28.972	NULL
56541	20	2026-09-09 13:59:30.883	2026-09-10 08:34:53.237
56541	25	2026-09-10 08:34:53.237	2026-09-10 08:35:07.258
56541	30	2026-09-10 08:35:07.258	2026-09-10 12:39:04.580
56541	35	2026-09-10 12:39:04.580	2026-09-10 12:54:40.276
56541	40	2026-09-10 12:54:40.276	2026-09-10 12:54:43.974
56541	45	2026-09-10 12:54:43.974	2026-09-11 08:30:53.296
56541	50	2026-09-11 08:30:53.296	2026-09-11 08:33:51.607
56541	60	2026-09-11 08:33:51.607	2026-09-11 08:33:56.972
56541	80	2026-09-11 08:33:56.972	NULL
56551	20	2026-09-09 12:05:36.450	2026-09-10 08:25:52.533
56551	25	2026-09-10 08:25:52.533	2026-09-10 08:25:54.382
56551	30	2026-09-10 08:25:54.382	2026-09-11 13:17:24.368
56551	35	2026-09-11 13:17:24.368	2026-09-11 13:38:47.570
56551	40	2026-09-11 13:38:47.570	2026-09-11 13:38:50.276
56551	45	2026-09-11 13:38:50.276	2026-09-14 07:30:20.172
56551	50	2026-09-14 07:30:20.172	2026-09-14 08:12:16.331
56551	60	2026-09-14 08:12:16.331	2026-09-14 08:12:19.617
56551	80	2026-09-14 08:12:19.617	NULL
56554	20	2026-09-12 07:06:58.389	2026-09-14 08:53:31.036
56554	25	2026-09-14 08:53:31.036	2026-09-14 08:53:32.976
56554	30	2026-09-14 08:53:32.976	2026-09-14 10:06:56.995
56554	35	2026-09-14 10:06:56.995	2026-09-14 10:12:08.636
56554	40	2026-09-14 10:12:08.636	2026-09-14 10:12:12.052
56554	45	2026-09-14 10:12:12.052	2026-09-15 10:49:23.033
56554	50	2026-09-15 10:49:23.033	2026-09-16 13:08:06.437
56554	60	2026-09-16 13:08:06.437	2026-09-16 13:08:09.671
56554	80	2026-09-16 13:08:09.671	NULL
56556	20	2026-09-09 12:21:26.570	2026-09-10 08:39:31.002
56556	25	2026-09-10 08:39:31.002	2026-09-10 08:39:33.180
56556	30	2026-09-10 08:39:33.180	2026-09-10 08:39:35.681
56556	50	2026-09-10 08:39:35.681	2026-09-11 10:01:47.744
56556	99	2026-09-11 10:01:47.744	NULL
56561	20	2026-09-09 13:02:25.932	2026-09-10 08:24:59.625
56561	25	2026-09-10 08:24:59.625	2026-09-10 08:25:05.850
56561	30	2026-09-10 08:25:05.850	2026-09-11 13:23:50.445
56561	35	2026-09-11 13:23:50.445	2026-09-11 13:39:08.085
56561	40	2026-09-11 13:39:08.085	2026-09-11 13:39:09.738
56561	45	2026-09-11 13:39:09.738	2026-09-14 07:30:10.046
56561	50	2026-09-14 07:30:10.046	2026-09-14 08:12:07.869
56561	60	2026-09-14 08:12:07.869	2026-09-14 08:12:10.684
56561	80	2026-09-14 08:12:10.684	NULL
56580	20	2026-09-10 10:22:45.444	2026-09-11 09:07:07.453
56580	25	2026-09-11 09:07:07.453	2026-09-11 09:07:11.765
56580	30	2026-09-11 09:07:11.765	2026-09-11 12:35:28.316
56580	35	2026-09-11 12:35:28.316	2026-09-11 12:56:35.058
56580	40	2026-09-11 12:56:35.058	2026-09-11 12:56:44.445
56580	45	2026-09-11 12:56:44.445	2026-09-14 07:30:04.286
56580	50	2026-09-14 07:30:04.286	2026-09-14 08:11:57.687
56580	60	2026-09-14 08:11:57.687	2026-09-14 08:12:01.602
56580	80	2026-09-14 08:12:01.602	NULL
56607	20	2026-09-14 07:34:07.649	2026-09-15 06:30:15.996
56607	25	2026-09-15 06:30:15.996	2026-09-15 06:30:23.406
56607	22	2026-09-15 06:30:23.406	2026-09-15 06:30:34.067
56607	25	2026-09-15 06:30:34.067	2026-09-15 06:30:37.246
56607	30	2026-09-15 06:30:37.246	2026-09-15 06:30:41.636
56607	50	2026-09-15 06:30:41.636	2026-09-29 12:23:13.397
56607	60	2026-09-29 12:23:13.397	2026-09-29 12:23:16.565
56607	80	2026-09-29 12:23:16.565	NULL
56609	20	2026-09-10 12:04:47.288	2026-09-11 09:09:55.065
56609	25	2026-09-11 09:09:55.065	2026-09-16 12:41:42.197
56609	30	2026-09-16 12:41:42.197	2026-09-16 12:41:44.142
56609	35	2026-09-16 12:41:44.142	2026-09-16 13:25:35.638
56609	40	2026-09-16 13:25:35.638	2026-09-16 13:25:37.734
56609	45	2026-09-16 13:25:37.734	2026-09-17 07:09:42.460
56609	50	2026-09-17 07:09:42.460	2026-09-17 07:10:40.439
56609	60	2026-09-17 07:10:40.439	2026-09-17 07:10:44.396
56609	80	2026-09-17 07:10:44.396	NULL
56625	20	2026-09-10 09:27:19.772	2026-09-11 09:05:52.406
56625	25	2026-09-11 09:05:52.406	2026-09-11 12:37:03.102
56625	30	2026-09-11 12:37:03.102	2026-09-11 12:37:08.958
56625	35	2026-09-11 12:37:08.958	2026-09-11 12:55:03.419
56625	47	2026-09-11 12:55:03.419	2026-09-11 12:55:08.434
56625	45	2026-09-11 12:55:08.434	2026-09-14 07:29:51.804
56625	48	2026-09-14 07:29:51.804	2026-09-14 07:29:53.350
56625	50	2026-09-14 07:29:53.350	2026-09-14 08:09:50.345
56625	60	2026-09-14 08:09:50.345	2026-09-14 08:09:56.703
56625	80	2026-09-14 08:09:56.703	NULL
56630	20	2026-09-10 12:41:27.775	2026-09-11 09:11:42.520
56630	25	2026-09-11 09:11:42.520	2026-09-11 09:11:44.482
56630	30	2026-09-11 09:11:44.482	2026-09-11 13:04:49.752
56630	35	2026-09-11 13:04:49.752	2026-09-11 13:11:02.959
56630	40	2026-09-11 13:11:02.959	2026-09-11 13:11:05.513
56630	45	2026-09-11 13:11:05.513	2026-09-11 14:36:18.218
56630	50	2026-09-11 14:36:18.218	2026-09-11 15:20:42.282
56630	60	2026-09-11 15:20:42.282	2026-09-11 15:20:44.751
56630	80	2026-09-11 15:20:44.751	NULL
56638	20	2026-09-10 13:14:02.882	2026-09-10 13:16:14.297
56638	25	2026-09-10 13:16:14.297	2026-09-10 13:16:19.697
56638	30	2026-09-10 13:16:19.697	2026-09-10 13:16:25.492
56638	35	2026-09-10 13:16:25.492	2026-09-10 13:17:40.555
56638	40	2026-09-10 13:17:40.555	2026-09-10 13:17:44.535
56638	45	2026-09-10 13:17:44.535	2026-09-11 08:30:46.378
56638	50	2026-09-11 08:30:46.378	2026-09-11 08:33:41.723
56638	60	2026-09-11 08:33:41.723	2026-09-11 08:33:46.730
56638	80	2026-09-11 08:33:46.730	NULL
56640	20	2026-09-10 10:32:34.548	2026-09-11 09:11:12.981
56640	25	2026-09-11 09:11:12.981	2026-09-11 09:11:21.922
56640	30	2026-09-11 09:11:21.922	2026-09-11 12:50:49.396
56640	35	2026-09-11 12:50:49.396	2026-09-11 13:06:56.081
56640	47	2026-09-11 13:06:56.081	2026-09-11 13:07:06.770
56640	45	2026-09-11 13:07:06.770	2026-09-14 07:29:32.683
56640	48	2026-09-14 07:29:32.683	2026-09-14 07:29:33.593
56640	50	2026-09-14 07:29:33.593	2026-09-14 08:09:38.789
56640	60	2026-09-14 08:09:38.789	2026-09-14 08:09:43.829
56640	80	2026-09-14 08:09:43.829	NULL
56656	20	2026-09-10 11:49:37.925	2026-09-11 09:14:44.044
56656	25	2026-09-11 09:14:44.044	2026-09-11 11:39:17.403
56656	22	2026-09-11 11:39:17.403	2026-09-16 11:00:35.650
56656	25	2026-09-16 11:00:35.650	2026-09-16 11:00:37.821
56656	30	2026-09-16 11:00:37.821	2026-09-16 11:00:40.468
56656	35	2026-09-16 11:00:40.468	2026-09-16 12:26:10.670
56656	40	2026-09-16 12:26:10.670	2026-09-16 13:25:46.378
56656	45	2026-09-16 13:25:46.378	2026-09-17 07:17:34.893
56656	50	2026-09-17 07:17:34.893	2026-09-17 07:28:57.311
56656	60	2026-09-17 07:28:57.311	2026-09-17 07:29:00.732
56656	80	2026-09-17 07:29:00.732	NULL
56675	20	2026-09-10 11:23:34.652	2026-09-11 09:09:27.644
56675	25	2026-09-11 09:09:27.644	2026-09-11 09:09:29.806
56675	30	2026-09-11 09:09:29.806	2026-09-11 09:09:31.953
56675	35	2026-09-11 09:09:31.953	2026-09-11 13:00:56.504
56675	40	2026-09-11 13:00:56.504	2026-09-11 13:01:05.069
56675	45	2026-09-11 13:01:05.069	2026-09-14 07:29:04.718
56675	50	2026-09-14 07:29:04.718	2026-09-14 08:05:25.994
56675	60	2026-09-14 08:05:25.994	2026-09-14 08:05:32.258
56675	80	2026-09-14 08:05:32.258	NULL
56676	20	2026-09-13 06:37:54.658	2026-09-14 09:34:52.992
56676	25	2026-09-14 09:34:52.992	2026-09-14 09:34:57.246
56676	22	2026-09-14 09:34:57.246	2026-09-14 09:35:03.496
56676	25	2026-09-14 09:35:03.496	2026-09-14 11:55:05.131
56676	30	2026-09-14 11:55:05.131	2026-09-14 11:55:07.099
56676	35	2026-09-14 11:55:07.099	2026-09-14 11:56:01.077
56676	40	2026-09-14 11:56:01.077	2026-09-14 11:56:03.143
56676	45	2026-09-14 11:56:03.143	2026-09-15 10:49:13.168
56676	50	2026-09-15 10:49:13.168	2026-09-16 13:07:55.246
56676	60	2026-09-16 13:07:55.246	2026-09-16 13:07:58.283
56676	80	2026-09-16 13:07:58.283	NULL
56689	20	2026-09-10 13:01:18.896	2026-09-11 09:04:52.694
56689	25	2026-09-11 09:04:52.694	2026-09-11 12:55:50.137
56689	47	2026-09-11 12:55:50.137	2026-09-14 10:09:15.164
56689	45	2026-09-14 10:09:15.164	2026-09-15 06:59:13.721
56689	48	2026-09-15 06:59:13.721	2026-09-15 06:59:13.747
56689	50	2026-09-15 06:59:13.747	2026-09-15 07:13:17.877
56689	60	2026-09-15 07:13:17.877	2026-09-15 07:13:22.240
56689	80	2026-09-15 07:13:22.240	NULL
56711	20	2026-09-10 12:49:12.271	2026-09-11 08:54:04.573
56711	25	2026-09-11 08:54:04.573	2026-09-11 09:06:29.928
56711	30	2026-09-11 09:06:29.928	2026-09-11 12:30:50.129
56711	35	2026-09-11 12:30:50.129	2026-09-11 12:53:15.377
56711	47	2026-09-11 12:53:15.377	2026-09-11 12:53:38.461
56711	45	2026-09-11 12:53:38.461	2026-09-14 07:28:52.458
56711	48	2026-09-14 07:28:52.458	2026-09-14 07:28:54.359
56711	50	2026-09-14 07:28:54.359	2026-09-14 08:03:47.674
56711	60	2026-09-14 08:03:47.674	2026-09-14 08:03:54.528
56711	80	2026-09-14 08:03:54.528	NULL
56714	20	2026-09-11 08:57:08.499	2026-09-14 09:25:17.749
56714	25	2026-09-14 09:25:17.749	2026-09-14 09:25:19.925
56714	30	2026-09-14 09:25:19.925	2026-09-14 10:45:04.096
56714	35	2026-09-14 10:45:04.096	2026-09-14 10:46:43.253
56714	40	2026-09-14 10:46:43.253	2026-09-14 10:46:48.569
56714	45	2026-09-14 10:46:48.569	2026-09-15 07:02:58.945
56714	50	2026-09-15 07:02:58.945	2026-09-15 07:15:14.784
56714	60	2026-09-15 07:15:14.784	2026-09-15 07:15:18.134
56714	80	2026-09-15 07:15:18.134	NULL
56716	20	2026-09-10 10:51:17.884	2026-09-11 08:53:08.341
56716	25	2026-09-11 08:53:08.341	2026-09-11 13:08:07.909
56716	30	2026-09-11 13:08:07.909	2026-09-11 13:08:09.784
56716	35	2026-09-11 13:08:09.784	2026-09-11 13:11:26.377
56716	40	2026-09-11 13:11:26.377	2026-09-11 13:11:28.947
56716	45	2026-09-11 13:11:28.947	2026-09-11 14:36:07.064
56716	50	2026-09-11 14:36:07.064	2026-09-11 15:20:36.979
56716	60	2026-09-11 15:20:36.979	2026-09-11 15:20:40.016
56716	80	2026-09-11 15:20:40.016	NULL
56717	20	2026-09-10 12:41:50.815	2026-09-11 08:45:45.052
56717	25	2026-09-11 08:45:45.052	2026-09-11 13:07:18.104
56717	30	2026-09-11 13:07:18.104	2026-09-11 13:07:20.179
56717	35	2026-09-11 13:07:20.179	2026-09-11 13:11:41.400
56717	40	2026-09-11 13:11:41.400	2026-09-11 13:11:43.387
56717	45	2026-09-11 13:11:43.387	2026-09-14 07:28:12.753
56717	50	2026-09-14 07:28:12.753	2026-09-14 08:01:40.172
56717	60	2026-09-14 08:01:40.172	2026-09-14 08:01:43.306
56717	80	2026-09-14 08:01:43.306	NULL
56720	20	2026-09-10 10:38:52.145	2026-09-11 09:13:33.531
56720	25	2026-09-11 09:13:33.531	2026-09-14 14:15:47.521
56720	30	2026-09-14 14:15:47.521	2026-09-14 14:15:49.363
56720	35	2026-09-14 14:15:49.363	2026-09-14 14:17:03.278
56720	40	2026-09-14 14:17:03.278	2026-09-14 14:17:05.044
56720	45	2026-09-14 14:17:05.044	2026-09-15 10:49:02.591
56720	50	2026-09-15 10:49:02.591	2026-09-16 13:07:50.549
56720	60	2026-09-16 13:07:50.549	2026-09-16 13:07:53.364
56720	80	2026-09-16 13:07:53.364	NULL
56745	20	2026-09-10 13:08:08.965	2026-09-11 08:45:27.384
56745	25	2026-09-11 08:45:27.384	2026-09-11 13:07:53.028
56745	30	2026-09-11 13:07:53.028	2026-09-11 13:07:55.762
56745	35	2026-09-11 13:07:55.762	2026-09-11 13:12:12.388
56745	40	2026-09-11 13:12:12.388	2026-09-11 13:12:17.003
56745	45	2026-09-11 13:12:17.003	2026-09-11 14:35:59.955
56745	50	2026-09-11 14:35:59.955	2026-09-11 15:20:32.376
56745	60	2026-09-11 15:20:32.376	2026-09-11 15:20:35.365
56745	80	2026-09-11 15:20:35.365	NULL
56749	20	2026-09-11 06:48:45.347	2026-09-14 09:35:26.783
56749	25	2026-09-14 09:35:26.783	2026-09-14 09:35:29.386
56749	30	2026-09-14 09:35:29.386	2026-09-14 11:56:16.546
56749	47	2026-09-14 11:56:16.546	2026-09-15 13:05:56.259
56749	45	2026-09-15 13:05:56.259	2026-09-16 08:21:01.024
56749	48	2026-09-16 08:21:01.024	2026-09-16 08:21:01.116
56749	50	2026-09-16 08:21:01.116	2026-09-16 13:07:46.258
56749	60	2026-09-16 13:07:46.258	2026-09-16 13:07:48.444
56749	80	2026-09-16 13:07:48.444	NULL
56750	20	2026-09-10 11:39:29.838	2026-09-11 08:44:55.223
56750	25	2026-09-11 08:44:55.223	2026-09-11 13:06:52.827
56750	30	2026-09-11 13:06:52.827	2026-09-11 13:06:55.556
56750	35	2026-09-11 13:06:55.556	2026-09-11 13:14:17.949
56750	40	2026-09-11 13:14:17.949	2026-09-11 13:14:21.225
56750	45	2026-09-11 13:14:21.225	2026-09-11 14:35:53.665
56750	50	2026-09-11 14:35:53.665	2026-09-11 15:20:25.525
56750	60	2026-09-11 15:20:25.525	2026-09-11 15:20:29.488
56750	80	2026-09-11 15:20:29.488	NULL
56753	20	2026-09-10 13:14:58.857	2026-09-11 09:10:23.093
56753	25	2026-09-11 09:10:23.093	2026-09-11 09:10:27.166
56753	30	2026-09-11 09:10:27.166	2026-09-11 12:50:15.805
56753	35	2026-09-11 12:50:15.805	2026-09-11 13:09:51.311
56753	40	2026-09-11 13:09:51.311	2026-09-11 13:09:53.655
56753	45	2026-09-11 13:09:53.655	2026-09-11 14:33:53.266
56753	50	2026-09-11 14:33:53.266	2026-09-11 15:19:57.947
56753	60	2026-09-11 15:19:57.947	2026-09-11 15:20:00.459
56753	80	2026-09-11 15:20:00.459	NULL
56764	20	2026-09-10 13:29:31.910	2026-09-11 08:44:24.034
56764	25	2026-09-11 08:44:24.034	2026-09-11 13:15:00.615
56764	30	2026-09-11 13:15:00.615	2026-09-11 13:15:02.646
56764	35	2026-09-11 13:15:02.646	2026-09-11 13:41:46.725
56764	40	2026-09-11 13:41:46.725	2026-09-11 13:41:49.116
56764	45	2026-09-11 13:41:49.116	2026-09-11 14:33:33.551
56764	50	2026-09-11 14:33:33.551	2026-09-11 15:19:54.007
56764	60	2026-09-11 15:19:54.007	2026-09-11 15:19:56.638
56764	80	2026-09-11 15:19:56.638	NULL
56769	20	2026-09-10 10:33:10.573	2026-09-11 08:42:59.570
56769	25	2026-09-11 08:42:59.570	2026-09-11 08:43:03.145
56769	22	2026-09-11 08:43:03.145	2026-09-11 08:43:58.929
56769	25	2026-09-11 08:43:58.929	2026-09-11 13:06:02.460
56769	30	2026-09-11 13:06:02.460	2026-09-11 13:06:12.045
56769	35	2026-09-11 13:06:12.045	2026-09-11 13:14:59.864
56769	40	2026-09-11 13:14:59.864	2026-09-11 13:15:02.118
56769	45	2026-09-11 13:15:02.118	2026-09-11 14:33:03.085
56769	50	2026-09-11 14:33:03.085	2026-09-11 15:19:44.496
56769	60	2026-09-11 15:19:44.496	2026-09-11 15:19:52.431
56769	80	2026-09-11 15:19:52.431	NULL
56778	20	2026-09-10 11:38:42.537	2026-09-11 09:12:26.553
56778	25	2026-09-11 09:12:26.553	2026-09-11 09:12:29.152
56778	30	2026-09-11 09:12:29.152	2026-09-11 12:27:41.336
56778	35	2026-09-11 12:27:41.336	2026-09-11 13:05:38.025
56778	40	2026-09-11 13:05:38.025	2026-09-11 13:05:43.043
56778	45	2026-09-11 13:05:43.043	2026-09-14 07:27:58.940
56778	50	2026-09-14 07:27:58.940	2026-09-14 08:01:32.101
56778	60	2026-09-14 08:01:32.101	2026-09-14 08:01:35.027
56778	80	2026-09-14 08:01:35.027	NULL
56780	20	2026-09-10 12:18:14.287	2026-09-11 09:08:17.621
56780	25	2026-09-11 09:08:17.621	2026-09-11 09:08:20.771
56780	22	2026-09-11 09:08:20.771	2026-09-11 09:09:04.169
56780	25	2026-09-11 09:09:04.169	2026-09-11 09:09:08.565
56780	30	2026-09-11 09:09:08.565	2026-09-11 12:24:08.799
56780	35	2026-09-11 12:24:08.799	2026-09-11 13:00:25.806
56780	40	2026-09-11 13:00:25.806	2026-09-11 13:00:28.595
56780	45	2026-09-11 13:00:28.595	2026-09-14 07:27:37.577
56780	50	2026-09-14 07:27:37.577	2026-09-14 08:01:22.229
56780	60	2026-09-14 08:01:22.229	2026-09-14 08:01:27.452
56780	80	2026-09-14 08:01:27.452	NULL
56790	20	2026-09-10 12:19:34.977	2026-09-11 09:12:08.532
56790	25	2026-09-11 09:12:08.532	2026-09-11 09:12:11.658
56790	30	2026-09-11 09:12:11.658	2026-09-11 12:30:06.860
56790	35	2026-09-11 12:30:06.860	2026-09-14 08:50:34.063
56790	40	2026-09-14 08:50:34.063	2026-09-14 08:50:36.459
56790	45	2026-09-14 08:50:36.459	2026-09-15 07:02:33.545
56790	50	2026-09-15 07:02:33.545	2026-09-15 07:14:34.704
56790	60	2026-09-15 07:14:34.704	2026-09-15 07:14:37.904
56790	80	2026-09-15 07:14:37.904	NULL
56805	20	2026-09-11 10:35:22.431	2026-09-14 09:27:41.799
56805	25	2026-09-14 09:27:41.799	2026-09-14 11:53:51.249
56805	47	2026-09-14 11:53:51.249	2026-09-14 11:57:12.913
56805	45	2026-09-14 11:57:12.913	2026-09-15 10:48:28.031
56805	48	2026-09-15 10:48:28.031	2026-09-15 10:48:28.986
56805	50	2026-09-15 10:48:28.986	2026-09-16 13:07:41.427
56805	60	2026-09-16 13:07:41.427	2026-09-16 13:07:44.746
56805	80	2026-09-16 13:07:44.746	NULL
56806	20	2026-09-10 13:45:34.277	2026-09-11 09:14:19.890
56806	25	2026-09-11 09:14:19.890	2026-09-13 17:31:02.095
56806	22	2026-09-13 17:31:02.095	2026-09-13 17:31:26.642
56806	25	2026-09-13 17:31:26.642	2026-09-14 08:28:14.054
56806	30	2026-09-14 08:28:14.054	2026-09-16 06:14:29.964
56806	35	2026-09-16 06:14:29.964	2026-09-17 06:38:13.278
56806	40	2026-09-17 06:38:13.278	2026-09-17 06:38:16.480
56806	45	2026-09-17 06:38:16.480	2026-09-17 07:09:48.267
56806	50	2026-09-17 07:09:48.267	2026-09-17 07:10:06.820
56806	60	2026-09-17 07:10:06.820	2026-09-17 07:10:11.453
56806	80	2026-09-17 07:10:11.453	NULL
56809	20	2026-09-10 12:47:48.676	2026-09-11 08:42:39.427
56809	25	2026-09-11 08:42:39.427	2026-09-11 09:07:34.344
56809	30	2026-09-11 09:07:34.344	2026-09-11 12:31:26.116
56809	35	2026-09-11 12:31:26.116	2026-09-11 12:52:20.915
56809	47	2026-09-11 12:52:20.915	2026-09-11 12:52:32.588
56809	45	2026-09-11 12:52:32.588	2026-09-11 14:32:31.330
56809	48	2026-09-11 14:32:31.330	2026-09-11 14:32:32.304
56809	50	2026-09-11 14:32:32.304	2026-09-11 15:18:33.036
56809	60	2026-09-11 15:18:33.036	2026-09-11 15:18:40.803
56809	80	2026-09-11 15:18:40.803	NULL
56812	20	2026-09-11 08:25:07.233	2026-09-14 09:52:26.857
56812	25	2026-09-14 09:52:26.857	2026-09-14 12:17:53.052
56812	30	2026-09-14 12:17:53.052	2026-09-14 12:17:54.827
56812	35	2026-09-14 12:17:54.827	2026-09-14 12:51:50.606
56812	40	2026-09-14 12:51:50.606	2026-09-14 12:51:52.982
56812	45	2026-09-14 12:51:52.982	2026-09-15 14:09:12.720
56812	50	2026-09-15 14:09:12.720	2026-09-16 13:07:36.822
56812	60	2026-09-16 13:07:36.822	2026-09-16 13:07:39.669
56812	80	2026-09-16 13:07:39.669	NULL
56816	20	2026-09-11 07:43:43.042	2026-09-14 09:52:42.573
56816	25	2026-09-14 09:52:42.573	2026-09-14 12:47:16.133
56816	30	2026-09-14 12:47:16.133	2026-09-14 12:47:18.406
56816	35	2026-09-14 12:47:18.406	2026-09-14 12:55:39.036
56816	40	2026-09-14 12:55:39.036	2026-09-14 12:55:40.963
56816	45	2026-09-14 12:55:40.963	2026-09-16 06:54:22.850
56816	50	2026-09-16 06:54:22.850	2026-09-16 06:58:10.964
56816	60	2026-09-16 06:58:10.964	2026-09-16 06:58:15.425
56816	80	2026-09-16 06:58:15.425	NULL
56819	20	2026-09-11 07:54:04.078	2026-09-14 09:36:25.220
56819	25	2026-09-14 09:36:25.220	2026-09-14 09:36:27.860
56819	30	2026-09-14 09:36:27.860	2026-09-14 11:54:17.854
56819	35	2026-09-14 11:54:17.854	2026-09-14 11:58:02.513
56819	40	2026-09-14 11:58:02.513	2026-09-14 11:58:05.023
56819	45	2026-09-14 11:58:05.023	2026-09-15 14:09:06.498
56819	50	2026-09-15 14:09:06.498	2026-09-16 13:07:31.978
56819	60	2026-09-16 13:07:31.978	2026-09-16 13:07:34.900
56819	80	2026-09-16 13:07:34.900	NULL
56823	20	2026-09-11 06:28:00.984	2026-09-14 09:25:32.978
56823	25	2026-09-14 09:25:32.978	2026-09-14 09:25:35.363
56823	30	2026-09-14 09:25:35.363	2026-09-14 10:49:45.794
56823	35	2026-09-14 10:49:45.794	2026-09-14 10:53:43.366
56823	40	2026-09-14 10:53:43.366	2026-09-14 10:53:45.866
56823	45	2026-09-14 10:53:45.866	2026-09-15 07:03:06.276
56823	50	2026-09-15 07:03:06.276	2026-09-15 07:15:24.014
56823	60	2026-09-15 07:15:24.014	2026-09-15 07:15:27.027
56823	80	2026-09-15 07:15:27.027	NULL
56824	20	2026-09-11 08:35:30.061	2026-09-14 09:29:03.592
56824	25	2026-09-14 09:29:03.592	2026-09-14 09:29:09.758
56824	30	2026-09-14 09:29:09.758	2026-09-14 11:22:28.232
56824	35	2026-09-14 11:22:28.232	2026-09-14 11:54:31.262
56824	47	2026-09-14 11:54:31.262	2026-09-14 11:54:35.411
56824	45	2026-09-14 11:54:35.411	2026-09-15 14:08:55.963
56824	48	2026-09-15 14:08:55.963	2026-09-15 14:08:56.718
56824	50	2026-09-15 14:08:56.718	2026-09-16 13:07:14.576
56824	60	2026-09-16 13:07:14.576	2026-09-16 13:07:17.565
56824	80	2026-09-16 13:07:17.565	NULL
56853	20	2026-09-11 08:10:48.802	2026-09-14 08:43:53.468
56853	25	2026-09-14 08:43:53.468	2026-09-14 08:44:02.121
56853	22	2026-09-14 08:44:02.121	2026-09-14 08:44:09.923
56853	25	2026-09-14 08:44:09.923	2026-09-14 08:44:16.104
56853	30	2026-09-14 08:44:16.104	2026-09-15 12:20:21.388
56853	35	2026-09-15 12:20:21.388	2026-09-15 13:06:37.916
56853	47	2026-09-15 13:06:37.916	2026-09-15 13:06:43.150
56853	45	2026-09-15 13:06:43.150	2026-09-16 08:20:49.424
56853	48	2026-09-16 08:20:49.424	2026-09-16 08:20:49.459
56853	50	2026-09-16 08:20:49.459	2026-09-16 13:07:09.204
56853	60	2026-09-16 13:07:09.204	2026-09-16 13:07:12.068
56853	80	2026-09-16 13:07:12.068	NULL
56860	20	2026-09-11 08:56:19.276	2026-09-14 09:24:24.430
56860	25	2026-09-14 09:24:24.430	2026-09-14 10:52:08.015
56860	22	2026-09-14 10:52:08.015	2026-09-14 13:13:21.236
56860	99	2026-09-14 13:13:21.236	NULL
56862	20	2026-09-11 11:17:24.268	2026-09-14 09:53:03.236
56862	25	2026-09-14 09:53:03.236	2026-09-14 12:53:10.055
56862	47	2026-09-14 12:53:10.055	2026-09-15 13:38:50.253
56862	45	2026-09-15 13:38:50.253	2026-09-16 06:54:35.995
56862	48	2026-09-16 06:54:35.995	2026-09-16 06:54:36.609
56862	50	2026-09-16 06:54:36.609	2026-09-16 06:58:34.342
56862	60	2026-09-16 06:58:34.342	2026-09-16 06:58:37.918
56862	80	2026-09-16 06:58:37.918	NULL
56864	20	2026-09-11 12:38:21.741	2026-09-14 08:53:58.463
56864	25	2026-09-14 08:53:58.463	2026-09-14 08:54:02.595
56864	30	2026-09-14 08:54:02.595	2026-09-14 10:06:18.338
56864	35	2026-09-14 10:06:18.338	2026-09-14 10:11:55.572
56864	40	2026-09-14 10:11:55.572	2026-09-14 10:11:57.122
56864	45	2026-09-14 10:11:57.122	2026-09-15 07:02:27.534
56864	50	2026-09-15 07:02:27.534	2026-09-15 07:14:21.750
56864	60	2026-09-15 07:14:21.750	2026-09-15 07:14:24.732
56864	80	2026-09-15 07:14:24.732	NULL
56865	20	2026-09-11 13:42:31.689	2026-09-14 08:54:31.082
56865	25	2026-09-14 08:54:31.082	2026-09-14 08:54:36.321
56865	30	2026-09-14 08:54:36.321	2026-09-14 10:05:37.900
56865	35	2026-09-14 10:05:37.900	2026-09-14 10:11:31.375
56865	47	2026-09-14 10:11:31.375	2026-09-14 10:11:39.692
56865	45	2026-09-14 10:11:39.692	2026-09-15 14:08:46.993
56865	48	2026-09-15 14:08:46.993	2026-09-15 14:08:48.424
56865	50	2026-09-15 14:08:48.424	2026-09-16 13:07:03.942
56865	60	2026-09-16 13:07:03.942	2026-09-16 13:07:07.259
56865	80	2026-09-16 13:07:07.259	NULL
56868	20	2026-09-12 07:12:09.135	2026-09-14 09:53:14.798
56868	25	2026-09-14 09:53:14.798	2026-09-14 12:46:35.976
56868	30	2026-09-14 12:46:35.976	2026-09-14 12:46:38.156
56868	35	2026-09-14 12:46:38.156	2026-09-14 12:55:25.864
56868	40	2026-09-14 12:55:25.864	2026-09-14 12:55:27.672
56868	45	2026-09-14 12:55:27.672	2026-09-15 10:48:19.800
56868	50	2026-09-15 10:48:19.800	2026-09-16 13:06:59.009
56868	60	2026-09-16 13:06:59.009	2026-09-16 13:07:02.104
56868	80	2026-09-16 13:07:02.104	NULL
56881	20	2026-09-11 08:38:43.959	2026-09-14 09:39:58.958
56881	25	2026-09-14 09:39:58.958	2026-09-15 14:39:20.813
56881	30	2026-09-15 14:39:20.813	2026-09-15 14:39:22.683
56881	35	2026-09-15 14:39:22.683	2026-09-15 14:51:58.712
56881	40	2026-09-15 14:51:58.712	2026-09-15 14:52:00.863
56881	45	2026-09-15 14:52:00.863	2026-09-16 06:56:30.353
56881	50	2026-09-16 06:56:30.353	2026-09-16 07:02:02.127
56881	60	2026-09-16 07:02:02.127	2026-09-16 07:02:04.740
56881	80	2026-09-16 07:02:04.740	NULL
56883	20	2026-09-11 13:39:26.943	2026-09-14 09:04:07.041
56883	25	2026-09-14 09:04:07.041	2026-09-14 09:04:08.844
56883	30	2026-09-14 09:04:08.844	2026-09-14 09:04:31.351
56883	35	2026-09-14 09:04:31.351	2026-09-14 11:53:04.103
56883	40	2026-09-14 11:53:04.103	2026-09-14 11:53:06.708
56883	45	2026-09-14 11:53:06.708	2026-09-15 07:02:43.588
56883	50	2026-09-15 07:02:43.588	2026-09-15 07:14:53.348
56883	60	2026-09-15 07:14:53.348	2026-09-15 07:14:56.483
56883	80	2026-09-15 07:14:56.483	NULL
56887	20	2026-09-14 09:26:58.080	2026-09-15 06:28:22.410
56887	25	2026-09-15 06:28:22.410	2026-09-15 12:39:52.957
56887	30	2026-09-15 12:39:52.957	2026-09-15 12:39:54.690
56887	35	2026-09-15 12:39:54.690	2026-09-15 13:07:41.532
56887	40	2026-09-15 13:07:41.532	2026-09-15 13:07:43.727
56887	45	2026-09-15 13:07:43.727	2026-09-16 08:18:24.905
56887	50	2026-09-16 08:18:24.905	2026-09-16 13:06:54.490
56887	60	2026-09-16 13:06:54.490	2026-09-16 13:06:57.148
56887	80	2026-09-16 13:06:57.148	NULL
56890	20	2026-09-12 06:49:25.016	2026-09-14 09:12:45.128
56890	25	2026-09-14 09:12:45.128	2026-09-14 12:28:59.598
56890	30	2026-09-14 12:28:59.598	2026-09-14 12:29:01.480
56890	35	2026-09-14 12:29:01.480	2026-09-14 12:52:43.060
56890	40	2026-09-14 12:52:43.060	2026-09-14 12:52:45.801
56890	45	2026-09-14 12:52:45.801	2026-09-15 10:48:12.925
56890	50	2026-09-15 10:48:12.925	2026-09-16 13:06:49.205
56890	60	2026-09-16 13:06:49.205	2026-09-16 13:06:52.083
56890	80	2026-09-16 13:06:52.083	NULL
56897	20	2026-09-11 13:37:51.209	2026-09-14 09:49:21.146
56897	25	2026-09-14 09:49:21.146	2026-09-14 09:49:26.745
56897	30	2026-09-14 09:49:26.745	2026-09-15 12:18:33.721
56897	35	2026-09-15 12:18:33.721	2026-09-15 13:08:44.060
56897	40	2026-09-15 13:08:44.060	2026-09-15 13:08:45.818
56897	45	2026-09-15 13:08:45.818	2026-09-16 08:18:16.209
56897	50	2026-09-16 08:18:16.209	2026-09-16 13:06:43.789
56897	60	2026-09-16 13:06:43.789	2026-09-16 13:06:47.078
56897	80	2026-09-16 13:06:47.078	NULL
56901	20	2026-09-11 09:30:08.414	2026-09-14 09:27:58.296
56901	25	2026-09-14 09:27:58.296	2026-09-14 11:13:47.156
56901	30	2026-09-14 11:13:47.156	2026-09-14 11:13:49.383
56901	35	2026-09-14 11:13:49.383	2026-09-14 11:54:01.436
56901	40	2026-09-14 11:54:01.436	2026-09-14 11:54:04.357
56901	45	2026-09-14 11:54:04.357	2026-09-14 12:59:21.711
56901	70	2026-09-14 12:59:21.711	2026-09-16 06:05:04.281
56901	80	2026-09-16 06:05:04.281	NULL
56903	20	2026-09-13 08:21:19.402	2026-09-14 09:53:29.495
56903	25	2026-09-14 09:53:29.495	2026-09-14 12:16:29.397
56903	30	2026-09-14 12:16:29.397	2026-09-14 12:16:31.090
56903	35	2026-09-14 12:16:31.090	2026-09-14 14:42:05.808
56903	40	2026-09-14 14:42:05.808	2026-09-14 14:42:08.450
56903	45	2026-09-14 14:42:08.450	2026-09-15 07:03:40.649
56903	50	2026-09-15 07:03:40.649	2026-09-15 07:16:10.537
56903	60	2026-09-15 07:16:10.537	2026-09-15 07:16:13.444
56903	80	2026-09-15 07:16:13.444	NULL
56917	20	2026-09-11 06:57:35.099	2026-09-14 09:09:50.448
56917	25	2026-09-14 09:09:50.448	2026-09-14 09:09:53.280
56917	30	2026-09-14 09:09:53.280	2026-09-14 11:52:02.434
56917	35	2026-09-14 11:52:02.434	2026-09-14 12:02:21.055
56917	40	2026-09-14 12:02:21.055	2026-09-14 12:02:23.101
56917	45	2026-09-14 12:02:23.101	2026-09-15 07:03:27.296
56917	50	2026-09-15 07:03:27.296	2026-09-15 07:15:54.967
56917	60	2026-09-15 07:15:54.967	2026-09-15 07:15:57.713
56917	80	2026-09-15 07:15:57.713	NULL
56922	20	2026-09-11 09:44:53.302	2026-09-14 09:36:42.209
56922	25	2026-09-14 09:36:42.209	2026-09-14 09:36:44.373
56922	30	2026-09-14 09:36:44.373	2026-09-14 12:00:11.205
56922	35	2026-09-14 12:00:11.205	2026-09-16 12:37:28.480
56922	40	2026-09-16 12:37:28.480	2026-09-16 12:37:30.326
56922	45	2026-09-16 12:37:30.326	2026-09-17 07:17:26.199
56922	50	2026-09-17 07:17:26.199	2026-09-17 07:28:47.735
56922	60	2026-09-17 07:28:47.735	2026-09-17 07:28:51.092
56922	80	2026-09-17 07:28:51.092	NULL
56951	20	2026-09-11 11:30:27.751	2026-09-14 11:17:00.895
56951	25	2026-09-14 11:17:00.895	2026-09-14 11:17:02.928
56951	30	2026-09-14 11:17:02.928	2026-09-15 12:19:51.075
56951	35	2026-09-15 12:19:51.075	2026-09-15 13:06:54.913
56951	40	2026-09-15 13:06:54.913	2026-09-15 13:06:57.260
56951	45	2026-09-15 13:06:57.260	2026-09-16 08:18:07.100
56951	50	2026-09-16 08:18:07.100	2026-09-16 13:06:38.008
56951	60	2026-09-16 13:06:38.008	2026-09-16 13:06:40.773
56951	80	2026-09-16 13:06:40.773	NULL
56953	20	2026-09-12 06:51:54.381	2026-09-14 11:16:42.120
56953	25	2026-09-14 11:16:42.120	2026-09-15 12:19:41.216
56953	30	2026-09-15 12:19:41.216	2026-09-15 12:19:43.056
56953	35	2026-09-15 12:19:43.056	2026-09-15 13:07:21.879
56953	40	2026-09-15 13:07:21.879	2026-09-15 13:07:23.909
56953	45	2026-09-15 13:07:23.909	2026-09-16 08:18:00.179
56953	50	2026-09-16 08:18:00.179	2026-09-16 13:06:33.257
56953	60	2026-09-16 13:06:33.257	2026-09-16 13:06:35.836
56953	80	2026-09-16 13:06:35.836	NULL
56959	20	2026-09-11 10:14:57.435	2026-09-14 09:25:52.972
56959	25	2026-09-14 09:25:52.972	2026-09-14 09:25:56.133
56959	30	2026-09-14 09:25:56.133	2026-09-14 10:45:32.515
56959	35	2026-09-14 10:45:32.515	2026-09-14 10:46:17.946
56959	40	2026-09-14 10:46:17.946	2026-09-14 10:46:20.288
56959	45	2026-09-14 10:46:20.288	2026-09-15 07:02:14.160
56959	50	2026-09-15 07:02:14.160	2026-09-15 07:14:14.745
56959	60	2026-09-15 07:14:14.745	2026-09-15 07:14:17.463
56959	80	2026-09-15 07:14:17.463	NULL
56967	20	2026-09-11 11:51:20.460	2026-09-14 09:10:22.784
56967	25	2026-09-14 09:10:22.784	2026-09-14 09:10:28.783
56967	30	2026-09-14 09:10:28.783	2026-09-14 11:45:01.387
56967	35	2026-09-14 11:45:01.387	2026-09-14 11:53:18.221
56967	40	2026-09-14 11:53:18.221	2026-09-14 11:53:20.542
56967	45	2026-09-14 11:53:20.542	2026-09-16 06:54:07.935
56967	50	2026-09-16 06:54:07.935	2026-09-16 06:57:51.530
56967	60	2026-09-16 06:57:51.530	2026-09-16 06:57:54.747
56967	80	2026-09-16 06:57:54.747	NULL
56972	20	2026-09-14 12:04:04.776	2026-09-15 06:25:40.751
56972	25	2026-09-15 06:25:40.751	2026-09-15 12:57:52.771
56972	30	2026-09-15 12:57:52.771	2026-09-15 12:57:54.461
56972	35	2026-09-15 12:57:54.461	2026-09-15 13:08:03.920
56972	40	2026-09-15 13:08:03.920	2026-09-15 13:08:06.349
56972	45	2026-09-15 13:08:06.349	2026-09-16 06:56:24.073
56972	50	2026-09-16 06:56:24.073	2026-09-16 07:01:54.796
56972	60	2026-09-16 07:01:54.796	2026-09-16 07:01:57.624
56972	80	2026-09-16 07:01:57.624	NULL
57002	20	2026-09-12 06:41:06.011	2026-09-14 09:36:57.354
57002	25	2026-09-14 09:36:57.354	2026-09-14 09:37:01.362
57002	30	2026-09-14 09:37:01.362	2026-09-14 11:54:08.732
57002	35	2026-09-14 11:54:08.732	2026-09-14 11:58:32.137
57002	40	2026-09-14 11:58:32.137	2026-09-14 11:58:33.994
57002	45	2026-09-14 11:58:33.994	2026-09-15 10:48:04.794
57002	50	2026-09-15 10:48:04.794	2026-09-16 13:06:28.075
57002	60	2026-09-16 13:06:28.075	2026-09-16 13:06:31.069
57002	80	2026-09-16 13:06:31.069	NULL
57013	20	2026-09-13 10:29:38.365	2026-09-14 09:38:20.459
57013	25	2026-09-14 09:38:20.459	2026-09-14 09:38:23.147
57013	30	2026-09-14 09:38:23.147	2026-09-14 11:53:57.761
57013	35	2026-09-14 11:53:57.761	2026-09-14 11:58:52.297
57013	40	2026-09-14 11:58:52.297	2026-09-14 11:58:54.873
57013	45	2026-09-14 11:58:54.873	2026-09-15 10:47:54.611
57013	50	2026-09-15 10:47:54.611	2026-09-16 13:06:23.673
57013	60	2026-09-16 13:06:23.673	2026-09-16 13:06:26.368
57013	80	2026-09-16 13:06:26.368	NULL
57014	20	2026-09-13 06:42:04.234	2026-09-14 09:53:43.823
57014	25	2026-09-14 09:53:43.823	2026-09-14 09:53:46.052
57014	30	2026-09-14 09:53:46.052	2026-09-14 12:20:30.978
57014	35	2026-09-14 12:20:30.978	2026-09-14 12:51:27.873
57014	40	2026-09-14 12:51:27.873	2026-09-14 12:51:31.899
57014	45	2026-09-14 12:51:31.899	2026-09-15 10:47:47.917
57014	50	2026-09-15 10:47:47.917	2026-09-16 13:06:19.147
57014	60	2026-09-16 13:06:19.147	2026-09-16 13:06:21.896
57014	80	2026-09-16 13:06:21.896	NULL
57020	20	2026-09-14 07:32:56.408	2026-09-15 06:27:38.095
57020	25	2026-09-15 06:27:38.095	2026-09-15 13:32:17.448
57020	30	2026-09-15 13:32:17.448	2026-09-15 13:32:19.430
57020	35	2026-09-15 13:32:19.430	2026-09-15 13:39:26.864
57020	40	2026-09-15 13:39:26.864	2026-09-15 13:39:29.021
57020	45	2026-09-15 13:39:29.021	2026-09-16 08:17:49.639
57020	50	2026-09-16 08:17:49.639	2026-09-16 13:06:13.763
57020	60	2026-09-16 13:06:13.763	2026-09-16 13:06:17.140
57020	80	2026-09-16 13:06:17.140	NULL
57022	20	2026-09-14 06:55:53.591	2026-09-14 13:41:58.520
57022	25	2026-09-14 13:41:58.520	2026-09-14 13:42:02.777
57022	30	2026-09-14 13:42:02.777	2026-09-14 13:42:07.136
57022	35	2026-09-14 13:42:07.136	2026-09-14 13:43:05.808
57022	47	2026-09-14 13:43:05.808	2026-09-14 13:43:23.522
57022	45	2026-09-14 13:43:23.522	2026-09-15 06:58:27.052
57022	48	2026-09-15 06:58:27.052	2026-09-15 06:58:27.153
57022	50	2026-09-15 06:58:27.153	2026-09-15 07:12:40.079
57022	60	2026-09-15 07:12:40.079	2026-09-15 07:12:42.979
57022	80	2026-09-15 07:12:42.979	NULL
57024	20	2026-09-12 08:50:52.465	2026-09-14 09:49:45.331
57024	25	2026-09-14 09:49:45.331	2026-09-14 09:49:47.962
57024	30	2026-09-14 09:49:47.962	2026-09-14 10:44:15.129
57024	35	2026-09-14 10:44:15.129	2026-09-14 10:46:06.081
57024	40	2026-09-14 10:46:06.081	2026-09-14 10:46:08.156
57024	45	2026-09-14 10:46:08.156	2026-09-15 07:02:49.297
57024	50	2026-09-15 07:02:49.297	2026-09-15 07:15:06.073
57024	60	2026-09-15 07:15:06.073	2026-09-15 07:15:09.730
57024	80	2026-09-15 07:15:09.730	NULL
57041	20	2026-09-13 11:09:46.721	2026-09-14 08:55:01.111
57041	25	2026-09-14 08:55:01.111	2026-09-14 08:55:04.253
57041	30	2026-09-14 08:55:04.253	2026-09-14 10:02:17.458
57041	35	2026-09-14 10:02:17.458	2026-09-14 10:11:06.210
57041	40	2026-09-14 10:11:06.210	2026-09-14 10:11:08.836
57041	45	2026-09-14 10:11:08.836	2026-09-15 07:01:46.486
57041	50	2026-09-15 07:01:46.486	2026-09-15 07:14:03.647
57041	60	2026-09-15 07:14:03.647	2026-09-15 07:14:06.861
57041	80	2026-09-15 07:14:06.861	NULL
57043	20	2026-09-12 08:50:34.561	2026-09-14 08:55:29.011
57043	25	2026-09-14 08:55:29.011	2026-09-14 08:55:32.736
57043	30	2026-09-14 08:55:32.736	2026-09-14 10:04:41.388
57043	35	2026-09-14 10:04:41.388	2026-09-14 10:10:44.213
57043	40	2026-09-14 10:10:44.213	2026-09-14 10:10:46.758
57043	45	2026-09-14 10:10:46.758	2026-09-15 07:00:10.199
57043	50	2026-09-15 07:00:10.199	2026-09-15 07:13:45.689
57043	60	2026-09-15 07:13:45.689	2026-09-15 07:13:51.787
57043	80	2026-09-15 07:13:51.787	NULL
57046	20	2026-09-13 09:24:32.619	2026-09-14 09:13:12.398
57046	25	2026-09-14 09:13:12.398	2026-09-14 12:28:48.186
57046	30	2026-09-14 12:28:48.186	2026-09-14 12:28:50.220
57046	35	2026-09-14 12:28:50.220	2026-09-14 12:52:28.070
57046	40	2026-09-14 12:52:28.070	2026-09-14 12:52:31.033
57046	45	2026-09-14 12:52:31.033	2026-09-15 10:47:41.257
57046	50	2026-09-15 10:47:41.257	2026-09-16 13:06:09.377
57046	60	2026-09-16 13:06:09.377	2026-09-16 13:06:11.915
57046	80	2026-09-16 13:06:11.915	NULL
57066	20	2026-09-13 07:50:09.824	2026-09-14 09:26:11.663
57066	25	2026-09-14 09:26:11.663	2026-09-14 09:26:13.481
57066	30	2026-09-14 09:26:13.481	2026-09-14 10:46:07.950
57066	35	2026-09-14 10:46:07.950	2026-09-14 10:47:34.678
57066	40	2026-09-14 10:47:34.678	2026-09-14 10:47:36.708
57066	45	2026-09-14 10:47:36.708	2026-09-15 10:47:32.332
57066	50	2026-09-15 10:47:32.332	2026-09-16 13:05:18.915
57066	60	2026-09-16 13:05:18.915	2026-09-16 13:05:20.750
57066	80	2026-09-16 13:05:20.750	NULL
57068	20	2026-09-12 10:39:32.875	2026-09-14 07:21:42.508
57068	22	2026-09-14 07:21:42.508	2026-09-24 10:02:10.830
57068	99	2026-09-24 10:02:10.830	NULL
57069	20	2026-09-12 10:50:25.546	2026-09-14 08:55:54.801
57069	25	2026-09-14 08:55:54.801	2026-09-14 08:55:56.751
57069	30	2026-09-14 08:55:56.751	2026-09-14 10:02:52.598
57069	35	2026-09-14 10:02:52.598	2026-09-14 10:10:30.085
57069	40	2026-09-14 10:10:30.085	2026-09-14 10:10:37.351
57069	45	2026-09-14 10:10:37.351	2026-09-15 10:47:20.547
57069	50	2026-09-15 10:47:20.547	2026-09-16 13:05:15.493
57069	60	2026-09-16 13:05:15.493	2026-09-16 13:05:17.531
57069	80	2026-09-16 13:05:17.531	NULL
57072	20	2026-09-12 09:48:15.524	2026-09-14 09:58:59.976
57072	22	2026-09-14 09:58:59.976	2026-09-14 09:59:13.803
57072	25	2026-09-14 09:59:13.803	2026-09-14 09:59:16.125
57072	30	2026-09-14 09:59:16.125	2026-09-14 09:59:18.408
57072	35	2026-09-14 09:59:18.408	2026-09-14 10:08:28.312
57072	40	2026-09-14 10:08:28.312	2026-09-14 10:08:31.596
57072	45	2026-09-14 10:08:31.596	2026-09-15 06:58:04.517
57072	50	2026-09-15 06:58:04.517	2026-09-15 07:12:02.987
57072	60	2026-09-15 07:12:02.987	2026-09-15 07:12:06.970
57072	80	2026-09-15 07:12:06.970	NULL
57079	20	2026-09-13 11:15:51.272	2026-09-14 08:28:36.280
57079	25	2026-09-14 08:28:36.280	2026-09-16 06:14:18.320
57079	30	2026-09-16 06:14:18.320	2026-09-16 06:14:21.105
57079	35	2026-09-16 06:14:21.105	2026-09-16 09:27:48.598
57079	40	2026-09-16 09:27:48.598	2026-09-16 09:28:27.800
57079	45	2026-09-16 09:28:27.800	2026-09-18 07:43:40.063
57079	50	2026-09-18 07:43:40.063	2026-09-18 07:45:22.418
57079	60	2026-09-18 07:45:22.418	2026-09-18 07:45:25.227
57079	80	2026-09-18 07:45:25.227	NULL
57083	20	2026-09-12 13:38:28.623	2026-09-14 09:54:00.142
57083	25	2026-09-14 09:54:00.142	2026-09-14 12:17:11.081
57083	30	2026-09-14 12:17:11.081	2026-09-14 12:17:13.663
57083	35	2026-09-14 12:17:13.663	2026-09-14 12:51:13.115
57083	40	2026-09-14 12:51:13.115	2026-09-14 12:51:15.396
57083	45	2026-09-14 12:51:15.396	2026-09-15 10:47:14.745
57083	50	2026-09-15 10:47:14.745	2026-09-16 13:05:12.105
57083	60	2026-09-16 13:05:12.105	2026-09-16 13:05:13.880
57083	80	2026-09-16 13:05:13.880	NULL
57084	20	2026-09-12 10:40:17.271	2026-09-14 08:56:12.017
57084	25	2026-09-14 08:56:12.017	2026-09-14 08:56:15.858
57084	30	2026-09-14 08:56:15.858	2026-09-14 10:03:36.943
57084	35	2026-09-14 10:03:36.943	2026-09-14 10:10:09.293
57084	40	2026-09-14 10:10:09.293	2026-09-14 10:10:13.665
57084	45	2026-09-14 10:10:13.665	2026-09-15 10:47:07.641
57084	50	2026-09-15 10:47:07.641	2026-09-16 13:05:08.497
57084	60	2026-09-16 13:05:08.497	2026-09-16 13:05:10.603
57084	80	2026-09-16 13:05:10.603	NULL
57089	20	2026-09-12 11:23:08.564	2026-09-14 09:50:09.301
57089	25	2026-09-14 09:50:09.301	2026-09-14 09:50:11.400
57089	30	2026-09-14 09:50:11.400	2026-09-16 08:25:00.745
57089	35	2026-09-16 08:25:00.745	2026-09-16 09:28:43.164
57089	40	2026-09-16 09:28:43.164	2026-09-16 09:28:45.293
57089	45	2026-09-16 09:28:45.293	2026-09-17 08:29:15.592
57089	50	2026-09-17 08:29:15.592	2026-09-17 13:04:38.982
57089	60	2026-09-17 13:04:38.982	2026-09-17 13:04:41.936
57089	80	2026-09-17 13:04:41.936	NULL
57092	20	2026-09-12 13:34:06.771	2026-09-14 09:29:26.720
57092	25	2026-09-14 09:29:26.720	2026-09-14 09:29:28.419
57092	30	2026-09-14 09:29:28.419	2026-09-14 11:22:51.976
57092	35	2026-09-14 11:22:51.976	2026-09-14 11:54:45.991
57092	40	2026-09-14 11:54:45.991	2026-09-14 11:54:48.510
57092	45	2026-09-14 11:54:48.510	2026-09-15 10:47:00.516
57092	50	2026-09-15 10:47:00.516	2026-09-16 13:04:57.787
57092	60	2026-09-16 13:04:57.787	2026-09-16 13:05:03.242
57092	80	2026-09-16 13:05:03.242	NULL
57093	20	2026-09-12 13:35:58.719	2026-09-14 08:52:24.753
57093	25	2026-09-14 08:52:24.753	2026-09-16 10:51:36.752
57093	30	2026-09-16 10:51:36.752	2026-09-16 10:51:38.616
57093	35	2026-09-16 10:51:38.616	2026-09-16 12:43:32.913
57093	40	2026-09-16 12:43:32.913	2026-09-16 12:43:36.062
57093	45	2026-09-16 12:43:36.062	2026-09-17 08:29:09.358
57093	50	2026-09-17 08:29:09.358	2026-09-17 13:04:33.628
57093	60	2026-09-17 13:04:33.628	2026-09-17 13:04:36.508
57093	80	2026-09-17 13:04:36.508	NULL
57094	20	2026-09-12 09:54:49.626	2026-09-14 09:10:41.081
57094	25	2026-09-14 09:10:41.081	2026-09-14 09:10:43.356
57094	30	2026-09-14 09:10:43.356	2026-09-14 11:52:11.640
57094	35	2026-09-14 11:52:11.640	2026-09-14 12:02:12.506
57094	40	2026-09-14 12:02:12.506	2026-09-14 12:02:14.364
57094	45	2026-09-14 12:02:14.364	2026-09-15 10:46:47.579
57094	50	2026-09-15 10:46:47.579	2026-09-16 13:04:51.323
57094	60	2026-09-16 13:04:51.323	2026-09-16 13:04:54.546
57094	80	2026-09-16 13:04:54.546	NULL
57121	20	2026-09-12 12:09:52.467	2026-09-14 09:26:28.641
57121	25	2026-09-14 09:26:28.641	2026-09-14 09:26:30.821
57121	30	2026-09-14 09:26:30.821	2026-09-14 10:46:28.967
57121	35	2026-09-14 10:46:28.967	2026-09-14 10:47:22.167
57121	40	2026-09-14 10:47:22.167	2026-09-14 10:47:24.184
57121	45	2026-09-14 10:47:24.184	2026-09-15 06:59:42.594
57121	50	2026-09-15 06:59:42.594	2026-09-15 07:13:33.112
57121	60	2026-09-15 07:13:33.112	2026-09-15 07:13:40.868
57121	80	2026-09-15 07:13:40.868	NULL
57131	20	2026-09-12 12:09:34.338	2026-09-14 09:10:56.771
57131	25	2026-09-14 09:10:56.771	2026-09-14 09:11:00.431
57131	30	2026-09-14 09:11:00.431	2026-09-14 11:52:27.140
57131	35	2026-09-14 11:52:27.140	2026-09-14 12:02:00.394
57131	40	2026-09-14 12:02:00.394	2026-09-14 12:02:07.851
57131	45	2026-09-14 12:02:07.851	2026-09-15 14:09:39.258
57131	50	2026-09-15 14:09:39.258	2026-09-16 13:04:45.341
57131	60	2026-09-16 13:04:45.341	2026-09-16 13:04:49.394
57131	80	2026-09-16 13:04:49.394	NULL
57132	20	2026-09-12 12:41:56.609	2026-09-14 09:11:13.214
57132	25	2026-09-14 09:11:13.214	2026-09-14 09:11:15.582
57132	30	2026-09-14 09:11:15.582	2026-09-14 12:14:42.575
57132	35	2026-09-14 12:14:42.575	2026-09-14 12:53:50.305
57132	40	2026-09-14 12:53:50.305	2026-09-14 12:53:53.136
57132	45	2026-09-14 12:53:53.136	2026-09-15 10:46:36.092
57132	50	2026-09-15 10:46:36.092	2026-09-16 08:29:14.324
57132	60	2026-09-16 08:29:14.324	2026-09-16 08:29:17.685
57132	80	2026-09-16 08:29:17.685	NULL
57140	20	2026-09-12 13:59:13.259	2026-09-14 09:50:32.997
57140	25	2026-09-14 09:50:32.997	2026-09-14 09:50:35.023
57140	30	2026-09-14 09:50:35.023	2026-09-15 12:18:20.942
57140	35	2026-09-15 12:18:20.942	2026-09-15 13:08:55.410
57140	40	2026-09-15 13:08:55.410	2026-09-15 13:08:57.356
57140	45	2026-09-15 13:08:57.356	2026-09-16 08:16:54.163
57140	50	2026-09-16 08:16:54.163	2026-09-16 13:04:37.080
57140	60	2026-09-16 13:04:37.080	2026-09-16 13:04:43.379
57140	80	2026-09-16 13:04:43.379	NULL
57158	20	2026-09-12 12:23:03.732	2026-09-14 09:54:14.039
57158	25	2026-09-14 09:54:14.039	2026-09-14 09:54:15.772
57158	30	2026-09-14 09:54:15.772	2026-09-14 12:15:59.147
57158	35	2026-09-14 12:15:59.147	2026-09-14 12:50:33.021
57158	40	2026-09-14 12:50:33.021	2026-09-14 12:50:49.048
57158	45	2026-09-14 12:50:49.048	2026-09-15 10:46:20.169
57158	50	2026-09-15 10:46:20.169	2026-09-16 13:04:32.300
57158	60	2026-09-16 13:04:32.300	2026-09-16 13:04:34.937
57158	80	2026-09-16 13:04:34.937	NULL
57162	20	2026-09-13 10:54:30.497	2026-09-14 09:38:45.470
57162	25	2026-09-14 09:38:45.470	2026-09-14 09:38:48.703
57162	30	2026-09-14 09:38:48.703	2026-09-16 10:53:47.574
57162	35	2026-09-16 10:53:47.574	2026-09-16 12:37:20.113
57162	40	2026-09-16 12:37:20.113	2026-09-16 12:37:22.033
57162	45	2026-09-16 12:37:22.033	2026-09-16 13:32:14.033
57162	70	2026-09-16 13:32:14.033	2026-09-22 08:02:45.490
57162	80	2026-09-22 08:02:45.490	NULL
57164	20	2026-09-12 12:24:31.526	2026-09-14 09:54:28.116
57164	25	2026-09-14 09:54:28.116	2026-09-14 12:47:47.743
57164	30	2026-09-14 12:47:47.743	2026-09-14 12:47:49.470
57164	35	2026-09-14 12:47:49.470	2026-09-14 12:55:18.629
57164	40	2026-09-14 12:55:18.629	2026-09-14 12:55:20.623
57164	45	2026-09-14 12:55:20.623	2026-09-15 07:03:13.774
57164	50	2026-09-15 07:03:13.774	2026-09-15 07:15:35.851
57164	60	2026-09-15 07:15:35.851	2026-09-15 07:15:38.701
57164	80	2026-09-15 07:15:38.701	NULL
57168	20	2026-09-12 13:29:19.966	2026-09-14 09:29:41.872
57168	25	2026-09-14 09:29:41.872	2026-09-14 09:29:43.779
57168	30	2026-09-14 09:29:43.779	2026-09-14 11:19:39.916
57168	35	2026-09-14 11:19:39.916	2026-09-14 11:54:53.302
57168	40	2026-09-14 11:54:53.302	2026-09-14 11:54:56.368
57168	45	2026-09-14 11:54:56.368	2026-09-15 10:46:13.282
57168	50	2026-09-15 10:46:13.282	2026-09-16 13:04:27.899
57168	60	2026-09-16 13:04:27.899	2026-09-16 13:04:30.622
57168	80	2026-09-16 13:04:30.622	NULL
57169	20	2026-09-12 13:29:15.888	2026-09-14 09:44:52.664
57169	25	2026-09-14 09:44:52.664	2026-09-14 12:02:43.239
57169	47	2026-09-14 12:02:43.239	2026-09-15 14:51:50.193
57169	45	2026-09-15 14:51:50.193	2026-09-16 08:16:46.148
57169	48	2026-09-16 08:16:46.148	2026-09-16 08:16:46.195
57169	50	2026-09-16 08:16:46.195	2026-09-16 13:04:22.202
57169	60	2026-09-16 13:04:22.202	2026-09-16 13:04:25.843
57169	80	2026-09-16 13:04:25.843	NULL
57170	20	2026-09-12 13:41:10.551	2026-09-14 08:52:01.940
57170	25	2026-09-14 08:52:01.940	2026-09-15 12:19:29.914
57170	30	2026-09-15 12:19:29.914	2026-09-15 12:19:32.132
57170	35	2026-09-15 12:19:32.132	2026-09-15 13:07:31.460
57170	40	2026-09-15 13:07:31.460	2026-09-15 13:07:33.741
57170	45	2026-09-15 13:07:33.741	2026-09-16 08:16:35.626
57170	50	2026-09-16 08:16:35.626	2026-09-16 13:04:16.750
57170	60	2026-09-16 13:04:16.750	2026-09-16 13:04:19.771
57170	80	2026-09-16 13:04:19.771	NULL
57174	20	2026-09-13 12:04:13.138	2026-09-14 09:54:44.186
57174	25	2026-09-14 09:54:44.186	2026-09-14 12:20:18.904
57174	30	2026-09-14 12:20:18.904	2026-09-14 12:20:21.148
57174	35	2026-09-14 12:20:21.148	2026-09-14 12:50:19.432
57174	40	2026-09-14 12:50:19.432	2026-09-14 12:50:22.319
57174	45	2026-09-14 12:50:22.319	2026-09-15 10:45:22.547
57174	50	2026-09-15 10:45:22.547	2026-09-16 13:04:11.878
57174	60	2026-09-16 13:04:11.878	2026-09-16 13:04:14.638
57174	80	2026-09-16 13:04:14.638	NULL
57176	20	2026-09-12 13:43:54.235	2026-09-14 09:54:55.130
57176	25	2026-09-14 09:54:55.130	2026-09-14 12:18:38.309
57176	30	2026-09-14 12:18:38.309	2026-09-14 12:18:40.688
57176	35	2026-09-14 12:18:40.688	2026-09-14 12:44:50.679
57176	40	2026-09-14 12:44:50.679	2026-09-14 12:44:52.944
57176	45	2026-09-14 12:44:52.944	2026-09-15 10:45:15.764
57176	50	2026-09-15 10:45:15.764	2026-09-16 13:04:06.396
57176	60	2026-09-16 13:04:06.396	2026-09-16 13:04:09.114
57176	80	2026-09-16 13:04:09.114	NULL
57178	20	2026-09-13 07:09:23.980	2026-09-14 09:13:30.908
57178	25	2026-09-14 09:13:30.908	2026-09-14 12:28:31.449
57178	30	2026-09-14 12:28:31.449	2026-09-14 12:28:33.434
57178	35	2026-09-14 12:28:33.434	2026-09-14 12:52:08.477
57178	40	2026-09-14 12:52:08.477	2026-09-14 12:52:10.588
57178	45	2026-09-14 12:52:10.588	2026-09-15 10:45:02.460
57178	50	2026-09-15 10:45:02.460	2026-09-16 13:04:02.115
57178	60	2026-09-16 13:04:02.115	2026-09-16 13:04:04.846
57178	80	2026-09-16 13:04:04.846	NULL
57179	20	2026-09-14 09:56:50.419	2026-09-15 06:21:32.647
57179	25	2026-09-15 06:21:32.647	2026-09-15 14:40:19.214
57179	30	2026-09-15 14:40:19.214	2026-09-15 14:42:03.555
57179	35	2026-09-15 14:42:03.555	2026-09-15 14:52:22.599
57179	40	2026-09-15 14:52:22.599	2026-09-15 14:52:24.868
57179	45	2026-09-15 14:52:24.868	2026-09-16 06:55:48.617
57179	50	2026-09-16 06:55:48.617	2026-09-16 07:01:15.566
57179	60	2026-09-16 07:01:15.566	2026-09-16 07:01:19.106
57179	80	2026-09-16 07:01:19.106	NULL
57180	20	2026-09-15 06:28:19.156	2026-09-16 05:26:40.080
57180	25	2026-09-16 05:26:40.080	2026-09-16 07:49:53.657
57180	30	2026-09-16 07:49:53.657	2026-09-16 13:21:38.353
57180	35	2026-09-16 13:21:38.353	2026-09-16 13:25:28.130
57180	40	2026-09-16 13:25:28.130	2026-09-16 13:25:30.103
57180	45	2026-09-16 13:25:30.103	2026-09-17 08:29:02.507
57180	50	2026-09-17 08:29:02.507	2026-09-17 13:04:28.637
57180	60	2026-09-17 13:04:28.637	2026-09-17 13:04:31.347
57180	80	2026-09-17 13:04:31.347	NULL
57182	20	2026-09-13 11:22:17.499	2026-09-14 09:11:36.569
57182	25	2026-09-14 09:11:36.569	2026-09-14 09:11:39.842
57182	30	2026-09-14 09:11:39.842	2026-09-14 12:14:18.081
57182	35	2026-09-14 12:14:18.081	2026-09-14 12:53:34.922
57182	40	2026-09-14 12:53:34.922	2026-09-14 12:53:36.900
57182	45	2026-09-14 12:53:36.900	2026-09-15 07:02:38.545
57182	50	2026-09-15 07:02:38.545	2026-09-15 07:14:42.242
57182	60	2026-09-15 07:14:42.242	2026-09-15 07:14:45.756
57182	80	2026-09-15 07:14:45.756	NULL
57183	20	2026-09-13 08:24:23.503	2026-09-14 09:26:44.799
57183	25	2026-09-14 09:26:44.799	2026-09-14 09:26:47.243
57183	30	2026-09-14 09:26:47.243	2026-09-14 10:46:42.930
57183	35	2026-09-14 10:46:42.930	2026-09-14 10:47:10.344
57183	40	2026-09-14 10:47:10.344	2026-09-14 10:47:12.513
57183	45	2026-09-14 10:47:12.513	2026-09-15 10:44:54.639
57183	50	2026-09-15 10:44:54.639	2026-09-16 13:03:57.154
57183	60	2026-09-16 13:03:57.154	2026-09-16 13:03:59.899
57183	80	2026-09-16 13:03:59.899	NULL
57187	20	2026-09-14 11:28:25.942	2026-09-15 08:02:05.142
57187	25	2026-09-15 08:02:05.142	2026-09-15 08:02:15.825
57187	30	2026-09-15 08:02:15.825	2026-09-15 14:52:32.776
57187	47	2026-09-15 14:52:32.776	2026-09-16 10:09:00.806
57187	45	2026-09-16 10:09:00.806	2026-09-17 07:09:29.725
57187	48	2026-09-17 07:09:29.725	2026-09-17 07:09:32.336
57187	50	2026-09-17 07:09:32.336	2026-09-17 07:10:52.433
57187	60	2026-09-17 07:10:52.433	2026-09-17 07:10:57.880
57187	80	2026-09-17 07:10:57.880	NULL
57192	20	2026-09-14 11:09:35.848	2026-09-15 06:28:05.343
57192	25	2026-09-15 06:28:05.343	2026-09-15 12:39:41.372
57192	30	2026-09-15 12:39:41.372	2026-09-15 12:39:43.298
57192	35	2026-09-15 12:39:43.298	2026-09-15 13:07:49.973
57192	40	2026-09-15 13:07:49.973	2026-09-15 13:07:52.131
57192	45	2026-09-15 13:07:52.131	2026-09-16 08:16:27.059
57192	50	2026-09-16 08:16:27.059	2026-09-16 13:03:52.508
57192	60	2026-09-16 13:03:52.508	2026-09-16 13:03:55.231
57192	80	2026-09-16 13:03:55.231	NULL
57196	20	2026-09-18 09:01:54.712	2026-09-21 07:19:54.957
57196	25	2026-09-21 07:19:54.957	2026-09-21 13:08:23.350
57196	30	2026-09-21 13:08:23.350	2026-09-21 13:08:27.698
57196	35	2026-09-21 13:08:27.698	2026-09-21 13:10:02.652
57196	40	2026-09-21 13:10:02.652	2026-09-21 13:10:04.318
57196	45	2026-09-21 13:10:04.318	2026-09-21 14:10:35.562
57196	50	2026-09-21 14:10:35.562	2026-09-23 06:57:37.813
57196	60	2026-09-23 06:57:37.813	2026-09-23 06:57:41.567
57196	80	2026-09-23 06:57:41.567	NULL
57201	20	2026-09-13 10:42:15.665	2026-09-14 09:45:21.099
57201	25	2026-09-14 09:45:21.099	2026-09-15 14:40:49.108
57201	30	2026-09-15 14:40:49.108	2026-09-15 14:40:51.101
57201	35	2026-09-15 14:40:51.101	2026-09-15 14:51:40.850
57201	40	2026-09-15 14:51:40.850	2026-09-15 14:51:42.543
57201	45	2026-09-15 14:51:42.543	2026-09-16 06:56:41.074
57201	50	2026-09-16 06:56:41.074	2026-09-16 07:02:09.062
57201	60	2026-09-16 07:02:09.062	2026-09-16 07:02:11.886
57201	80	2026-09-16 07:02:11.886	NULL
57206	20	2026-09-13 08:19:59.627	2026-09-14 09:55:10.863
57206	25	2026-09-14 09:55:10.863	2026-09-14 12:48:17.436
57206	30	2026-09-14 12:48:17.436	2026-09-14 12:48:19.619
57206	35	2026-09-14 12:48:19.619	2026-09-14 12:55:11.923
57206	40	2026-09-14 12:55:11.923	2026-09-14 12:55:13.493
57206	45	2026-09-14 12:55:13.493	2026-09-15 10:44:29.117
57206	50	2026-09-15 10:44:29.117	2026-09-16 13:03:48.067
57206	60	2026-09-16 13:03:48.067	2026-09-16 13:03:50.847
57206	80	2026-09-16 13:03:50.847	NULL
57216	20	2026-09-13 12:16:14.635	2026-09-14 09:55:31.883
57216	25	2026-09-14 09:55:31.883	2026-09-14 12:18:26.444
57216	30	2026-09-14 12:18:26.444	2026-09-14 12:18:28.212
57216	35	2026-09-14 12:18:28.212	2026-09-14 12:44:34.465
57216	40	2026-09-14 12:44:34.465	2026-09-14 12:44:36.448
57216	45	2026-09-14 12:44:36.448	2026-09-15 10:43:18.272
57216	50	2026-09-15 10:43:18.272	2026-09-16 13:03:43.813
57216	60	2026-09-16 13:03:43.813	2026-09-16 13:03:46.384
57216	80	2026-09-16 13:03:46.384	NULL
57220	20	2026-09-13 07:50:28.524	2026-09-14 09:47:15.095
57220	25	2026-09-14 09:47:15.095	2026-09-15 14:13:53.760
57220	47	2026-09-15 14:13:53.760	2026-09-15 14:51:36.447
57220	45	2026-09-15 14:51:36.447	2026-09-16 06:55:39.968
57220	48	2026-09-16 06:55:39.968	2026-09-16 06:55:40.574
57220	50	2026-09-16 06:55:40.574	2026-09-16 06:59:48.755
57220	60	2026-09-16 06:59:48.755	2026-09-16 06:59:52.173
57220	80	2026-09-16 06:59:52.173	NULL
57222	20	2026-09-13 13:22:57.997	2026-09-14 09:28:25.448
57222	25	2026-09-14 09:28:25.448	2026-09-14 09:28:29.722
57222	22	2026-09-14 09:28:29.722	2026-09-14 09:28:37.081
57222	25	2026-09-14 09:28:37.081	2026-09-14 12:42:37.733
57222	22	2026-09-14 12:42:37.733	2026-09-14 13:04:36.742
57222	99	2026-09-14 13:04:36.742	NULL
57231	20	2026-09-14 07:22:31.134	2026-09-14 11:50:02.874
57231	25	2026-09-14 11:50:02.874	2026-09-14 11:50:07.102
57231	30	2026-09-14 11:50:07.102	2026-09-14 11:50:15.324
57231	35	2026-09-14 11:50:15.324	2026-09-14 13:42:37.093
57231	40	2026-09-14 13:42:37.093	2026-09-14 13:42:38.978
57231	45	2026-09-14 13:42:38.978	2026-09-14 14:59:47.176
57231	70	2026-09-14 14:59:47.176	2026-09-14 14:59:50.298
57231	80	2026-09-14 14:59:50.298	NULL
57232	20	2026-09-13 12:09:29.434	2026-09-14 08:57:18.746
57232	25	2026-09-14 08:57:18.746	2026-09-15 13:26:26.364
57232	30	2026-09-15 13:26:26.364	2026-09-15 13:26:28.089
57232	35	2026-09-15 13:26:28.089	2026-09-15 13:39:33.726
57232	40	2026-09-15 13:39:33.726	2026-09-15 13:39:35.381
57232	45	2026-09-15 13:39:35.381	2026-09-16 06:56:18.081
57232	50	2026-09-16 06:56:18.081	2026-09-16 07:01:46.651
57232	60	2026-09-16 07:01:46.651	2026-09-16 07:01:49.677
57232	80	2026-09-16 07:01:49.677	NULL
57245	20	2026-09-13 12:15:34.936	2026-09-14 09:56:02.348
57245	25	2026-09-14 09:56:02.348	2026-09-14 11:18:58.110
57245	30	2026-09-14 11:18:58.110	2026-09-14 11:55:38.425
57245	47	2026-09-14 11:55:38.425	2026-09-14 14:41:57.824
57245	45	2026-09-14 14:41:57.824	2026-09-16 06:54:15.655
57245	48	2026-09-16 06:54:15.655	2026-09-16 06:54:17.290
57245	50	2026-09-16 06:54:17.290	2026-09-16 06:57:59.487
57245	60	2026-09-16 06:57:59.487	2026-09-16 06:58:03.858
57245	80	2026-09-16 06:58:03.858	NULL
57246	20	2026-09-13 13:22:34.775	2026-09-14 09:56:16.085
57246	25	2026-09-14 09:56:16.085	2026-09-14 14:53:06.392
57246	22	2026-09-14 14:53:06.392	2026-09-15 09:09:36.657
57246	99	2026-09-15 09:09:36.657	NULL
57259	20	2026-09-13 12:58:22.081	2026-09-14 09:56:32.893
57259	25	2026-09-14 09:56:32.893	2026-09-14 12:20:50.799
57259	30	2026-09-14 12:20:50.799	2026-09-14 12:20:52.836
57259	35	2026-09-14 12:20:52.836	2026-09-14 12:42:21.829
57259	40	2026-09-14 12:42:21.829	2026-09-14 12:42:25.194
57259	45	2026-09-14 12:42:25.194	2026-09-15 10:42:32.290
57259	50	2026-09-15 10:42:32.290	2026-09-16 13:03:39.347
57259	60	2026-09-16 13:03:39.347	2026-09-16 13:03:42.138
57259	80	2026-09-16 13:03:42.138	NULL
57260	20	2026-09-13 11:02:57.976	2026-09-14 08:57:54.272
57260	25	2026-09-14 08:57:54.272	2026-09-14 08:58:17.903
57260	30	2026-09-14 08:58:17.903	2026-09-14 10:04:11.874
57260	35	2026-09-14 10:04:11.874	2026-09-14 10:09:53.135
57260	40	2026-09-14 10:09:53.135	2026-09-14 10:09:55.530
57260	45	2026-09-14 10:09:55.530	2026-09-16 06:54:00.874
57260	50	2026-09-16 06:54:00.874	2026-09-16 06:57:41.837
57260	60	2026-09-16 06:57:41.837	2026-09-16 06:57:46.087
57260	80	2026-09-16 06:57:46.087	NULL
57264	20	2026-09-13 12:13:33.916	2026-09-14 09:57:09.305
57264	25	2026-09-14 09:57:09.305	2026-09-14 12:17:30.288
57264	30	2026-09-14 12:17:30.288	2026-09-14 12:17:32.464
57264	35	2026-09-14 12:17:32.464	2026-09-14 12:42:11.184
57264	40	2026-09-14 12:42:11.184	2026-09-14 12:42:13.279
57264	45	2026-09-14 12:42:13.279	2026-09-15 07:03:33.332
57264	50	2026-09-15 07:03:33.332	2026-09-15 07:16:01.258
57264	60	2026-09-15 07:16:01.258	2026-09-15 07:16:04.570
57264	80	2026-09-15 07:16:04.570	NULL
57272	20	2026-09-14 08:29:00.285	2026-09-15 06:27:52.207
57272	25	2026-09-15 06:27:52.207	2026-09-15 12:39:30.935
57272	30	2026-09-15 12:39:30.935	2026-09-15 12:39:32.787
57272	35	2026-09-15 12:39:32.787	2026-09-16 08:15:39.049
57272	40	2026-09-16 08:15:39.049	2026-09-16 08:15:41.114
57272	45	2026-09-16 08:15:41.114	2026-09-17 07:17:16.115
57272	50	2026-09-17 07:17:16.115	2026-09-17 07:28:33.056
57272	60	2026-09-17 07:28:33.056	2026-09-17 07:28:35.960
57272	80	2026-09-17 07:28:35.960	NULL
57278	20	2026-09-13 12:49:05.929	2026-09-14 09:57:37.331
57278	25	2026-09-14 09:57:37.331	2026-09-14 12:16:52.750
57278	30	2026-09-14 12:16:52.750	2026-09-14 12:16:54.809
57278	35	2026-09-14 12:16:54.809	2026-09-14 12:42:03.155
57278	40	2026-09-14 12:42:03.155	2026-09-14 12:42:05.640
57278	45	2026-09-14 12:42:05.640	2026-09-15 10:42:04.535
57278	50	2026-09-15 10:42:04.535	2026-09-16 13:03:34.380
57278	60	2026-09-16 13:03:34.380	2026-09-16 13:03:37.429
57278	80	2026-09-16 13:03:37.429	NULL
57286	20	2026-09-13 09:56:53.508	2026-09-14 09:57:52.410
57286	25	2026-09-14 09:57:52.410	2026-09-14 12:48:48.320
57286	30	2026-09-14 12:48:48.320	2026-09-14 12:48:50.336
57286	35	2026-09-14 12:48:50.336	2026-09-14 12:54:59.912
57286	40	2026-09-14 12:54:59.912	2026-09-14 12:55:01.608
57286	45	2026-09-14 12:55:01.608	2026-09-15 10:41:44.585
57286	50	2026-09-15 10:41:44.585	2026-09-16 13:03:24.181
57286	60	2026-09-16 13:03:24.181	2026-09-16 13:03:32.004
57286	80	2026-09-16 13:03:32.004	NULL
57299	20	2026-09-13 13:41:53.917	2026-09-14 08:52:41.959
57299	25	2026-09-14 08:52:41.959	2026-09-16 10:50:59.565
57299	30	2026-09-16 10:50:59.565	2026-09-16 10:51:01.732
57299	35	2026-09-16 10:51:01.732	2026-09-16 12:40:34.958
57299	40	2026-09-16 12:40:34.958	2026-09-16 12:40:37.101
57299	45	2026-09-16 12:40:37.101	2026-09-17 08:28:54.070
57299	50	2026-09-17 08:28:54.070	2026-09-17 13:04:22.597
57299	60	2026-09-17 13:04:22.597	2026-09-17 13:04:26.305
57299	80	2026-09-17 13:04:26.305	NULL
57300	20	2026-09-13 13:03:35.714	2026-09-14 09:58:20.736
57300	25	2026-09-14 09:58:20.736	2026-09-14 12:22:43.943
57300	30	2026-09-14 12:22:43.943	2026-09-14 12:22:46.210
57300	35	2026-09-14 12:22:46.210	2026-09-14 12:41:55.456
57300	40	2026-09-14 12:41:55.456	2026-09-14 12:41:57.678
57300	45	2026-09-14 12:41:57.678	2026-09-15 10:41:17.777
57300	50	2026-09-15 10:41:17.777	2026-09-16 13:00:30.110
57300	60	2026-09-16 13:00:30.110	2026-09-16 13:00:32.374
57300	80	2026-09-16 13:00:32.374	NULL
57314	20	2026-09-13 13:44:04.284	2026-09-14 09:58:39.985
57314	25	2026-09-14 09:58:39.985	2026-09-14 12:20:08.673
57314	30	2026-09-14 12:20:08.673	2026-09-14 12:20:10.627
57314	35	2026-09-14 12:20:10.627	2026-09-14 12:39:23.816
57314	40	2026-09-14 12:39:23.816	2026-09-14 12:39:31.466
57314	45	2026-09-14 12:39:31.466	2026-09-15 10:40:37.230
57314	50	2026-09-15 10:40:37.230	2026-09-16 13:00:24.967
57314	60	2026-09-16 13:00:24.967	2026-09-16 13:00:27.779
57314	80	2026-09-16 13:00:27.779	NULL
57328	20	2026-09-14 09:15:13.488	2026-09-15 06:23:35.973
57328	25	2026-09-15 06:23:35.973	2026-09-16 10:54:34.608
57328	30	2026-09-16 10:54:34.608	2026-09-16 10:54:36.589
57328	35	2026-09-16 10:54:36.589	2026-09-16 12:40:28.640
57328	40	2026-09-16 12:40:28.640	2026-09-16 12:40:30.293
57328	45	2026-09-16 12:40:30.293	2026-09-17 08:28:46.476
57328	50	2026-09-17 08:28:46.476	2026-09-17 13:04:15.292
57328	60	2026-09-17 13:04:15.292	2026-09-17 13:04:18.355
57328	80	2026-09-17 13:04:18.355	NULL
57329	20	2026-09-13 11:56:33.078	2026-09-14 08:58:32.187
57329	25	2026-09-14 08:58:32.187	2026-09-14 08:58:34.459
57329	30	2026-09-14 08:58:34.459	2026-09-14 10:05:09.226
57329	35	2026-09-14 10:05:09.226	2026-09-14 10:09:44.431
57329	40	2026-09-14 10:09:44.431	2026-09-14 10:09:47.272
57329	45	2026-09-14 10:09:47.272	2026-09-15 10:39:42.296
57329	50	2026-09-15 10:39:42.296	2026-09-16 13:00:19.986
57329	60	2026-09-16 13:00:19.986	2026-09-16 13:00:22.745
57329	80	2026-09-16 13:00:22.745	NULL
57339	20	2026-09-13 13:25:13.019	2026-09-14 09:11:56.114
57339	25	2026-09-14 09:11:56.114	2026-09-14 09:11:58.382
57339	30	2026-09-14 09:11:58.382	2026-09-14 12:13:57.214
57339	35	2026-09-14 12:13:57.214	2026-09-14 12:53:20.795
57339	40	2026-09-14 12:53:20.795	2026-09-14 12:53:22.648
57339	45	2026-09-14 12:53:22.648	2026-09-15 07:03:19.688
57339	50	2026-09-15 07:03:19.688	2026-09-15 07:15:45.611
57339	60	2026-09-15 07:15:45.611	2026-09-15 07:15:49.299
57339	80	2026-09-15 07:15:49.299	NULL
57345	20	2026-09-13 13:42:08.556	2026-09-14 09:47:43.325
57345	25	2026-09-14 09:47:43.325	2026-09-14 13:40:18.630
57345	22	2026-09-14 13:40:18.630	2026-09-14 13:44:24.598
57345	99	2026-09-14 13:44:24.598	NULL
57382	20	2026-09-13 14:13:15.178	2026-09-14 09:30:52.275
57382	25	2026-09-14 09:30:52.275	2026-09-14 09:30:54.469
57382	30	2026-09-14 09:30:54.469	2026-09-14 11:18:34.423
57382	35	2026-09-14 11:18:34.423	2026-09-14 11:55:49.173
57382	40	2026-09-14 11:55:49.173	2026-09-14 11:55:51.473
57382	45	2026-09-14 11:55:51.473	2026-09-15 10:37:45.095
57382	50	2026-09-15 10:37:45.095	2026-09-16 13:00:14.246
57382	60	2026-09-16 13:00:14.246	2026-09-16 13:00:17.600
57382	80	2026-09-16 13:00:17.600	NULL
57387	20	2026-09-14 07:58:18.599	2026-09-15 06:23:52.269
57387	25	2026-09-15 06:23:52.269	2026-09-15 13:08:38.180
57387	47	2026-09-15 13:08:38.180	2026-09-15 14:14:06.472
57387	45	2026-09-15 14:14:06.472	2026-09-16 06:55:18.529
57387	48	2026-09-16 06:55:18.529	2026-09-16 06:55:19.174
57387	50	2026-09-16 06:55:19.174	2026-09-16 06:59:08.008
57387	60	2026-09-16 06:59:08.008	2026-09-16 06:59:11.992
57387	80	2026-09-16 06:59:11.992	NULL
57395	20	2026-09-14 11:50:31.780	2026-09-15 15:08:14.549
57395	25	2026-09-15 15:08:14.549	2026-09-16 10:52:41.745
57395	30	2026-09-16 10:52:41.745	2026-09-16 10:52:44.167
57395	35	2026-09-16 10:52:44.167	2026-09-16 12:44:06.385
57395	40	2026-09-16 12:44:06.385	2026-09-16 12:44:08.728
57395	45	2026-09-16 12:44:08.728	2026-09-17 07:18:48.276
57395	50	2026-09-17 07:18:48.276	2026-09-17 07:28:25.043
57395	60	2026-09-17 07:28:25.043	2026-09-17 07:28:28.149
57395	80	2026-09-17 07:28:28.149	NULL
57405	20	2026-09-15 12:27:12.363	2026-09-16 05:26:21.137
57405	25	2026-09-16 05:26:21.137	2026-09-16 05:26:24.163
57405	30	2026-09-16 05:26:24.163	2026-09-16 10:10:50.781
57405	47	2026-09-16 10:10:50.781	2026-09-16 12:37:09.078
57405	45	2026-09-16 12:37:09.078	2026-09-16 13:31:58.672
57405	48	2026-09-16 13:31:58.672	2026-09-16 13:32:00.887
57405	70	2026-09-16 13:32:00.887	2026-09-17 12:00:00.393
57405	50	2026-09-17 12:00:00.393	2026-09-17 12:00:03.706
57405	81	2026-09-17 12:00:03.706	2026-09-17 12:00:20.857
57405	80	2026-09-17 12:00:20.857	NULL
57406	20	2026-09-15 09:26:18.952	2026-09-16 07:45:10.577
57406	25	2026-09-16 07:45:10.577	2026-09-16 10:25:17.611
57406	30	2026-09-16 10:25:17.611	2026-09-16 10:25:20.293
57406	35	2026-09-16 10:25:20.293	2026-09-16 10:25:23.442
57406	40	2026-09-16 10:25:23.442	2026-09-16 10:25:26.121
57406	45	2026-09-16 10:25:26.121	2026-09-17 08:28:40.900
57406	50	2026-09-17 08:28:40.900	2026-09-17 13:04:08.331
57406	60	2026-09-17 13:04:08.331	2026-09-17 13:04:11.777
57406	80	2026-09-17 13:04:11.777	NULL
57422	20	2026-09-16 11:19:10.113	2026-09-17 09:02:09.735
57422	25	2026-09-17 09:02:09.735	2026-09-17 09:02:11.889
57422	30	2026-09-17 09:02:11.889	2026-09-17 09:02:16.519
57422	50	2026-09-17 09:02:16.519	2026-09-29 12:23:25.380
57422	60	2026-09-29 12:23:25.380	2026-09-29 12:23:28.393
57422	80	2026-09-29 12:23:28.393	NULL
57440	20	2026-09-18 09:01:27.427	2026-09-18 09:38:02.087
57440	25	2026-09-18 09:38:02.087	2026-09-18 11:50:31.200
57440	30	2026-09-18 11:50:31.200	2026-09-18 11:50:34.079
57440	35	2026-09-18 11:50:34.079	2026-09-18 12:04:26.488
57440	40	2026-09-18 12:04:26.488	2026-09-18 12:04:29.084
57440	45	2026-09-18 12:04:29.084	2026-09-18 13:09:33.072
57440	70	2026-09-18 13:09:33.072	2026-09-24 11:23:59.822
57440	80	2026-09-24 11:23:59.822	NULL
57456	20	2026-09-14 10:19:04.344	2026-09-15 05:50:14.453
57456	25	2026-09-15 05:50:14.453	2026-09-15 05:50:33.279
57456	30	2026-09-15 05:50:33.279	2026-09-16 11:25:09.605
57456	35	2026-09-16 11:25:09.605	2026-09-16 12:35:55.804
57456	40	2026-09-16 12:35:55.804	2026-09-16 12:35:57.979
57456	45	2026-09-16 12:35:57.979	2026-09-17 07:09:12.744
57456	50	2026-09-17 07:09:12.744	2026-09-17 07:11:16.941
57456	60	2026-09-17 07:11:16.941	2026-09-17 07:11:20.602
57456	80	2026-09-17 07:11:20.602	NULL
57472	20	2026-09-14 09:10:17.245	2026-09-15 05:49:56.016
57472	25	2026-09-15 05:49:56.016	2026-09-15 05:50:00.313
57472	30	2026-09-15 05:50:00.313	2026-09-16 11:23:28.299
57472	35	2026-09-16 11:23:28.299	2026-09-16 12:34:12.110
57472	40	2026-09-16 12:34:12.110	2026-09-16 12:35:47.647
57472	45	2026-09-16 12:35:47.647	2026-09-17 08:28:34.810
57472	50	2026-09-17 08:28:34.810	2026-09-17 13:04:02.597
57472	60	2026-09-17 13:04:02.597	2026-09-17 13:04:05.403
57472	80	2026-09-17 13:04:05.403	NULL
57489	20	2026-09-14 08:55:37.269	2026-09-15 05:49:39.701
57489	25	2026-09-15 05:49:39.701	2026-09-15 05:49:44.685
57489	30	2026-09-15 05:49:44.685	2026-09-16 11:23:56.182
57489	35	2026-09-16 11:23:56.182	2026-09-16 12:34:04.077
57489	40	2026-09-16 12:34:04.077	2026-09-16 12:34:05.880
57489	45	2026-09-16 12:34:05.880	2026-09-17 07:28:09.999
57489	50	2026-09-17 07:28:09.999	2026-09-17 07:28:15.476
57489	60	2026-09-17 07:28:15.476	2026-09-17 07:28:19.087
57489	80	2026-09-17 07:28:19.087	NULL
57494	20	2026-09-15 14:36:47.503	2026-09-15 14:55:49.905
57494	25	2026-09-15 14:55:49.905	2026-09-16 10:07:12.683
57494	30	2026-09-16 10:07:12.683	2026-09-16 10:07:23.889
57494	35	2026-09-16 10:07:23.889	2026-09-16 10:07:31.779
57494	40	2026-09-16 10:07:31.779	2026-09-16 10:07:33.832
57494	45	2026-09-16 10:07:33.832	2026-09-17 07:09:07.596
57494	50	2026-09-17 07:09:07.596	2026-09-17 07:11:28.734
57494	60	2026-09-17 07:11:28.734	2026-09-17 07:11:32.332
57494	80	2026-09-17 07:11:32.332	NULL
57495	20	2026-09-14 11:29:54.211	2026-09-15 06:27:24.325
57495	25	2026-09-15 06:27:24.325	2026-09-15 13:32:06.426
57495	30	2026-09-15 13:32:06.426	2026-09-15 13:32:09.062
57495	35	2026-09-15 13:32:09.062	2026-09-15 13:39:18.031
57495	40	2026-09-15 13:39:18.031	2026-09-15 13:39:20.035
57495	45	2026-09-15 13:39:20.035	2026-09-16 06:56:12.513
57495	50	2026-09-16 06:56:12.513	2026-09-16 07:01:38.483
57495	60	2026-09-16 07:01:38.483	2026-09-16 07:01:41.083
57495	80	2026-09-16 07:01:41.083	NULL
57500	20	2026-09-14 12:42:29.282	2026-09-15 06:27:09.945
57500	25	2026-09-15 06:27:09.945	2026-09-15 13:31:51.161
57500	30	2026-09-15 13:31:51.161	2026-09-15 13:31:53.159
57500	35	2026-09-15 13:31:53.159	2026-09-15 13:39:03.744
57500	40	2026-09-15 13:39:03.744	2026-09-15 13:39:06.246
57500	45	2026-09-15 13:39:06.246	2026-09-16 06:55:57.617
57500	50	2026-09-16 06:55:57.617	2026-09-16 07:01:23.285
57500	60	2026-09-16 07:01:23.285	2026-09-16 07:01:26.715
57500	80	2026-09-16 07:01:26.715	NULL
57503	20	2026-09-17 09:22:42.708	2026-09-17 11:12:26.181
57503	25	2026-09-17 11:12:26.181	2026-09-18 12:55:18.424
57503	30	2026-09-18 12:55:18.424	2026-09-18 12:55:20.675
57503	35	2026-09-18 12:55:20.675	2026-09-18 12:56:05.244
57503	40	2026-09-18 12:56:05.244	2026-09-18 12:56:08.258
57503	45	2026-09-18 12:56:08.258	2026-09-21 07:20:18.222
57503	50	2026-09-21 07:20:18.222	2026-09-21 07:20:23.268
57503	60	2026-09-21 07:20:23.268	2026-09-21 07:20:26.517
57503	80	2026-09-21 07:20:26.517	NULL
57507	20	2026-09-14 09:12:43.031	2026-09-15 06:25:59.227
57507	25	2026-09-15 06:25:59.227	2026-09-16 10:11:14.317
57507	30	2026-09-16 10:11:14.317	2026-09-16 10:11:26.160
57507	35	2026-09-16 10:11:26.160	2026-09-16 10:11:29.390
57507	40	2026-09-16 10:11:29.390	2026-09-16 10:11:31.239
57507	45	2026-09-16 10:11:31.239	2026-09-17 07:17:09.101
57507	50	2026-09-17 07:17:09.101	2026-09-17 07:27:00.047
57507	60	2026-09-17 07:27:00.047	2026-09-17 07:27:03.105
57507	80	2026-09-17 07:27:03.105	NULL
57508	20	2026-09-14 12:50:16.895	2026-09-16 07:43:28.113
57508	25	2026-09-16 07:43:28.113	2026-09-16 07:43:30.686
57508	30	2026-09-16 07:43:30.686	2026-09-17 07:52:19.877
57508	35	2026-09-17 07:52:19.877	2026-09-17 07:52:26.814
57508	40	2026-09-17 07:52:26.814	2026-09-17 07:52:30.786
57508	45	2026-09-17 07:52:30.786	2026-09-17 07:54:00.289
57508	70	2026-09-17 07:54:00.289	2026-09-17 12:18:36.628
57508	80	2026-09-17 12:18:36.628	NULL
57509	20	2026-09-14 09:56:52.478	2026-09-15 05:49:07.594
57509	25	2026-09-15 05:49:07.594	2026-09-15 05:49:10.710
57509	30	2026-09-15 05:49:10.710	2026-09-16 11:24:21.415
57509	35	2026-09-16 11:24:21.415	2026-09-16 12:33:55.695
57509	40	2026-09-16 12:33:55.695	2026-09-16 12:33:58.084
57509	45	2026-09-16 12:33:58.084	2026-09-17 07:16:35.157
57509	50	2026-09-17 07:16:35.157	2026-09-17 07:26:49.390
57509	60	2026-09-17 07:26:49.390	2026-09-17 07:26:53.033
57509	80	2026-09-17 07:26:53.033	NULL
57516	20	2026-09-14 13:37:03.720	2026-09-15 06:25:16.836
57516	25	2026-09-15 06:25:16.836	2026-09-15 12:57:40.783
57516	30	2026-09-15 12:57:40.783	2026-09-15 12:57:42.821
57516	35	2026-09-15 12:57:42.821	2026-09-15 13:08:12.664
57516	40	2026-09-15 13:08:12.664	2026-09-15 13:08:14.711
57516	45	2026-09-15 13:08:14.711	2026-09-16 06:56:05.932
57516	50	2026-09-16 06:56:05.932	2026-09-16 07:01:31.145
57516	60	2026-09-16 07:01:31.145	2026-09-16 07:01:33.702
57516	80	2026-09-16 07:01:33.702	NULL
57517	20	2026-09-14 13:54:53.146	2026-09-15 06:28:44.358
57517	25	2026-09-15 06:28:44.358	2026-09-15 06:28:52.536
57517	30	2026-09-15 06:28:52.536	2026-09-15 06:28:55.589
57517	50	2026-09-15 06:28:55.589	2026-09-29 12:23:40.655
57517	60	2026-09-29 12:23:40.655	2026-09-29 12:23:44.018
57517	80	2026-09-29 12:23:44.018	NULL
57525	20	2026-09-14 11:51:21.359	2026-09-15 06:23:06.837
57525	25	2026-09-15 06:23:06.837	2026-09-16 10:56:42.067
57525	30	2026-09-16 10:56:42.067	2026-09-16 10:56:44.593
57525	35	2026-09-16 10:56:44.593	2026-09-16 12:40:22.381
57525	40	2026-09-16 12:40:22.381	2026-09-16 12:40:23.735
57525	45	2026-09-16 12:40:23.735	2026-09-17 08:28:26.978
57525	50	2026-09-17 08:28:26.978	2026-09-17 13:03:57.347
57525	60	2026-09-17 13:03:57.347	2026-09-17 13:04:00.181
57525	80	2026-09-17 13:04:00.181	NULL
57537	20	2026-09-14 11:56:21.480	2026-09-15 06:26:52.982
57537	25	2026-09-15 06:26:52.982	2026-09-15 13:31:36.344
57537	30	2026-09-15 13:31:36.344	2026-09-15 13:31:38.965
57537	35	2026-09-15 13:31:38.965	2026-09-15 13:38:55.383
57537	40	2026-09-15 13:38:55.383	2026-09-15 13:38:57.816
57537	45	2026-09-15 13:38:57.816	2026-09-16 08:16:18.314
57537	50	2026-09-16 08:16:18.314	2026-09-16 13:00:07.625
57537	60	2026-09-16 13:00:07.625	2026-09-16 13:00:11.344
57537	80	2026-09-16 13:00:11.344	NULL
57540	20	2026-09-18 06:36:09.427	2026-09-21 07:22:32.169
57540	25	2026-09-21 07:22:32.169	2026-09-21 07:22:35.767
57540	30	2026-09-21 07:22:35.767	2026-09-21 12:38:10.474
57540	35	2026-09-21 12:38:10.474	2026-09-21 12:39:53.797
57540	40	2026-09-21 12:39:53.797	2026-09-21 12:39:55.755
57540	45	2026-09-21 12:39:55.755	2026-09-21 14:10:28.143
57540	50	2026-09-21 14:10:28.143	2026-09-23 06:57:30.535
57540	60	2026-09-23 06:57:30.535	2026-09-23 06:57:34.108
57540	80	2026-09-23 06:57:34.108	NULL
57547	20	2026-09-17 07:53:03.460	2026-09-17 19:06:35.468
57547	25	2026-09-17 19:06:35.468	2026-09-18 06:27:01.249
57547	30	2026-09-18 06:27:01.249	2026-09-18 09:16:39.783
57547	35	2026-09-18 09:16:39.783	2026-09-18 09:23:07.178
57547	40	2026-09-18 09:23:07.178	2026-09-18 09:23:08.795
57547	45	2026-09-18 09:23:08.795	2026-09-21 07:05:16.266
57547	50	2026-09-21 07:05:16.266	2026-09-21 07:08:23.003
57547	60	2026-09-21 07:08:23.003	2026-09-21 07:08:25.880
57547	80	2026-09-21 07:08:25.880	NULL
57557	20	2026-09-23 07:37:07.248	2026-09-24 08:12:03.707
57557	25	2026-09-24 08:12:03.707	2026-09-24 08:12:07.128
57557	30	2026-09-24 08:12:07.128	2026-09-24 10:57:31.191
57557	35	2026-09-24 10:57:31.191	2026-09-24 11:02:14.443
57557	40	2026-09-24 11:02:14.443	2026-09-24 11:02:16.753
57557	45	2026-09-24 11:02:16.753	2026-09-25 11:11:04.261
57557	50	2026-09-25 11:11:04.261	2026-09-25 13:02:26.919
57557	60	2026-09-25 13:02:26.919	2026-09-25 13:02:35.262
57557	80	2026-09-25 13:02:35.262	NULL
57558	20	2026-09-18 12:55:48.100	2026-09-21 06:56:12.222
57558	25	2026-09-21 06:56:12.222	2026-09-21 06:56:15.618
57558	30	2026-09-21 06:56:15.618	2026-09-21 12:21:49.425
57558	35	2026-09-21 12:21:49.425	2026-09-21 12:32:03.797
57558	40	2026-09-21 12:32:03.797	2026-09-21 12:32:06.067
57558	45	2026-09-21 12:32:06.067	2026-09-21 14:10:20.768
57558	50	2026-09-21 14:10:20.768	2026-09-23 06:57:23.762
57558	60	2026-09-23 06:57:23.762	2026-09-23 06:57:27.206
57558	80	2026-09-23 06:57:27.206	NULL
57567	20	2026-09-14 13:51:24.946	2026-09-15 05:48:46.501
57567	25	2026-09-15 05:48:46.501	2026-09-15 05:48:48.925
57567	30	2026-09-15 05:48:48.925	2026-09-15 05:48:51.372
57567	35	2026-09-15 05:48:51.372	2026-09-16 12:32:53.584
57567	40	2026-09-16 12:32:53.584	2026-09-16 12:32:56.294
57567	45	2026-09-16 12:32:56.294	2026-09-17 07:16:28.380
57567	50	2026-09-17 07:16:28.380	2026-09-17 07:26:38.401
57567	60	2026-09-17 07:26:38.401	2026-09-17 07:26:41.517
57567	80	2026-09-17 07:26:41.517	NULL
57568	20	2026-09-14 13:53:23.289	2026-09-15 06:18:52.856
57568	25	2026-09-15 06:18:52.856	2026-09-15 12:17:44.410
57568	30	2026-09-15 12:17:44.410	2026-09-15 12:17:46.579
57568	35	2026-09-15 12:17:46.579	2026-09-15 13:09:10.987
57568	40	2026-09-15 13:09:10.987	2026-09-15 13:09:12.835
57568	45	2026-09-15 13:09:12.835	2026-09-16 08:16:10.044
57568	50	2026-09-16 08:16:10.044	2026-09-16 12:59:43.441
57568	60	2026-09-16 12:59:43.441	2026-09-16 12:59:50.026
57568	80	2026-09-16 12:59:50.026	NULL
57571	20	2026-09-14 13:36:47.400	2026-09-14 22:06:47.834
57571	22	2026-09-14 22:06:47.834	2026-09-15 11:34:50.923
57571	99	2026-09-15 11:34:50.923	NULL
57572	20	2026-09-14 13:41:41.081	2026-09-15 06:24:52.708
57572	25	2026-09-15 06:24:52.708	2026-09-15 12:57:30.243
57572	30	2026-09-15 12:57:30.243	2026-09-15 12:57:32.035
57572	35	2026-09-15 12:57:32.035	2026-09-15 13:08:25.146
57572	40	2026-09-15 13:08:25.146	2026-09-15 13:08:27.898
57572	45	2026-09-15 13:08:27.898	2026-09-16 08:16:01.209
57572	50	2026-09-16 08:16:01.209	2026-09-16 12:59:32.368
57572	60	2026-09-16 12:59:32.368	2026-09-16 12:59:35.719
57572	80	2026-09-16 12:59:35.719	NULL
57574	20	2026-09-14 13:56:11.767	2026-09-15 06:26:15.147
57574	25	2026-09-15 06:26:15.147	2026-09-16 12:41:52.907
57574	30	2026-09-16 12:41:52.907	2026-09-16 12:41:54.751
57574	50	2026-09-16 12:41:54.751	2026-09-18 10:03:06.336
57574	60	2026-09-18 10:03:06.336	2026-09-18 10:03:08.290
57574	80	2026-09-18 10:03:08.290	NULL
57579	20	2026-09-14 13:54:16.269	2026-09-14 22:03:31.932
57579	25	2026-09-14 22:03:31.932	2026-09-15 12:17:25.663
57579	30	2026-09-15 12:17:25.663	2026-09-15 12:17:27.694
57579	35	2026-09-15 12:17:27.694	2026-09-15 13:09:25.810
57579	40	2026-09-15 13:09:25.810	2026-09-15 13:09:27.796
57579	45	2026-09-15 13:09:27.796	2026-09-15 13:57:32.523
57579	50	2026-09-15 13:57:32.523	2026-09-15 13:57:47.679
57579	70	2026-09-15 13:57:47.679	2026-09-15 13:57:50.872
57579	80	2026-09-15 13:57:50.872	NULL
57581	20	2026-09-14 13:58:26.194	2026-09-15 05:48:28.594
57581	25	2026-09-15 05:48:28.594	2026-09-15 05:48:34.018
57581	30	2026-09-15 05:48:34.018	2026-09-16 10:06:33.030
57581	35	2026-09-16 10:06:33.030	2026-09-16 10:06:40.422
57581	40	2026-09-16 10:06:40.422	2026-09-16 10:06:43.507
57581	45	2026-09-16 10:06:43.507	2026-09-16 13:31:44.108
57581	70	2026-09-16 13:31:44.108	2026-09-17 08:26:08.143
57581	80	2026-09-17 08:26:08.143	NULL
57588	20	2026-09-15 14:56:20.594	2026-09-16 05:23:36.351
57588	25	2026-09-16 05:23:36.351	2026-09-16 05:23:38.416
57588	30	2026-09-16 05:23:38.416	2026-09-16 11:26:41.369
57588	35	2026-09-16 11:26:41.369	2026-09-16 12:36:17.306
57588	40	2026-09-16 12:36:17.306	2026-09-16 12:36:19.253
57588	45	2026-09-16 12:36:19.253	2026-09-17 07:14:34.366
57588	50	2026-09-17 07:14:34.366	2026-09-17 07:26:31.310
57588	60	2026-09-17 07:26:31.310	2026-09-17 07:26:33.893
57588	80	2026-09-17 07:26:33.893	NULL
57596	20	2026-09-15 12:27:57.558	2026-09-16 06:22:18.512
57596	99	2026-09-16 06:22:18.512	NULL
57603	20	2026-09-16 06:34:42.824	2026-09-17 08:34:17.768
57603	25	2026-09-17 08:34:17.768	2026-09-17 08:34:21.100
57603	30	2026-09-17 08:34:21.100	2026-09-17 11:43:03.272
57603	35	2026-09-17 11:43:03.272	2026-09-17 12:04:23.839
57603	40	2026-09-17 12:04:23.839	2026-09-17 12:04:28.100
57603	45	2026-09-17 12:04:28.100	2026-09-18 07:30:57.204
57603	50	2026-09-18 07:30:57.204	2026-09-18 07:31:51.681
57603	60	2026-09-18 07:31:51.681	2026-09-18 07:31:53.985
57603	80	2026-09-18 07:31:53.985	NULL
57614	20	2026-09-16 12:43:16.944	2026-09-16 13:18:58.834
57614	25	2026-09-16 13:18:58.834	2026-09-17 08:23:34.053
57614	30	2026-09-17 08:23:34.053	2026-09-17 08:23:37.235
57614	22	2026-09-17 08:23:37.235	2026-09-17 08:23:46.393
57614	25	2026-09-17 08:23:46.393	2026-09-17 08:23:49.450
57614	30	2026-09-17 08:23:49.450	2026-09-17 13:36:33.947
57614	50	2026-09-17 13:36:33.947	2026-09-17 13:39:59.230
57614	60	2026-09-17 13:39:59.230	2026-09-17 13:40:02.168
57614	80	2026-09-17 13:40:02.168	NULL
57626	20	2026-09-17 07:44:38.530	2026-09-17 18:58:39.318
57626	25	2026-09-17 18:58:39.318	2026-09-18 11:56:26.873
57626	30	2026-09-18 11:56:26.873	2026-09-18 11:56:28.968
57626	50	2026-09-18 11:56:28.968	2026-09-23 06:57:16.477
57626	60	2026-09-23 06:57:16.477	2026-09-23 06:57:20.318
57626	80	2026-09-23 06:57:20.318	NULL
57634	20	2026-09-15 07:37:08.197	2026-09-16 05:24:59.738
57634	25	2026-09-16 05:24:59.738	2026-09-17 08:34:31.407
57634	30	2026-09-17 08:34:31.407	2026-09-17 10:31:01.111
57634	35	2026-09-17 10:31:01.111	2026-09-17 10:37:57.041
57634	40	2026-09-17 10:37:57.041	2026-09-17 10:38:00.141
57634	45	2026-09-17 10:38:00.141	2026-09-17 12:43:52.852
57634	50	2026-09-17 12:43:52.852	2026-09-17 13:03:52.696
57634	60	2026-09-17 13:03:52.696	2026-09-17 13:03:55.068
57634	80	2026-09-17 13:03:55.068	NULL
57635	20	2026-09-15 12:37:00.550	2026-09-16 05:23:17.994
57635	25	2026-09-16 05:23:17.994	2026-09-16 05:23:22.036
57635	30	2026-09-16 05:23:22.036	2026-09-16 11:25:57.887
57635	35	2026-09-16 11:25:57.887	2026-09-16 12:36:09.101
57635	40	2026-09-16 12:36:09.101	2026-09-16 12:36:12.319
57635	45	2026-09-16 12:36:12.319	2026-09-17 07:14:27.364
57635	50	2026-09-17 07:14:27.364	2026-09-17 07:26:23.977
57635	60	2026-09-17 07:26:23.977	2026-09-17 07:26:26.896
57635	80	2026-09-17 07:26:26.896	NULL
57639	20	2026-09-18 06:29:50.669	2026-09-18 07:55:36.325
57639	25	2026-09-18 07:55:36.325	2026-09-18 12:45:34.887
57639	30	2026-09-18 12:45:34.887	2026-09-18 12:45:37.879
57639	35	2026-09-18 12:45:37.879	2026-09-18 12:53:02.561
57639	40	2026-09-18 12:53:02.561	2026-09-18 12:53:04.886
57639	45	2026-09-18 12:53:04.886	2026-09-21 07:20:41.868
57639	50	2026-09-21 07:20:41.868	2026-09-21 07:20:46.643
57639	60	2026-09-21 07:20:46.643	2026-09-21 07:20:49.785
57639	80	2026-09-21 07:20:49.785	NULL
57641	20	2026-09-17 08:43:32.440	2026-09-17 19:01:56.177
57641	25	2026-09-17 19:01:56.177	2026-09-18 09:58:19.822
57641	30	2026-09-18 09:58:19.822	2026-09-18 09:58:23.571
57641	35	2026-09-18 09:58:23.571	2026-09-18 10:02:55.092
57641	40	2026-09-18 10:02:55.092	2026-09-18 10:02:57.106
57641	45	2026-09-18 10:02:57.106	2026-09-21 07:05:28.022
57641	50	2026-09-21 07:05:28.022	2026-09-21 07:07:00.704
57641	60	2026-09-21 07:07:00.704	2026-09-21 07:08:08.635
57641	80	2026-09-21 07:08:08.635	NULL
57659	20	2026-09-15 07:45:11.150	2026-09-15 08:57:31.987
57659	22	2026-09-15 08:57:31.987	2026-09-15 11:36:14.139
57659	99	2026-09-15 11:36:14.139	NULL
57667	20	2026-09-15 13:53:35.673	2026-09-16 05:25:23.810
57667	25	2026-09-16 05:25:23.810	2026-09-16 05:25:26.954
57667	30	2026-09-16 05:25:26.954	2026-09-16 10:09:12.339
57667	35	2026-09-16 10:09:12.339	2026-09-16 10:09:17.004
57667	40	2026-09-16 10:09:17.004	2026-09-16 10:09:18.857
57667	45	2026-09-16 10:09:18.857	2026-09-17 07:09:02.881
57667	50	2026-09-17 07:09:02.881	2026-09-17 10:46:59.155
57667	60	2026-09-17 10:46:59.155	2026-09-17 10:47:01.933
57667	80	2026-09-17 10:47:01.933	NULL
57669	20	2026-09-16 13:28:09.470	2026-09-17 08:34:04.601
57669	25	2026-09-17 08:34:04.601	2026-09-17 08:34:06.998
57669	30	2026-09-17 08:34:06.998	2026-09-17 11:42:12.294
57669	35	2026-09-17 11:42:12.294	2026-09-17 12:03:16.320
57669	40	2026-09-17 12:03:16.320	2026-09-17 12:04:16.598
57669	45	2026-09-17 12:04:16.598	2026-09-17 12:43:47.002
57669	50	2026-09-17 12:43:47.002	2026-09-17 13:03:48.524
57669	60	2026-09-17 13:03:48.524	2026-09-17 13:03:51.078
57669	80	2026-09-17 13:03:51.078	NULL
57682	20	2026-09-16 08:27:32.510	2026-09-17 08:38:33.190
57682	25	2026-09-17 08:38:33.190	2026-09-17 10:04:43.337
57682	47	2026-09-17 10:04:43.337	2026-09-18 12:03:18.429
57682	45	2026-09-18 12:03:18.429	2026-09-21 07:04:36.236
57682	48	2026-09-21 07:04:36.236	2026-09-21 07:04:38.250
57682	50	2026-09-21 07:04:38.250	2026-09-21 07:10:32.989
57682	60	2026-09-21 07:10:32.989	2026-09-21 07:10:36.447
57682	80	2026-09-21 07:10:36.447	NULL
57686	20	2026-09-18 13:04:36.976	2026-09-21 07:18:08.195
57686	25	2026-09-21 07:18:08.195	2026-09-21 12:49:10.508
57686	30	2026-09-21 12:49:10.508	2026-09-21 12:49:13.503
57686	35	2026-09-21 12:49:13.503	2026-09-21 13:11:51.867
57686	47	2026-09-21 13:11:51.867	2026-09-21 13:11:55.763
57686	45	2026-09-21 13:11:55.763	2026-09-21 14:10:12.025
57686	48	2026-09-21 14:10:12.025	2026-09-21 14:10:13.530
57686	50	2026-09-21 14:10:13.530	2026-09-23 06:57:09.933
57686	60	2026-09-23 06:57:09.933	2026-09-23 06:57:12.856
57686	80	2026-09-23 06:57:12.856	NULL
57687	20	2026-09-16 06:26:50.886	2026-09-17 08:53:09.553
57687	25	2026-09-17 08:53:09.553	2026-09-17 08:53:12.545
57687	30	2026-09-17 08:53:12.545	2026-09-17 12:05:19.032
57687	47	2026-09-17 12:05:19.032	2026-09-18 12:55:52.625
57687	45	2026-09-18 12:55:52.625	2026-09-21 07:04:21.252
57687	48	2026-09-21 07:04:21.252	2026-09-21 07:04:23.206
57687	50	2026-09-21 07:04:23.206	2026-09-21 07:10:43.078
57687	60	2026-09-21 07:10:43.078	2026-09-21 07:10:46.286
57687	80	2026-09-21 07:10:46.286	NULL
57692	20	2026-09-17 07:21:33.019	2026-09-17 08:30:25.527
57692	25	2026-09-17 08:30:25.527	2026-09-17 08:30:29.488
57692	30	2026-09-17 08:30:29.488	2026-09-18 11:47:19.747
57692	35	2026-09-18 11:47:19.747	2026-09-18 12:01:33.274
57692	40	2026-09-18 12:01:33.274	2026-09-18 12:01:35.214
57692	45	2026-09-18 12:01:35.214	2026-09-21 09:57:31.051
57692	50	2026-09-21 09:57:31.051	2026-09-23 06:57:02.172
57692	60	2026-09-23 06:57:02.172	2026-09-23 06:57:05.471
57692	80	2026-09-23 06:57:05.471	NULL
57696	20	2026-09-16 12:29:13.276	2026-09-17 08:37:31.602
57696	25	2026-09-17 08:37:31.602	2026-09-17 09:50:04.581
57696	30	2026-09-17 09:50:04.581	2026-09-17 09:50:07.199
57696	35	2026-09-17 09:50:07.199	2026-09-17 10:04:24.737
57696	40	2026-09-17 10:04:24.737	2026-09-17 10:04:26.608
57696	45	2026-09-17 10:04:26.608	2026-09-18 07:44:14.868
57696	50	2026-09-18 07:44:14.868	2026-09-18 07:44:39.637
57696	60	2026-09-18 07:44:39.637	2026-09-18 07:44:42.709
57696	80	2026-09-18 07:44:42.709	NULL
57697	20	2026-09-15 12:27:11.297	2026-09-16 07:44:04.501
57697	25	2026-09-16 07:44:04.501	2026-09-17 09:45:37.196
57697	30	2026-09-17 09:45:37.196	2026-09-17 09:45:40.127
57697	35	2026-09-17 09:45:40.127	2026-09-17 09:48:27.605
57697	40	2026-09-17 09:48:27.605	2026-09-17 09:48:38.597
57697	45	2026-09-17 09:48:38.597	2026-09-17 13:15:21.072
57697	70	2026-09-17 13:15:21.072	2026-09-17 13:15:23.259
57697	80	2026-09-17 13:15:23.259	NULL
57698	20	2026-09-18 07:46:00.328	2026-09-21 07:34:20.075
57698	25	2026-09-21 07:34:20.075	2026-09-21 07:34:22.928
57698	30	2026-09-21 07:34:22.928	2026-09-21 11:33:36.035
57698	35	2026-09-21 11:33:36.035	2026-09-21 11:51:25.880
57698	40	2026-09-21 11:51:25.880	2026-09-21 11:51:27.620
57698	45	2026-09-21 11:51:27.620	2026-09-22 07:14:23.647
57698	50	2026-09-22 07:14:23.647	2026-09-22 07:16:50.122
57698	60	2026-09-22 07:16:50.122	2026-09-22 07:16:53.026
57698	80	2026-09-22 07:16:53.026	NULL
57701	20	2026-09-16 11:43:45.700	2026-09-17 08:53:47.057
57701	25	2026-09-17 08:53:47.057	2026-09-17 08:53:51.684
57701	30	2026-09-17 08:53:51.684	2026-09-17 11:09:28.766
57701	35	2026-09-17 11:09:28.766	2026-09-17 12:04:56.724
57701	47	2026-09-17 12:04:56.724	2026-09-17 12:05:03.190
57701	45	2026-09-17 12:05:03.190	2026-09-18 11:46:29.190
57701	48	2026-09-18 11:46:29.190	2026-09-18 11:46:30.185
57701	50	2026-09-18 11:46:30.185	2026-09-18 11:50:27.325
57701	60	2026-09-18 11:50:27.325	2026-09-18 11:50:30.152
57701	80	2026-09-18 11:50:30.152	NULL
57703	20	2026-09-15 11:05:30.722	2026-09-16 04:45:11.097
57703	25	2026-09-16 04:45:11.097	2026-09-16 04:45:13.475
57703	30	2026-09-16 04:45:13.475	2026-09-16 04:45:16.069
57703	35	2026-09-16 04:45:16.069	2026-09-16 04:45:46.606
57703	40	2026-09-16 04:45:46.606	2026-09-16 04:45:53.207
57703	45	2026-09-16 04:45:53.207	2026-09-16 04:46:16.648
57703	50	2026-09-16 04:46:16.648	2026-09-16 04:46:25.226
57703	70	2026-09-16 04:46:25.226	2026-09-16 04:46:27.580
57703	80	2026-09-16 04:46:27.580	NULL
57704	20	2026-09-15 11:05:37.047	2026-09-15 11:07:09.622
57704	25	2026-09-15 11:07:09.622	2026-09-15 11:07:13.135
57704	30	2026-09-15 11:07:13.135	2026-09-15 13:27:03.227
57704	35	2026-09-15 13:27:03.227	2026-09-15 15:02:34.387
57704	40	2026-09-15 15:02:34.387	2026-09-15 15:02:36.858
57704	45	2026-09-15 15:02:36.858	2026-09-15 15:25:07.700
57704	50	2026-09-15 15:25:07.700	2026-09-15 15:25:10.592
57704	70	2026-09-15 15:25:10.592	2026-09-15 15:25:13.471
57704	80	2026-09-15 15:25:13.471	NULL
57708	20	2026-09-15 11:35:46.115	2026-09-15 11:56:27.521
57708	25	2026-09-15 11:56:27.521	2026-09-16 12:42:04.390
57708	30	2026-09-16 12:42:04.390	2026-09-16 12:42:06.790
57708	35	2026-09-16 12:42:06.790	2026-09-16 13:25:51.549
57708	40	2026-09-16 13:25:51.549	2026-09-16 13:25:53.954
57708	45	2026-09-16 13:25:53.954	2026-09-17 07:08:57.755
57708	50	2026-09-17 07:08:57.755	2026-09-17 10:46:41.234
57708	60	2026-09-17 10:46:41.234	2026-09-17 10:46:44.696
57708	80	2026-09-17 10:46:44.696	NULL
57713	20	2026-09-16 09:15:22.627	2026-09-17 08:33:02.383
57713	25	2026-09-17 08:33:02.383	2026-09-17 08:33:04.371
57713	30	2026-09-17 08:33:04.371	2026-09-17 11:41:55.223
57713	35	2026-09-17 11:41:55.223	2026-09-17 12:03:07.357
57713	40	2026-09-17 12:03:07.357	2026-09-17 12:03:10.387
57713	45	2026-09-17 12:03:10.387	2026-09-18 07:30:45.159
57713	50	2026-09-18 07:30:45.159	2026-09-18 07:31:46.384
57713	60	2026-09-18 07:31:46.384	2026-09-18 07:31:47.966
57713	80	2026-09-18 07:31:47.966	NULL
57715	20	2026-09-15 12:07:03.161	2026-09-16 07:42:35.243
57715	25	2026-09-16 07:42:35.243	2026-09-17 07:51:18.528
57715	30	2026-09-17 07:51:18.528	2026-09-17 07:51:35.927
57715	35	2026-09-17 07:51:35.927	2026-09-17 07:51:39.909
57715	40	2026-09-17 07:51:39.909	2026-09-17 07:51:41.740
57715	45	2026-09-17 07:51:41.740	2026-09-18 07:30:37.315
57715	50	2026-09-18 07:30:37.315	2026-09-18 07:31:39.373
57715	60	2026-09-18 07:31:39.373	2026-09-18 07:31:41.599
57715	80	2026-09-18 07:31:41.599	NULL
57717	20	2026-09-15 12:06:42.406	2026-09-16 07:16:21.321
57717	25	2026-09-16 07:16:21.321	2026-09-16 10:08:13.316
57717	30	2026-09-16 10:08:13.316	2026-09-16 10:08:21.579
57717	35	2026-09-16 10:08:21.579	2026-09-16 10:08:25.158
57717	40	2026-09-16 10:08:25.158	2026-09-16 10:08:26.753
57717	45	2026-09-16 10:08:26.753	2026-09-17 07:14:18.359
57717	50	2026-09-17 07:14:18.359	2026-09-17 07:26:16.785
57717	60	2026-09-17 07:26:16.785	2026-09-17 07:26:19.225
57717	80	2026-09-17 07:26:19.225	NULL
57720	20	2026-09-17 07:26:52.551	2026-09-17 18:53:35.803
57720	25	2026-09-17 18:53:35.803	2026-09-18 11:49:14.950
57720	30	2026-09-18 11:49:14.950	2026-09-18 11:49:16.769
57720	35	2026-09-18 11:49:16.769	2026-09-18 12:02:25.090
57720	40	2026-09-18 12:02:25.090	2026-09-18 12:02:27.457
57720	45	2026-09-18 12:02:27.457	2026-09-21 09:57:23.299
57720	50	2026-09-21 09:57:23.299	2026-09-23 06:56:54.871
57720	60	2026-09-23 06:56:54.871	2026-09-23 06:56:58.437
57720	80	2026-09-23 06:56:58.437	NULL
57723	20	2026-09-18 12:55:40.527	2026-09-21 07:15:54.533
57723	25	2026-09-21 07:15:54.533	2026-09-21 11:32:07.401
57723	47	2026-09-21 11:32:07.401	2026-09-21 11:51:21.206
57723	45	2026-09-21 11:51:21.206	2026-09-22 07:09:26.123
57723	48	2026-09-22 07:09:26.123	2026-09-22 07:09:28.113
57723	50	2026-09-22 07:09:28.113	2026-09-22 07:12:45.230
57723	60	2026-09-22 07:12:45.230	2026-09-22 07:12:48.514
57723	80	2026-09-22 07:12:48.514	NULL
57726	20	2026-09-15 13:24:27.559	2026-09-16 05:22:55.455
57726	25	2026-09-16 05:22:55.455	2026-09-16 05:23:04.015
57726	30	2026-09-16 05:23:04.015	2026-09-16 10:07:49.087
57726	35	2026-09-16 10:07:49.087	2026-09-16 10:07:55.032
57726	40	2026-09-16 10:07:55.032	2026-09-16 10:07:56.774
57726	45	2026-09-16 10:07:56.774	2026-09-17 07:08:53.040
57726	50	2026-09-17 07:08:53.040	2026-09-17 07:11:39.216
57726	60	2026-09-17 07:11:39.216	2026-09-17 07:11:42.216
57726	80	2026-09-17 07:11:42.216	NULL
57739	20	2026-09-16 11:26:59.380	2026-09-17 05:44:50.607
57739	25	2026-09-17 05:44:50.607	2026-09-17 05:44:52.827
57739	30	2026-09-17 05:44:52.827	2026-09-17 05:44:56.703
57739	35	2026-09-17 05:44:56.703	2026-09-17 07:03:50.707
57739	40	2026-09-17 07:03:50.707	2026-09-17 07:03:52.550
57739	45	2026-09-17 07:03:52.550	2026-09-17 08:28:19.104
57739	50	2026-09-17 08:28:19.104	2026-09-17 13:03:43.708
57739	60	2026-09-17 13:03:43.708	2026-09-17 13:03:46.081
57739	80	2026-09-17 13:03:46.081	NULL
57746	20	2026-09-16 11:42:10.352	2026-09-17 08:55:04.577
57746	25	2026-09-17 08:55:04.577	2026-09-17 08:55:06.378
57746	30	2026-09-17 08:55:06.378	2026-09-17 10:21:12.118
57746	35	2026-09-17 10:21:12.118	2026-09-17 10:39:59.011
57746	40	2026-09-17 10:39:59.011	2026-09-17 10:40:01.586
57746	45	2026-09-17 10:40:01.586	2026-09-17 12:43:39.293
57746	50	2026-09-17 12:43:39.293	2026-09-17 13:03:39.120
57746	60	2026-09-17 13:03:39.120	2026-09-17 13:03:41.989
57746	80	2026-09-17 13:03:41.989	NULL
57749	20	2026-09-16 13:51:21.631	2026-09-17 08:34:45.396
57749	25	2026-09-17 08:34:45.396	2026-09-17 10:30:40.157
57749	30	2026-09-17 10:30:40.157	2026-09-17 10:30:42.209
57749	35	2026-09-17 10:30:42.209	2026-09-17 10:38:24.477
57749	40	2026-09-17 10:38:24.477	2026-09-17 10:38:26.474
57749	45	2026-09-17 10:38:26.474	2026-09-18 07:44:10.165
57749	50	2026-09-18 07:44:10.165	2026-09-18 07:44:47.245
57749	60	2026-09-18 07:44:47.245	2026-09-18 07:44:50.677
57749	80	2026-09-18 07:44:50.677	NULL
57752	20	2026-09-16 07:42:26.174	2026-09-17 08:56:28.275
57752	25	2026-09-17 08:56:28.275	2026-09-17 08:56:30.567
57752	30	2026-09-17 08:56:30.567	2026-09-17 09:46:10.408
57752	35	2026-09-17 09:46:10.408	2026-09-17 09:48:16.960
57752	40	2026-09-17 09:48:16.960	2026-09-17 09:48:18.572
57752	45	2026-09-17 09:48:18.572	2026-09-18 07:44:24.661
57752	50	2026-09-18 07:44:24.661	2026-09-18 07:44:29.293
57752	60	2026-09-18 07:44:29.293	2026-09-18 07:44:34.658
57752	80	2026-09-18 07:44:34.658	NULL
57757	20	2026-09-17 08:26:26.297	2026-09-17 09:40:00.199
57757	25	2026-09-17 09:40:00.199	2026-09-17 09:40:05.512
57757	30	2026-09-17 09:40:05.512	2026-09-17 10:26:42.809
57757	35	2026-09-17 10:26:42.809	2026-09-17 10:41:13.169
57757	47	2026-09-17 10:41:13.169	2026-09-17 10:41:16.973
57757	45	2026-09-17 10:41:16.973	2026-09-18 07:30:28.142
57757	48	2026-09-18 07:30:28.142	2026-09-18 07:30:29.938
57757	50	2026-09-18 07:30:29.938	2026-09-18 07:31:33.622
57757	60	2026-09-18 07:31:33.622	2026-09-18 07:31:35.263
57757	80	2026-09-18 07:31:35.263	NULL
57760	20	2026-09-16 11:34:32.550	2026-09-17 08:51:19.609
57760	25	2026-09-17 08:51:19.609	2026-09-17 10:27:37.318
57760	30	2026-09-17 10:27:37.318	2026-09-17 10:27:40.339
57760	35	2026-09-17 10:27:40.339	2026-09-17 10:40:46.278
57760	40	2026-09-17 10:40:46.278	2026-09-17 10:40:48.258
57760	45	2026-09-17 10:40:48.258	2026-09-18 06:56:17.527
57760	50	2026-09-18 06:56:17.527	2026-09-18 06:58:02.286
57760	60	2026-09-18 06:58:02.286	2026-09-18 06:58:07.732
57760	80	2026-09-18 06:58:07.732	NULL
57761	20	2026-09-17 14:00:25.617	2026-09-17 19:01:30.461
57761	25	2026-09-17 19:01:30.461	2026-09-18 09:58:10.232
57761	30	2026-09-18 09:58:10.232	2026-09-18 09:58:12.009
57761	35	2026-09-18 09:58:12.009	2026-09-18 10:02:39.123
57761	40	2026-09-18 10:02:39.123	2026-09-18 10:02:41.418
57761	45	2026-09-18 10:02:41.418	2026-09-18 11:46:16.383
57761	50	2026-09-18 11:46:16.383	2026-09-18 11:50:23.242
57761	60	2026-09-18 11:50:23.242	2026-09-18 11:50:25.654
57761	80	2026-09-18 11:50:25.654	NULL
57762	20	2026-09-16 12:10:17.230	2026-09-17 08:32:48.278
57762	25	2026-09-17 08:32:48.278	2026-09-17 08:32:50.161
57762	30	2026-09-17 08:32:50.161	2026-09-17 11:43:42.761
57762	35	2026-09-17 11:43:42.761	2026-09-17 12:02:59.846
57762	40	2026-09-17 12:02:59.846	2026-09-17 12:03:01.668
57762	45	2026-09-17 12:03:01.668	2026-09-18 06:56:11.494
57762	50	2026-09-18 06:56:11.494	2026-09-18 06:57:51.892
57762	60	2026-09-18 06:57:51.892	2026-09-18 06:57:55.175
57762	80	2026-09-18 06:57:55.175	NULL
57768	20	2026-09-16 07:58:30.882	2026-09-17 08:35:07.165
57768	25	2026-09-17 08:35:07.165	2026-09-17 09:49:54.364
57768	30	2026-09-17 09:49:54.364	2026-09-17 09:49:56.444
57768	35	2026-09-17 09:49:56.444	2026-09-17 10:04:06.128
57768	40	2026-09-17 10:04:06.128	2026-09-17 10:04:08.063
57768	45	2026-09-17 10:04:08.063	2026-09-18 11:46:09.892
57768	50	2026-09-18 11:46:09.892	2026-09-18 11:50:18.711
57768	60	2026-09-18 11:50:18.711	2026-09-18 11:50:21.228
57768	80	2026-09-18 11:50:21.228	NULL
57773	20	2026-09-16 13:45:29.946	2026-09-17 08:54:05.297
57773	25	2026-09-17 08:54:05.297	2026-09-17 08:54:07.162
57773	30	2026-09-17 08:54:07.162	2026-09-17 11:08:47.679
57773	35	2026-09-17 11:08:47.679	2026-09-17 12:04:42.033
57773	40	2026-09-17 12:04:42.033	2026-09-17 12:04:44.162
57773	45	2026-09-17 12:04:44.162	2026-09-18 07:44:03.761
57773	50	2026-09-18 07:44:03.761	2026-09-18 07:44:54.798
57773	60	2026-09-18 07:44:54.798	2026-09-18 07:44:57.527
57773	80	2026-09-18 07:44:57.527	NULL
57777	20	2026-09-16 12:45:55.791	2026-09-17 08:51:32.106
57777	25	2026-09-17 08:51:32.106	2026-09-17 08:51:34.182
57777	30	2026-09-17 08:51:34.182	2026-09-17 10:24:43.528
57777	35	2026-09-17 10:24:43.528	2026-09-17 10:40:36.968
57777	40	2026-09-17 10:40:36.968	2026-09-17 10:40:39.567
57777	45	2026-09-17 10:40:39.567	2026-09-18 06:56:06.569
57777	50	2026-09-18 06:56:06.569	2026-09-18 06:57:45.354
57777	60	2026-09-18 06:57:45.354	2026-09-18 06:57:47.796
57777	80	2026-09-18 06:57:47.796	NULL
57780	20	2026-09-17 13:09:03.563	2026-09-17 19:07:02.968
57780	25	2026-09-17 19:07:02.968	2026-09-22 07:09:39.712
57780	30	2026-09-22 07:09:39.712	2026-09-22 07:09:43.217
57780	35	2026-09-22 07:09:43.217	2026-09-22 09:05:24.608
57780	40	2026-09-22 09:05:24.608	2026-09-22 09:05:27.069
57780	45	2026-09-22 09:05:27.069	2026-09-23 07:08:39.270
57780	50	2026-09-23 07:08:39.270	2026-09-23 07:09:13.485
57780	60	2026-09-23 07:09:13.485	2026-09-23 07:09:17.173
57780	80	2026-09-23 07:09:17.173	NULL
57786	20	2026-09-16 10:04:47.661	2026-09-17 08:32:26.781
57786	25	2026-09-17 08:32:26.781	2026-09-17 08:32:32.389
57786	30	2026-09-17 08:32:32.389	2026-09-17 11:44:09.534
57786	35	2026-09-17 11:44:09.534	2026-09-17 12:02:53.653
57786	40	2026-09-17 12:02:53.653	2026-09-17 12:02:55.469
57786	45	2026-09-17 12:02:55.469	2026-09-17 12:43:28.216
57786	50	2026-09-17 12:43:28.216	2026-09-17 13:03:33.939
57786	60	2026-09-17 13:03:33.939	2026-09-17 13:03:37.283
57786	80	2026-09-17 13:03:37.283	NULL
57789	20	2026-09-16 12:39:04.274	2026-09-17 08:50:50.287
57789	25	2026-09-17 08:50:50.287	2026-09-18 11:55:23.410
57789	30	2026-09-18 11:55:23.410	2026-09-18 11:55:25.610
57789	35	2026-09-18 11:55:25.610	2026-09-18 12:03:06.214
57789	40	2026-09-18 12:03:06.214	2026-09-18 12:03:08.160
57789	45	2026-09-18 12:03:08.160	2026-09-21 09:57:15.642
57789	50	2026-09-21 09:57:15.642	2026-09-23 06:56:43.422
57789	60	2026-09-23 06:56:43.422	2026-09-23 06:56:48.556
57789	80	2026-09-23 06:56:48.556	NULL
57799	20	2026-09-16 14:04:21.591	2026-09-17 08:55:20.103
57799	25	2026-09-17 08:55:20.103	2026-09-17 08:55:22.991
57799	30	2026-09-17 08:55:22.991	2026-09-17 10:17:35.354
57799	35	2026-09-17 10:17:35.354	2026-09-17 10:39:47.382
57799	40	2026-09-17 10:39:47.382	2026-09-17 10:39:49.186
57799	45	2026-09-17 10:39:49.186	2026-09-17 12:43:22.196
57799	50	2026-09-17 12:43:22.196	2026-09-17 13:03:29.460
57799	60	2026-09-17 13:03:29.460	2026-09-17 13:03:32.240
57799	80	2026-09-17 13:03:32.240	NULL
57804	20	2026-09-16 12:55:05.184	2026-09-17 08:20:52.314
57804	25	2026-09-17 08:20:52.314	2026-09-17 08:20:53.958
57804	30	2026-09-17 08:20:53.958	2026-09-17 11:43:21.556
57804	35	2026-09-17 11:43:21.556	2026-09-17 12:02:45.820
57804	40	2026-09-17 12:02:45.820	2026-09-17 12:02:47.973
57804	45	2026-09-17 12:02:47.973	2026-09-18 07:30:19.974
57804	50	2026-09-18 07:30:19.974	2026-09-18 07:31:26.913
57804	60	2026-09-18 07:31:26.913	2026-09-18 07:31:29.542
57804	80	2026-09-18 07:31:29.542	NULL
57810	20	2026-09-16 12:11:00.784	2026-09-17 06:46:46.914
57810	25	2026-09-17 06:46:46.914	2026-09-17 11:42:40.890
57810	30	2026-09-17 11:42:40.890	2026-09-17 11:42:44.897
57810	35	2026-09-17 11:42:44.897	2026-09-17 12:02:37.930
57810	40	2026-09-17 12:02:37.930	2026-09-17 12:02:40.493
57810	45	2026-09-17 12:02:40.493	2026-09-17 12:43:11.802
57810	50	2026-09-17 12:43:11.802	2026-09-17 13:03:24.030
57810	60	2026-09-17 13:03:24.030	2026-09-17 13:03:27.490
57810	80	2026-09-17 13:03:27.490	NULL
57811	20	2026-09-16 07:36:04.799	2026-09-17 08:38:53.181
57811	25	2026-09-17 08:38:53.181	2026-09-18 12:43:57.136
57811	30	2026-09-18 12:43:57.136	2026-09-18 12:43:59.220
57811	35	2026-09-18 12:43:59.220	2026-09-18 12:52:31.854
57811	40	2026-09-18 12:52:31.854	2026-09-18 12:52:34.820
57811	45	2026-09-18 12:52:34.820	2026-09-21 07:06:03.493
57811	50	2026-09-21 07:06:03.493	2026-09-21 07:06:28.269
57811	60	2026-09-21 07:06:28.269	2026-09-21 07:06:31.041
57811	80	2026-09-21 07:06:31.041	NULL
57813	20	2026-09-16 07:36:01.998	2026-09-16 10:10:02.221
57813	47	2026-09-16 10:10:02.221	2026-09-17 09:39:18.790
57813	99	2026-09-17 09:39:18.790	NULL
57817	20	2026-09-16 08:25:43.812	2026-09-17 08:51:48.119
57817	25	2026-09-17 08:51:48.119	2026-09-17 08:51:51.152
57817	30	2026-09-17 08:51:51.152	2026-09-17 10:24:22.985
57817	35	2026-09-17 10:24:22.985	2026-09-17 10:40:27.595
57817	40	2026-09-17 10:40:27.595	2026-09-17 10:40:30.221
57817	45	2026-09-17 10:40:30.221	2026-09-18 07:30:14.411
57817	50	2026-09-18 07:30:14.411	2026-09-18 07:31:21.266
57817	60	2026-09-18 07:31:21.266	2026-09-18 07:31:22.930
57817	80	2026-09-18 07:31:22.930	NULL
57821	20	2026-09-16 14:24:10.001	2026-09-17 08:52:01.768
57821	25	2026-09-17 08:52:01.768	2026-09-17 08:52:03.659
57821	30	2026-09-17 08:52:03.659	2026-09-17 10:23:58.389
57821	35	2026-09-17 10:23:58.389	2026-09-17 10:40:21.127
57821	40	2026-09-17 10:40:21.127	2026-09-17 10:40:22.931
57821	45	2026-09-17 10:40:22.931	2026-09-18 07:30:06.686
57821	50	2026-09-18 07:30:06.686	2026-09-18 07:31:15.715
57821	60	2026-09-18 07:31:15.715	2026-09-18 07:31:17.688
57821	80	2026-09-18 07:31:17.688	NULL
57830	20	2026-09-17 07:35:02.728	2026-09-17 09:42:19.757
57830	25	2026-09-17 09:42:19.757	2026-09-18 11:54:15.618
57830	30	2026-09-18 11:54:15.618	2026-09-18 11:54:19.620
57830	35	2026-09-18 11:54:19.620	2026-09-18 12:03:29.865
57830	47	2026-09-18 12:03:29.865	2026-09-18 12:03:35.357
57830	45	2026-09-18 12:03:35.357	2026-09-22 07:57:27.185
57830	48	2026-09-22 07:57:27.185	2026-09-22 07:57:28.682
57830	50	2026-09-22 07:57:28.682	2026-09-23 06:56:34.155
57830	60	2026-09-23 06:56:34.155	2026-09-23 06:56:39.308
57830	80	2026-09-23 06:56:39.308	NULL
57831	20	2026-09-17 06:21:52.907	2026-09-17 19:06:05.744
57831	25	2026-09-17 19:06:05.744	2026-09-18 06:27:37.679
57831	30	2026-09-18 06:27:37.679	2026-09-18 09:17:12.281
57831	35	2026-09-18 09:17:12.281	2026-09-18 09:23:36.666
57831	40	2026-09-18 09:23:36.666	2026-09-18 09:23:40.496
57831	45	2026-09-18 09:23:40.496	2026-09-21 07:05:10.170
57831	50	2026-09-21 07:05:10.170	2026-09-21 07:08:33.815
57831	60	2026-09-21 07:08:33.815	2026-09-21 07:08:36.835
57831	80	2026-09-21 07:08:36.835	NULL
57836	20	2026-09-17 09:01:05.185	2026-09-17 18:59:10.096
57836	25	2026-09-17 18:59:10.096	2026-09-18 11:52:39.753
57836	30	2026-09-18 11:52:39.753	2026-09-18 11:52:41.528
57836	35	2026-09-18 11:52:41.528	2026-09-18 12:04:12.237
57836	40	2026-09-18 12:04:12.237	2026-09-18 12:04:15.641
57836	45	2026-09-18 12:04:15.641	2026-09-21 07:05:55.556
57836	50	2026-09-21 07:05:55.556	2026-09-21 07:06:38.499
57836	60	2026-09-21 07:06:38.499	2026-09-21 07:07:36.196
57836	80	2026-09-21 07:07:36.196	NULL
57837	20	2026-09-17 06:21:44.178	2026-09-17 19:05:43.479
57837	25	2026-09-17 19:05:43.479	2026-09-18 06:27:20.321
57837	30	2026-09-18 06:27:20.321	2026-09-18 09:16:56.372
57837	35	2026-09-18 09:16:56.372	2026-09-18 09:23:21.093
57837	40	2026-09-18 09:23:21.093	2026-09-18 09:23:23.571
57837	45	2026-09-18 09:23:23.571	2026-09-18 11:46:01.565
57837	50	2026-09-18 11:46:01.565	2026-09-18 11:50:13.708
57837	60	2026-09-18 11:50:13.708	2026-09-18 11:50:16.642
57837	80	2026-09-18 11:50:16.642	NULL
57840	20	2026-09-16 09:00:03.107	2026-09-16 09:07:37.224
57840	25	2026-09-16 09:07:37.224	2026-09-16 09:07:39.389
57840	30	2026-09-16 09:07:39.389	2026-09-16 09:08:49.896
57840	35	2026-09-16 09:08:49.896	2026-09-16 09:09:30.125
57840	40	2026-09-16 09:09:30.125	2026-09-16 09:09:57.898
57840	45	2026-09-16 09:09:57.898	2026-09-16 10:45:02.499
57840	70	2026-09-16 10:45:02.499	2026-09-17 07:40:39.801
57840	80	2026-09-17 07:40:39.801	NULL
57860	20	2026-09-16 14:03:05.182	2026-09-17 08:40:35.259
57860	25	2026-09-17 08:40:35.259	2026-09-17 10:39:19.667
57860	47	2026-09-17 10:39:19.667	2026-09-18 12:02:56.271
57860	45	2026-09-18 12:02:56.271	2026-09-21 07:04:46.068
57860	48	2026-09-21 07:04:46.068	2026-09-21 07:04:47.500
57860	50	2026-09-21 07:04:47.500	2026-09-21 07:10:22.335
57860	60	2026-09-21 07:10:22.335	2026-09-21 07:10:25.570
57860	80	2026-09-21 07:10:25.570	NULL
57866	20	2026-09-16 10:54:57.797	2026-09-17 08:55:38.197
57866	25	2026-09-17 08:55:38.197	2026-09-17 08:55:40.470
57866	30	2026-09-17 08:55:40.470	2026-09-17 10:18:23.129
57866	35	2026-09-17 10:18:23.129	2026-09-17 10:39:40.430
57866	40	2026-09-17 10:39:40.430	2026-09-17 10:39:42.277
57866	45	2026-09-17 10:39:42.277	2026-09-17 12:36:24.250
57866	50	2026-09-17 12:36:24.250	2026-09-17 12:36:29.163
57866	60	2026-09-17 12:36:29.163	2026-09-17 12:36:30.993
57866	80	2026-09-17 12:36:30.993	NULL
57867	20	2026-09-17 09:04:18.952	2026-09-17 19:05:20.175
57867	25	2026-09-17 19:05:20.175	2026-09-18 06:26:44.682
57867	30	2026-09-18 06:26:44.682	2026-09-18 09:16:25.451
57867	35	2026-09-18 09:16:25.451	2026-09-18 09:22:53.899
57867	40	2026-09-18 09:22:53.899	2026-09-18 09:22:55.844
57867	45	2026-09-18 09:22:55.844	2026-09-18 13:09:22.836
57867	70	2026-09-18 13:09:22.836	2026-09-25 09:10:17.280
57867	80	2026-09-25 09:10:17.280	NULL
57870	20	2026-09-16 12:02:49.877	2026-09-17 08:52:18.614
57870	25	2026-09-17 08:52:18.614	2026-09-17 08:52:20.435
57870	30	2026-09-17 08:52:20.435	2026-09-17 10:23:32.673
57870	35	2026-09-17 10:23:32.673	2026-09-17 10:40:13.889
57870	40	2026-09-17 10:40:13.889	2026-09-17 10:40:15.476
57870	45	2026-09-17 10:40:15.476	2026-09-18 06:55:42.883
57870	50	2026-09-18 06:55:42.883	2026-09-18 06:57:35.845
57870	60	2026-09-18 06:57:35.845	2026-09-18 06:57:41.344
57870	80	2026-09-18 06:57:41.344	NULL
57872	20	2026-09-16 12:45:54.192	2026-09-17 08:56:11.971
57872	25	2026-09-17 08:56:11.971	2026-09-17 08:56:13.964
57872	30	2026-09-17 08:56:13.964	2026-09-17 10:20:46.164
57872	35	2026-09-17 10:20:46.164	2026-09-17 10:39:28.507
57872	40	2026-09-17 10:39:28.507	2026-09-17 10:39:30.631
57872	45	2026-09-17 10:39:30.631	2026-09-18 07:43:59.382
57872	50	2026-09-18 07:43:59.382	2026-09-18 07:45:01.490
57872	60	2026-09-18 07:45:01.490	2026-09-18 07:45:04.508
57872	80	2026-09-18 07:45:04.508	NULL
57892	20	2026-09-16 12:07:53.902	2026-09-17 08:54:34.474
57892	25	2026-09-17 08:54:34.474	2026-09-17 11:08:36.129
57892	30	2026-09-17 11:08:36.129	2026-09-17 11:08:38.873
57892	35	2026-09-17 11:08:38.873	2026-09-17 12:04:33.358
57892	40	2026-09-17 12:04:33.358	2026-09-17 12:04:36.132
57892	45	2026-09-17 12:04:36.132	2026-09-21 07:04:10.274
57892	50	2026-09-21 07:04:10.274	2026-09-21 07:11:01.115
57892	60	2026-09-21 07:11:01.115	2026-09-21 07:11:04.949
57892	80	2026-09-21 07:11:04.949	NULL
57895	20	2026-09-16 13:02:00.495	2026-09-17 09:03:08.614
57895	25	2026-09-17 09:03:08.614	2026-09-17 09:03:14.612
57895	30	2026-09-17 09:03:14.612	2026-09-17 09:03:19.174
57895	35	2026-09-17 09:03:19.174	2026-10-02 07:44:15.845
57895	40	2026-10-02 07:44:15.845	2026-10-02 07:44:28.803
57895	45	2026-10-02 07:44:28.803	2026-10-02 07:44:40.586
57895	70	2026-10-02 07:44:40.586	2026-10-02 07:44:43.141
57895	80	2026-10-02 07:44:43.141	NULL
57897	20	2026-09-17 07:27:59.827	2026-09-17 19:11:53.188
57897	25	2026-09-17 19:11:53.188	2026-09-18 09:57:56.849
57897	30	2026-09-18 09:57:56.849	2026-09-18 09:57:58.605
57897	35	2026-09-18 09:57:58.605	2026-09-18 10:02:32.491
57897	40	2026-09-18 10:02:32.491	2026-09-18 10:02:35.078
57897	45	2026-09-18 10:02:35.078	2026-09-21 07:05:22.533
57897	50	2026-09-21 07:05:22.533	2026-09-21 07:07:12.378
57897	60	2026-09-21 07:07:12.378	2026-09-21 07:07:15.425
57897	80	2026-09-21 07:07:15.425	NULL
57899	20	2026-09-16 13:21:26.987	2026-09-17 05:26:25.675
57899	25	2026-09-17 05:26:25.675	2026-09-17 05:26:27.967
57899	30	2026-09-17 05:26:27.967	2026-09-17 05:26:30.160
57899	35	2026-09-17 05:26:30.160	2026-09-17 08:43:14.943
57899	40	2026-09-17 08:43:14.943	2026-09-17 08:43:17.132
57899	45	2026-09-17 08:43:17.132	2026-09-18 10:26:25.815
57899	70	2026-09-18 10:26:25.815	2026-09-18 10:26:28.433
57899	80	2026-09-18 10:26:28.433	NULL
57900	20	2026-09-17 08:57:32.230	2026-09-17 18:54:47.441
57900	25	2026-09-17 18:54:47.441	2026-09-18 09:55:53.364
57900	30	2026-09-18 09:55:53.364	2026-09-18 09:55:55.314
57900	35	2026-09-18 09:55:55.314	2026-09-18 09:59:45.676
57900	40	2026-09-18 09:59:45.676	2026-09-18 09:59:48.318
57900	45	2026-09-18 09:59:48.318	2026-09-21 07:05:42.355
57900	50	2026-09-21 07:05:42.355	2026-09-21 07:06:49.079
57900	60	2026-09-21 07:06:49.079	2026-09-21 07:07:06.857
57900	80	2026-09-21 07:07:06.857	NULL
57902	20	2026-09-17 07:42:31.224	2026-09-17 19:04:54.181
57902	25	2026-09-17 19:04:54.181	2026-09-18 06:28:00.952
57902	30	2026-09-18 06:28:00.952	2026-09-18 09:23:53.353
57902	47	2026-09-18 09:23:53.353	2026-09-18 12:53:44.483
57902	45	2026-09-18 12:53:44.483	2026-09-18 13:09:04.032
57902	48	2026-09-18 13:09:04.032	2026-09-18 13:09:06.097
57902	70	2026-09-18 13:09:06.097	2026-09-18 14:06:11.595
57902	81	2026-09-18 14:06:11.595	2026-09-18 14:06:14.589
57902	80	2026-09-18 14:06:14.589	NULL
57905	20	2026-09-16 12:53:27.177	2026-09-17 08:52:32.641
57905	25	2026-09-17 08:52:32.641	2026-09-17 08:52:35.753
57905	30	2026-09-17 08:52:35.753	2026-09-17 10:23:05.731
57905	35	2026-09-17 10:23:05.731	2026-09-17 10:40:07.644
57905	40	2026-09-17 10:40:07.644	2026-09-17 10:40:09.533
57905	45	2026-09-17 10:40:09.533	2026-09-17 12:43:01.255
57905	50	2026-09-17 12:43:01.255	2026-09-17 13:03:19.241
57905	60	2026-09-17 13:03:19.241	2026-09-17 13:03:21.744
57905	80	2026-09-17 13:03:21.744	NULL
57912	20	2026-09-17 07:27:45.539	2026-09-17 09:39:32.605
57912	25	2026-09-17 09:39:32.605	2026-09-17 09:39:36.425
57912	30	2026-09-17 09:39:36.425	2026-09-17 10:26:09.228
57912	35	2026-09-17 10:26:09.228	2026-09-17 10:40:59.517
57912	40	2026-09-17 10:40:59.517	2026-09-17 10:41:01.374
57912	45	2026-09-17 10:41:01.374	2026-09-18 07:43:54.891
57912	50	2026-09-18 07:43:54.891	2026-09-18 07:45:09.067
57912	60	2026-09-18 07:45:09.067	2026-09-18 07:45:11.620
57912	80	2026-09-18 07:45:11.620	NULL
57914	20	2026-09-17 10:55:40.243	2026-09-17 19:04:32.284
57914	25	2026-09-17 19:04:32.284	2026-09-18 06:26:52.722
57914	30	2026-09-18 06:26:52.722	2026-09-18 09:16:32.497
57914	35	2026-09-18 09:16:32.497	2026-09-18 09:23:01.075
57914	40	2026-09-18 09:23:01.075	2026-09-18 09:23:03.086
57914	45	2026-09-18 09:23:03.086	2026-09-18 11:45:16.679
57914	50	2026-09-18 11:45:16.679	2026-09-18 11:50:08.890
57914	60	2026-09-18 11:50:08.890	2026-09-18 11:50:11.529
57914	80	2026-09-18 11:50:11.529	NULL
57922	20	2026-09-18 12:47:42.788	2026-09-21 07:33:52.661
57922	25	2026-09-21 07:33:52.661	2026-09-21 07:33:55.956
57922	30	2026-09-21 07:33:55.956	2026-09-21 11:32:24.526
57922	35	2026-09-21 11:32:24.526	2026-09-21 11:51:12.206
57922	40	2026-09-21 11:51:12.206	2026-09-21 11:51:13.906
57922	45	2026-09-21 11:51:13.906	2026-09-22 07:09:19.780
57922	50	2026-09-22 07:09:19.780	2026-09-22 07:12:55.679
57922	60	2026-09-22 07:12:55.679	2026-09-22 07:12:58.820
57922	80	2026-09-22 07:12:58.820	NULL
57951	20	2026-09-17 12:14:47.500	2026-09-17 19:00:00.948
57951	25	2026-09-17 19:00:00.948	2026-09-18 09:57:47.570
57951	30	2026-09-18 09:57:47.570	2026-09-18 09:57:49.462
57951	35	2026-09-18 09:57:49.462	2026-09-18 10:02:21.664
57951	40	2026-09-18 10:02:21.664	2026-09-18 10:02:24.362
57951	45	2026-09-18 10:02:24.362	2026-09-18 11:45:06.427
57951	50	2026-09-18 11:45:06.427	2026-09-18 11:50:02.426
57951	60	2026-09-18 11:50:02.426	2026-09-18 11:50:05.959
57951	80	2026-09-18 11:50:05.959	NULL
57952	20	2026-09-17 11:20:32.261	2026-09-17 18:53:07.351
57952	25	2026-09-17 18:53:07.351	2026-09-18 11:48:07.152
57952	30	2026-09-18 11:48:07.152	2026-09-18 11:48:09.332
57952	35	2026-09-18 11:48:09.332	2026-09-18 12:02:17.710
57952	40	2026-09-18 12:02:17.710	2026-09-18 12:02:20.054
57952	45	2026-09-18 12:02:20.054	2026-09-18 13:08:52.190
57952	70	2026-09-18 13:08:52.190	2026-09-23 07:07:38.689
57952	50	2026-09-23 07:07:38.689	2026-09-23 07:10:33.475
57952	60	2026-09-23 07:10:33.475	2026-09-23 07:10:37.558
57952	80	2026-09-23 07:10:37.558	NULL
57962	20	2026-09-17 13:57:55.141	2026-09-17 18:57:52.887
57962	22	2026-09-17 18:57:52.887	2026-09-21 07:53:39.644
57962	99	2026-09-21 07:53:39.644	NULL
57969	20	2026-09-17 09:07:43.146	2026-09-17 18:54:24.697
57969	25	2026-09-17 18:54:24.697	2026-09-18 09:55:41.708
57969	30	2026-09-18 09:55:41.708	2026-09-18 09:55:43.615
57969	50	2026-09-18 09:55:43.615	2026-09-21 07:10:52.023
57969	60	2026-09-21 07:10:52.023	2026-09-21 07:10:55.248
57969	80	2026-09-21 07:10:55.248	NULL
57986	20	2026-09-17 12:24:07.104	2026-09-17 19:04:10.185
57986	25	2026-09-17 19:04:10.185	2026-09-18 06:27:47.797
57986	30	2026-09-18 06:27:47.797	2026-09-18 09:17:21.145
57986	35	2026-09-18 09:17:21.145	2026-09-18 09:23:45.256
57986	40	2026-09-18 09:23:45.256	2026-09-18 09:23:47.146
57986	45	2026-09-18 09:23:47.146	2026-09-21 07:05:03.711
57986	50	2026-09-21 07:05:03.711	2026-09-21 07:08:43.497
57986	60	2026-09-21 07:08:43.497	2026-09-21 07:08:46.613
57986	80	2026-09-21 07:08:46.613	NULL
57990	20	2026-09-17 11:25:56.972	2026-09-17 18:56:12.840
57990	25	2026-09-17 18:56:12.840	2026-09-17 18:56:18.671
57990	22	2026-09-17 18:56:18.671	2026-09-17 18:56:42.506
57990	25	2026-09-17 18:56:42.506	2026-09-18 12:45:23.738
57990	30	2026-09-18 12:45:23.738	2026-09-18 12:45:26.174
57990	35	2026-09-18 12:45:26.174	2026-09-18 12:52:53.602
57990	40	2026-09-18 12:52:53.602	2026-09-18 12:52:55.970
57990	45	2026-09-18 12:52:55.970	2026-09-21 07:05:34.664
57990	50	2026-09-21 07:05:34.664	2026-09-21 07:06:55.416
57990	60	2026-09-21 07:06:55.416	2026-09-21 07:07:29.482
57990	80	2026-09-21 07:07:29.482	NULL
57995	20	2026-09-17 13:23:40.897	2026-09-17 19:03:39.596
57995	25	2026-09-17 19:03:39.596	2026-09-18 06:27:28.836
57995	30	2026-09-18 06:27:28.836	2026-09-18 09:17:04.312
57995	35	2026-09-18 09:17:04.312	2026-09-18 09:23:30.096
57995	40	2026-09-18 09:23:30.096	2026-09-18 09:23:32.507
57995	45	2026-09-18 09:23:32.507	2026-09-21 07:04:56.744
57995	50	2026-09-21 07:04:56.744	2026-09-21 07:08:53.447
57995	60	2026-09-21 07:08:53.447	2026-09-21 07:08:55.637
57995	80	2026-09-21 07:08:55.637	NULL
57998	20	2026-09-17 13:58:10.594	2026-09-17 18:55:35.551
57998	25	2026-09-17 18:55:35.551	2026-09-18 12:42:44.827
57998	30	2026-09-18 12:42:44.827	2026-09-18 12:42:46.783
57998	35	2026-09-18 12:42:46.783	2026-09-18 12:52:43.149
57998	40	2026-09-18 12:52:43.149	2026-09-18 12:52:45.249
57998	45	2026-09-18 12:52:45.249	2026-09-21 09:57:08.656
57998	50	2026-09-21 09:57:08.656	2026-09-23 06:56:27.722
57998	60	2026-09-23 06:56:27.722	2026-09-23 06:56:30.459
57998	80	2026-09-23 06:56:30.459	NULL
58001	20	2026-09-17 08:10:55.376	2026-09-17 09:40:23.963
58001	25	2026-09-17 09:40:23.963	2026-09-17 09:40:26.752
58001	30	2026-09-17 09:40:26.752	2026-09-17 10:16:39.974
58001	35	2026-09-17 10:16:39.974	2026-09-17 10:41:22.233
58001	40	2026-09-17 10:41:22.233	2026-09-17 10:41:25.820
58001	45	2026-09-17 10:41:25.820	2026-09-18 07:43:49.748
58001	50	2026-09-18 07:43:49.748	2026-09-18 07:45:15.394
58001	60	2026-09-18 07:45:15.394	2026-09-18 07:45:18.277
58001	80	2026-09-18 07:45:18.277	NULL
58003	20	2026-09-17 12:40:44.133	2026-09-17 13:37:54.894
58003	25	2026-09-17 13:37:54.894	2026-09-17 13:37:59.239
58003	30	2026-09-17 13:37:59.239	2026-09-17 13:38:03.170
58003	35	2026-09-17 13:38:03.170	2026-09-17 13:39:38.554
58003	40	2026-09-17 13:39:38.554	2026-09-17 13:39:41.028
58003	45	2026-09-17 13:39:41.028	2026-09-17 13:40:12.371
58003	50	2026-09-17 13:40:12.371	2026-09-17 13:40:21.684
58003	60	2026-09-17 13:40:21.684	2026-09-17 13:40:23.368
58003	80	2026-09-17 13:40:23.368	NULL
58006	20	2026-09-17 09:24:56.257	2026-09-17 11:17:23.166
58006	25	2026-09-17 11:17:23.166	2026-09-18 07:54:19.584
58006	30	2026-09-18 07:54:19.584	2026-09-18 07:54:21.495
58006	35	2026-09-18 07:54:21.495	2026-09-18 07:55:16.805
58006	40	2026-09-18 07:55:16.805	2026-09-18 07:55:19.449
58006	45	2026-09-18 07:55:19.449	2026-09-18 07:56:49.290
58006	70	2026-09-18 07:56:49.290	2026-09-18 14:48:13.400
58006	80	2026-09-18 14:48:13.400	NULL
58009	20	2026-09-18 11:03:59.913	2026-09-21 07:33:34.888
58009	25	2026-09-21 07:33:34.888	2026-09-21 07:33:38.257
58009	30	2026-09-21 07:33:38.257	2026-09-21 11:32:13.804
58009	35	2026-09-21 11:32:13.804	2026-09-21 11:51:05.119
58009	40	2026-09-21 11:51:05.119	2026-09-21 11:51:07.156
58009	45	2026-09-21 11:51:07.156	2026-09-21 12:19:13.539
58009	50	2026-09-21 12:19:13.539	2026-09-23 06:56:21.496
58009	60	2026-09-23 06:56:21.496	2026-09-23 06:56:24.599
58009	80	2026-09-23 06:56:24.599	NULL
58012	20	2026-09-17 13:42:13.199	2026-09-17 18:57:29.854
58012	25	2026-09-17 18:57:29.854	2026-09-18 12:16:35.564
58012	30	2026-09-18 12:16:35.564	2026-09-18 12:19:02.928
58012	35	2026-09-18 12:19:02.928	2026-09-18 12:19:05.987
58012	40	2026-09-18 12:19:05.987	2026-09-18 12:19:10.138
58012	45	2026-09-18 12:19:10.138	2026-09-22 07:56:36.648
58012	50	2026-09-22 07:56:36.648	2026-09-23 06:56:14.834
58012	60	2026-09-23 06:56:14.834	2026-09-23 06:56:17.977
58012	80	2026-09-23 06:56:17.977	NULL
58019	20	2026-09-21 09:14:51.214	2026-09-22 08:20:29.589
58019	25	2026-09-22 08:20:29.589	2026-09-22 11:38:34.454
58019	30	2026-09-22 11:38:34.454	2026-09-22 11:38:37.587
58019	35	2026-09-22 11:38:37.587	2026-09-22 12:01:29.442
58019	40	2026-09-22 12:01:29.442	2026-09-22 12:01:31.311
58019	45	2026-09-22 12:01:31.311	2026-09-22 14:03:22.195
58019	50	2026-09-22 14:03:22.195	2026-09-23 06:56:08.127
58019	60	2026-09-23 06:56:08.127	2026-09-23 06:56:11.185
58019	80	2026-09-23 06:56:11.185	NULL
58021	20	2026-09-17 09:53:47.842	2026-09-17 19:03:11.300
58021	25	2026-09-17 19:03:11.300	2026-09-18 06:27:09.415
58021	30	2026-09-18 06:27:09.415	2026-09-18 09:16:47.738
58021	35	2026-09-18 09:16:47.738	2026-09-18 09:23:13.379
58021	40	2026-09-18 09:23:13.379	2026-09-18 09:23:15.247
58021	45	2026-09-18 09:23:15.247	2026-09-18 11:44:56.998
58021	50	2026-09-18 11:44:56.998	2026-09-18 11:49:57.126
58021	60	2026-09-18 11:49:57.126	2026-09-18 11:49:59.700
58021	80	2026-09-18 11:49:59.700	NULL
58022	20	2026-09-18 10:16:17.431	2026-09-21 07:33:17.689
58022	25	2026-09-21 07:33:17.689	2026-09-21 07:33:20.739
58022	30	2026-09-21 07:33:20.739	2026-09-21 11:33:17.444
58022	35	2026-09-21 11:33:17.444	2026-09-21 11:50:56.900
58022	40	2026-09-21 11:50:56.900	2026-09-21 11:50:58.734
58022	45	2026-09-21 11:50:58.734	2026-09-22 07:15:11.141
58022	50	2026-09-22 07:15:11.141	2026-09-22 07:16:11.986
58022	60	2026-09-22 07:16:11.986	2026-09-22 07:16:14.224
58022	80	2026-09-22 07:16:14.224	NULL
58030	20	2026-09-18 08:24:23.584	2026-09-18 09:44:37.457
58030	25	2026-09-18 09:44:37.457	2026-09-18 11:52:15.861
58030	30	2026-09-18 11:52:15.861	2026-09-18 11:52:18.703
58030	35	2026-09-18 11:52:18.703	2026-09-18 12:05:56.430
58030	40	2026-09-18 12:05:56.430	2026-09-18 12:05:58.483
58030	45	2026-09-18 12:05:58.483	2026-09-18 13:08:42.708
58030	70	2026-09-18 13:08:42.708	2026-09-18 13:30:13.236
58030	80	2026-09-18 13:30:13.236	NULL
58039	20	2026-09-21 06:38:15.322	2026-09-22 08:24:12.877
58039	25	2026-09-22 08:24:12.877	2026-09-22 12:40:35.523
58039	47	2026-09-22 12:40:35.523	2026-09-24 08:53:22.846
58039	45	2026-09-24 08:53:22.846	2026-09-25 11:10:22.004
58039	48	2026-09-25 11:10:22.004	2026-09-25 11:10:43.900
58039	50	2026-09-25 11:10:43.900	2026-09-25 13:02:14.877
58039	60	2026-09-25 13:02:14.877	2026-09-25 13:02:19.107
58039	80	2026-09-25 13:02:19.107	NULL
58043	20	2026-09-17 11:53:53.355	2026-09-17 13:32:44.163
58043	47	2026-09-17 13:32:44.163	2026-09-18 09:24:01.456
58043	45	2026-09-18 09:24:01.456	2026-09-18 11:44:45.308
58043	48	2026-09-18 11:44:45.308	2026-09-18 11:44:45.393
58043	50	2026-09-18 11:44:45.393	2026-09-18 11:49:51.996
58043	60	2026-09-18 11:49:51.996	2026-09-18 11:49:55.327
58043	80	2026-09-18 11:49:55.327	NULL
58045	20	2026-09-17 12:18:54.013	2026-09-17 18:55:13.192
58045	25	2026-09-17 18:55:13.192	2026-09-21 12:45:56.456
58045	30	2026-09-21 12:45:56.456	2026-09-21 12:45:59.153
58045	35	2026-09-21 12:45:59.153	2026-09-21 13:12:38.048
58045	40	2026-09-21 13:12:38.048	2026-09-21 13:12:39.856
58045	45	2026-09-21 13:12:39.856	2026-09-21 14:10:04.235
58045	50	2026-09-21 14:10:04.235	2026-09-23 06:56:01.760
58045	60	2026-09-23 06:56:01.760	2026-09-23 06:56:04.597
58045	80	2026-09-23 06:56:04.597	NULL
58047	20	2026-09-17 13:58:54.176	2026-09-17 18:54:01.327
58047	25	2026-09-17 18:54:01.327	2026-09-18 09:55:32.606
58047	30	2026-09-18 09:55:32.606	2026-09-18 09:55:34.381
58047	35	2026-09-18 09:55:34.381	2026-09-18 09:58:55.725
58047	40	2026-09-18 09:58:55.725	2026-09-18 09:59:02.508
58047	45	2026-09-18 09:59:02.508	2026-09-18 11:44:33.135
58047	50	2026-09-18 11:44:33.135	2026-09-18 11:49:47.021
58047	60	2026-09-18 11:49:47.021	2026-09-18 11:49:49.807
58047	80	2026-09-18 11:49:49.807	NULL
58048	20	2026-09-17 14:13:27.161	2026-09-17 18:52:40.803
58048	25	2026-09-17 18:52:40.803	2026-09-18 11:50:03.411
58048	30	2026-09-18 11:50:03.411	2026-09-18 11:50:05.846
58048	35	2026-09-18 11:50:05.846	2026-09-18 12:02:07.741
58048	40	2026-09-18 12:02:07.741	2026-09-18 12:02:11.009
58048	45	2026-09-18 12:02:11.009	2026-09-22 14:03:52.452
58048	50	2026-09-22 14:03:52.452	2026-09-23 06:55:50.888
58048	60	2026-09-23 06:55:50.888	2026-09-23 06:55:54.765
58048	80	2026-09-23 06:55:54.765	NULL
58053	20	2026-10-01 13:42:32.780	2026-10-02 05:18:08.790
58053	25	2026-10-02 05:18:08.790	2026-10-02 12:53:16.613
58053	30	2026-10-02 12:53:16.613	NULL
58055	20	2026-09-17 11:25:47.958	2026-09-17 16:01:56.352
58055	25	2026-09-17 16:01:56.352	2026-09-17 16:03:26.630
58055	30	2026-09-17 16:03:26.630	2026-09-17 16:03:29.412
58055	35	2026-09-17 16:03:29.412	2026-09-18 06:38:11.115
58055	40	2026-09-18 06:38:11.115	2026-09-18 06:38:15.649
58055	45	2026-09-18 06:38:15.649	2026-09-18 06:38:20.218
58055	70	2026-09-18 06:38:20.218	2026-09-18 06:38:21.346
58055	80	2026-09-18 06:38:21.346	NULL
58058	20	2026-09-17 12:39:35.160	2026-09-17 18:52:13.534
58058	25	2026-09-17 18:52:13.534	2026-09-18 12:10:04.163
58058	30	2026-09-18 12:10:04.163	2026-09-18 12:10:06.284
58058	35	2026-09-18 12:10:06.284	2026-09-18 12:10:35.951
58058	40	2026-09-18 12:10:35.951	2026-09-18 12:10:38.011
58058	45	2026-09-18 12:10:38.011	2026-09-18 13:08:29.791
58058	70	2026-09-18 13:08:29.791	2026-09-21 08:39:26.902
58058	80	2026-09-21 08:39:26.902	NULL
58064	20	2026-09-17 13:59:47.329	2026-09-17 18:59:36.071
58064	25	2026-09-17 18:59:36.071	2026-09-18 09:57:37.100
58064	30	2026-09-18 09:57:37.100	2026-09-18 09:57:39.334
58064	35	2026-09-18 09:57:39.334	2026-09-18 10:02:06.192
58064	40	2026-09-18 10:02:06.192	2026-09-18 10:02:10.235
58064	45	2026-09-18 10:02:10.235	2026-09-18 11:44:26.627
58064	50	2026-09-18 11:44:26.627	2026-09-18 11:49:38.778
58064	60	2026-09-18 11:49:38.778	2026-09-18 11:49:41.684
58064	80	2026-09-18 11:49:41.684	NULL
58073	20	2026-09-17 13:18:22.999	2026-09-17 14:01:23.903
58073	22	2026-09-17 14:01:23.903	2026-09-24 13:29:32.868
58073	25	2026-09-24 13:29:32.868	2026-09-25 12:39:16.969
58073	30	2026-09-25 12:39:16.969	2026-09-25 12:39:20.204
58073	35	2026-09-25 12:39:20.204	2026-09-25 13:05:45.586
58073	40	2026-09-25 13:05:45.586	2026-09-25 13:05:47.612
58073	45	2026-09-25 13:05:47.612	2026-09-28 18:02:47.217
58073	50	2026-09-28 18:02:47.217	2026-09-29 12:33:57.505
58073	60	2026-09-29 12:33:57.505	2026-09-29 12:34:00.841
58073	80	2026-09-29 12:34:00.841	NULL
58081	20	2026-09-18 09:16:35.775	2026-09-21 07:19:39.567
58081	25	2026-09-21 07:19:39.567	2026-09-21 13:08:11.969
58081	30	2026-09-21 13:08:11.969	2026-09-21 13:08:14.579
58081	35	2026-09-21 13:08:14.579	2026-09-21 13:10:09.821
58081	40	2026-09-21 13:10:09.821	2026-09-21 13:10:12.188
58081	45	2026-09-21 13:10:12.188	2026-09-22 07:56:46.535
58081	50	2026-09-22 07:56:46.535	2026-09-23 06:55:44.285
58081	60	2026-09-23 06:55:44.285	2026-09-23 06:55:47.139
58081	80	2026-09-23 06:55:47.139	NULL
58091	20	2026-09-18 07:15:25.173	2026-09-18 09:42:59.482
58091	25	2026-09-18 09:42:59.482	2026-09-18 11:50:56.444
58091	30	2026-09-18 11:50:56.444	2026-09-18 11:51:00.260
58091	35	2026-09-18 11:51:00.260	2026-09-18 12:05:09.467
58091	40	2026-09-18 12:05:09.467	2026-09-18 12:05:11.243
58091	45	2026-09-18 12:05:11.243	2026-09-22 07:13:49.034
58091	50	2026-09-22 07:13:49.034	2026-09-22 07:18:08.956
58091	60	2026-09-22 07:18:08.956	2026-09-22 07:18:12.001
58091	80	2026-09-22 07:18:12.001	NULL
58092	20	2026-09-17 12:20:31.007	2026-09-17 12:21:55.707
58092	25	2026-09-17 12:21:55.707	2026-09-17 12:22:03.331
58092	30	2026-09-17 12:22:03.331	2026-09-17 12:22:05.572
58092	35	2026-09-17 12:22:05.572	2026-09-17 12:23:46.065
58092	40	2026-09-17 12:23:46.065	2026-09-17 12:23:48.749
58092	45	2026-09-17 12:23:48.749	2026-09-17 12:35:17.215
58092	70	2026-09-17 12:35:17.215	2026-09-17 12:35:18.596
58092	80	2026-09-17 12:35:18.596	NULL
58097	20	2026-09-18 08:59:04.741	2026-09-18 09:41:51.339
58097	25	2026-09-18 09:41:51.339	2026-09-18 11:51:25.498
58097	30	2026-09-18 11:51:25.498	2026-09-18 11:51:27.593
58097	35	2026-09-18 11:51:27.593	2026-09-18 12:04:46.649
58097	40	2026-09-18 12:04:46.649	2026-09-18 12:05:04.185
58097	45	2026-09-18 12:05:04.185	2026-09-21 07:05:49.131
58097	50	2026-09-21 07:05:49.131	2026-09-21 07:06:43.958
58097	60	2026-09-21 07:06:43.958	2026-09-21 07:07:23.792
58097	80	2026-09-21 07:07:23.792	NULL
58113	20	2026-09-22 11:28:25.521	2026-09-23 08:40:47.313
58113	25	2026-09-23 08:40:47.313	2026-09-23 10:45:01.684
58113	47	2026-09-23 10:45:01.684	2026-09-24 12:39:32.575
58113	45	2026-09-24 12:39:32.575	2026-09-25 06:53:38.028
58113	48	2026-09-25 06:53:38.028	2026-09-25 06:53:39.549
58113	50	2026-09-25 06:53:39.549	2026-09-25 06:53:54.035
58113	60	2026-09-25 06:53:54.035	2026-09-25 06:53:58.427
58113	80	2026-09-25 06:53:58.427	NULL
58118	20	2026-09-18 08:34:01.379	2026-09-21 07:35:07.930
58118	25	2026-09-21 07:35:07.930	2026-09-21 07:35:11.624
58118	30	2026-09-21 07:35:11.624	2026-09-21 11:06:09.462
58118	35	2026-09-21 11:06:09.462	2026-09-21 11:33:53.259
58118	40	2026-09-21 11:33:53.259	2026-09-21 11:33:57.958
58118	45	2026-09-21 11:33:57.958	2026-09-21 12:19:07.243
58118	50	2026-09-21 12:19:07.243	2026-09-22 07:29:51.728
58118	60	2026-09-22 07:29:51.728	2026-09-22 07:29:54.862
58118	80	2026-09-22 07:29:54.862	NULL
58120	20	2026-09-18 13:47:07.071	2026-09-21 07:19:24.329
58120	25	2026-09-21 07:19:24.329	2026-09-21 10:22:22.413
58120	22	2026-09-21 10:22:22.413	2026-09-22 07:40:17.999
58120	99	2026-09-22 07:40:17.999	NULL
58130	20	2026-09-18 08:34:37.139	2026-09-21 07:17:35.509
58130	25	2026-09-21 07:17:35.509	2026-09-21 12:48:07.980
58130	30	2026-09-21 12:48:07.980	2026-09-21 12:48:10.688
58130	35	2026-09-21 12:48:10.688	2026-09-21 13:12:19.389
58130	40	2026-09-21 13:12:19.389	2026-09-21 13:12:21.674
58130	45	2026-09-21 13:12:21.674	2026-09-21 14:09:57.775
58130	50	2026-09-21 14:09:57.775	2026-09-23 06:55:36.941
58130	60	2026-09-23 06:55:36.941	2026-09-23 06:55:40.744
58130	80	2026-09-23 06:55:40.744	NULL
58141	20	2026-09-21 16:03:03.454	2026-09-22 08:19:58.866
58141	25	2026-09-22 08:19:58.866	2026-09-22 12:03:36.386
58141	30	2026-09-22 12:03:36.386	2026-09-22 12:03:39.450
58141	35	2026-09-22 12:03:39.450	2026-09-22 12:40:26.530
58141	40	2026-09-22 12:40:26.530	2026-09-22 12:40:28.717
58141	45	2026-09-22 12:40:28.717	2026-09-22 14:04:19.398
58141	50	2026-09-22 14:04:19.398	2026-09-23 06:44:37.492
58141	60	2026-09-23 06:44:37.492	2026-09-23 06:44:40.660
58141	80	2026-09-23 06:44:40.660	NULL
58146	20	2026-09-21 10:19:16.931	2026-09-22 08:28:51.100
58146	25	2026-09-22 08:28:51.100	2026-09-22 08:28:53.954
58146	30	2026-09-22 08:28:53.954	2026-09-23 12:08:46.679
58146	35	2026-09-23 12:08:46.679	2026-09-23 12:08:49.968
58146	40	2026-09-23 12:08:49.968	2026-09-23 12:08:52.030
58146	45	2026-09-23 12:08:52.030	2026-09-24 06:49:15.693
58146	50	2026-09-24 06:49:15.693	2026-09-24 06:50:44.347
58146	60	2026-09-24 06:50:44.347	2026-09-24 06:50:46.072
58146	80	2026-09-24 06:50:46.072	NULL
58149	20	2026-09-21 09:55:10.525	2026-09-22 08:23:29.006
58149	25	2026-09-22 08:23:29.006	2026-09-22 13:00:10.067
58149	30	2026-09-22 13:00:10.067	2026-09-22 13:00:17.564
58149	35	2026-09-22 13:00:17.564	2026-09-22 13:15:14.385
58149	47	2026-09-22 13:15:14.385	2026-09-22 13:15:21.399
58149	45	2026-09-22 13:15:21.399	2026-09-23 07:19:14.200
58149	48	2026-09-23 07:19:14.200	2026-09-23 07:19:15.872
58149	50	2026-09-23 07:19:15.872	2026-09-23 07:19:22.239
58149	60	2026-09-23 07:19:22.239	2026-09-23 07:19:37.483
58149	80	2026-09-23 07:19:37.483	NULL
58155	20	2026-09-18 11:09:48.241	2026-09-21 07:31:05.011
58155	25	2026-09-21 07:31:05.011	2026-09-21 07:31:07.958
58155	30	2026-09-21 07:31:07.958	2026-09-21 11:47:23.357
58155	35	2026-09-21 11:47:23.357	2026-09-21 11:50:27.851
58155	40	2026-09-21 11:50:27.851	2026-09-21 11:50:29.849
58155	45	2026-09-21 11:50:29.849	2026-09-21 13:25:28.351
58155	70	2026-09-21 13:25:28.351	2026-09-22 09:55:59.640
58155	80	2026-09-22 09:55:59.640	NULL
58158	20	2026-09-18 09:39:08.639	2026-09-18 09:41:08.890
58158	25	2026-09-18 09:41:08.890	2026-09-18 11:51:48.901
58158	30	2026-09-18 11:51:48.901	2026-09-18 11:51:51.158
58158	35	2026-09-18 11:51:51.158	2026-09-18 12:04:38.551
58158	40	2026-09-18 12:04:38.551	2026-09-18 12:04:40.962
58158	45	2026-09-18 12:04:40.962	2026-09-21 09:56:59.038
58158	50	2026-09-21 09:56:59.038	2026-09-23 06:55:30.151
58158	60	2026-09-23 06:55:30.151	2026-09-23 06:55:33.822
58158	80	2026-09-23 06:55:33.822	NULL
58161	20	2026-09-18 10:41:32.276	2026-09-21 06:55:55.326
58161	25	2026-09-21 06:55:55.326	2026-09-21 06:55:58.640
58161	30	2026-09-21 06:55:58.640	2026-09-21 13:43:44.871
58161	35	2026-09-21 13:43:44.871	2026-09-21 18:23:44.986
58161	40	2026-09-21 18:23:44.986	2026-09-21 18:23:46.786
58161	45	2026-09-21 18:23:46.786	2026-09-22 06:24:20.466
58161	50	2026-09-22 06:24:20.466	2026-09-23 06:52:30.323
58161	60	2026-09-23 06:52:30.323	2026-09-23 06:52:34.427
58161	80	2026-09-23 06:52:34.427	NULL
58165	20	2026-09-19 12:30:10.155	2026-09-21 07:22:08.157
58165	25	2026-09-21 07:22:08.157	2026-09-21 07:22:15.367
58165	30	2026-09-21 07:22:15.367	2026-09-21 12:37:43.478
58165	35	2026-09-21 12:37:43.478	2026-09-21 12:39:41.380
58165	47	2026-09-21 12:39:41.380	2026-09-21 12:39:46.921
58165	45	2026-09-21 12:39:46.921	2026-09-21 14:09:49.814
58165	48	2026-09-21 14:09:49.814	2026-09-21 14:09:51.217
58165	50	2026-09-21 14:09:51.217	2026-09-23 06:52:23.075
58165	60	2026-09-23 06:52:23.075	2026-09-23 06:52:26.675
58165	80	2026-09-23 06:52:26.675	NULL
58174	20	2026-09-18 13:38:00.816	2026-09-21 07:31:19.742
58174	25	2026-09-21 07:31:19.742	2026-09-21 13:08:43.817
58174	30	2026-09-21 13:08:43.817	2026-09-21 13:08:46.459
58174	35	2026-09-21 13:08:46.459	2026-09-21 13:12:59.374
58174	40	2026-09-21 13:12:59.374	2026-09-21 13:13:01.302
58174	45	2026-09-21 13:13:01.302	2026-09-22 07:10:12.320
58174	50	2026-09-22 07:10:12.320	2026-09-22 07:11:46.962
58174	60	2026-09-22 07:11:46.962	2026-09-22 07:11:50.889
58174	80	2026-09-22 07:11:50.889	NULL
58176	20	2026-09-18 10:30:27.305	2026-09-21 07:30:50.946
58176	25	2026-09-21 07:30:50.946	2026-09-21 07:30:53.613
58176	30	2026-09-21 07:30:53.613	2026-09-21 11:47:51.192
58176	35	2026-09-21 11:47:51.192	2026-09-21 11:50:17.656
58176	40	2026-09-21 11:50:17.656	2026-09-21 11:50:21.361
58176	45	2026-09-21 11:50:21.361	2026-09-22 06:24:12.639
58176	50	2026-09-22 06:24:12.639	2026-09-22 13:28:32.893
58176	70	2026-09-22 13:28:32.893	2026-09-22 13:28:37.606
58176	80	2026-09-22 13:28:37.606	NULL
58180	20	2026-09-18 11:40:35.611	2026-09-21 07:30:18.828
58180	25	2026-09-21 07:30:18.828	2026-09-21 11:15:11.558
58180	30	2026-09-21 11:15:11.558	2026-09-21 11:15:15.242
58180	35	2026-09-21 11:15:15.242	2026-09-21 11:32:42.773
58180	40	2026-09-21 11:32:42.773	2026-09-21 11:32:45.295
58180	45	2026-09-21 11:32:45.295	2026-09-22 07:15:04.049
58180	50	2026-09-22 07:15:04.049	2026-09-22 07:16:19.631
58180	60	2026-09-22 07:16:19.631	2026-09-22 07:16:22.328
58180	80	2026-09-22 07:16:22.328	NULL
58188	20	2026-09-18 11:49:11.311	2026-09-21 07:19:06.923
58188	25	2026-09-21 07:19:06.923	2026-09-21 13:07:58.854
58188	30	2026-09-21 13:07:58.854	2026-09-21 13:08:02.500
58188	35	2026-09-21 13:08:02.500	2026-09-21 13:10:16.435
58188	40	2026-09-21 13:10:16.435	2026-09-21 13:10:18.601
58188	45	2026-09-21 13:10:18.601	2026-09-22 07:10:06.701
58188	50	2026-09-22 07:10:06.701	2026-09-22 07:12:04.747
58188	60	2026-09-22 07:12:04.747	2026-09-22 07:12:07.464
58188	80	2026-09-22 07:12:07.464	NULL
58206	20	2026-09-18 11:36:20.616	2026-09-21 07:21:48.700
58206	25	2026-09-21 07:21:48.700	2026-09-21 12:37:18.968
58206	30	2026-09-21 12:37:18.968	2026-09-21 12:37:21.823
58206	35	2026-09-21 12:37:21.823	2026-09-21 12:39:23.943
58206	40	2026-09-21 12:39:23.943	2026-09-21 12:39:26.388
58206	45	2026-09-21 12:39:26.388	2026-09-22 07:57:10.903
58206	50	2026-09-22 07:57:10.903	2026-09-23 06:52:16.173
58206	60	2026-09-23 06:52:16.173	2026-09-23 06:52:19.226
58206	80	2026-09-23 06:52:19.226	NULL
58209	20	2026-09-18 10:20:23.765	2026-09-21 07:18:54.962
58209	25	2026-09-21 07:18:54.962	2026-09-21 13:07:47.347
58209	30	2026-09-21 13:07:47.347	2026-09-21 13:07:50.093
58209	35	2026-09-21 13:07:50.093	2026-09-21 13:10:23.875
58209	40	2026-09-21 13:10:23.875	2026-09-21 13:10:25.789
58209	45	2026-09-21 13:10:25.789	2026-09-22 07:10:17.722
58209	50	2026-09-22 07:10:17.722	2026-09-22 07:11:39.408
58209	60	2026-09-22 07:11:39.408	2026-09-22 07:11:58.837
58209	80	2026-09-22 07:11:58.837	NULL
58212	20	2026-09-19 10:47:54.234	2026-09-20 17:04:25.852
58212	25	2026-09-20 17:04:25.852	2026-09-20 17:04:31.514
58212	22	2026-09-20 17:04:31.514	2026-09-20 17:04:45.074
58212	25	2026-09-20 17:04:45.074	2026-09-20 17:04:50.791
58212	30	2026-09-20 17:04:50.791	2026-09-20 17:04:55.914
58212	50	2026-09-20 17:04:55.914	2026-09-29 12:25:04.277
58212	60	2026-09-29 12:25:04.277	2026-09-29 12:25:07.458
58212	80	2026-09-29 12:25:07.458	NULL
58216	20	2026-09-21 13:27:28.816	2026-09-22 08:30:25.405
58216	25	2026-09-22 08:30:25.405	2026-09-24 10:51:30.104
58216	30	2026-09-24 10:51:30.104	2026-09-24 10:51:32.802
58216	35	2026-09-24 10:51:32.802	2026-09-24 11:02:20.776
58216	40	2026-09-24 11:02:20.776	2026-09-24 11:02:24.048
58216	45	2026-09-24 11:02:24.048	2026-09-25 11:09:58.144
58216	50	2026-09-25 11:09:58.144	2026-09-25 13:02:03.679
58216	60	2026-09-25 13:02:03.679	2026-09-25 13:02:06.935
58216	80	2026-09-25 13:02:06.935	NULL
58221	20	2026-09-21 06:24:44.258	2026-09-22 08:19:44.050
58221	25	2026-09-22 08:19:44.050	2026-09-22 08:19:47.075
58221	30	2026-09-22 08:19:47.075	2026-09-22 11:40:02.878
58221	35	2026-09-22 11:40:02.878	2026-09-22 12:01:21.959
58221	40	2026-09-22 12:01:21.959	2026-09-22 12:01:23.682
58221	45	2026-09-22 12:01:23.682	2026-09-22 14:03:59.832
58221	50	2026-09-22 14:03:59.832	2026-09-23 06:52:03.556
58221	60	2026-09-23 06:52:03.556	2026-09-23 06:52:06.292
58221	80	2026-09-23 06:52:06.292	NULL
58222	20	2026-09-22 12:33:11.714	2026-09-23 07:33:36.867
58222	25	2026-09-23 07:33:36.867	2026-09-23 07:33:44.063
58222	30	2026-09-23 07:33:44.063	2026-09-23 12:17:05.985
58222	35	2026-09-23 12:17:05.985	2026-09-23 12:20:34.867
58222	40	2026-09-23 12:20:34.867	2026-09-23 12:20:36.639
58222	45	2026-09-23 12:20:36.639	2026-09-24 07:26:28.856
58222	50	2026-09-24 07:26:28.856	2026-09-25 12:54:05.434
58222	60	2026-09-25 12:54:05.434	2026-09-25 12:54:08.091
58222	80	2026-09-25 12:54:08.091	NULL
58223	20	2026-09-21 10:55:32.458	2026-09-22 08:21:51.826
58223	25	2026-09-22 08:21:51.826	2026-09-22 12:16:36.739
58223	99	2026-09-22 12:16:36.739	NULL
58234	20	2026-09-21 10:02:29.559	2026-09-22 08:29:59.653
58234	25	2026-09-22 08:29:59.653	2026-09-22 08:30:04.897
58234	30	2026-09-22 08:30:04.897	2026-09-23 10:32:45.644
58234	35	2026-09-23 10:32:45.644	2026-09-23 10:50:07.716
58234	40	2026-09-23 10:50:07.716	2026-09-23 10:50:09.574
58234	45	2026-09-23 10:50:09.574	2026-09-24 06:49:09.133
58234	50	2026-09-24 06:49:09.133	2026-09-24 06:50:36.096
58234	60	2026-09-24 06:50:36.096	2026-09-24 06:50:37.874
58234	80	2026-09-24 06:50:37.874	NULL
58235	20	2026-09-21 08:08:38.638	2026-09-22 08:28:26.864
58235	25	2026-09-22 08:28:26.864	2026-09-22 08:28:29.635
58235	30	2026-09-22 08:28:29.635	2026-09-23 12:07:35.553
58235	35	2026-09-23 12:07:35.553	2026-09-23 12:07:38.725
58235	40	2026-09-23 12:07:38.725	2026-09-23 12:07:42.134
58235	45	2026-09-23 12:07:42.134	2026-09-24 06:49:03.438
58235	50	2026-09-24 06:49:03.438	2026-09-24 06:50:28.214
58235	60	2026-09-24 06:50:28.214	2026-09-24 06:50:30.094
58235	80	2026-09-24 06:50:30.094	NULL
58240	20	2026-09-23 09:59:36.470	2026-09-24 07:56:33.879
58240	25	2026-09-24 07:56:33.879	2026-09-24 12:37:58.060
58240	30	2026-09-24 12:37:58.060	2026-09-24 12:38:01.071
58240	35	2026-09-24 12:38:01.071	2026-09-24 12:39:47.755
58240	40	2026-09-24 12:39:47.755	2026-09-24 12:39:52.597
58240	45	2026-09-24 12:39:52.597	2026-09-25 11:09:39.450
58240	50	2026-09-25 11:09:39.450	2026-09-25 13:01:52.035
58240	60	2026-09-25 13:01:52.035	2026-09-25 13:01:55.092
58240	80	2026-09-25 13:01:55.092	NULL
58249	20	2026-09-24 10:58:30.122	2026-09-25 06:52:13.579
58249	25	2026-09-25 06:52:13.579	2026-09-25 06:52:17.834
58249	30	2026-09-25 06:52:17.834	2026-09-25 12:40:13.942
58249	35	2026-09-25 12:40:13.942	2026-09-25 13:06:19.987
58249	40	2026-09-25 13:06:19.987	2026-09-25 13:06:22.702
58249	45	2026-09-25 13:06:22.702	2026-09-28 18:02:23.003
58249	50	2026-09-28 18:02:23.003	2026-09-29 12:33:50.345
58249	60	2026-09-29 12:33:50.345	2026-09-29 12:33:53.034
58249	80	2026-09-29 12:33:53.034	NULL
58250	20	2026-09-18 11:03:14.832	2026-09-21 07:21:27.058
58250	25	2026-09-21 07:21:27.058	2026-09-21 12:23:05.648
58250	30	2026-09-21 12:23:05.648	2026-09-21 12:23:08.951
58250	35	2026-09-21 12:23:08.951	2026-09-21 12:32:14.767
58250	40	2026-09-21 12:32:14.767	2026-09-21 12:32:16.773
58250	45	2026-09-21 12:32:16.773	2026-09-22 07:15:17.768
58250	50	2026-09-22 07:15:17.768	2026-09-22 07:16:01.535
58250	60	2026-09-22 07:16:01.535	2026-09-22 07:16:04.922
58250	80	2026-09-22 07:16:04.922	NULL
58256	20	2026-09-23 06:46:02.420	2026-09-24 08:08:11.474
58256	25	2026-09-24 08:08:11.474	2026-09-24 08:08:14.876
58256	30	2026-09-24 08:08:14.876	2026-09-24 12:42:08.705
58256	35	2026-09-24 12:42:08.705	2026-09-24 12:42:27.938
58256	40	2026-09-24 12:42:27.938	2026-09-24 12:42:31.029
58256	45	2026-09-24 12:42:31.029	2026-09-25 06:52:39.720
58256	50	2026-09-25 06:52:39.720	2026-09-25 06:55:41.496
58256	60	2026-09-25 06:55:41.496	2026-09-25 06:55:44.731
58256	80	2026-09-25 06:55:44.731	NULL
58257	20	2026-09-19 12:13:57.321	2026-09-20 17:03:14.181
58257	48	2026-09-20 17:03:14.181	2026-09-20 17:03:40.927
58257	50	2026-09-20 17:03:40.927	2026-09-29 12:25:24.953
58257	60	2026-09-29 12:25:24.953	2026-09-29 12:25:28.553
58257	80	2026-09-29 12:25:28.553	NULL
58259	20	2026-09-19 06:28:43.156	2026-09-21 07:21:01.468
58259	25	2026-09-21 07:21:01.468	2026-09-21 07:38:55.088
58259	22	2026-09-21 07:38:55.088	2026-09-22 13:04:39.557
58259	99	2026-09-22 13:04:39.557	NULL
58266	20	2026-09-18 13:18:10.425	2026-09-22 08:28:09.580
58266	25	2026-09-22 08:28:09.580	2026-09-23 12:05:24.545
58266	47	2026-09-23 12:05:24.545	2026-09-24 12:16:52.147
58266	45	2026-09-24 12:16:52.147	2026-09-25 06:38:07.609
58266	48	2026-09-25 06:38:07.609	2026-09-25 06:38:09.493
58266	50	2026-09-25 06:38:09.493	2026-09-25 06:41:25.605
58266	60	2026-09-25 06:41:25.605	2026-09-25 06:41:28.519
58266	80	2026-09-25 06:41:28.519	NULL
58268	20	2026-09-18 12:49:10.907	2026-09-21 07:18:37.625
58268	25	2026-09-21 07:18:37.625	2026-09-21 11:33:45.274
58268	47	2026-09-21 11:33:45.274	2026-09-21 13:11:33.002
58268	45	2026-09-21 13:11:33.002	2026-09-21 14:09:40.340
58268	48	2026-09-21 14:09:40.340	2026-09-21 14:09:42.554
58268	50	2026-09-21 14:09:42.554	2026-09-22 07:30:05.166
58268	60	2026-09-22 07:30:05.166	2026-09-22 07:30:08.123
58268	80	2026-09-22 07:30:08.123	NULL
58281	20	2026-09-19 13:37:32.599	2026-09-21 06:55:37.479
58281	25	2026-09-21 06:55:37.479	2026-09-21 06:55:41.060
58281	30	2026-09-21 06:55:41.060	2026-09-21 13:11:01.508
58281	22	2026-09-21 13:11:01.508	2026-09-21 13:19:06.432
58281	99	2026-09-21 13:19:06.432	NULL
58294	20	2026-09-21 12:56:25.476	2026-09-22 08:23:09.270
58294	25	2026-09-22 08:23:09.270	2026-09-22 13:03:21.413
58294	30	2026-09-22 13:03:21.413	2026-09-22 13:03:24.502
58294	35	2026-09-22 13:03:24.502	2026-09-22 13:14:06.938
58294	40	2026-09-22 13:14:06.938	2026-09-22 13:14:11.467
58294	45	2026-09-22 13:14:11.467	2026-09-22 14:03:15.824
58294	50	2026-09-22 14:03:15.824	2026-09-23 06:51:36.483
58294	60	2026-09-23 06:51:36.483	2026-09-23 06:51:39.624
58294	80	2026-09-23 06:51:39.624	NULL
58299	20	2026-09-19 13:28:53.908	2026-09-21 06:55:22.419
58299	25	2026-09-21 06:55:22.419	2026-09-21 06:55:25.529
58299	30	2026-09-21 06:55:25.529	2026-09-21 12:21:10.596
58299	35	2026-09-21 12:21:10.596	2026-09-21 12:31:48.873
58299	40	2026-09-21 12:31:48.873	2026-09-21 12:31:52.099
58299	45	2026-09-21 12:31:52.099	2026-09-22 07:56:57.102
58299	50	2026-09-22 07:56:57.102	2026-09-23 06:51:31.449
58299	60	2026-09-23 06:51:31.449	2026-09-23 06:51:33.988
58299	80	2026-09-23 06:51:33.988	NULL
58307	20	2026-09-19 11:40:41.644	2026-09-21 06:55:07.223
58307	25	2026-09-21 06:55:07.223	2026-09-21 06:55:09.919
58307	30	2026-09-21 06:55:09.919	2026-09-21 13:46:36.241
58307	35	2026-09-21 13:46:36.241	2026-09-21 18:21:59.358
58307	40	2026-09-21 18:21:59.358	2026-09-21 18:22:01.206
58307	45	2026-09-21 18:22:01.206	2026-09-22 07:15:24.027
58307	50	2026-09-22 07:15:24.027	2026-09-22 07:15:52.889
58307	60	2026-09-22 07:15:52.889	2026-09-22 07:15:55.516
58307	80	2026-09-22 07:15:55.516	NULL
58320	20	2026-09-21 10:08:32.069	2026-09-22 08:19:30.094
58320	25	2026-09-22 08:19:30.094	2026-09-22 08:19:33.586
58320	30	2026-09-22 08:19:33.586	2026-09-22 11:38:12.864
58320	35	2026-09-22 11:38:12.864	2026-09-22 12:01:14.340
58320	40	2026-09-22 12:01:14.340	2026-09-22 12:01:16.238
58320	45	2026-09-22 12:01:16.238	2026-09-22 14:03:08.572
58320	50	2026-09-22 14:03:08.572	2026-09-23 06:51:25.230
58320	60	2026-09-23 06:51:25.230	2026-09-23 06:51:28.296
58320	80	2026-09-23 06:51:28.296	NULL
58323	20	2026-09-19 13:15:42.130	2026-09-21 07:31:34.906
58323	25	2026-09-21 07:31:34.906	2026-09-21 10:00:10.440
58323	30	2026-09-21 10:00:10.440	2026-09-21 10:00:13.554
58323	35	2026-09-21 10:00:13.554	2026-09-21 10:22:39.296
58323	40	2026-09-21 10:22:39.296	2026-09-21 10:22:41.399
58323	45	2026-09-21 10:22:41.399	2026-09-22 07:10:00.739
58323	50	2026-09-22 07:10:00.739	2026-09-22 07:12:13.886
58323	60	2026-09-22 07:12:13.886	2026-09-22 07:12:16.787
58323	80	2026-09-22 07:12:16.787	NULL
58335	20	2026-09-19 11:24:53.659	2026-09-21 07:32:59.803
58335	25	2026-09-21 07:32:59.803	2026-09-21 11:31:50.666
58335	30	2026-09-21 11:31:50.666	2026-09-21 11:31:53.272
58335	35	2026-09-21 11:31:53.272	2026-09-21 11:33:25.399
58335	40	2026-09-21 11:33:25.399	2026-09-21 11:33:27.524
58335	45	2026-09-21 11:33:27.524	2026-09-21 12:18:59.979
58335	50	2026-09-21 12:18:59.979	2026-09-23 06:51:18.688
58335	60	2026-09-23 06:51:18.688	2026-09-23 06:51:21.492
58335	80	2026-09-23 06:51:21.492	NULL
58340	20	2026-09-19 11:55:55.019	2026-09-21 07:36:32.477
58340	25	2026-09-21 07:36:32.477	2026-09-22 13:57:06.218
58340	22	2026-09-22 13:57:06.218	2026-09-23 13:22:30.295
58340	99	2026-09-23 13:22:30.295	NULL
58351	20	2026-09-19 10:44:46.648	2026-09-21 07:20:38.954
58351	25	2026-09-21 07:20:38.954	2026-09-22 13:03:49.099
58351	30	2026-09-22 13:03:49.099	2026-09-22 13:03:52.405
58351	35	2026-09-22 13:03:52.405	2026-09-22 13:12:48.369
58351	40	2026-09-22 13:12:48.369	2026-09-22 13:12:52.744
58351	45	2026-09-22 13:12:52.744	2026-09-23 07:08:25.697
58351	50	2026-09-23 07:08:25.697	2026-09-23 07:09:26.950
58351	60	2026-09-23 07:09:26.950	2026-09-23 07:09:30.919
58351	80	2026-09-23 07:09:30.919	NULL
58363	20	2026-09-19 09:11:19.743	2026-09-21 07:23:10.177
58363	25	2026-09-21 07:23:10.177	2026-09-21 11:14:53.186
58363	30	2026-09-21 11:14:53.186	2026-09-21 11:15:00.229
58363	35	2026-09-21 11:15:00.229	2026-09-21 11:32:30.468
58363	47	2026-09-21 11:32:30.468	2026-09-21 11:32:35.076
58363	45	2026-09-21 11:32:35.076	2026-09-22 07:14:35.076
58363	48	2026-09-22 07:14:35.076	2026-09-22 07:14:38.957
58363	50	2026-09-22 07:14:38.957	2026-09-22 07:16:39.365
58363	60	2026-09-22 07:16:39.365	2026-09-22 07:16:42.624
58363	80	2026-09-22 07:16:42.624	NULL
58367	20	2026-09-22 08:20:03.822	2026-09-23 09:35:25.358
58367	25	2026-09-23 09:35:25.358	2026-09-24 13:19:10.580
58367	30	2026-09-24 13:19:10.580	2026-09-24 13:19:16.811
58367	35	2026-09-24 13:19:16.811	2026-09-24 13:24:26.683
58367	47	2026-09-24 13:24:26.683	2026-09-24 13:24:30.621
58367	45	2026-09-24 13:24:30.621	2026-09-25 11:09:19.612
58367	48	2026-09-25 11:09:19.612	2026-09-25 11:09:22.265
58367	50	2026-09-25 11:09:22.265	2026-09-25 13:01:39.841
58367	60	2026-09-25 13:01:39.841	2026-09-25 13:01:42.511
58367	80	2026-09-25 13:01:42.511	NULL
58368	20	2026-09-19 08:39:06.118	2026-09-21 07:32:45.676
58368	25	2026-09-21 07:32:45.676	2026-09-21 07:32:48.434
58368	30	2026-09-21 07:32:48.434	2026-09-21 11:29:36.669
58368	35	2026-09-21 11:29:36.669	2026-09-21 11:33:16.546
58368	40	2026-09-21 11:33:16.546	2026-09-21 11:33:19.109
58368	45	2026-09-21 11:33:19.109	2026-09-22 07:14:02.520
58368	50	2026-09-22 07:14:02.520	2026-09-22 07:17:52.637
58368	60	2026-09-22 07:17:52.637	2026-09-22 07:17:54.942
58368	80	2026-09-22 07:17:54.942	NULL
58369	20	2026-09-19 09:55:30.604	2026-09-20 17:02:12.465
58369	25	2026-09-20 17:02:12.465	2026-09-20 17:02:18.642
58369	30	2026-09-20 17:02:18.642	2026-09-20 17:02:24.200
58369	35	2026-09-20 17:02:24.200	2026-10-02 07:51:27.715
58369	40	2026-10-02 07:51:27.715	2026-10-02 07:51:30.102
58369	45	2026-10-02 07:51:30.102	2026-10-02 07:51:37.140
58369	70	2026-10-02 07:51:37.140	2026-10-02 07:52:34.381
58369	80	2026-10-02 07:52:34.381	NULL
58371	20	2026-09-19 14:09:36.725	2026-09-21 07:30:32.569
58371	25	2026-09-21 07:30:32.569	2026-09-21 07:30:35.059
58371	30	2026-09-21 07:30:35.059	2026-09-21 11:48:15.871
58371	35	2026-09-21 11:48:15.871	2026-09-21 11:50:08.332
58371	40	2026-09-21 11:50:08.332	2026-09-21 11:50:10.466
58371	45	2026-09-21 11:50:10.466	2026-09-22 07:56:15.223
58371	50	2026-09-22 07:56:15.223	2026-09-23 06:51:11.752
58371	60	2026-09-23 06:51:11.752	2026-09-23 06:51:14.702
58371	80	2026-09-23 06:51:14.702	NULL
58373	20	2026-09-19 13:15:28.348	2026-09-21 06:54:50.507
58373	25	2026-09-21 06:54:50.507	2026-09-21 06:54:53.989
58373	30	2026-09-21 06:54:53.989	2026-09-21 13:46:25.405
58373	35	2026-09-21 13:46:25.405	2026-09-21 18:21:43.851
58373	40	2026-09-21 18:21:43.851	2026-09-21 18:21:45.722
58373	45	2026-09-21 18:21:45.722	2026-09-22 06:24:04.868
58373	50	2026-09-22 06:24:04.868	2026-09-23 06:51:07.003
58373	60	2026-09-23 06:51:07.003	2026-09-23 06:51:09.272
58373	80	2026-09-23 06:51:09.272	NULL
58375	20	2026-09-19 12:11:41.479	2026-09-21 06:54:26.824
58375	25	2026-09-21 06:54:26.824	2026-09-21 06:54:32.348
58375	30	2026-09-21 06:54:32.348	2026-09-21 12:22:43.293
58375	35	2026-09-21 12:22:43.293	2026-09-21 12:31:32.253
58375	47	2026-09-21 12:31:32.253	2026-09-21 12:31:37.117
58375	45	2026-09-21 12:31:37.117	2026-09-22 07:14:53.782
58375	48	2026-09-22 07:14:53.782	2026-09-22 07:14:55.418
58375	50	2026-09-22 07:14:55.418	2026-09-22 07:16:28.541
58375	60	2026-09-22 07:16:28.541	2026-09-22 07:16:32.886
58375	80	2026-09-22 07:16:32.886	NULL
58381	20	2026-09-27 06:43:52.441	2026-09-28 11:15:08.680
58381	25	2026-09-28 11:15:08.680	2026-09-28 14:01:38.433
58381	30	2026-09-28 14:01:38.433	2026-09-28 14:01:42.086
58381	35	2026-09-28 14:01:42.086	2026-09-28 14:03:48.598
58381	40	2026-09-28 14:03:48.598	2026-09-28 14:03:49.622
58381	45	2026-09-28 14:03:49.622	2026-09-29 09:14:43.513
58381	50	2026-09-29 09:14:43.513	2026-09-29 12:33:44.703
58381	60	2026-09-29 12:33:44.703	2026-09-29 12:33:47.218
58381	80	2026-09-29 12:33:47.218	NULL
58383	20	2026-09-19 13:30:32.109	2026-09-21 06:54:00.866
58383	25	2026-09-21 06:54:00.866	2026-09-21 12:31:16.925
58383	47	2026-09-21 12:31:16.925	2026-09-21 13:12:32.785
58383	45	2026-09-21 13:12:32.785	2026-09-22 07:09:39.046
58383	48	2026-09-22 07:09:39.046	2026-09-22 07:09:40.896
58383	50	2026-09-22 07:09:40.896	2026-09-22 07:12:34.245
58383	60	2026-09-22 07:12:34.245	2026-09-22 07:12:37.447
58383	80	2026-09-22 07:12:37.447	NULL
58385	20	2026-09-19 12:16:19.888	2026-09-21 06:53:06.582
58385	25	2026-09-21 06:53:06.582	2026-09-21 06:53:09.744
58385	30	2026-09-21 06:53:09.744	2026-09-21 13:44:47.931
58385	35	2026-09-21 13:44:47.931	2026-09-21 18:21:30.325
58385	40	2026-09-21 18:21:30.325	2026-09-21 18:21:32.713
58385	45	2026-09-21 18:21:32.713	2026-09-22 07:15:31.728
58385	50	2026-09-22 07:15:31.728	2026-09-22 07:15:42.150
58385	60	2026-09-22 07:15:42.150	2026-09-22 07:15:44.756
58385	80	2026-09-22 07:15:44.756	NULL
58388	20	2026-09-19 08:38:20.211	2026-09-21 07:20:23.155
58388	25	2026-09-21 07:20:23.155	2026-09-21 10:22:28.661
58388	47	2026-09-21 10:22:28.661	2026-09-21 11:50:43.229
58388	45	2026-09-21 11:50:43.229	2026-09-22 07:09:49.684
58388	48	2026-09-22 07:09:49.684	2026-09-22 07:09:51.276
58388	50	2026-09-22 07:09:51.276	2026-09-22 07:12:23.169
58388	60	2026-09-22 07:12:23.169	2026-09-22 07:12:27.133
58388	80	2026-09-22 07:12:27.133	NULL
58397	20	2026-09-21 10:14:42.691	2026-09-22 08:26:51.820
58397	25	2026-09-22 08:26:51.820	2026-09-22 08:26:55.021
58397	30	2026-09-22 08:26:55.021	2026-09-23 06:55:08.336
58397	35	2026-09-23 06:55:08.336	2026-09-23 07:39:53.190
58397	40	2026-09-23 07:39:53.190	2026-09-24 12:28:54.827
58397	45	2026-09-24 12:28:54.827	2026-09-25 11:09:04.213
58397	50	2026-09-25 11:09:04.213	2026-09-25 13:01:28.852
58397	60	2026-09-25 13:01:28.852	2026-09-25 13:01:32.396
58397	80	2026-09-25 13:01:32.396	NULL
58399	20	2026-09-19 13:14:26.914	2026-09-21 07:34:39.685
58399	25	2026-09-21 07:34:39.685	2026-09-21 07:34:42.829
58399	30	2026-09-21 07:34:42.829	2026-09-21 11:09:27.691
58399	35	2026-09-21 11:09:27.691	2026-09-21 11:33:33.872
58399	40	2026-09-21 11:33:33.872	2026-09-21 11:33:36.821
58399	45	2026-09-21 11:33:36.821	2026-09-22 07:14:16.072
58399	50	2026-09-22 07:14:16.072	2026-09-22 07:17:44.124
58399	60	2026-09-22 07:17:44.124	2026-09-22 07:17:46.866
58399	80	2026-09-22 07:17:46.866	NULL
58409	20	2026-09-19 12:13:21.247	2026-09-21 06:52:47.032
58409	25	2026-09-21 06:52:47.032	2026-09-21 06:52:50.708
58409	30	2026-09-21 06:52:50.708	2026-09-21 13:45:45.687
58409	35	2026-09-21 13:45:45.687	2026-09-21 18:21:14.452
58409	40	2026-09-21 18:21:14.452	2026-09-21 18:21:16.625
58409	45	2026-09-21 18:21:16.625	2026-09-22 14:03:46.044
58409	50	2026-09-22 14:03:46.044	2026-09-23 06:51:01.124
58409	60	2026-09-23 06:51:01.124	2026-09-23 06:51:03.955
58409	80	2026-09-23 06:51:03.955	NULL
58412	20	2026-09-22 06:32:59.847	2026-09-23 10:34:33.768
58412	25	2026-09-23 10:34:33.768	2026-09-23 10:34:36.796
58412	30	2026-09-23 10:34:36.796	2026-09-23 10:34:40.703
58412	35	2026-09-23 10:34:40.703	2026-09-23 10:50:15.179
58412	40	2026-09-23 10:50:15.179	2026-09-23 10:50:17.077
58412	45	2026-09-23 10:50:17.077	2026-09-24 06:48:56.770
58412	50	2026-09-24 06:48:56.770	2026-09-24 06:50:21.662
58412	60	2026-09-24 06:50:21.662	2026-09-24 06:50:23.244
58412	80	2026-09-24 06:50:23.244	NULL
58413	20	2026-09-19 13:03:03.701	2026-09-21 06:52:30.060
58413	25	2026-09-21 06:52:30.060	2026-09-21 06:52:34.496
58413	30	2026-09-21 06:52:34.496	2026-09-21 13:34:56.604
58413	35	2026-09-21 13:34:56.604	2026-09-21 18:20:32.614
58413	40	2026-09-21 18:20:32.614	2026-09-21 18:20:35.688
58413	45	2026-09-21 18:20:35.688	2026-09-22 06:23:56.485
58413	50	2026-09-22 06:23:56.485	2026-09-23 06:50:53.767
58413	60	2026-09-23 06:50:53.767	2026-09-23 06:50:56.710
58413	80	2026-09-23 06:50:56.710	NULL
58419	20	2026-09-21 16:02:10.583	2026-09-22 08:25:46.574
58419	25	2026-09-22 08:25:46.574	2026-09-22 08:25:49.475
58419	30	2026-09-22 08:25:49.475	2026-09-22 12:05:33.055
58419	35	2026-09-22 12:05:33.055	2026-09-22 12:40:46.702
58419	40	2026-09-22 12:40:46.702	2026-09-22 12:40:55.240
58419	45	2026-09-22 12:40:55.240	2026-09-23 07:19:07.850
58419	50	2026-09-23 07:19:07.850	2026-09-23 07:20:18.209
58419	60	2026-09-23 07:20:18.209	2026-09-23 07:20:24.362
58419	80	2026-09-23 07:20:24.362	NULL
58427	20	2026-09-22 10:31:32.569	2026-09-23 07:34:08.956
58427	25	2026-09-23 07:34:08.956	2026-09-24 08:08:23.875
58427	30	2026-09-24 08:08:23.875	2026-09-25 12:32:32.663
58427	35	2026-09-25 12:32:32.663	2026-09-25 13:07:28.689
58427	40	2026-09-25 13:07:28.689	2026-09-25 13:07:30.830
58427	45	2026-09-25 13:07:30.830	2026-09-28 18:01:50.125
58427	50	2026-09-28 18:01:50.125	2026-09-29 12:33:37.102
58427	60	2026-09-29 12:33:37.102	2026-09-29 12:33:41.892
58427	80	2026-09-29 12:33:41.892	NULL
58435	20	2026-09-21 13:29:18.957	2026-09-22 08:19:16.829
58435	25	2026-09-22 08:19:16.829	2026-09-22 11:38:55.552
58435	30	2026-09-22 11:38:55.552	2026-09-22 11:38:58.750
58435	35	2026-09-22 11:38:58.750	2026-09-22 12:01:05.920
58435	40	2026-09-22 12:01:05.920	2026-09-22 12:01:07.545
58435	45	2026-09-22 12:01:07.545	2026-09-22 14:03:00.281
58435	50	2026-09-22 14:03:00.281	2026-09-23 06:50:48.149
58435	60	2026-09-23 06:50:48.149	2026-09-23 06:50:51.053
58435	80	2026-09-23 06:50:51.053	NULL
58439	20	2026-09-23 06:46:29.419	2026-09-24 07:55:55.641
58439	25	2026-09-24 07:55:55.641	2026-09-24 12:36:38.661
58439	47	2026-09-24 12:36:38.661	2026-09-24 13:00:09.542
58439	45	2026-09-24 13:00:09.542	2026-09-25 06:53:30.966
58439	48	2026-09-25 06:53:30.966	2026-09-25 06:53:32.407
58439	50	2026-09-25 06:53:32.407	2026-09-25 06:54:13.921
58439	60	2026-09-25 06:54:13.921	2026-09-25 06:54:32.052
58439	80	2026-09-25 06:54:32.052	NULL
58453	20	2026-09-19 12:42:25.532	2026-09-21 07:31:50.229
58453	25	2026-09-21 07:31:50.229	2026-09-21 07:31:52.903
58453	30	2026-09-21 07:31:52.903	2026-09-21 11:27:30.156
58453	35	2026-09-21 11:27:30.156	2026-09-21 11:33:06.440
58453	40	2026-09-21 11:33:06.440	2026-09-21 11:33:08.791
58453	45	2026-09-21 11:33:08.791	2026-09-22 07:13:55.035
58453	50	2026-09-22 07:13:55.035	2026-09-22 07:18:01.800
58453	60	2026-09-22 07:18:01.800	2026-09-22 07:18:04.095
58453	80	2026-09-22 07:18:04.095	NULL
58459	20	2026-09-21 11:35:49.657	2026-09-22 08:22:52.595
58459	25	2026-09-22 08:22:52.595	2026-09-22 13:00:56.740
58459	30	2026-09-22 13:00:56.740	2026-09-22 13:00:59.447
58459	35	2026-09-22 13:00:59.447	2026-09-22 13:13:51.911
58459	40	2026-09-22 13:13:51.911	2026-09-22 13:13:54.363
58459	45	2026-09-22 13:13:54.363	2026-09-23 07:19:01.501
58459	50	2026-09-23 07:19:01.501	2026-09-23 07:20:29.316
58459	60	2026-09-23 07:20:29.316	2026-09-23 07:20:32.400
58459	80	2026-09-23 07:20:32.400	NULL
58461	20	2026-09-23 11:39:05.160	2026-09-24 08:07:58.600
58461	25	2026-09-24 08:07:58.600	2026-09-24 12:41:51.505
58461	30	2026-09-24 12:41:51.505	2026-09-24 12:41:55.380
58461	35	2026-09-24 12:41:55.380	2026-09-24 12:42:36.260
58461	40	2026-09-24 12:42:36.260	2026-09-24 12:42:38.347
58461	45	2026-09-24 12:42:38.347	2026-09-25 11:08:48.527
58461	50	2026-09-25 11:08:48.527	2026-09-25 13:01:20.885
58461	60	2026-09-25 13:01:20.885	2026-09-25 13:01:22.704
58461	80	2026-09-25 13:01:22.704	NULL
58472	20	2026-09-21 08:21:01.221	2026-09-22 08:27:46.705
58472	25	2026-09-22 08:27:46.705	2026-09-22 08:27:51.810
58472	30	2026-09-22 08:27:51.810	2026-09-23 12:04:29.604
58472	35	2026-09-23 12:04:29.604	2026-09-23 12:04:32.983
58472	40	2026-09-23 12:04:32.983	2026-09-23 12:04:34.940
58472	45	2026-09-23 12:04:34.940	2026-09-24 06:48:51.149
58472	50	2026-09-24 06:48:51.149	2026-09-24 06:50:13.983
58472	60	2026-09-24 06:50:13.983	2026-09-24 06:50:16.390
58472	80	2026-09-24 06:50:16.390	NULL
58476	20	2026-09-22 08:14:27.945	2026-09-23 07:03:13.459
58476	25	2026-09-23 07:03:13.459	2026-09-23 07:03:19.759
58476	30	2026-09-23 07:03:19.759	2026-09-23 12:15:31.020
58476	35	2026-09-23 12:15:31.020	2026-09-23 12:20:02.559
58476	40	2026-09-23 12:20:02.559	2026-09-23 12:20:04.030
58476	45	2026-09-23 12:20:04.030	2026-09-23 12:24:44.227
58476	70	2026-09-23 12:24:44.227	2026-09-24 11:52:05.820
58476	80	2026-09-24 11:52:05.820	NULL
58492	20	2026-09-23 10:11:32.127	2026-09-24 08:02:14.393
58492	25	2026-09-24 08:02:14.393	2026-09-24 11:26:36.967
58492	30	2026-09-24 11:26:36.967	2026-09-24 11:26:40.418
58492	35	2026-09-24 11:26:40.418	2026-09-24 12:17:57.842
58492	40	2026-09-24 12:17:57.842	2026-09-24 12:17:59.935
58492	45	2026-09-24 12:17:59.935	2026-09-25 06:40:01.960
58492	50	2026-09-25 06:40:01.960	2026-09-25 06:40:06.947
58492	60	2026-09-25 06:40:06.947	2026-09-25 06:40:09.976
58492	80	2026-09-25 06:40:09.976	NULL
58521	20	2026-09-21 10:10:33.176	2026-09-22 08:29:40.920
58521	25	2026-09-22 08:29:40.920	2026-09-22 08:29:43.966
58521	30	2026-09-22 08:29:43.966	2026-09-23 10:32:30.511
58521	35	2026-09-23 10:32:30.511	2026-09-23 10:49:58.764
58521	40	2026-09-23 10:49:58.764	2026-09-23 10:50:01.863
58521	45	2026-09-23 10:50:01.863	2026-09-24 07:26:36.979
58521	50	2026-09-24 07:26:36.979	2026-09-25 12:53:55.417
58521	60	2026-09-25 12:53:55.417	2026-09-25 12:53:58.537
58521	80	2026-09-25 12:53:58.537	NULL
58531	20	2026-09-23 10:19:36.557	2026-09-24 08:07:45.696
58531	25	2026-09-24 08:07:45.696	2026-09-24 12:41:39.021
58531	30	2026-09-24 12:41:39.021	2026-09-24 12:41:42.000
58531	35	2026-09-24 12:41:42.000	2026-09-24 12:43:19.379
58531	40	2026-09-24 12:43:19.379	2026-09-24 12:43:21.510
58531	45	2026-09-24 12:43:21.510	2026-09-25 11:08:34.381
58531	50	2026-09-25 11:08:34.381	2026-09-25 13:01:12.247
58531	60	2026-09-25 13:01:12.247	2026-09-25 13:01:14.432
58531	80	2026-09-25 13:01:14.432	NULL
58541	20	2026-09-21 13:52:18.448	2026-09-22 08:29:18.679
58541	25	2026-09-22 08:29:18.679	2026-09-22 08:29:27.619
58541	30	2026-09-22 08:29:27.619	2026-09-23 10:32:20.389
58541	35	2026-09-23 10:32:20.389	2026-09-23 10:49:51.110
58541	40	2026-09-23 10:49:51.110	2026-09-23 10:49:53.217
58541	45	2026-09-23 10:49:53.217	2026-09-24 06:48:45.724
58541	50	2026-09-24 06:48:45.724	2026-09-24 06:50:05.675
58541	60	2026-09-24 06:50:05.675	2026-09-24 06:50:09.110
58541	80	2026-09-24 06:50:09.110	NULL
58546	20	2026-09-21 11:56:41.424	2026-09-22 06:00:16.983
58546	25	2026-09-22 06:00:16.983	2026-09-22 06:00:20.478
58546	30	2026-09-22 06:00:20.478	2026-09-22 06:00:24.981
58546	35	2026-09-22 06:00:24.981	2026-09-22 09:05:47.235
58546	40	2026-09-22 09:05:47.235	2026-09-22 09:05:50.095
58546	45	2026-09-22 09:05:50.095	2026-09-23 07:18:54.101
58546	50	2026-09-23 07:18:54.101	2026-09-23 07:20:37.807
58546	60	2026-09-23 07:20:37.807	2026-09-23 07:20:40.375
58546	80	2026-09-23 07:20:40.375	NULL
58555	20	2026-09-21 10:56:24.584	2026-09-22 08:25:14.945
58555	25	2026-09-22 08:25:14.945	2026-09-22 13:10:42.710
58555	30	2026-09-22 13:10:42.710	2026-09-22 13:10:45.340
58555	35	2026-09-22 13:10:45.340	2026-09-22 13:33:42.631
58555	40	2026-09-22 13:33:42.631	2026-09-22 13:33:44.646
58555	45	2026-09-22 13:33:44.646	2026-09-22 14:02:54.186
58555	50	2026-09-22 14:02:54.186	2026-09-23 06:50:40.841
58555	60	2026-09-23 06:50:40.841	2026-09-23 06:50:43.857
58555	80	2026-09-23 06:50:43.857	NULL
58559	20	2026-09-21 13:12:32.972	2026-09-22 08:19:00.881
58559	25	2026-09-22 08:19:00.881	2026-09-22 08:19:03.237
58559	30	2026-09-22 08:19:03.237	2026-09-22 12:03:19.418
58559	35	2026-09-22 12:03:19.418	2026-09-22 12:39:29.707
58559	40	2026-09-22 12:39:29.707	2026-09-22 12:39:31.987
58559	45	2026-09-22 12:39:31.987	2026-09-22 14:02:46.763
58559	50	2026-09-22 14:02:46.763	2026-09-23 06:50:34.260
58559	60	2026-09-23 06:50:34.260	2026-09-23 06:50:37.814
58559	80	2026-09-23 06:50:37.814	NULL
58582	20	2026-09-21 11:34:13.829	2026-09-22 08:26:37.792
58582	25	2026-09-22 08:26:37.792	2026-09-22 08:26:40.742
58582	30	2026-09-22 08:26:40.742	2026-09-22 11:37:12.020
58582	35	2026-09-22 11:37:12.020	2026-09-22 12:01:43.214
58582	40	2026-09-22 12:01:43.214	2026-09-22 12:01:45.620
58582	45	2026-09-22 12:01:45.620	2026-09-22 14:02:37.949
58582	50	2026-09-22 14:02:37.949	2026-09-23 06:48:52.173
58582	60	2026-09-23 06:48:52.173	2026-09-23 06:48:54.984
58582	80	2026-09-23 06:48:54.984	NULL
58584	20	2026-09-21 13:49:04.756	2026-09-22 08:24:55.217
58584	25	2026-09-22 08:24:55.217	2026-09-22 13:10:30.983
58584	30	2026-09-22 13:10:30.983	2026-09-22 13:10:33.354
58584	35	2026-09-22 13:10:33.354	2026-09-22 13:33:33.199
58584	40	2026-09-22 13:33:33.199	2026-09-22 13:33:35.304
58584	45	2026-09-22 13:33:35.304	2026-09-22 14:02:19.013
58584	50	2026-09-22 14:02:19.013	2026-09-23 06:47:16.282
58584	60	2026-09-23 06:47:16.282	2026-09-23 06:47:19.315
58584	80	2026-09-23 06:47:19.315	NULL
58585	20	2026-09-21 13:31:42.619	2026-09-22 08:18:46.882
58585	25	2026-09-22 08:18:46.882	2026-09-22 08:18:49.632
58585	30	2026-09-22 08:18:49.632	2026-09-22 11:39:50.728
58585	35	2026-09-22 11:39:50.728	2026-09-22 12:00:58.478
58585	40	2026-09-22 12:00:58.478	2026-09-22 12:01:00.364
58585	45	2026-09-22 12:01:00.364	2026-09-23 07:08:18.584
58585	50	2026-09-23 07:08:18.584	2026-09-23 07:09:39.604
58585	60	2026-09-23 07:09:39.604	2026-09-23 07:09:41.899
58585	80	2026-09-23 07:09:41.899	NULL
58594	20	2026-09-22 07:09:02.501	2026-09-23 07:04:43.114
58594	25	2026-09-23 07:04:43.114	2026-09-23 07:04:48.612
58594	30	2026-09-23 07:04:48.612	2026-09-23 10:29:45.095
58594	35	2026-09-23 10:29:45.095	2026-09-23 10:29:49.265
58594	40	2026-09-23 10:29:49.265	2026-09-23 10:30:11.513
58594	45	2026-09-23 10:30:11.513	2026-09-23 12:24:33.654
58594	70	2026-09-23 12:24:33.654	2026-09-24 13:22:05.972
58594	80	2026-09-24 13:22:05.972	NULL
58600	20	2026-09-22 08:28:52.527	2026-09-23 07:33:19.273
58600	25	2026-09-23 07:33:19.273	2026-09-23 07:33:22.656
58600	30	2026-09-23 07:33:22.656	2026-09-23 12:18:35.455
58600	35	2026-09-23 12:18:35.455	2026-09-23 12:20:40.723
58600	40	2026-09-23 12:20:40.723	2026-09-23 12:20:42.291
58600	45	2026-09-23 12:20:42.291	2026-09-24 06:48:37.269
58600	50	2026-09-24 06:48:37.269	2026-09-24 06:49:56.982
58600	60	2026-09-24 06:49:56.982	2026-09-24 06:49:59.676
58600	80	2026-09-24 06:49:59.676	NULL
58613	20	2026-09-21 13:31:44.688	2026-09-22 08:24:40.937
58613	25	2026-09-22 08:24:40.937	2026-09-22 13:10:18.232
58613	30	2026-09-22 13:10:18.232	2026-09-22 13:10:20.951
58613	35	2026-09-22 13:10:20.951	2026-09-22 13:15:39.974
58613	40	2026-09-22 13:15:39.974	2026-09-22 13:15:42.479
58613	45	2026-09-22 13:15:42.479	2026-09-22 14:04:12.207
58613	50	2026-09-22 14:04:12.207	2026-09-23 06:44:27.040
58613	60	2026-09-23 06:44:27.040	2026-09-23 06:44:29.820
58613	80	2026-09-23 06:44:29.820	NULL
58616	20	2026-09-21 13:42:29.930	2026-09-22 08:27:29.583
58616	25	2026-09-22 08:27:29.583	2026-09-22 13:02:32.152
58616	30	2026-09-22 13:02:32.152	2026-09-22 13:02:35.432
58616	35	2026-09-22 13:02:35.432	2026-09-22 13:13:34.348
58616	47	2026-09-22 13:13:34.348	2026-09-23 12:02:59.684
58616	45	2026-09-23 12:02:59.684	2026-09-24 07:26:45.591
58616	48	2026-09-24 07:26:45.591	2026-09-24 07:26:47.206
58616	50	2026-09-24 07:26:47.206	2026-09-25 12:53:40.051
58616	60	2026-09-25 12:53:40.051	2026-09-25 12:53:42.419
58616	80	2026-09-25 12:53:42.419	NULL
58622	20	2026-09-21 09:55:56.481	2026-09-22 08:26:05.365
58622	25	2026-09-22 08:26:05.365	2026-09-23 10:35:47.601
58622	30	2026-09-23 10:35:47.601	2026-09-23 10:35:50.366
58622	35	2026-09-23 10:35:50.366	2026-09-23 10:49:28.902
58622	40	2026-09-23 10:49:28.902	2026-09-23 10:49:30.367
58622	45	2026-09-23 10:49:30.367	2026-09-24 06:48:27.141
58622	50	2026-09-24 06:48:27.141	2026-09-24 06:49:50.026
58622	60	2026-09-24 06:49:50.026	2026-09-24 06:49:51.932
58622	80	2026-09-24 06:49:51.932	NULL
58625	20	2026-09-22 08:36:53.030	2026-09-23 07:03:46.568
58625	25	2026-09-23 07:03:46.568	2026-09-23 07:03:50.305
58625	30	2026-09-23 07:03:50.305	2026-09-23 12:17:41.205
58625	35	2026-09-23 12:17:41.205	2026-09-23 12:20:15.104
58625	40	2026-09-23 12:20:15.104	2026-09-23 12:20:17.976
58625	45	2026-09-23 12:20:17.976	2026-09-24 07:26:54.985
58625	50	2026-09-24 07:26:54.985	2026-09-25 12:53:31.671
58625	60	2026-09-25 12:53:31.671	2026-09-25 12:53:34.581
58625	80	2026-09-25 12:53:34.581	NULL
58653	20	2026-09-22 12:46:30.199	2026-09-23 07:02:39.164
58653	25	2026-09-23 07:02:39.164	2026-09-23 07:02:41.720
58653	30	2026-09-23 07:02:41.720	2026-09-23 12:16:04.850
58653	35	2026-09-23 12:16:04.850	2026-09-23 12:19:56.052
58653	40	2026-09-23 12:19:56.052	2026-09-23 12:19:57.929
58653	45	2026-09-23 12:19:57.929	2026-09-24 07:27:02.201
58653	50	2026-09-24 07:27:02.201	2026-09-25 12:53:22.098
58653	60	2026-09-25 12:53:22.098	2026-09-25 12:53:25.266
58653	80	2026-09-25 12:53:25.266	NULL
58673	20	2026-09-22 10:32:54.141	2026-09-23 07:29:08.895
58673	25	2026-09-23 07:29:08.895	2026-09-25 12:34:15.796
58673	30	2026-09-25 12:34:15.796	2026-09-25 12:34:18.632
58673	35	2026-09-25 12:34:18.632	2026-09-25 13:09:33.823
58673	40	2026-09-25 13:09:33.823	2026-09-25 13:09:39.648
58673	45	2026-09-25 13:09:39.648	2026-09-28 18:01:23.882
58673	50	2026-09-28 18:01:23.882	2026-09-29 12:33:31.335
58673	60	2026-09-29 12:33:31.335	2026-09-29 12:33:34.335
58673	80	2026-09-29 12:33:34.335	NULL
58676	20	2026-09-24 07:17:55.588	2026-09-25 06:54:36.729
58676	25	2026-09-25 06:54:36.729	2026-09-25 12:45:06.133
58676	30	2026-09-25 12:45:06.133	2026-09-25 12:45:09.332
58676	35	2026-09-25 12:45:09.332	2026-09-25 13:07:10.933
58676	40	2026-09-25 13:07:10.933	2026-09-25 13:07:13.159
58676	45	2026-09-25 13:07:13.159	2026-09-28 07:33:57.114
58676	50	2026-09-28 07:33:57.114	2026-09-28 07:34:27.014
58676	60	2026-09-28 07:34:27.014	2026-09-28 07:34:40.179
58676	80	2026-09-28 07:34:40.179	NULL
58677	20	2026-09-22 12:34:28.180	2026-09-23 07:39:10.448
58677	25	2026-09-23 07:39:10.448	2026-09-24 13:17:46.129
58677	30	2026-09-24 13:17:46.129	2026-09-24 13:17:49.868
58677	35	2026-09-24 13:17:49.868	2026-09-24 13:27:26.904
58677	40	2026-09-24 13:27:26.904	2026-09-24 13:27:28.884
58677	45	2026-09-24 13:27:28.884	2026-09-25 06:53:13.941
58677	50	2026-09-25 06:53:13.941	2026-09-25 06:54:46.120
58677	60	2026-09-25 06:54:46.120	2026-09-25 06:54:49.052
58677	80	2026-09-25 06:54:49.052	NULL
58678	20	2026-09-21 13:30:35.541	2026-09-22 08:26:19.663
58678	25	2026-09-22 08:26:19.663	2026-09-22 08:26:22.431
58678	30	2026-09-22 08:26:22.431	2026-09-22 11:37:38.795
58678	35	2026-09-22 11:37:38.795	2026-09-22 12:01:36.169
58678	40	2026-09-22 12:01:36.169	2026-09-22 12:01:38.304
58678	45	2026-09-22 12:01:38.304	2026-09-22 14:04:05.931
58678	50	2026-09-22 14:04:05.931	2026-09-23 06:47:10.737
58678	60	2026-09-23 06:47:10.737	2026-09-23 06:47:13.045
58678	80	2026-09-23 06:47:13.045	NULL
58681	20	2026-09-24 08:35:41.486	2026-09-25 07:01:36.988
58681	25	2026-09-25 07:01:36.988	2026-09-25 12:31:37.212
58681	30	2026-09-25 12:31:37.212	2026-09-25 12:31:40.260
58681	35	2026-09-25 12:31:40.260	2026-09-25 13:08:05.943
58681	40	2026-09-25 13:08:05.943	2026-09-25 13:08:08.352
58681	45	2026-09-25 13:08:08.352	2026-09-28 07:33:05.389
58681	50	2026-09-28 07:33:05.389	2026-09-28 07:34:32.044
58681	60	2026-09-28 07:34:32.044	2026-09-28 07:34:36.912
58681	80	2026-09-28 07:34:36.912	NULL
58687	20	2026-09-21 08:28:40.001	2026-09-22 08:22:07.425
58687	25	2026-09-22 08:22:07.425	2026-09-22 13:02:59.637
58687	30	2026-09-22 13:02:59.637	2026-09-22 13:03:02.704
58687	35	2026-09-22 13:03:02.704	2026-09-22 13:13:06.944
58687	40	2026-09-22 13:13:06.944	2026-09-22 13:13:08.982
58687	45	2026-09-22 13:13:08.982	2026-09-23 07:08:11.337
58687	50	2026-09-23 07:08:11.337	2026-09-23 07:09:51.847
58687	60	2026-09-23 07:09:51.847	2026-09-23 07:09:54.872
58687	80	2026-09-23 07:09:54.872	NULL
58688	20	2026-09-23 11:19:32.011	2026-09-24 07:55:06.931
58688	25	2026-09-24 07:55:06.931	2026-09-24 12:37:42.863
58688	30	2026-09-24 12:37:42.863	2026-09-24 12:37:45.857
58688	35	2026-09-24 12:37:45.857	2026-09-24 12:39:57.879
58688	40	2026-09-24 12:39:57.879	2026-09-24 12:39:59.618
58688	45	2026-09-24 12:39:59.618	2026-09-25 06:52:57.843
58688	50	2026-09-25 06:52:57.843	2026-09-25 06:55:05.430
58688	60	2026-09-25 06:55:05.430	2026-09-25 06:55:08.787
58688	80	2026-09-25 06:55:08.787	NULL
58689	20	2026-09-21 09:55:11.565	2026-09-22 08:27:06.619
58689	25	2026-09-22 08:27:06.619	2026-09-22 08:27:08.776
58689	30	2026-09-22 08:27:08.776	2026-09-22 08:27:11.705
58689	35	2026-09-22 08:27:11.705	2026-09-23 12:03:53.251
58689	40	2026-09-23 12:03:53.251	2026-09-23 12:03:55.902
58689	45	2026-09-23 12:03:55.902	2026-09-24 06:48:19.757
58689	50	2026-09-24 06:48:19.757	2026-09-24 06:49:42.840
58689	60	2026-09-24 06:49:42.840	2026-09-24 06:49:44.670
58689	80	2026-09-24 06:49:44.670	NULL
58692	20	2026-09-22 09:07:36.677	2026-09-23 07:35:50.863
58692	25	2026-09-23 07:35:50.863	2026-09-23 10:36:14.343
58692	30	2026-09-23 10:36:14.343	2026-09-23 10:36:18.876
58692	35	2026-09-23 10:36:18.876	2026-09-23 10:49:40.621
58692	40	2026-09-23 10:49:40.621	2026-09-23 10:49:42.541
58692	45	2026-09-23 10:49:42.541	2026-09-24 07:27:11.819
58692	50	2026-09-24 07:27:11.819	2026-09-25 12:53:13.340
58692	60	2026-09-25 12:53:13.340	2026-09-25 12:53:16.280
58692	80	2026-09-25 12:53:16.280	NULL
58693	20	2026-09-22 12:50:22.805	2026-09-23 07:34:43.725
58693	25	2026-09-23 07:34:43.725	2026-09-23 13:36:56.815
58693	30	2026-09-23 13:36:56.815	2026-09-23 13:36:59.594
58693	35	2026-09-23 13:36:59.594	2026-09-23 13:44:19.125
58693	40	2026-09-23 13:44:19.125	2026-09-23 13:44:21.199
58693	45	2026-09-23 13:44:21.199	2026-09-24 07:27:18.600
58693	50	2026-09-24 07:27:18.600	2026-09-25 12:52:58.325
58693	60	2026-09-25 12:52:58.325	2026-09-25 12:53:01.047
58693	80	2026-09-25 12:53:01.047	NULL
58696	20	2026-09-21 11:09:14.344	2026-09-22 08:18:09.201
58696	25	2026-09-22 08:18:09.201	2026-09-22 08:18:11.641
58696	30	2026-09-22 08:18:11.641	2026-09-28 12:05:46.526
58696	99	2026-09-28 12:05:46.526	NULL
58702	20	2026-09-22 07:59:01.227	2026-09-23 18:41:56.388
58702	22	2026-09-23 18:41:56.388	2026-09-24 13:39:43.495
58702	99	2026-09-24 13:39:43.495	NULL
58704	20	2026-09-23 14:01:58.586	2026-09-24 07:54:51.523
58704	25	2026-09-24 07:54:51.523	2026-09-24 12:37:30.329
58704	30	2026-09-24 12:37:30.329	2026-09-24 12:37:33.227
58704	35	2026-09-24 12:37:33.227	2026-09-24 12:40:04.082
58704	40	2026-09-24 12:40:04.082	2026-09-24 12:40:06.092
58704	45	2026-09-24 12:40:06.092	2026-09-25 11:08:15.432
58704	50	2026-09-25 11:08:15.432	2026-09-25 13:01:00.394
58704	60	2026-09-25 13:01:00.394	2026-09-25 13:01:02.523
58704	80	2026-09-25 13:01:02.523	NULL
58707	20	2026-09-22 06:53:02.223	2026-09-23 07:37:35.429
58707	25	2026-09-23 07:37:35.429	2026-09-23 07:37:39.387
58707	30	2026-09-23 07:37:39.387	2026-09-23 10:36:39.399
58707	35	2026-09-23 10:36:39.399	2026-09-23 10:49:17.248
58707	40	2026-09-23 10:49:17.248	2026-09-23 10:49:19.229
58707	45	2026-09-23 10:49:19.229	2026-09-24 07:27:24.577
58707	50	2026-09-24 07:27:24.577	2026-09-25 12:52:48.185
58707	60	2026-09-25 12:52:48.185	2026-09-25 12:52:51.238
58707	80	2026-09-25 12:52:51.238	NULL
58710	20	2026-09-21 12:44:57.819	2026-09-22 08:17:48.453
58710	25	2026-09-22 08:17:48.453	2026-09-22 08:17:52.548
58710	30	2026-09-22 08:17:52.548	2026-09-22 12:04:33.022
58710	35	2026-09-22 12:04:33.022	2026-09-22 12:39:16.316
58710	40	2026-09-22 12:39:16.316	2026-09-22 12:39:18.395
58710	45	2026-09-22 12:39:18.395	2026-09-23 07:08:02.830
58710	50	2026-09-23 07:08:02.830	2026-09-23 07:10:06.355
58710	60	2026-09-23 07:10:06.355	2026-09-23 07:10:09.683
58710	80	2026-09-23 07:10:09.683	NULL
58712	20	2026-09-21 12:33:15.886	2026-09-22 05:59:53.136
58712	25	2026-09-22 05:59:53.136	2026-09-22 05:59:56.883
58712	30	2026-09-22 05:59:56.883	2026-09-22 06:00:00.589
58712	35	2026-09-22 06:00:00.589	2026-09-22 09:05:38.155
58712	40	2026-09-22 09:05:38.155	2026-09-22 09:05:40.964
58712	45	2026-09-22 09:05:40.964	2026-09-22 14:02:11.710
58712	50	2026-09-22 14:02:11.710	2026-09-23 06:47:03.885
58712	60	2026-09-23 06:47:03.885	2026-09-23 06:47:06.912
58712	80	2026-09-23 06:47:06.912	NULL
58714	20	2026-09-22 12:06:10.498	2026-09-23 07:32:53.234
58714	25	2026-09-23 07:32:53.234	2026-09-23 12:20:48.064
58714	47	2026-09-23 12:20:48.064	2026-09-24 13:27:22.305
58714	45	2026-09-24 13:27:22.305	2026-09-25 06:38:46.169
58714	48	2026-09-25 06:38:46.169	2026-09-25 06:38:47.937
58714	50	2026-09-25 06:38:47.937	2026-09-25 06:39:10.064
58714	60	2026-09-25 06:39:10.064	2026-09-25 06:39:13.549
58714	80	2026-09-25 06:39:13.549	NULL
58717	20	2026-09-21 12:01:00.909	2026-09-22 08:17:03.871
58717	25	2026-09-22 08:17:03.871	2026-09-22 08:17:06.327
58717	30	2026-09-22 08:17:06.327	2026-09-22 08:17:08.842
58717	35	2026-09-22 08:17:08.842	2026-09-22 12:00:49.228
58717	40	2026-09-22 12:00:49.228	2026-09-22 12:00:51.238
58717	45	2026-09-22 12:00:51.238	2026-09-23 07:18:40.379
58717	50	2026-09-23 07:18:40.379	2026-09-23 07:20:46.916
58717	60	2026-09-23 07:20:46.916	2026-09-23 07:20:49.776
58717	80	2026-09-23 07:20:49.776	NULL
58720	20	2026-09-22 11:25:29.288	2026-09-23 07:38:51.472
58720	25	2026-09-23 07:38:51.472	2026-09-24 13:17:59.986
58720	30	2026-09-24 13:17:59.986	2026-09-24 13:18:03.459
58720	35	2026-09-24 13:18:03.459	2026-09-24 13:27:34.573
58720	40	2026-09-24 13:27:34.573	2026-09-24 13:27:36.545
58720	45	2026-09-24 13:27:36.545	2026-09-25 11:07:57.982
58720	50	2026-09-25 11:07:57.982	2026-09-25 13:00:49.202
58720	60	2026-09-25 13:00:49.202	2026-09-25 13:00:51.831
58720	80	2026-09-25 13:00:51.831	NULL
58725	20	2026-09-23 08:24:36.799	2026-09-24 08:05:38.740
58725	25	2026-09-24 08:05:38.740	2026-09-24 08:05:41.225
58725	30	2026-09-24 08:05:41.225	2026-09-24 13:28:09.063
58725	35	2026-09-24 13:28:09.063	2026-09-24 13:28:15.653
58725	40	2026-09-24 13:28:15.653	2026-09-24 13:28:18.521
58725	45	2026-09-24 13:28:18.521	2026-09-25 06:53:05.423
58725	50	2026-09-25 06:53:05.423	2026-09-25 06:54:56.623
58725	60	2026-09-25 06:54:56.623	2026-09-25 06:54:59.749
58725	80	2026-09-25 06:54:59.749	NULL
58730	20	2026-09-23 11:24:02.712	2026-09-24 08:10:12.325
58730	25	2026-09-24 08:10:12.325	2026-09-24 08:10:15.345
58730	30	2026-09-24 08:10:15.345	2026-09-24 12:32:42.674
58730	35	2026-09-24 12:32:42.674	2026-09-24 12:36:45.197
58730	40	2026-09-24 12:36:45.197	2026-09-24 12:36:49.177
58730	45	2026-09-24 12:36:49.177	2026-09-25 11:07:42.917
58730	50	2026-09-25 11:07:42.917	2026-09-25 13:00:40.246
58730	60	2026-09-25 13:00:40.246	2026-09-25 13:00:42.734
58730	80	2026-09-25 13:00:42.734	NULL
58740	20	2026-09-21 10:46:17.285	2026-09-22 08:25:29.857
58740	25	2026-09-22 08:25:29.857	2026-09-22 08:25:32.291
58740	30	2026-09-22 08:25:32.291	2026-09-22 12:05:06.476
58740	35	2026-09-22 12:05:06.476	2026-09-22 12:40:39.980
58740	40	2026-09-22 12:40:39.980	2026-09-22 12:40:41.415
58740	45	2026-09-22 12:40:41.415	2026-09-23 07:07:56.584
58740	50	2026-09-23 07:07:56.584	2026-09-23 07:10:20.547
58740	60	2026-09-23 07:10:20.547	2026-09-23 07:10:23.066
58740	80	2026-09-23 07:10:23.066	NULL
58741	20	2026-09-21 12:46:41.851	2026-09-22 08:24:29.495
58741	25	2026-09-22 08:24:29.495	2026-09-22 13:10:02.741
58741	30	2026-09-22 13:10:02.741	2026-09-22 13:10:06.573
58741	35	2026-09-22 13:10:06.573	2026-09-22 13:15:31.790
58741	40	2026-09-22 13:15:31.790	2026-09-22 13:15:35.002
58741	45	2026-09-22 13:15:35.002	2026-09-22 14:02:05.365
58741	50	2026-09-22 14:02:05.365	2026-09-23 06:46:37.417
58741	60	2026-09-23 06:46:37.417	2026-09-23 06:46:40.326
58741	80	2026-09-23 06:46:40.326	NULL
58747	20	2026-09-23 11:25:51.673	2026-09-24 08:07:32.301
58747	25	2026-09-24 08:07:32.301	2026-09-24 12:41:26.104
58747	30	2026-09-24 12:41:26.104	2026-09-24 12:41:29.042
58747	35	2026-09-24 12:41:29.042	2026-09-24 12:41:40.581
58747	40	2026-09-24 12:41:40.581	2026-09-24 12:41:42.356
58747	45	2026-09-24 12:41:42.356	2026-09-25 11:07:29.223
58747	50	2026-09-25 11:07:29.223	2026-09-25 13:00:30.362
58747	60	2026-09-25 13:00:30.362	2026-09-25 13:00:33.948
58747	80	2026-09-25 13:00:33.948	NULL
58751	20	2026-09-22 12:11:05.368	2026-09-23 07:02:24.851
58751	25	2026-09-23 07:02:24.851	2026-09-23 07:02:28.008
58751	30	2026-09-23 07:02:28.008	2026-09-23 10:40:18.765
58751	35	2026-09-23 10:40:18.765	2026-09-23 10:43:11.765
58751	40	2026-09-23 10:43:11.765	2026-09-23 10:43:13.613
58751	45	2026-09-23 10:43:13.613	2026-09-24 07:27:31.271
58751	50	2026-09-24 07:27:31.271	2026-09-25 12:52:38.825
58751	60	2026-09-25 12:52:38.825	2026-09-25 12:52:41.654
58751	80	2026-09-25 12:52:41.654	NULL
58756	20	2026-09-22 11:09:49.832	2026-09-23 07:36:43.635
58756	25	2026-09-23 07:36:43.635	2026-09-23 10:37:31.362
58756	30	2026-09-23 10:37:31.362	2026-09-23 10:37:34.771
58756	35	2026-09-23 10:37:34.771	2026-09-23 10:47:58.075
58756	47	2026-09-23 10:47:58.075	2026-09-23 10:48:06.652
58756	45	2026-09-23 10:48:06.652	2026-09-24 07:27:41.667
58756	48	2026-09-24 07:27:41.667	2026-09-24 07:27:44.798
58756	50	2026-09-24 07:27:44.798	2026-09-25 12:52:21.546
58756	60	2026-09-25 12:52:21.546	2026-09-25 12:52:28.822
58756	80	2026-09-25 12:52:28.822	NULL
58785	20	2026-09-24 12:02:03.477	2026-09-25 06:51:59.984
58785	25	2026-09-25 06:51:59.984	2026-09-25 06:52:03.399
58785	30	2026-09-25 06:52:03.399	2026-09-25 13:51:42.306
58785	35	2026-09-25 13:51:42.306	2026-09-25 13:57:10.001
58785	40	2026-09-25 13:57:10.001	2026-09-25 13:57:12.302
58785	45	2026-09-25 13:57:12.302	2026-09-28 18:01:00.815
58785	50	2026-09-28 18:01:00.815	2026-09-29 12:32:55.342
58785	60	2026-09-29 12:32:55.342	2026-09-29 12:33:27.227
58785	80	2026-09-29 12:33:27.227	NULL
58798	20	2026-09-22 13:39:55.518	2026-09-23 07:35:11.795
58798	25	2026-09-23 07:35:11.795	2026-09-23 11:44:59.209
58798	30	2026-09-23 11:44:59.209	2026-09-23 11:45:02.663
58798	35	2026-09-23 11:45:02.663	2026-09-23 11:45:06.108
58798	40	2026-09-23 11:45:06.108	2026-09-23 11:45:09.045
58798	45	2026-09-23 11:45:09.045	2026-09-24 07:27:58.025
58798	50	2026-09-24 07:27:58.025	2026-09-25 12:52:08.454
58798	60	2026-09-25 12:52:08.454	2026-09-25 12:52:11.072
58798	80	2026-09-25 12:52:11.072	NULL
58803	20	2026-09-24 06:33:23.781	2026-09-25 06:54:06.136
58803	25	2026-09-25 06:54:06.136	2026-09-25 12:44:51.138
58803	30	2026-09-25 12:44:51.138	2026-09-25 12:44:54.794
58803	35	2026-09-25 12:44:54.794	2026-09-25 13:07:03.707
58803	40	2026-09-25 13:07:03.707	2026-09-25 13:07:05.722
58803	45	2026-09-25 13:07:05.722	2026-09-28 06:52:58.872
58803	50	2026-09-28 06:52:58.872	2026-09-28 07:08:32.105
58803	60	2026-09-28 07:08:32.105	2026-09-28 07:08:34.029
58803	80	2026-09-28 07:08:34.029	NULL
58805	20	2026-09-22 09:13:10.489	2026-09-23 07:06:15.230
58805	25	2026-09-23 07:06:15.230	2026-09-23 07:06:22.603
58805	30	2026-09-23 07:06:22.603	2026-09-23 10:29:21.453
58805	35	2026-09-23 10:29:21.453	2026-09-23 10:30:07.069
58805	40	2026-09-23 10:30:07.069	2026-09-23 10:30:10.128
58805	45	2026-09-23 10:30:10.128	2026-09-24 07:28:04.107
58805	50	2026-09-24 07:28:04.107	2026-09-25 12:51:57.802
58805	60	2026-09-25 12:51:57.802	2026-09-25 12:52:00.997
58805	80	2026-09-25 12:52:00.997	NULL
58806	20	2026-09-23 09:51:12.724	2026-09-24 08:09:51.180
58806	25	2026-09-24 08:09:51.180	2026-09-24 08:09:54.305
58806	30	2026-09-24 08:09:54.305	2026-09-24 12:32:30.783
58806	35	2026-09-24 12:32:30.783	2026-09-24 12:37:04.958
58806	40	2026-09-24 12:37:04.958	2026-09-24 12:37:07.998
58806	45	2026-09-24 12:37:07.998	2026-09-28 07:32:58.928
58806	50	2026-09-28 07:32:58.928	2026-09-28 07:34:46.014
58806	60	2026-09-28 07:34:46.014	2026-09-28 07:34:49.067
58806	80	2026-09-28 07:34:49.067	NULL
58815	20	2026-09-22 12:31:18.518	2026-09-23 07:38:34.855
58815	25	2026-09-23 07:38:34.855	2026-09-23 10:33:30.335
58815	30	2026-09-23 10:33:30.335	2026-09-23 10:33:34.173
58815	35	2026-09-23 10:33:34.173	2026-09-23 10:44:47.040
58815	40	2026-09-23 10:44:47.040	2026-09-23 10:44:49.724
58815	45	2026-09-23 10:44:49.724	2026-09-24 07:28:13.984
58815	50	2026-09-24 07:28:13.984	2026-09-25 12:51:48.208
58815	60	2026-09-25 12:51:48.208	2026-09-25 12:51:51.251
58815	80	2026-09-25 12:51:51.251	NULL
58820	20	2026-10-01 08:25:23.304	2026-10-01 13:21:43.176
58820	25	2026-10-01 13:21:43.176	NULL
58823	20	2026-09-22 13:53:57.433	2026-09-23 07:35:25.630
58823	25	2026-09-23 07:35:25.630	2026-09-23 07:35:28.098
58823	30	2026-09-23 07:35:28.098	2026-09-23 12:01:28.831
58823	35	2026-09-23 12:01:28.831	2026-09-23 12:01:44.150
58823	40	2026-09-23 12:01:44.150	2026-09-23 12:01:47.249
58823	45	2026-09-23 12:01:47.249	2026-09-24 07:28:21.038
58823	50	2026-09-24 07:28:21.038	2026-09-25 12:51:37.743
58823	60	2026-09-25 12:51:37.743	2026-09-25 12:51:40.270
58823	80	2026-09-25 12:51:40.270	NULL
58841	20	2026-09-23 06:38:20.787	2026-09-24 08:12:58.288
58841	25	2026-09-24 08:12:58.288	2026-09-24 10:52:03.480
58841	30	2026-09-24 10:52:03.480	2026-09-24 10:52:09.121
58841	35	2026-09-24 10:52:09.121	2026-09-24 11:02:46.022
58841	47	2026-09-24 11:02:46.022	2026-09-24 11:02:49.589
58841	45	2026-09-24 11:02:49.589	2026-09-25 11:06:10.361
58841	48	2026-09-25 11:06:10.361	2026-09-25 11:06:13.279
58841	50	2026-09-25 11:06:13.279	2026-09-25 13:00:13.886
58841	60	2026-09-25 13:00:13.886	2026-09-25 13:00:16.578
58841	80	2026-09-25 13:00:16.578	NULL
58843	20	2026-09-22 11:28:51.461	2026-09-23 07:04:16.412
58843	25	2026-09-23 07:04:16.412	2026-09-23 07:04:22.629
58843	30	2026-09-23 07:04:22.629	2026-09-23 12:16:26.050
58843	35	2026-09-23 12:16:26.050	2026-09-23 12:20:28.851
58843	40	2026-09-23 12:20:28.851	2026-09-23 12:20:30.740
58843	45	2026-09-23 12:20:30.740	2026-09-24 07:28:27.423
58843	50	2026-09-24 07:28:27.423	2026-09-25 12:51:26.270
58843	60	2026-09-25 12:51:26.270	2026-09-25 12:51:29.262
58843	80	2026-09-25 12:51:29.262	NULL
58850	20	2026-09-22 13:54:51.514	2026-09-23 07:29:45.112
58850	25	2026-09-23 07:29:45.112	2026-09-23 13:39:06.895
58850	30	2026-09-23 13:39:06.895	2026-09-25 12:33:34.574
58850	35	2026-09-25 12:33:34.574	2026-09-25 13:09:13.135
58850	40	2026-09-25 13:09:13.135	2026-09-25 13:09:19.872
58850	45	2026-09-25 13:09:19.872	2026-09-28 18:00:44.065
58850	50	2026-09-28 18:00:44.065	2026-09-29 12:32:47.799
58850	60	2026-09-29 12:32:47.799	2026-09-29 12:32:50.335
58850	80	2026-09-29 12:32:50.335	NULL
58853	20	2026-09-23 12:16:38.365	2026-09-24 08:12:31.000
58853	25	2026-09-24 08:12:31.000	2026-09-24 10:51:44.870
58853	30	2026-09-24 10:51:44.870	2026-09-24 10:51:47.533
58853	35	2026-09-24 10:51:47.533	2026-09-24 11:02:32.369
58853	40	2026-09-24 11:02:32.369	2026-09-24 11:02:34.301
58853	45	2026-09-24 11:02:34.301	2026-09-25 11:05:12.621
58853	50	2026-09-25 11:05:12.621	2026-09-25 13:00:04.765
58853	60	2026-09-25 13:00:04.765	2026-09-25 13:00:07.953
58853	80	2026-09-25 13:00:07.953	NULL
58856	20	2026-09-22 08:58:38.833	2026-09-23 07:03:31.333
58856	25	2026-09-23 07:03:31.333	2026-09-23 07:03:34.988
58856	30	2026-09-23 07:03:34.988	2026-09-23 12:15:11.640
58856	35	2026-09-23 12:15:11.640	2026-09-23 12:20:07.750
58856	40	2026-09-23 12:20:07.750	2026-09-23 12:20:09.432
58856	45	2026-09-23 12:20:09.432	2026-09-24 07:28:33.932
58856	50	2026-09-24 07:28:33.932	2026-09-25 13:04:13.113
58856	60	2026-09-25 13:04:13.113	2026-09-25 13:04:19.630
58856	80	2026-09-25 13:04:19.630	NULL
58858	20	2026-09-23 08:22:16.570	2026-09-24 08:06:15.986
58858	25	2026-09-24 08:06:15.986	2026-09-24 09:44:42.881
58858	30	2026-09-24 09:44:42.881	2026-09-24 09:44:45.341
58858	35	2026-09-24 09:44:45.341	2026-09-24 10:04:51.332
58858	40	2026-09-24 10:04:51.332	2026-09-24 10:04:53.751
58858	45	2026-09-24 10:04:53.751	2026-09-25 11:04:56.854
58858	50	2026-09-25 11:04:56.854	2026-09-25 12:59:52.962
58858	60	2026-09-25 12:59:52.962	2026-09-25 12:59:55.229
58858	80	2026-09-25 12:59:55.229	NULL
58859	20	2026-09-23 08:17:38.388	2026-09-24 07:14:22.176
58859	22	2026-09-24 07:14:22.176	2026-09-24 08:21:22.754
58859	99	2026-09-24 08:21:22.754	NULL
58861	20	2026-09-22 07:15:25.134	2026-09-22 08:31:19.343
58861	25	2026-09-22 08:31:19.343	2026-09-22 08:31:22.320
58861	30	2026-09-22 08:31:22.320	2026-09-22 08:32:27.659
58861	35	2026-09-22 08:32:27.659	2026-09-22 09:05:57.004
58861	40	2026-09-22 09:05:57.004	2026-09-22 09:05:58.949
58861	45	2026-09-22 09:05:58.949	2026-09-22 09:57:30.772
58861	70	2026-09-22 09:57:30.772	2026-09-22 09:57:33.897
58861	80	2026-09-22 09:57:33.897	NULL
58867	20	2026-09-22 08:56:35.662	2026-09-22 09:51:21.267
58867	25	2026-09-22 09:51:21.267	2026-09-22 09:51:23.767
58867	30	2026-09-22 09:51:23.767	2026-09-22 09:51:27.428
58867	35	2026-09-22 09:51:27.428	2026-09-22 09:58:16.082
58867	40	2026-09-22 09:58:16.082	2026-09-22 09:59:05.645
58867	45	2026-09-22 09:59:05.645	2026-09-22 09:59:24.400
58867	70	2026-09-22 09:59:24.400	2026-09-23 10:02:54.159
58867	80	2026-09-23 10:02:54.159	NULL
58872	20	2026-09-23 06:30:00.528	2026-09-24 08:33:20.644
58872	25	2026-09-24 08:33:20.644	2026-09-25 12:43:08.420
58872	30	2026-09-25 12:43:08.420	2026-09-25 12:43:11.603
58872	35	2026-09-25 12:43:11.603	2026-09-25 13:06:37.683
58872	40	2026-09-25 13:06:37.683	2026-09-25 13:06:40.256
58872	45	2026-09-25 13:06:40.256	2026-09-28 06:52:52.238
58872	50	2026-09-28 06:52:52.238	2026-09-28 07:08:20.539
58872	60	2026-09-28 07:08:20.539	2026-09-28 07:08:25.256
58872	80	2026-09-28 07:08:25.256	NULL
58878	20	2026-09-25 10:27:41.281	2026-09-28 13:15:10.364
58878	25	2026-09-28 13:15:10.364	2026-09-28 13:15:13.390
58878	30	2026-09-28 13:15:13.390	2026-09-28 13:15:16.399
58878	35	2026-09-28 13:15:16.399	2026-09-28 13:15:22.818
58878	40	2026-09-28 13:15:22.818	2026-09-28 13:15:25.210
58878	45	2026-09-28 13:15:25.210	2026-09-29 09:14:25.749
58878	50	2026-09-29 09:14:25.749	2026-09-29 12:32:42.489
58878	60	2026-09-29 12:32:42.489	2026-09-29 12:32:45.109
58878	80	2026-09-29 12:32:45.109	NULL
58883	20	2026-09-23 08:25:05.295	2026-09-24 12:20:24.265
58883	25	2026-09-24 12:20:24.265	2026-09-25 12:35:53.191
58883	30	2026-09-25 12:35:53.191	2026-09-25 12:35:55.792
58883	35	2026-09-25 12:35:55.792	2026-09-25 13:08:59.900
58883	40	2026-09-25 13:08:59.900	2026-09-25 13:09:01.930
58883	45	2026-09-25 13:09:01.930	2026-09-28 18:00:14.416
58883	50	2026-09-28 18:00:14.416	2026-09-29 12:32:34.470
58883	60	2026-09-29 12:32:34.470	2026-09-29 12:32:37.060
58883	80	2026-09-29 12:32:37.060	NULL
58891	20	2026-09-23 07:10:57.603	2026-09-24 08:05:19.783
58891	25	2026-09-24 08:05:19.783	2026-09-24 08:05:24.960
58891	30	2026-09-24 08:05:24.960	2026-09-24 13:18:18.885
58891	35	2026-09-24 13:18:18.885	2026-09-24 13:27:41.961
58891	40	2026-09-24 13:27:41.961	2026-09-24 13:27:45.095
58891	45	2026-09-24 13:27:45.095	2026-09-25 11:04:28.742
58891	50	2026-09-25 11:04:28.742	2026-09-25 12:59:43.744
58891	60	2026-09-25 12:59:43.744	2026-09-25 12:59:46.397
58891	80	2026-09-25 12:59:46.397	NULL
58893	20	2026-09-22 13:58:29.006	2026-09-23 07:04:02.168
58893	25	2026-09-23 07:04:02.168	2026-09-23 07:04:05.068
58893	30	2026-09-23 07:04:05.068	2026-09-23 12:16:44.269
58893	35	2026-09-23 12:16:44.269	2026-09-23 12:20:22.029
58893	40	2026-09-23 12:20:22.029	2026-09-23 12:20:24.079
58893	45	2026-09-23 12:20:24.079	2026-09-24 07:28:43.269
58893	50	2026-09-24 07:28:43.269	2026-09-24 08:21:45.706
58893	70	2026-09-24 08:21:45.706	2026-09-24 08:21:52.604
58893	80	2026-09-24 08:21:52.604	NULL
58894	20	2026-09-23 13:33:27.554	2026-09-24 07:54:40.752
58894	25	2026-09-24 07:54:40.752	2026-09-24 12:37:16.338
58894	30	2026-09-24 12:37:16.338	2026-09-24 12:37:19.590
58894	35	2026-09-24 12:37:19.590	2026-09-24 12:40:11.709
58894	40	2026-09-24 12:40:11.709	2026-09-24 12:40:13.464
58894	45	2026-09-24 12:40:13.464	2026-09-25 11:03:39.348
58894	50	2026-09-25 11:03:39.348	2026-09-25 12:59:32.639
58894	60	2026-09-25 12:59:32.639	2026-09-25 12:59:35.136
58894	80	2026-09-25 12:59:35.136	NULL
58905	20	2026-09-22 12:41:48.628	2026-09-23 07:34:26.243
58905	25	2026-09-23 07:34:26.243	2026-09-23 13:37:07.505
58905	30	2026-09-23 13:37:07.505	2026-09-23 13:37:10.525
58905	35	2026-09-23 13:37:10.525	2026-09-24 07:17:40.301
58905	40	2026-09-24 07:17:40.301	2026-09-24 07:17:45.949
58905	45	2026-09-24 07:17:45.949	2026-09-24 07:26:13.457
58905	50	2026-09-24 07:26:13.457	2026-09-25 12:54:17.525
58905	60	2026-09-25 12:54:17.525	2026-09-25 12:54:20.550
58905	80	2026-09-25 12:54:20.550	NULL
58908	20	2026-09-23 10:44:38.294	2026-09-24 08:11:45.635
58908	25	2026-09-24 08:11:45.635	2026-09-24 08:11:47.887
58908	30	2026-09-24 08:11:47.887	2026-09-24 10:56:16.641
58908	35	2026-09-24 10:56:16.641	2026-09-24 11:02:03.452
58908	40	2026-09-24 11:02:03.452	2026-09-24 11:02:05.819
58908	45	2026-09-24 11:02:05.819	2026-09-25 06:38:00.683
58908	50	2026-09-25 06:38:00.683	2026-09-25 06:41:49.401
58908	60	2026-09-25 06:41:49.401	2026-09-25 06:41:52.198
58908	80	2026-09-25 06:41:52.198	NULL
58909	20	2026-09-22 11:04:08.034	2026-09-23 09:32:24.440
58909	25	2026-09-23 09:32:24.440	2026-09-24 08:08:32.995
58909	30	2026-09-24 08:08:32.995	2026-09-24 12:30:29.707
58909	35	2026-09-24 12:30:29.707	2026-09-24 12:39:15.696
58909	40	2026-09-24 12:39:15.696	2026-09-24 12:39:17.436
58909	45	2026-09-24 12:39:17.436	2026-09-25 06:52:50.363
58909	50	2026-09-25 06:52:50.363	2026-09-25 06:55:14.220
58909	60	2026-09-25 06:55:14.220	2026-09-25 06:55:17.546
58909	80	2026-09-25 06:55:17.546	NULL
58916	20	2026-09-22 12:57:55.509	2026-09-23 06:23:41.553
58916	22	2026-09-23 06:23:41.553	2026-09-23 07:31:45.236
58916	25	2026-09-23 07:31:45.236	2026-09-24 08:10:37.741
58916	30	2026-09-24 08:10:37.741	2026-09-24 10:55:28.404
58916	35	2026-09-24 10:55:28.404	2026-09-24 10:59:26.180
58916	40	2026-09-24 10:59:26.180	2026-09-24 10:59:29.975
58916	45	2026-09-24 10:59:29.975	2026-09-25 11:02:58.875
58916	50	2026-09-25 11:02:58.875	2026-09-25 12:59:16.774
58916	60	2026-09-25 12:59:16.774	2026-09-25 12:59:19.407
58916	80	2026-09-25 12:59:19.407	NULL
58919	20	2026-09-23 09:00:07.307	2026-09-24 07:54:25.744
58919	25	2026-09-24 07:54:25.744	2026-09-24 12:37:03.579
58919	30	2026-09-24 12:37:03.579	2026-09-24 12:37:06.933
58919	35	2026-09-24 12:37:06.933	2026-09-24 12:40:17.945
58919	40	2026-09-24 12:40:17.945	2026-09-24 12:40:20.125
58919	45	2026-09-24 12:40:20.125	2026-09-25 11:02:35.330
58919	50	2026-09-25 11:02:35.330	2026-09-25 12:59:05.549
58919	60	2026-09-25 12:59:05.549	2026-09-25 12:59:10.490
58919	80	2026-09-25 12:59:10.490	NULL
58922	20	2026-09-22 13:22:16.461	2026-09-23 07:02:54.328
58922	25	2026-09-23 07:02:54.328	2026-09-23 07:02:57.181
58922	30	2026-09-23 07:02:57.181	2026-09-23 10:40:47.375
58922	35	2026-09-23 10:40:47.375	2026-09-23 10:44:19.192
58922	40	2026-09-23 10:44:19.192	2026-09-23 10:44:22.454
58922	45	2026-09-23 10:44:22.454	2026-09-24 06:48:09.226
58922	50	2026-09-24 06:48:09.226	2026-09-24 06:49:35.333
58922	60	2026-09-24 06:49:35.333	2026-09-24 06:49:37.003
58922	80	2026-09-24 06:49:37.003	NULL
58924	20	2026-09-23 08:44:49.239	2026-09-24 08:00:45.380
58924	25	2026-09-24 08:00:45.380	2026-09-24 09:26:54.252
58924	30	2026-09-24 09:26:54.252	2026-09-24 09:26:56.675
58924	35	2026-09-24 09:26:56.675	2026-09-24 09:29:00.230
58924	40	2026-09-24 09:29:00.230	2026-09-24 09:29:02.491
58924	45	2026-09-24 09:29:02.491	2026-09-25 11:02:13.168
58924	50	2026-09-25 11:02:13.168	2026-09-25 12:58:48.420
58924	60	2026-09-25 12:58:48.420	2026-09-25 12:58:50.783
58924	80	2026-09-25 12:58:50.783	NULL
58928	20	2026-09-23 06:54:37.457	2026-09-24 08:11:23.455
58928	25	2026-09-24 08:11:23.455	2026-09-24 08:11:26.166
58928	30	2026-09-24 08:11:26.166	2026-09-24 10:56:57.419
58928	35	2026-09-24 10:56:57.419	2026-09-24 10:59:59.285
58928	40	2026-09-24 10:59:59.285	2026-09-24 11:00:06.645
58928	45	2026-09-24 11:00:06.645	2026-09-25 06:38:37.239
58928	50	2026-09-25 06:38:37.239	2026-09-25 06:39:27.877
58928	60	2026-09-25 06:39:27.877	2026-09-25 06:39:31.037
58928	80	2026-09-25 06:39:31.037	NULL
58934	20	2026-09-23 14:00:49.985	2026-09-24 08:01:59.328
58934	25	2026-09-24 08:01:59.328	2026-09-24 11:26:24.270
58934	30	2026-09-24 11:26:24.270	2026-09-24 11:26:27.016
58934	35	2026-09-24 11:26:27.016	2026-09-24 12:18:06.358
58934	40	2026-09-24 12:18:06.358	2026-09-24 12:18:08.778
58934	45	2026-09-24 12:18:08.778	2026-09-25 11:01:53.067
58934	50	2026-09-25 11:01:53.067	2026-09-25 12:58:34.937
58934	60	2026-09-25 12:58:34.937	2026-09-25 12:58:38.229
58934	80	2026-09-25 12:58:38.229	NULL
58939	20	2026-09-23 11:54:21.857	2026-09-24 08:06:56.496
58939	25	2026-09-24 08:06:56.496	2026-09-24 12:53:56.483
58939	30	2026-09-24 12:53:56.483	2026-09-24 12:53:59.374
58939	35	2026-09-24 12:53:59.374	2026-09-24 12:58:22.852
58939	40	2026-09-24 12:58:22.852	2026-09-24 12:58:25.541
58939	45	2026-09-24 12:58:25.541	2026-09-25 11:01:20.026
58939	50	2026-09-25 11:01:20.026	2026-09-25 12:58:26.121
58939	60	2026-09-25 12:58:26.121	2026-09-25 12:58:28.638
58939	80	2026-09-25 12:58:28.638	NULL
58946	20	2026-09-22 13:59:14.202	2026-09-23 09:32:45.975
58946	25	2026-09-23 09:32:45.975	2026-09-23 10:27:33.739
58946	47	2026-09-23 10:27:33.739	2026-09-25 11:00:19.428
58946	48	2026-09-25 11:00:19.428	2026-09-25 12:58:17.411
58946	81	2026-09-25 12:58:17.411	NULL
58955	20	2026-09-23 12:49:31.985	2026-09-24 08:07:10.527
58955	25	2026-09-24 08:07:10.527	2026-09-24 08:07:13.760
58955	30	2026-09-24 08:07:13.760	2026-09-24 12:41:11.266
58955	35	2026-09-24 12:41:11.266	2026-09-24 12:41:31.977
58955	40	2026-09-24 12:41:31.977	2026-09-24 12:41:35.923
58955	45	2026-09-24 12:41:35.923	2026-09-25 10:59:44.242
58955	50	2026-09-25 10:59:44.242	2026-09-25 12:58:04.672
58955	60	2026-09-25 12:58:04.672	2026-09-25 12:58:06.932
58955	80	2026-09-25 12:58:06.932	NULL
58959	20	2026-09-23 12:48:46.035	2026-09-24 07:08:37.921
58959	22	2026-09-24 07:08:37.921	2026-09-24 08:31:06.452
58959	99	2026-09-24 08:31:06.452	NULL
58965	20	2026-09-23 08:40:55.091	2026-09-24 07:58:42.823
58965	25	2026-09-24 07:58:42.823	2026-09-24 10:04:43.768
58965	47	2026-09-24 10:04:43.768	2026-09-24 11:16:50.824
58965	48	2026-09-24 11:16:50.824	2026-09-25 12:26:33.786
58965	81	2026-09-25 12:26:33.786	2026-09-25 13:12:51.253
58965	80	2026-09-25 13:12:51.253	NULL
58983	20	2026-10-01 09:09:12.390	NULL
58986	20	2026-09-24 06:55:38.216	2026-09-24 12:59:04.614
58986	47	2026-09-24 12:59:04.614	2026-09-25 13:06:14.079
58986	45	2026-09-25 13:06:14.079	2026-09-28 07:32:34.058
58986	48	2026-09-28 07:32:34.058	2026-09-28 07:32:36.016
58986	50	2026-09-28 07:32:36.016	2026-09-28 07:34:54.061
58986	60	2026-09-28 07:34:54.061	2026-09-28 07:34:57.365
58986	80	2026-09-28 07:34:57.365	NULL
58988	20	2026-09-23 10:15:38.210	2026-09-24 08:06:42.270
58988	25	2026-09-24 08:06:42.270	2026-09-24 08:06:44.753
58988	30	2026-09-24 08:06:44.753	2026-09-24 12:53:47.031
58988	35	2026-09-24 12:53:47.031	2026-09-24 12:58:00.878
58988	40	2026-09-24 12:58:00.878	2026-09-24 12:58:04.782
58988	45	2026-09-24 12:58:04.782	2026-09-25 10:57:52.123
58988	50	2026-09-25 10:57:52.123	2026-09-25 12:55:53.406
58988	60	2026-09-25 12:55:53.406	2026-09-25 12:55:57.228
58988	80	2026-09-25 12:55:57.228	NULL
58991	20	2026-09-23 08:52:44.215	2026-09-28 14:34:27.684
58991	25	2026-09-28 14:34:27.684	2026-09-28 14:34:30.744
58991	30	2026-09-28 14:34:30.744	2026-09-28 14:34:33.309
58991	35	2026-09-28 14:34:33.309	2026-10-02 07:50:44.215
58991	40	2026-10-02 07:50:44.215	2026-10-02 07:50:46.564
58991	45	2026-10-02 07:50:46.564	2026-10-02 07:51:00.935
58991	70	2026-10-02 07:51:00.935	2026-10-02 07:52:34.441
58991	80	2026-10-02 07:52:34.441	NULL
59019	20	2026-09-23 10:07:04.745	2026-09-24 08:10:50.797
59019	25	2026-09-24 08:10:50.797	2026-09-24 08:10:55.547
59019	30	2026-09-24 08:10:55.547	2026-09-24 10:55:51.859
59019	35	2026-09-24 10:55:51.859	2026-09-24 10:59:45.945
59019	40	2026-09-24 10:59:45.945	2026-09-24 10:59:47.934
59019	45	2026-09-24 10:59:47.934	2026-09-25 06:37:54.241
59019	50	2026-09-25 06:37:54.241	2026-09-25 06:41:38.931
59019	60	2026-09-25 06:41:38.931	2026-09-25 06:41:41.650
59019	80	2026-09-25 06:41:41.650	NULL
59021	20	2026-09-24 12:22:17.942	2026-09-25 06:51:18.522
59021	25	2026-09-25 06:51:18.522	2026-09-25 06:51:20.877
59021	30	2026-09-25 06:51:20.877	2026-09-25 13:51:31.577
59021	35	2026-09-25 13:51:31.577	2026-09-25 13:57:19.736
59021	40	2026-09-25 13:57:19.736	2026-09-25 13:57:22.105
59021	45	2026-09-25 13:57:22.105	2026-09-28 06:52:46.070
59021	50	2026-09-28 06:52:46.070	2026-09-28 07:08:12.864
59021	60	2026-09-28 07:08:12.864	2026-09-28 07:08:15.532
59021	80	2026-09-28 07:08:15.532	NULL
59024	20	2026-09-23 07:51:41.266	2026-09-24 07:53:35.092
59024	25	2026-09-24 07:53:35.092	2026-09-24 12:36:51.267
59024	30	2026-09-24 12:36:51.267	2026-09-24 12:36:54.216
59024	35	2026-09-24 12:36:54.216	2026-09-24 12:41:15.138
59024	40	2026-09-24 12:41:15.138	2026-09-24 12:41:21.135
59024	45	2026-09-24 12:41:21.135	2026-09-25 10:57:32.799
59024	50	2026-09-25 10:57:32.799	2026-09-25 12:55:38.802
59024	60	2026-09-25 12:55:38.802	2026-09-25 12:55:41.161
59024	80	2026-09-25 12:55:41.161	NULL
59027	20	2026-09-23 13:21:19.250	2026-09-24 08:09:20.828
59027	25	2026-09-24 08:09:20.828	2026-09-24 08:09:38.392
59027	30	2026-09-24 08:09:38.392	2026-09-24 12:32:12.431
59027	35	2026-09-24 12:32:12.431	2026-09-24 12:38:02.799
59027	40	2026-09-24 12:38:02.799	2026-09-24 12:38:04.801
59027	45	2026-09-24 12:38:04.801	2026-09-25 06:40:26.396
59027	50	2026-09-25 06:40:26.396	2026-09-25 06:40:33.041
59027	60	2026-09-25 06:40:33.041	2026-09-25 06:40:36.157
59027	80	2026-09-25 06:40:36.157	NULL
59035	20	2026-09-23 10:11:45.579	2026-09-24 07:53:19.170
59035	25	2026-09-24 07:53:19.170	2026-09-24 12:38:29.310
59035	47	2026-09-24 12:38:29.310	2026-09-24 13:26:56.724
59035	45	2026-09-24 13:26:56.724	2026-09-25 06:38:19.137
59035	48	2026-09-25 06:38:19.137	2026-09-25 06:38:23.987
59035	50	2026-09-25 06:38:23.987	2026-09-25 06:39:38.688
59035	60	2026-09-25 06:39:38.688	2026-09-25 06:39:41.569
59035	80	2026-09-25 06:39:41.569	NULL
59037	20	2026-09-24 06:16:25.893	2026-09-24 08:39:33.466
59037	25	2026-09-24 08:39:33.466	2026-09-24 12:54:53.216
59037	30	2026-09-24 12:54:53.216	2026-09-24 12:54:55.966
59037	35	2026-09-24 12:54:55.966	2026-09-24 12:59:48.601
59037	40	2026-09-24 12:59:48.601	2026-09-24 12:59:50.161
59037	45	2026-09-24 12:59:50.161	2026-09-25 10:57:12.490
59037	50	2026-09-25 10:57:12.490	2026-09-25 12:55:29.639
59037	60	2026-09-25 12:55:29.639	2026-09-25 12:55:31.901
59037	80	2026-09-25 12:55:31.901	NULL
59038	20	2026-09-23 11:56:58.138	2026-09-24 08:01:42.920
59038	25	2026-09-24 08:01:42.920	2026-09-24 11:26:12.583
59038	30	2026-09-24 11:26:12.583	2026-09-24 11:26:14.798
59038	35	2026-09-24 11:26:14.798	2026-09-24 12:18:13.577
59038	40	2026-09-24 12:18:13.577	2026-09-24 12:18:15.959
59038	45	2026-09-24 12:18:15.959	2026-09-25 10:55:08.491
59038	50	2026-09-25 10:55:08.491	2026-09-25 12:55:19.626
59038	60	2026-09-25 12:55:19.626	2026-09-25 12:55:22.524
59038	80	2026-09-25 12:55:22.524	NULL
59049	20	2026-09-23 09:56:47.067	2026-09-24 08:01:25.837
59049	25	2026-09-24 08:01:25.837	2026-09-24 11:26:00.529
59049	30	2026-09-24 11:26:00.529	2026-09-24 11:26:03.553
59049	35	2026-09-24 11:26:03.553	2026-09-24 12:18:22.371
59049	40	2026-09-24 12:18:22.371	2026-09-24 12:18:25.088
59049	45	2026-09-24 12:18:25.088	2026-09-25 10:52:54.320
59049	50	2026-09-25 10:52:54.320	2026-09-25 12:55:08.112
59049	60	2026-09-25 12:55:08.112	2026-09-25 12:55:10.771
59049	80	2026-09-25 12:55:10.771	NULL
59057	20	2026-09-23 13:33:20.239	2026-09-24 07:52:23.356
59057	25	2026-09-24 07:52:23.356	2026-09-24 12:36:31.449
59057	30	2026-09-24 12:36:31.449	2026-09-24 12:36:39.303
59057	35	2026-09-24 12:36:39.303	2026-09-24 12:40:24.977
59057	40	2026-09-24 12:40:24.977	2026-09-24 12:40:26.816
59057	45	2026-09-24 12:40:26.816	2026-09-25 10:52:34.358
59057	50	2026-09-25 10:52:34.358	2026-09-25 12:54:56.087
59057	60	2026-09-25 12:54:56.087	2026-09-25 12:54:58.973
59057	80	2026-09-25 12:54:58.973	NULL
59066	20	2026-09-23 12:01:01.074	2026-09-24 08:03:25.033
59066	25	2026-09-24 08:03:25.033	2026-09-24 12:17:47.843
59066	47	2026-09-24 12:17:47.843	2026-09-24 13:25:49.756
59066	45	2026-09-24 13:25:49.756	2026-09-25 10:52:07.742
59066	48	2026-09-25 10:52:07.742	2026-09-25 10:52:13.292
59066	50	2026-09-25 10:52:13.292	2026-09-25 12:54:45.231
59066	60	2026-09-25 12:54:45.231	2026-09-25 12:54:47.674
59066	80	2026-09-25 12:54:47.674	NULL
59075	20	2026-09-25 12:46:04.415	2026-09-28 11:17:22.619
59075	25	2026-09-28 11:17:22.619	2026-09-28 13:03:39.854
59075	30	2026-09-28 13:03:39.854	2026-09-28 13:03:43.564
59075	35	2026-09-28 13:03:43.564	2026-09-28 13:03:49.329
59075	40	2026-09-28 13:03:49.329	2026-09-28 13:03:52.269
59075	45	2026-09-28 13:03:52.269	2026-09-29 09:14:07.869
59075	50	2026-09-29 09:14:07.869	2026-09-29 12:32:24.664
59075	60	2026-09-29 12:32:24.664	2026-09-29 12:32:27.133
59075	80	2026-09-29 12:32:27.133	NULL
59083	20	2026-09-23 13:34:41.603	2026-09-24 07:47:33.667
59083	25	2026-09-24 07:47:33.667	2026-09-24 07:48:27.733
59083	30	2026-09-24 07:48:27.733	2026-09-24 07:48:31.515
59083	35	2026-09-24 07:48:31.515	2026-09-24 08:27:54.205
59083	40	2026-09-24 08:27:54.205	2026-09-24 08:28:01.822
59083	45	2026-09-24 08:28:01.822	2026-09-25 10:51:27.773
59083	50	2026-09-25 10:51:27.773	2026-09-25 12:54:36.963
59083	60	2026-09-25 12:54:36.963	2026-09-25 12:54:39.522
59083	80	2026-09-25 12:54:39.522	NULL
59093	20	2026-09-24 07:57:05.419	2026-09-25 07:01:09.682
59093	25	2026-09-25 07:01:09.682	2026-09-25 07:01:14.012
59093	30	2026-09-25 07:01:14.012	2026-09-25 12:32:01.453
59093	35	2026-09-25 12:32:01.453	2026-09-25 13:07:57.755
59093	40	2026-09-25 13:07:57.755	2026-09-25 13:08:00.387
59093	45	2026-09-25 13:08:00.387	2026-09-28 06:52:39.815
59093	50	2026-09-28 06:52:39.815	2026-09-28 07:08:05.292
59093	60	2026-09-28 07:08:05.292	2026-09-28 07:08:07.501
59093	80	2026-09-28 07:08:07.501	NULL
59098	20	2026-09-23 13:33:18.079	2026-09-24 08:34:17.042
59098	25	2026-09-24 08:34:17.042	2026-09-24 08:34:21.087
59098	30	2026-09-24 08:34:21.087	2026-09-25 12:33:44.633
59098	35	2026-09-25 12:33:44.633	2026-09-25 13:09:27.266
59098	40	2026-09-25 13:09:27.266	2026-09-25 13:09:29.021
59098	45	2026-09-25 13:09:29.021	2026-09-28 18:00:01.922
59098	50	2026-09-28 18:00:01.922	2026-09-29 12:32:19.060
59098	60	2026-09-29 12:32:19.060	2026-09-29 12:32:21.520
59098	80	2026-09-29 12:32:21.520	NULL
59101	20	2026-09-25 08:26:14.835	2026-09-28 11:13:01.728
59101	25	2026-09-28 11:13:01.728	2026-09-28 14:00:38.394
59101	30	2026-09-28 14:00:38.394	2026-09-28 14:00:41.139
59101	35	2026-09-28 14:00:41.139	2026-09-28 14:04:01.128
59101	40	2026-09-28 14:04:01.128	2026-09-28 14:04:02.982
59101	45	2026-09-28 14:04:02.982	2026-09-29 09:13:24.339
59101	50	2026-09-29 09:13:24.339	2026-09-29 12:32:12.911
59101	60	2026-09-29 12:32:12.911	2026-09-29 12:32:15.964
59101	80	2026-09-29 12:32:15.964	NULL
59102	20	2026-09-23 13:32:08.477	2026-09-24 07:44:47.781
59102	25	2026-09-24 07:44:47.781	2026-09-24 07:44:51.486
59102	30	2026-09-24 07:44:51.486	2026-09-24 12:36:21.920
59102	35	2026-09-24 12:36:21.920	2026-09-24 12:40:38.006
59102	40	2026-09-24 12:40:38.006	2026-09-24 12:40:39.754
59102	45	2026-09-24 12:40:39.754	2026-09-25 10:50:42.687
59102	50	2026-09-25 10:50:42.687	2026-09-25 12:54:27.995
59102	60	2026-09-25 12:54:27.995	2026-09-25 12:54:30.487
59102	80	2026-09-25 12:54:30.487	NULL
59141	20	2026-09-25 06:29:43.919	2026-09-28 14:28:00.833
59141	25	2026-09-28 14:28:00.833	2026-09-29 12:16:49.354
59141	30	2026-09-29 12:16:49.354	2026-09-29 12:16:52.229
59141	35	2026-09-29 12:16:52.229	2026-09-29 12:41:38.767
59141	40	2026-09-29 12:41:38.767	2026-09-29 12:41:41.402
59141	45	2026-09-29 12:41:41.402	2026-10-01 08:01:49.224
59141	50	2026-10-01 08:01:49.224	2026-10-01 12:27:06.170
59141	60	2026-10-01 12:27:06.170	2026-10-01 12:27:09.019
59141	80	2026-10-01 12:27:09.019	NULL
59143	20	2026-09-24 13:45:50.182	2026-09-25 07:04:09.472
59143	25	2026-09-25 07:04:09.472	2026-09-25 07:04:34.756
59143	30	2026-09-25 07:04:34.756	2026-09-25 12:38:41.876
59143	35	2026-09-25 12:38:41.876	2026-09-25 13:08:50.818
59143	47	2026-09-25 13:08:50.818	2026-09-25 13:08:54.085
59143	45	2026-09-25 13:08:54.085	2026-09-29 06:45:20.539
59143	48	2026-09-29 06:45:20.539	2026-09-29 06:45:23.188
59143	50	2026-09-29 06:45:23.188	2026-09-29 06:46:13.961
59143	60	2026-09-29 06:46:13.961	2026-09-29 06:46:16.214
59143	80	2026-09-29 06:46:16.214	NULL
59144	20	2026-09-26 13:07:45.857	2026-09-28 11:22:40.196
59144	25	2026-09-28 11:22:40.196	2026-09-28 14:06:24.173
59144	30	2026-09-28 14:06:24.173	2026-09-28 14:06:29.531
59144	35	2026-09-28 14:06:29.531	2026-09-28 14:08:26.877
59144	40	2026-09-28 14:08:26.877	2026-09-28 14:08:28.665
59144	45	2026-09-28 14:08:28.665	2026-09-29 06:47:49.406
59144	50	2026-09-29 06:47:49.406	2026-09-29 06:48:40.532
59144	60	2026-09-29 06:48:40.532	2026-09-29 06:48:43.622
59144	80	2026-09-29 06:48:43.622	NULL
59147	20	2026-09-25 06:58:25.424	2026-09-28 11:11:30.136
59147	25	2026-09-28 11:11:30.136	2026-09-28 13:59:35.394
59147	30	2026-09-28 13:59:35.394	2026-09-28 13:59:38.423
59147	35	2026-09-28 13:59:38.423	2026-09-28 14:04:18.668
59147	40	2026-09-28 14:04:18.668	2026-09-28 14:04:20.272
59147	45	2026-09-28 14:04:20.272	2026-09-29 09:12:37.208
59147	50	2026-09-29 09:12:37.208	2026-09-29 12:32:03.183
59147	60	2026-09-29 12:32:03.183	2026-09-29 12:32:08.875
59147	80	2026-09-29 12:32:08.875	NULL
59154	20	2026-09-24 08:39:47.749	2026-09-25 06:53:51.012
59154	25	2026-09-25 06:53:51.012	2026-09-25 12:44:25.099
59154	30	2026-09-25 12:44:25.099	2026-09-25 12:44:29.786
59154	35	2026-09-25 12:44:29.786	2026-09-25 13:06:55.683
59154	40	2026-09-25 13:06:55.683	2026-09-25 13:06:57.859
59154	45	2026-09-25 13:06:57.859	2026-09-28 07:32:27.668
59154	50	2026-09-28 07:32:27.668	2026-09-28 07:35:04.150
59154	60	2026-09-28 07:35:04.150	2026-09-28 07:35:26.556
59154	80	2026-09-28 07:35:26.556	NULL
59160	20	2026-09-25 09:45:36.232	2026-09-28 11:17:41.516
59160	25	2026-09-28 11:17:41.516	2026-09-28 11:17:47.369
59160	30	2026-09-28 11:17:47.369	2026-09-28 13:04:05.142
59160	35	2026-09-28 13:04:05.142	2026-09-28 13:04:07.518
59160	40	2026-09-28 13:04:07.518	2026-09-28 13:04:09.699
59160	45	2026-09-28 13:04:09.699	2026-09-29 08:03:20.116
59160	50	2026-09-29 08:03:20.116	2026-09-29 08:03:39.885
59160	60	2026-09-29 08:03:39.885	2026-09-29 08:03:42.918
59160	80	2026-09-29 08:03:42.918	NULL
59161	20	2026-09-24 10:15:38.348	2026-09-25 06:51:01.878
59161	25	2026-09-25 06:51:01.878	2026-09-25 06:51:06.318
59161	30	2026-09-25 06:51:06.318	2026-09-25 12:41:22.903
59161	35	2026-09-25 12:41:22.903	2026-09-25 13:06:04.806
59161	40	2026-09-25 13:06:04.806	2026-09-25 13:06:07.416
59161	45	2026-09-25 13:06:07.416	2026-09-28 06:52:33.888
59161	50	2026-09-28 06:52:33.888	2026-09-28 07:07:56.911
59161	60	2026-09-28 07:07:56.911	2026-09-28 07:07:59.586
59161	80	2026-09-28 07:07:59.586	NULL
59173	20	2026-09-24 12:32:39.094	2026-09-25 06:59:36.585
59173	25	2026-09-25 06:59:36.585	2026-09-25 06:59:39.929
59173	30	2026-09-25 06:59:39.929	2026-09-25 13:50:43.858
59173	35	2026-09-25 13:50:43.858	2026-09-25 13:55:58.929
59173	40	2026-09-25 13:55:58.929	2026-09-25 13:56:00.594
59173	45	2026-09-25 13:56:00.594	2026-09-28 06:52:26.437
59173	50	2026-09-28 06:52:26.437	2026-09-28 07:07:49.365
59173	60	2026-09-28 07:07:49.365	2026-09-28 07:07:51.685
59173	80	2026-09-28 07:07:51.685	NULL
59189	20	2026-09-24 08:48:52.994	2026-09-24 12:59:56.727
59189	47	2026-09-24 12:59:56.727	2026-09-25 13:08:39.222
59189	45	2026-09-25 13:08:39.222	2026-09-28 06:52:14.341
59189	48	2026-09-28 06:52:14.341	2026-09-28 06:52:16.309
59189	50	2026-09-28 06:52:16.309	2026-09-28 07:07:40.942
59189	60	2026-09-28 07:07:40.942	2026-09-28 07:07:43.624
59189	80	2026-09-28 07:07:43.624	NULL
59191	20	2026-09-24 12:37:03.892	2026-09-25 06:59:19.296
59191	25	2026-09-25 06:59:19.296	2026-09-25 06:59:22.514
59191	30	2026-09-25 06:59:22.514	2026-09-25 13:50:33.593
59191	35	2026-09-25 13:50:33.593	2026-09-25 13:56:17.773
59191	40	2026-09-25 13:56:17.773	2026-09-25 13:56:19.664
59191	45	2026-09-25 13:56:19.664	2026-09-28 06:51:47.450
59191	50	2026-09-28 06:51:47.450	2026-09-28 07:07:33.526
59191	60	2026-09-28 07:07:33.526	2026-09-28 07:07:35.895
59191	80	2026-09-28 07:07:35.895	NULL
59197	20	2026-09-24 10:27:14.870	2026-09-28 14:34:50.307
59197	25	2026-09-28 14:34:50.307	2026-09-28 14:34:52.860
59197	30	2026-09-28 14:34:52.860	2026-09-28 14:34:55.593
59197	35	2026-09-28 14:34:55.593	2026-10-02 07:50:14.240
59197	40	2026-10-02 07:50:14.240	2026-10-02 07:50:16.134
59197	45	2026-10-02 07:50:16.134	2026-10-02 07:50:54.409
59197	70	2026-10-02 07:50:54.409	2026-10-02 07:52:34.487
59197	80	2026-10-02 07:52:34.487	NULL
59209	20	2026-09-24 08:09:36.257	2026-09-24 08:32:16.769
59209	25	2026-09-24 08:32:16.769	2026-09-25 14:32:19.078
59209	30	2026-09-25 14:32:19.078	2026-09-25 14:32:22.458
59209	35	2026-09-25 14:32:22.458	2026-09-25 14:32:29.219
59209	40	2026-09-25 14:32:29.219	2026-09-25 14:32:31.703
59209	45	2026-09-25 14:32:31.703	2026-09-25 14:32:42.901
59209	70	2026-09-25 14:32:42.901	2026-09-25 14:34:01.225
59209	80	2026-09-25 14:34:01.225	NULL
59214	20	2026-09-24 10:24:24.131	2026-09-25 07:03:21.122
59214	25	2026-09-25 07:03:21.122	2026-09-25 07:03:24.682
59214	30	2026-09-25 07:03:24.682	2026-09-25 12:37:20.239
59214	35	2026-09-25 12:37:20.239	2026-09-25 13:08:29.261
59214	40	2026-09-25 13:08:29.261	2026-09-25 13:08:31.778
59214	45	2026-09-25 13:08:31.778	2026-09-28 06:51:39.480
59214	50	2026-09-28 06:51:39.480	2026-09-28 07:07:25.843
59214	60	2026-09-28 07:07:25.843	2026-09-28 07:07:28.149
59214	80	2026-09-28 07:07:28.149	NULL
59217	20	2026-09-24 11:42:56.055	2026-09-25 07:00:22.829
59217	25	2026-09-25 07:00:22.829	2026-09-25 07:00:25.543
59217	30	2026-09-25 07:00:25.543	2026-09-25 12:31:17.476
59217	35	2026-09-25 12:31:17.476	2026-09-25 13:07:50.166
59217	40	2026-09-25 13:07:50.166	2026-09-25 13:07:52.809
59217	45	2026-09-25 13:07:52.809	2026-09-25 14:30:45.643
59217	70	2026-09-25 14:30:45.643	2026-09-25 14:30:54.260
59217	80	2026-09-25 14:30:54.260	NULL
59219	20	2026-09-25 13:45:50.446	2026-09-28 13:34:05.814
59219	25	2026-09-28 13:34:05.814	2026-09-28 13:34:09.078
59219	30	2026-09-28 13:34:09.078	2026-09-28 13:34:11.988
59219	35	2026-09-28 13:34:11.988	2026-09-28 13:34:14.626
59219	40	2026-09-28 13:34:14.626	2026-09-28 13:34:19.249
59219	45	2026-09-28 13:34:19.249	2026-09-29 09:11:48.136
59219	50	2026-09-29 09:11:48.136	2026-09-29 12:31:47.138
59219	60	2026-09-29 12:31:47.138	2026-09-29 12:31:49.355
59219	80	2026-09-29 12:31:49.355	NULL
59225	20	2026-09-24 08:46:05.013	2026-09-25 06:55:36.109
59225	25	2026-09-25 06:55:36.109	2026-09-25 06:55:40.799
59225	30	2026-09-25 06:55:40.799	2026-09-25 12:35:16.200
59225	35	2026-09-25 12:35:16.200	2026-09-25 13:07:21.481
59225	40	2026-09-25 13:07:21.481	2026-09-25 13:07:24.165
59225	45	2026-09-25 13:07:24.165	2026-09-28 06:51:32.738
59225	50	2026-09-28 06:51:32.738	2026-09-28 07:05:35.935
59225	60	2026-09-28 07:05:35.935	2026-09-28 07:05:39.002
59225	80	2026-09-28 07:05:39.002	NULL
59227	20	2026-09-24 08:50:31.772	2026-09-25 06:53:35.606
59227	25	2026-09-25 06:53:35.606	2026-09-25 12:44:11.240
59227	30	2026-09-25 12:44:11.240	2026-09-25 12:44:13.806
59227	35	2026-09-25 12:44:13.806	2026-09-25 13:06:46.060
59227	40	2026-09-25 13:06:46.060	2026-09-25 13:06:49.808
59227	45	2026-09-25 13:06:49.808	2026-09-28 06:51:26.852
59227	50	2026-09-28 06:51:26.852	2026-09-28 07:04:24.290
59227	60	2026-09-28 07:04:24.290	2026-09-28 07:04:27.197
59227	80	2026-09-28 07:04:27.197	NULL
59231	20	2026-09-24 13:00:45.597	2026-09-25 06:52:28.269
59231	25	2026-09-25 06:52:28.269	2026-09-25 13:51:13.361
59231	30	2026-09-25 13:51:13.361	2026-09-25 13:57:39.559
59231	35	2026-09-25 13:57:39.559	2026-09-25 13:57:46.573
59231	40	2026-09-25 13:57:46.573	2026-09-25 13:57:49.185
59231	45	2026-09-25 13:57:49.185	2026-09-28 11:44:07.532
59231	70	2026-09-28 11:44:07.532	2026-09-28 11:44:11.479
59231	80	2026-09-28 11:44:11.479	NULL
59236	20	2026-09-24 11:50:16.887	2026-09-25 06:50:46.501
59236	25	2026-09-25 06:50:46.501	2026-09-25 06:50:49.708
59236	30	2026-09-25 06:50:49.708	2026-09-25 12:41:48.832
59236	35	2026-09-25 12:41:48.832	2026-09-25 13:05:56.561
59236	40	2026-09-25 13:05:56.561	2026-09-25 13:05:59.653
59236	45	2026-09-25 13:05:59.653	2026-09-28 17:59:49.248
59236	50	2026-09-28 17:59:49.248	2026-09-29 12:31:42.244
59236	60	2026-09-29 12:31:42.244	2026-09-29 12:31:44.652
59236	80	2026-09-29 12:31:44.652	NULL
59237	20	2026-09-24 09:54:26.906	2026-09-25 07:02:42.249
59237	25	2026-09-25 07:02:42.249	2026-09-25 07:03:00.944
59237	30	2026-09-25 07:03:00.944	2026-09-25 12:37:08.933
59237	35	2026-09-25 12:37:08.933	2026-09-25 13:08:15.902
59237	40	2026-09-25 13:08:15.902	2026-09-25 13:08:23.680
59237	45	2026-09-25 13:08:23.680	2026-09-28 07:32:22.606
59237	50	2026-09-28 07:32:22.606	2026-09-28 07:35:09.370
59237	60	2026-09-28 07:35:09.370	2026-09-28 07:35:20.718
59237	80	2026-09-28 07:35:20.718	NULL
59243	20	2026-09-24 10:57:19.229	2026-09-25 07:00:01.168
59243	25	2026-09-25 07:00:01.168	2026-09-25 07:00:05.287
59243	30	2026-09-25 07:00:05.287	2026-09-25 12:31:06.603
59243	35	2026-09-25 12:31:06.603	2026-09-25 13:07:38.026
59243	40	2026-09-25 13:07:38.026	2026-09-25 13:07:40.212
59243	45	2026-09-25 13:07:40.212	2026-09-28 06:51:20.166
59243	50	2026-09-28 06:51:20.166	2026-09-28 07:04:15.658
59243	60	2026-09-28 07:04:15.658	2026-09-28 07:04:18.294
59243	80	2026-09-28 07:04:18.294	NULL
59258	20	2026-09-29 06:48:28.973	2026-09-30 08:16:59.361
59258	25	2026-09-30 08:16:59.361	2026-09-30 08:17:03.799
59258	30	2026-09-30 08:17:03.799	2026-09-30 12:01:41.119
59258	47	2026-09-30 12:01:41.119	2026-09-30 13:07:21.366
59258	45	2026-09-30 13:07:21.366	2026-10-01 06:50:03.643
59258	48	2026-10-01 06:50:03.643	2026-10-01 06:50:05.355
59258	50	2026-10-01 06:50:05.355	2026-10-01 06:51:10.025
59258	60	2026-10-01 06:51:10.025	2026-10-01 06:51:12.613
59258	80	2026-10-01 06:51:12.613	NULL
59267	20	2026-09-25 07:16:25.848	2026-09-28 14:27:42.962
59267	25	2026-09-28 14:27:42.962	2026-09-28 14:27:45.565
59267	30	2026-09-28 14:27:45.565	2026-09-29 12:19:57.107
59267	35	2026-09-29 12:19:57.107	2026-09-29 12:41:48.663
59267	40	2026-09-29 12:41:48.663	2026-09-29 12:41:50.922
59267	45	2026-09-29 12:41:50.922	2026-10-01 08:01:31.729
59267	50	2026-10-01 08:01:31.729	2026-10-01 12:26:57.360
59267	60	2026-10-01 12:26:57.360	2026-10-01 12:27:00.175
59267	80	2026-10-01 12:27:00.175	NULL
59272	20	2026-09-24 13:11:42.792	2026-09-25 06:53:20.544
59272	25	2026-09-25 06:53:20.544	2026-09-29 07:08:29.909
59272	30	2026-09-29 07:08:29.909	2026-09-29 12:13:47.571
59272	35	2026-09-29 12:13:47.571	2026-09-29 12:42:34.689
59272	40	2026-09-29 12:42:34.689	2026-09-29 12:42:36.724
59272	45	2026-09-29 12:42:36.724	2026-10-01 08:01:23.472
59272	50	2026-10-01 08:01:23.472	2026-10-01 12:26:47.824
59272	60	2026-10-01 12:26:47.824	2026-10-01 12:26:50.516
59272	80	2026-10-01 12:26:50.516	NULL
59274	20	2026-09-24 12:45:13.908	2026-09-25 06:58:12.631
59274	25	2026-09-25 06:58:12.631	2026-09-25 13:09:47.459
59274	47	2026-09-25 13:09:47.459	2026-09-30 11:59:26.621
59274	45	2026-09-30 11:59:26.621	2026-10-01 06:50:30.893
59274	48	2026-10-01 06:50:30.893	2026-10-01 06:50:30.950
59274	50	2026-10-01 06:50:30.950	2026-10-01 06:50:43.025
59274	60	2026-10-01 06:50:43.025	2026-10-01 06:50:45.926
59274	80	2026-10-01 06:50:45.926	NULL
59279	20	2026-09-24 13:00:13.259	2026-09-25 06:53:05.577
59279	25	2026-09-25 06:53:05.577	2026-09-29 07:08:18.447
59279	30	2026-09-29 07:08:18.447	2026-09-29 12:20:25.779
59279	35	2026-09-29 12:20:25.779	2026-09-29 12:42:41.214
59279	40	2026-09-29 12:42:41.214	2026-09-29 12:42:44.008
59279	45	2026-09-29 12:42:44.008	2026-09-30 07:17:37.832
59279	50	2026-09-30 07:17:37.832	2026-09-30 07:18:00.170
59279	60	2026-09-30 07:18:00.170	2026-09-30 07:18:02.988
59279	80	2026-09-30 07:18:02.988	NULL
59293	20	2026-09-25 07:03:39.275	2026-09-28 11:16:36.183
59293	25	2026-09-28 11:16:36.183	2026-09-28 14:02:31.026
59293	30	2026-09-28 14:02:31.026	2026-09-28 14:02:33.973
59293	35	2026-09-28 14:02:33.973	2026-09-28 14:03:38.577
59293	40	2026-09-28 14:03:38.577	2026-09-28 14:03:40.342
59293	45	2026-09-28 14:03:40.342	2026-09-29 09:11:31.177
59293	50	2026-09-29 09:11:31.177	2026-09-29 12:31:35.302
59293	60	2026-09-29 12:31:35.302	2026-09-29 12:31:38.853
59293	80	2026-09-29 12:31:38.853	NULL
59296	20	2026-09-27 07:08:45.798	2026-09-28 13:35:57.512
59296	25	2026-09-28 13:35:57.512	2026-09-28 13:36:00.686
59296	30	2026-09-28 13:36:00.686	2026-09-28 13:36:03.320
59296	35	2026-09-28 13:36:03.320	2026-09-28 13:36:06.607
59296	40	2026-09-28 13:36:06.607	2026-09-28 13:36:08.544
59296	45	2026-09-28 13:36:08.544	2026-09-29 09:11:10.814
59296	50	2026-09-29 09:11:10.814	2026-09-29 12:31:23.454
59296	60	2026-09-29 12:31:23.454	2026-09-29 12:31:26.306
59296	80	2026-09-29 12:31:26.306	NULL
59298	20	2026-09-25 07:26:43.628	2026-09-28 14:33:46.283
59298	25	2026-09-28 14:33:46.283	2026-09-28 14:33:48.682
59298	30	2026-09-28 14:33:48.682	2026-10-01 09:59:17.506
59298	35	2026-10-01 09:59:17.506	2026-10-01 13:06:16.036
59298	40	2026-10-01 13:06:16.036	2026-10-01 13:06:18.299
59298	45	2026-10-01 13:06:18.299	2026-10-01 13:06:26.912
59298	50	2026-10-01 13:06:26.912	2026-10-01 13:07:02.126
59298	60	2026-10-01 13:07:02.126	2026-10-01 13:07:05.043
59298	80	2026-10-01 13:07:05.043	NULL
59306	20	2026-09-25 10:10:04.784	2026-09-28 13:30:35.804
59306	25	2026-09-28 13:30:35.804	2026-09-28 13:30:40.151
59306	30	2026-09-28 13:30:40.151	2026-09-28 13:30:43.782
59306	35	2026-09-28 13:30:43.782	2026-09-28 13:31:26.015
59306	40	2026-09-28 13:31:26.015	2026-09-28 13:31:27.997
59306	45	2026-09-28 13:31:27.997	2026-09-29 08:03:27.071
59306	50	2026-09-29 08:03:27.071	2026-09-29 08:03:31.387
59306	60	2026-09-29 08:03:31.387	2026-09-29 08:03:34.420
59306	80	2026-09-29 08:03:34.420	NULL
59310	20	2026-09-25 12:31:18.730	2026-09-28 14:30:34.045
59310	25	2026-09-28 14:30:34.045	2026-09-28 14:30:36.604
59310	30	2026-09-28 14:30:36.604	2026-09-29 09:08:51.813
59310	35	2026-09-29 09:08:51.813	2026-09-29 09:08:55.220
59310	40	2026-09-29 09:08:55.220	2026-09-29 09:08:56.580
59310	45	2026-09-29 09:08:56.580	2026-09-30 07:17:31.445
59310	50	2026-09-30 07:17:31.445	2026-09-30 07:18:11.896
59310	60	2026-09-30 07:18:11.896	2026-09-30 07:18:15.585
59310	80	2026-09-30 07:18:15.585	NULL
59311	20	2026-09-25 07:49:44.206	2026-09-28 13:33:24.045
59311	25	2026-09-28 13:33:24.045	2026-09-28 13:33:29.431
59311	30	2026-09-28 13:33:29.431	2026-09-28 13:33:32.289
59311	35	2026-09-28 13:33:32.289	2026-09-28 13:33:35.731
59311	40	2026-09-28 13:33:35.731	2026-09-28 13:33:38.363
59311	45	2026-09-28 13:33:38.363	2026-09-29 09:10:56.273
59311	50	2026-09-29 09:10:56.273	2026-09-29 12:31:17.918
59311	60	2026-09-29 12:31:17.918	2026-09-29 12:31:20.970
59311	80	2026-09-29 12:31:20.970	NULL
59313	20	2026-09-25 08:37:40.470	2026-09-28 11:10:11.054
59313	25	2026-09-28 11:10:11.054	2026-09-28 11:10:20.462
59313	30	2026-09-28 11:10:20.462	2026-09-28 13:58:54.766
59313	35	2026-09-28 13:58:54.766	2026-09-28 14:04:31.162
59313	40	2026-09-28 14:04:31.162	2026-09-28 14:04:33.165
59313	45	2026-09-28 14:04:33.165	2026-09-29 09:10:38.475
59313	50	2026-09-29 09:10:38.475	2026-09-29 12:31:13.115
59313	60	2026-09-29 12:31:13.115	2026-09-29 12:31:15.539
59313	80	2026-09-29 12:31:15.539	NULL
59319	20	2026-09-25 07:13:57.399	2026-09-28 13:14:33.781
59319	25	2026-09-28 13:14:33.781	2026-09-28 13:14:39.225
59319	30	2026-09-28 13:14:39.225	2026-09-28 13:14:42.799
59319	35	2026-09-28 13:14:42.799	2026-09-28 13:14:46.198
59319	40	2026-09-28 13:14:46.198	2026-09-28 13:14:48.428
59319	45	2026-09-28 13:14:48.428	2026-09-29 09:10:22.375
59319	50	2026-09-29 09:10:22.375	2026-09-29 12:31:03.765
59319	60	2026-09-29 12:31:03.765	2026-09-29 12:31:06.536
59319	80	2026-09-29 12:31:06.536	NULL
59322	20	2026-09-25 08:03:06.830	2026-09-28 13:45:45.344
59322	25	2026-09-28 13:45:45.344	2026-09-28 13:45:57.908
59322	30	2026-09-28 13:45:57.908	2026-09-28 13:46:01.041
59322	35	2026-09-28 13:46:01.041	2026-09-28 13:46:03.981
59322	40	2026-09-28 13:46:03.981	2026-09-28 13:46:05.877
59322	45	2026-09-28 13:46:05.877	2026-09-29 06:47:13.988
59322	50	2026-09-29 06:47:13.988	2026-09-29 06:49:03.867
59322	60	2026-09-29 06:49:03.867	2026-09-29 06:49:06.365
59322	80	2026-09-29 06:49:06.365	NULL
59327	20	2026-09-28 08:46:42.733	2026-09-29 07:13:33.901
59327	25	2026-09-29 07:13:33.901	2026-09-29 07:13:36.353
59327	30	2026-09-29 07:13:36.353	2026-09-30 11:49:09.531
59327	35	2026-09-30 11:49:09.531	2026-09-30 12:03:20.552
59327	40	2026-09-30 12:03:20.552	2026-09-30 12:03:23.208
59327	45	2026-09-30 12:03:23.208	2026-10-01 08:01:15.794
59327	50	2026-10-01 08:01:15.794	2026-10-01 12:26:39.557
59327	60	2026-10-01 12:26:39.557	2026-10-01 12:26:42.121
59327	80	2026-10-01 12:26:42.121	NULL
59339	20	2026-09-25 09:07:03.559	2026-09-28 13:13:12.816
59339	25	2026-09-28 13:13:12.816	2026-09-28 13:13:19.603
59339	30	2026-09-28 13:13:19.603	2026-09-28 13:13:22.914
59339	35	2026-09-28 13:13:22.914	2026-09-28 13:13:26.331
59339	40	2026-09-28 13:13:26.331	2026-09-28 13:13:27.968
59339	45	2026-09-28 13:13:27.968	2026-09-29 09:09:55.826
59339	50	2026-09-29 09:09:55.826	2026-09-29 12:30:57.981
59339	60	2026-09-29 12:30:57.981	2026-09-29 12:31:00.589
59339	80	2026-09-29 12:31:00.589	NULL
59356	20	2026-09-25 09:49:49.320	2026-09-28 13:12:53.125
59356	47	2026-09-28 13:12:53.125	2026-09-29 10:45:35.262
59356	45	2026-09-29 10:45:35.262	2026-09-30 07:17:22.310
59356	48	2026-09-30 07:17:22.310	2026-09-30 07:17:24.203
59356	50	2026-09-30 07:17:24.203	2026-09-30 07:18:23.665
59356	60	2026-09-30 07:18:23.665	2026-09-30 07:18:26.971
59356	80	2026-09-30 07:18:26.971	NULL
59357	20	2026-09-25 10:51:01.058	2026-09-28 13:32:40.673
59357	25	2026-09-28 13:32:40.673	2026-09-28 13:32:46.752
59357	30	2026-09-28 13:32:46.752	2026-09-28 13:33:01.366
59357	35	2026-09-28 13:33:01.366	2026-09-28 13:33:04.447
59357	40	2026-09-28 13:33:04.447	2026-09-28 13:33:06.957
59357	45	2026-09-28 13:33:06.957	2026-09-29 09:09:38.379
59357	50	2026-09-29 09:09:38.379	2026-09-29 12:30:52.574
59357	60	2026-09-29 12:30:52.574	2026-09-29 12:30:55.108
59357	80	2026-09-29 12:30:55.108	NULL
59362	20	2026-09-29 10:38:19.126	2026-09-30 08:07:22.730
59362	25	2026-09-30 08:07:22.730	2026-09-30 08:07:25.834
59362	30	2026-09-30 08:07:25.834	2026-09-30 10:51:44.006
59362	35	2026-09-30 10:51:44.006	2026-09-30 11:54:51.998
59362	40	2026-09-30 11:54:51.998	2026-09-30 11:54:54.233
59362	45	2026-09-30 11:54:54.233	2026-10-01 08:01:07.011
59362	50	2026-10-01 08:01:07.011	2026-10-01 12:26:29.424
59362	60	2026-10-01 12:26:29.424	2026-10-01 12:26:31.836
59362	80	2026-10-01 12:26:31.836	NULL
59365	20	2026-09-26 06:40:33.455	2026-09-28 11:18:09.115
59365	25	2026-09-28 11:18:09.115	2026-09-28 11:18:14.026
59365	22	2026-09-28 11:18:14.026	2026-09-28 11:18:25.007
59365	25	2026-09-28 11:18:25.007	2026-09-28 11:18:29.658
59365	30	2026-09-28 11:18:29.658	2026-09-28 13:05:53.293
59365	35	2026-09-28 13:05:53.293	2026-09-28 13:06:19.239
59365	40	2026-09-28 13:06:19.239	2026-09-28 13:06:21.453
59365	45	2026-09-28 13:06:21.453	2026-09-29 09:45:22.837
59365	50	2026-09-29 09:45:22.837	2026-09-29 12:30:47.815
59365	60	2026-09-29 12:30:47.815	2026-09-29 12:30:50.017
59365	80	2026-09-29 12:30:50.017	NULL
59366	20	2026-09-25 10:05:07.190	2026-09-28 11:12:29.286
59366	25	2026-09-28 11:12:29.286	2026-09-28 14:00:20.518
59366	30	2026-09-28 14:00:20.518	2026-09-28 14:00:26.357
59366	35	2026-09-28 14:00:26.357	2026-09-28 14:04:05.447
59366	47	2026-09-28 14:04:05.447	2026-09-28 14:04:11.000
59366	45	2026-09-28 14:04:11.000	2026-09-29 06:47:58.084
59366	48	2026-09-29 06:47:58.084	2026-09-29 06:47:59.707
59366	50	2026-09-29 06:47:59.707	2026-09-29 06:48:30.757
59366	60	2026-09-29 06:48:30.757	2026-09-29 06:48:33.348
59366	80	2026-09-29 06:48:33.348	NULL
59371	20	2026-09-28 06:22:52.063	2026-09-29 07:13:17.887
59371	25	2026-09-29 07:13:17.887	2026-09-29 07:13:21.280
59371	30	2026-09-29 07:13:21.280	2026-09-30 10:42:10.144
59371	35	2026-09-30 10:42:10.144	2026-09-30 11:59:36.824
59371	40	2026-09-30 11:59:36.824	2026-09-30 11:59:39.103
59371	45	2026-09-30 11:59:39.103	2026-10-01 08:00:57.901
59371	50	2026-10-01 08:00:57.901	2026-10-01 12:25:55.945
59371	60	2026-10-01 12:25:55.945	2026-10-01 12:25:58.150
59371	80	2026-10-01 12:25:58.150	NULL
59375	20	2026-09-25 13:40:31.518	2026-09-28 13:12:13.419
59375	47	2026-09-28 13:12:13.419	2026-09-29 06:11:32.208
59375	45	2026-09-29 06:11:32.208	2026-09-29 09:45:10.292
59375	48	2026-09-29 09:45:10.292	2026-09-29 09:45:12.188
59375	50	2026-09-29 09:45:12.188	2026-09-29 12:30:41.168
59375	60	2026-09-29 12:30:41.168	2026-09-29 12:30:44.147
59375	80	2026-09-29 12:30:44.147	NULL
59381	20	2026-09-25 12:42:57.039	2026-09-28 13:30:05.000
59381	25	2026-09-28 13:30:05.000	2026-09-28 13:30:08.982
59381	30	2026-09-28 13:30:08.982	2026-09-28 13:30:12.775
59381	35	2026-09-28 13:30:12.775	2026-09-28 13:30:18.930
59381	40	2026-09-28 13:30:18.930	2026-09-28 13:30:20.901
59381	45	2026-09-28 13:30:20.901	2026-09-29 06:47:25.743
59381	50	2026-09-29 06:47:25.743	2026-09-29 06:48:56.360
59381	60	2026-09-29 06:48:56.360	2026-09-29 06:48:59.047
59381	80	2026-09-29 06:48:59.047	NULL
59383	20	2026-09-25 12:51:10.854	2026-09-28 11:21:33.391
59383	25	2026-09-28 11:21:33.391	2026-09-28 13:52:19.973
59383	30	2026-09-28 13:52:19.973	2026-09-28 13:52:23.051
59383	35	2026-09-28 13:52:23.051	2026-09-28 13:52:29.871
59383	40	2026-09-28 13:52:29.871	2026-09-28 13:52:31.946
59383	45	2026-09-28 13:52:31.946	2026-09-29 09:44:58.624
59383	50	2026-09-29 09:44:58.624	2026-09-29 12:29:32.363
59383	60	2026-09-29 12:29:32.363	2026-09-29 12:29:37.059
59383	80	2026-09-29 12:29:37.059	NULL
59390	20	2026-09-26 13:42:51.965	2026-09-28 11:16:07.387
59390	25	2026-09-28 11:16:07.387	2026-09-28 14:02:15.238
59390	30	2026-09-28 14:02:15.238	2026-09-28 14:02:20.657
59390	35	2026-09-28 14:02:20.657	2026-09-28 14:03:24.464
59390	47	2026-09-28 14:03:24.464	2026-09-28 14:03:28.501
59390	45	2026-09-28 14:03:28.501	2026-09-29 09:44:44.179
59390	48	2026-09-29 09:44:44.179	2026-09-29 09:44:46.430
59390	50	2026-09-29 09:44:46.430	2026-09-29 12:30:34.193
59390	60	2026-09-29 12:30:34.193	2026-09-29 12:30:38.213
59390	80	2026-09-29 12:30:38.213	NULL
59393	20	2026-09-26 06:24:06.573	2026-09-28 11:14:06.325
59393	25	2026-09-28 11:14:06.325	2026-09-30 13:11:54.046
59393	99	2026-09-30 13:11:54.046	NULL
59398	20	2026-09-25 13:45:09.000	2026-09-28 13:48:20.122
59398	25	2026-09-28 13:48:20.122	2026-09-28 13:48:27.419
59398	30	2026-09-28 13:48:27.419	2026-09-28 13:48:30.734
59398	35	2026-09-28 13:48:30.734	2026-09-28 13:49:34.272
59398	40	2026-09-28 13:49:34.272	2026-09-28 13:49:36.878
59398	45	2026-09-28 13:49:36.878	2026-09-29 09:44:30.319
59398	50	2026-09-29 09:44:30.319	2026-09-29 12:29:25.388
59398	60	2026-09-29 12:29:25.388	2026-09-29 12:29:27.883
59398	80	2026-09-29 12:29:27.883	NULL
59400	20	2026-09-26 11:53:06.677	2026-09-28 11:14:47.051
59400	25	2026-09-28 11:14:47.051	2026-09-28 14:01:24.531
59400	30	2026-09-28 14:01:24.531	2026-09-28 14:01:27.287
59400	35	2026-09-28 14:01:27.287	2026-09-28 14:03:51.202
59400	40	2026-09-28 14:03:51.202	2026-09-28 14:03:53.377
59400	45	2026-09-28 14:03:53.377	2026-09-29 09:44:12.962
59400	50	2026-09-29 09:44:12.962	2026-09-29 12:29:19.452
59400	60	2026-09-29 12:29:19.452	2026-09-29 12:29:22.639
59400	80	2026-09-29 12:29:22.639	NULL
59403	20	2026-09-26 13:19:14.524	2026-09-28 11:15:42.502
59403	25	2026-09-28 11:15:42.502	2026-09-28 14:01:53.093
59403	30	2026-09-28 14:01:53.093	2026-09-28 14:01:55.957
59403	35	2026-09-28 14:01:55.957	2026-09-28 14:03:44.342
59403	40	2026-09-28 14:03:44.342	2026-09-28 14:03:46.148
59403	45	2026-09-28 14:03:46.148	2026-09-29 09:43:51.290
59403	50	2026-09-29 09:43:51.290	2026-09-29 12:29:14.380
59403	60	2026-09-29 12:29:14.380	2026-09-29 12:29:16.827
59403	80	2026-09-29 12:29:16.827	NULL
59404	20	2026-09-25 12:44:56.414	2026-09-28 13:34:35.174
59404	25	2026-09-28 13:34:35.174	2026-09-28 13:34:38.161
59404	30	2026-09-28 13:34:38.161	2026-09-28 13:34:44.275
59404	35	2026-09-28 13:34:44.275	2026-09-28 13:35:36.054
59404	40	2026-09-28 13:35:36.054	2026-09-28 13:35:37.874
59404	45	2026-09-28 13:35:37.874	2026-09-29 09:32:55.517
59404	50	2026-09-29 09:32:55.517	2026-09-29 12:29:08.957
59404	60	2026-09-29 12:29:08.957	2026-09-29 12:29:11.639
59404	80	2026-09-29 12:29:11.639	NULL
59419	20	2026-09-27 07:47:45.633	2026-09-28 14:06:50.392
59419	25	2026-09-28 14:06:50.392	2026-09-28 14:06:53.578
59419	30	2026-09-28 14:06:53.578	2026-09-28 14:06:57.432
59419	35	2026-09-28 14:06:57.432	2026-09-28 14:08:20.354
59419	40	2026-09-28 14:08:20.354	2026-09-28 14:08:22.289
59419	45	2026-09-28 14:08:22.289	2026-09-29 09:32:40.090
59419	50	2026-09-29 09:32:40.090	2026-09-29 12:29:02.968
59419	60	2026-09-29 12:29:02.968	2026-09-29 12:29:06.067
59419	80	2026-09-29 12:29:06.067	NULL
59425	20	2026-09-30 13:22:33.150	2026-10-01 07:57:23.066
59425	25	2026-10-01 07:57:23.066	2026-10-01 07:57:26.108
59425	30	2026-10-01 07:57:26.108	2026-10-01 10:13:30.389
59425	35	2026-10-01 10:13:30.389	2026-10-01 12:58:36.992
59425	40	2026-10-01 12:58:36.992	2026-10-01 12:58:39.768
59425	45	2026-10-01 12:58:39.768	NULL
59447	20	2026-09-26 07:23:58.325	2026-09-28 11:19:10.705
59447	25	2026-09-28 11:19:10.705	2026-09-29 12:12:33.315
59447	30	2026-09-29 12:12:33.315	2026-09-29 12:12:36.282
59447	35	2026-09-29 12:12:36.282	2026-09-29 12:42:27.369
59447	40	2026-09-29 12:42:27.369	2026-09-29 12:42:30.238
59447	45	2026-09-29 12:42:30.238	2026-09-30 07:17:13.667
59447	50	2026-09-30 07:17:13.667	2026-09-30 07:18:34.422
59447	60	2026-09-30 07:18:34.422	2026-09-30 07:18:40.837
59447	80	2026-09-30 07:18:40.837	NULL
59465	20	2026-09-28 17:20:11.286	2026-09-29 06:57:29.744
59465	25	2026-09-29 06:57:29.744	2026-09-29 06:57:38.140
59465	30	2026-09-29 06:57:38.140	2026-09-30 10:49:58.778
59465	35	2026-09-30 10:49:58.778	2026-09-30 11:52:54.313
59465	40	2026-09-30 11:52:54.313	2026-09-30 11:52:56.129
59465	45	2026-09-30 11:52:56.129	2026-10-01 08:00:48.287
59465	50	2026-10-01 08:00:48.287	2026-10-01 12:25:46.180
59465	60	2026-10-01 12:25:46.180	2026-10-01 12:25:49.204
59465	80	2026-10-01 12:25:49.204	NULL
59470	20	2026-09-26 12:29:54.243	2026-09-28 11:11:54.700
59470	25	2026-09-28 11:11:54.700	2026-09-28 13:59:49.738
59470	30	2026-09-28 13:59:49.738	2026-09-28 13:59:52.222
59470	35	2026-09-28 13:59:52.222	2026-09-28 14:04:12.644
59470	40	2026-09-28 14:04:12.644	2026-09-28 14:04:13.349
59470	45	2026-09-28 14:04:13.349	2026-09-29 09:32:17.114
59470	50	2026-09-29 09:32:17.114	2026-09-29 12:28:57.068
59470	60	2026-09-29 12:28:57.068	2026-09-29 12:28:59.588
59470	80	2026-09-29 12:28:59.588	NULL
59501	20	2026-09-26 13:26:38.466	2026-09-28 11:10:36.690
59501	25	2026-09-28 11:10:36.690	2026-09-28 13:59:06.860
59501	30	2026-09-28 13:59:06.860	2026-09-28 13:59:10.352
59501	35	2026-09-28 13:59:10.352	2026-09-28 14:04:26.954
59501	40	2026-09-28 14:04:26.954	2026-09-28 14:04:29.271
59501	45	2026-09-28 14:04:29.271	2026-09-29 09:31:58.560
59501	50	2026-09-29 09:31:58.560	2026-09-29 12:28:49.847
59501	60	2026-09-29 12:28:49.847	2026-09-29 12:28:53.692
59501	80	2026-09-29 12:28:53.692	NULL
59503	20	2026-09-26 11:52:43.652	2026-09-28 14:07:12.374
59503	25	2026-09-28 14:07:12.374	2026-09-28 14:07:16.234
59503	30	2026-09-28 14:07:16.234	2026-09-28 14:07:19.809
59503	35	2026-09-28 14:07:19.809	2026-09-28 14:08:13.150
59503	40	2026-09-28 14:08:13.150	2026-09-28 14:08:14.734
59503	45	2026-09-28 14:08:14.734	2026-09-29 09:31:32.317
59503	50	2026-09-29 09:31:32.317	2026-09-29 12:28:44.834
59503	60	2026-09-29 12:28:44.834	2026-09-29 12:28:47.212
59503	80	2026-09-29 12:28:47.212	NULL
59505	20	2026-09-26 11:35:05.977	2026-09-28 13:49:53.103
59505	25	2026-09-28 13:49:53.103	2026-09-28 13:49:56.548
59505	30	2026-09-28 13:49:56.548	2026-09-28 13:49:59.605
59505	35	2026-09-28 13:49:59.605	2026-09-28 13:50:02.264
59505	40	2026-09-28 13:50:02.264	2026-09-28 13:50:06.048
59505	45	2026-09-28 13:50:06.048	2026-09-29 09:31:13.353
59505	50	2026-09-29 09:31:13.353	2026-09-29 12:28:38.915
59505	60	2026-09-29 12:28:38.915	2026-09-29 12:28:41.602
59505	80	2026-09-29 12:28:41.602	NULL
59512	20	2026-09-30 09:16:57.867	2026-10-01 08:02:22.959
59512	25	2026-10-01 08:02:22.959	2026-10-01 08:02:25.729
59512	30	2026-10-01 08:02:25.729	2026-10-01 11:40:34.777
59512	35	2026-10-01 11:40:34.777	2026-10-01 13:05:11.000
59512	40	2026-10-01 13:05:11.000	2026-10-01 13:05:12.692
59512	45	2026-10-01 13:05:12.692	NULL
59514	20	2026-09-27 08:09:47.423	2026-09-28 14:26:21.455
59514	25	2026-09-28 14:26:21.455	2026-09-28 14:26:25.245
59514	30	2026-09-28 14:26:25.245	2026-09-29 12:19:06.393
59514	35	2026-09-29 12:19:06.393	2026-09-29 12:42:03.319
59514	40	2026-09-29 12:42:03.319	2026-09-29 12:42:05.301
59514	45	2026-09-29 12:42:05.301	2026-10-01 08:00:40.843
59514	50	2026-10-01 08:00:40.843	2026-10-01 12:25:37.001
59514	60	2026-10-01 12:25:37.001	2026-10-01 12:25:39.902
59514	80	2026-10-01 12:25:39.902	NULL
59515	20	2026-09-26 09:59:15.419	2026-09-28 13:17:07.215
59515	25	2026-09-28 13:17:07.215	2026-09-28 13:17:11.234
59515	30	2026-09-28 13:17:11.234	2026-09-28 13:17:15.463
59515	35	2026-09-28 13:17:15.463	2026-09-28 13:17:20.136
59515	40	2026-09-28 13:17:20.136	2026-09-28 13:17:22.338
59515	45	2026-09-28 13:17:22.338	2026-09-29 08:02:38.866
59515	50	2026-09-29 08:02:38.866	2026-09-29 08:04:18.287
59515	60	2026-09-29 08:04:18.287	2026-09-29 08:04:21.754
59515	80	2026-09-29 08:04:21.754	NULL
59520	20	2026-09-27 13:48:18.269	2026-09-28 11:10:58.192
59520	25	2026-09-28 11:10:58.192	2026-09-28 13:59:19.161
59520	30	2026-09-28 13:59:19.161	2026-09-28 13:59:21.988
59520	35	2026-09-28 13:59:21.988	2026-09-28 14:04:22.104
59520	40	2026-09-28 14:04:22.104	2026-09-28 14:04:24.135
59520	45	2026-09-28 14:04:24.135	2026-09-29 09:23:26.444
59520	50	2026-09-29 09:23:26.444	2026-09-29 12:28:33.662
59520	60	2026-09-29 12:28:33.662	2026-09-29 12:28:36.103
59520	80	2026-09-29 12:28:36.103	NULL
59524	20	2026-09-26 13:51:05.790	2026-09-28 11:19:32.830
59524	25	2026-09-28 11:19:32.830	2026-09-28 14:10:23.712
59524	30	2026-09-28 14:10:23.712	2026-09-28 14:10:27.967
59524	35	2026-09-28 14:10:27.967	2026-09-28 14:11:53.251
59524	40	2026-09-28 14:11:53.251	2026-09-28 14:11:55.287
59524	45	2026-09-28 14:11:55.287	2026-09-29 09:23:08.096
59524	50	2026-09-29 09:23:08.096	2026-09-29 12:28:27.692
59524	60	2026-09-29 12:28:27.692	2026-09-29 12:28:30.364
59524	80	2026-09-29 12:28:30.364	NULL
59530	20	2026-09-26 12:03:20.055	2026-09-28 14:31:22.223
59530	25	2026-09-28 14:31:22.223	2026-09-28 14:31:24.848
59530	30	2026-09-28 14:31:24.848	2026-09-29 12:20:54.724
59530	35	2026-09-29 12:20:54.724	2026-09-29 12:40:11.557
59530	40	2026-09-29 12:40:11.557	2026-09-29 12:40:13.916
59530	45	2026-09-29 12:40:13.916	2026-10-01 08:00:31.910
59530	50	2026-10-01 08:00:31.910	2026-10-01 12:25:28.611
59530	60	2026-10-01 12:25:28.611	2026-10-01 12:25:31.269
59530	80	2026-10-01 12:25:31.269	NULL
59534	20	2026-09-26 13:03:03.874	2026-09-28 11:16:59.447
59534	25	2026-09-28 11:16:59.447	2026-09-28 14:02:44.438
59534	30	2026-09-28 14:02:44.438	2026-09-28 14:02:47.328
59534	35	2026-09-28 14:02:47.328	2026-09-28 14:03:34.407
59534	40	2026-09-28 14:03:34.407	2026-09-28 14:03:36.473
59534	45	2026-09-28 14:03:36.473	2026-09-29 09:22:28.874
59534	50	2026-09-29 09:22:28.874	2026-09-29 12:28:22.260
59534	60	2026-09-29 12:28:22.260	2026-09-29 12:28:24.450
59534	80	2026-09-29 12:28:24.450	NULL
59542	20	2026-09-29 06:29:24.009	2026-09-30 08:16:04.296
59542	25	2026-09-30 08:16:04.296	2026-09-30 08:16:08.473
59542	30	2026-09-30 08:16:08.473	2026-10-01 10:04:21.511
59542	47	2026-10-01 10:04:21.511	2026-10-01 12:57:52.202
59542	45	2026-10-01 12:57:52.202	NULL
59545	20	2026-09-29 12:36:39.590	2026-09-30 08:15:04.868
59545	25	2026-09-30 08:15:04.868	NULL
59554	20	2026-09-27 08:53:56.443	2026-09-28 14:29:58.375
59554	25	2026-09-28 14:29:58.375	2026-09-28 14:30:00.771
59554	30	2026-09-28 14:30:00.771	2026-09-29 09:07:53.837
59554	35	2026-09-29 09:07:53.837	2026-09-29 09:08:02.676
59554	40	2026-09-29 09:08:02.676	2026-09-29 09:08:04.824
59554	45	2026-09-29 09:08:04.824	2026-09-29 10:00:01.024
59554	50	2026-09-29 10:00:01.024	2026-09-29 12:28:16.905
59554	60	2026-09-29 12:28:16.905	2026-09-29 12:28:19.780
59554	80	2026-09-29 12:28:19.780	NULL
59558	20	2026-09-26 12:53:26.562	2026-09-28 11:19:52.776
59558	25	2026-09-28 11:19:52.776	2026-09-28 14:10:49.030
59558	30	2026-09-28 14:10:49.030	2026-09-28 14:10:51.806
59558	35	2026-09-28 14:10:51.806	2026-09-28 14:10:56.245
59558	40	2026-09-28 14:10:56.245	2026-09-28 14:11:00.438
59558	45	2026-09-28 14:11:00.438	2026-09-29 09:20:58.115
59558	50	2026-09-29 09:20:58.115	2026-09-29 12:28:10.361
59558	60	2026-09-29 12:28:10.361	2026-09-29 12:28:13.082
59558	80	2026-09-29 12:28:13.082	NULL
59559	20	2026-09-27 08:57:27.888	2026-09-28 11:13:22.488
59559	25	2026-09-28 11:13:22.488	2026-09-28 14:00:52.367
59559	30	2026-09-28 14:00:52.367	2026-09-28 14:00:55.506
59559	35	2026-09-28 14:00:55.506	2026-09-28 14:03:57.624
59559	40	2026-09-28 14:03:57.624	2026-09-28 14:03:59.287
59559	45	2026-09-28 14:03:59.287	2026-09-29 09:20:42.350
59559	50	2026-09-29 09:20:42.350	2026-09-29 12:28:04.909
59559	60	2026-09-29 12:28:04.909	2026-09-29 12:28:07.500
59559	80	2026-09-29 12:28:07.500	NULL
59561	20	2026-09-26 13:27:31.422	2026-09-28 13:31:42.501
59561	25	2026-09-28 13:31:42.501	2026-09-28 13:31:46.516
59561	30	2026-09-28 13:31:46.516	2026-09-28 13:31:49.655
59561	35	2026-09-28 13:31:49.655	2026-09-28 13:31:52.769
59561	40	2026-09-28 13:31:52.769	2026-09-28 13:31:55.569
59561	45	2026-09-28 13:31:55.569	2026-09-29 09:19:26.813
59561	50	2026-09-29 09:19:26.813	2026-09-29 12:27:59.365
59561	60	2026-09-29 12:27:59.365	2026-09-29 12:28:01.728
59561	80	2026-09-29 12:28:01.728	NULL
59562	20	2026-09-26 12:43:55.856	2026-09-28 11:13:45.926
59562	25	2026-09-28 11:13:45.926	2026-09-28 14:01:07.316
59562	30	2026-09-28 14:01:07.316	2026-09-28 14:01:10.483
59562	35	2026-09-28 14:01:10.483	2026-09-28 14:03:54.796
59562	40	2026-09-28 14:03:54.796	2026-09-28 14:03:55.409
59562	45	2026-09-28 14:03:55.409	2026-09-29 09:19:10.208
59562	50	2026-09-29 09:19:10.208	2026-09-29 12:27:53.724
59562	60	2026-09-29 12:27:53.724	2026-09-29 12:27:56.434
59562	80	2026-09-29 12:27:56.434	NULL
59577	20	2026-09-26 14:05:12.608	2026-09-28 13:32:11.533
59577	25	2026-09-28 13:32:11.533	2026-09-28 13:32:14.942
59577	30	2026-09-28 13:32:14.942	2026-09-28 13:32:17.805
59577	35	2026-09-28 13:32:17.805	2026-09-28 13:32:20.654
59577	40	2026-09-28 13:32:20.654	2026-09-28 13:32:22.931
59577	45	2026-09-28 13:32:22.931	2026-09-29 09:15:51.387
59577	50	2026-09-29 09:15:51.387	2026-09-29 12:27:47.835
59577	60	2026-09-29 12:27:47.835	2026-09-29 12:27:50.643
59577	80	2026-09-29 12:27:50.643	NULL
59578	20	2026-09-30 07:51:04.859	2026-10-01 07:54:41.666
59578	25	2026-10-01 07:54:41.666	NULL
59600	20	2026-09-28 09:31:08.629	2026-09-29 07:10:00.331
59600	25	2026-09-29 07:10:00.331	NULL
59602	20	2026-09-29 11:24:21.876	2026-09-30 08:16:21.650
59602	25	2026-09-30 08:16:21.650	2026-09-30 08:16:24.243
59602	30	2026-09-30 08:16:24.243	2026-09-30 12:47:49.683
59602	35	2026-09-30 12:47:49.683	2026-09-30 13:07:03.334
59602	40	2026-09-30 13:07:03.334	2026-09-30 13:07:06.522
59602	45	2026-09-30 13:07:06.522	2026-10-01 08:00:24.278
59602	50	2026-10-01 08:00:24.278	2026-10-01 12:25:18.751
59602	60	2026-10-01 12:25:18.751	2026-10-01 12:25:21.865
59602	80	2026-10-01 12:25:21.865	NULL
59605	20	2026-09-28 12:12:58.999	2026-09-29 06:57:02.507
59605	25	2026-09-29 06:57:02.507	2026-09-29 06:57:05.768
59605	30	2026-09-29 06:57:05.768	2026-09-30 10:49:41.163
59605	35	2026-09-30 10:49:41.163	2026-09-30 11:52:16.156
59605	40	2026-09-30 11:52:16.156	2026-09-30 11:52:30.742
59605	45	2026-09-30 11:52:30.742	2026-10-01 08:00:16.021
59605	50	2026-10-01 08:00:16.021	2026-10-01 12:25:08.757
59605	60	2026-10-01 12:25:08.757	2026-10-01 12:25:11.536
59605	80	2026-10-01 12:25:11.536	NULL
59617	20	2026-09-28 11:40:08.969	2026-09-29 07:00:02.967
59617	25	2026-09-29 07:00:02.967	2026-09-30 10:42:57.712
59617	30	2026-09-30 10:42:57.712	2026-09-30 11:52:28.350
59617	35	2026-09-30 11:52:28.350	2026-09-30 11:58:39.231
59617	40	2026-09-30 11:58:39.231	2026-09-30 11:58:45.590
59617	47	2026-09-30 11:58:45.590	2026-09-30 12:03:43.830
59617	45	2026-09-30 12:03:43.830	2026-10-01 06:51:43.810
59617	48	2026-10-01 06:51:43.810	2026-10-01 06:51:45.195
59617	50	2026-10-01 06:51:45.195	2026-10-01 06:52:29.387
59617	60	2026-10-01 06:52:29.387	2026-10-01 06:52:32.491
59617	80	2026-10-01 06:52:32.491	NULL
59619	20	2026-09-29 07:04:40.456	2026-09-30 08:14:03.310
59619	25	2026-09-30 08:14:03.310	2026-09-30 12:04:42.023
59619	47	2026-09-30 12:04:42.023	2026-10-02 07:34:10.259
59619	48	2026-10-02 07:34:10.259	2026-10-02 07:37:17.068
59619	81	2026-10-02 07:37:17.068	NULL
59628	20	2026-09-27 10:52:33.963	2026-09-28 11:09:48.798
59628	25	2026-09-28 11:09:48.798	2026-09-28 11:09:54.134
59628	30	2026-09-28 11:09:54.134	2026-09-28 13:58:42.934
59628	35	2026-09-28 13:58:42.934	2026-09-28 14:04:35.329
59628	40	2026-09-28 14:04:35.329	2026-09-28 14:04:38.026
59628	45	2026-09-28 14:04:38.026	2026-09-29 09:15:34.200
59628	50	2026-09-29 09:15:34.200	2026-09-29 12:27:42.857
59628	60	2026-09-29 12:27:42.857	2026-09-29 12:27:45.156
59628	80	2026-09-29 12:27:45.156	NULL
59629	20	2026-09-27 10:36:35.929	2026-09-28 14:33:29.331
59629	25	2026-09-28 14:33:29.331	2026-09-28 14:33:32.252
59629	30	2026-09-28 14:33:32.252	2026-10-01 10:37:28.259
59629	35	2026-10-01 10:37:28.259	2026-10-01 13:06:00.825
59629	40	2026-10-01 13:06:00.825	2026-10-01 13:06:03.199
59629	45	2026-10-01 13:06:03.199	NULL
59633	20	2026-09-27 12:45:37.685	2026-09-28 11:20:21.050
59633	25	2026-09-28 11:20:21.050	2026-09-28 11:20:24.766
59633	30	2026-09-28 11:20:24.766	2026-09-28 14:11:15.408
59633	35	2026-09-28 14:11:15.408	2026-09-28 14:11:21.127
59633	40	2026-09-28 14:11:21.127	2026-09-28 14:11:23.277
59633	45	2026-09-28 14:11:23.277	2026-09-29 09:15:19.443
59633	50	2026-09-29 09:15:19.443	2026-09-29 12:27:36.526
59633	60	2026-09-29 12:27:36.526	2026-09-29 12:27:39.051
59633	80	2026-09-29 12:27:39.051	NULL
59649	20	2026-09-27 13:59:29.207	2026-09-28 13:47:29.568
59649	25	2026-09-28 13:47:29.568	2026-09-28 13:47:33.343
59649	30	2026-09-28 13:47:33.343	2026-09-28 13:47:37.274
59649	35	2026-09-28 13:47:37.274	2026-09-28 13:47:57.920
59649	40	2026-09-28 13:47:57.920	2026-09-28 13:47:59.685
59649	45	2026-09-28 13:47:59.685	2026-09-29 09:15:01.893
59649	50	2026-09-29 09:15:01.893	2026-09-29 12:27:30.791
59649	60	2026-09-29 12:27:30.791	2026-09-29 12:27:33.413
59649	80	2026-09-29 12:27:33.413	NULL
59652	20	2026-09-29 07:01:15.318	2026-09-29 08:34:39.804
59652	25	2026-09-29 08:34:39.804	2026-09-29 08:34:51.303
59652	30	2026-09-29 08:34:51.303	2026-09-30 12:53:04.495
59652	35	2026-09-30 12:53:04.495	2026-09-30 13:07:33.504
59652	47	2026-09-30 13:07:33.504	2026-09-30 13:07:48.541
59652	45	2026-09-30 13:07:48.541	2026-10-01 08:00:05.683
59652	48	2026-10-01 08:00:05.683	2026-10-01 08:00:05.978
59652	50	2026-10-01 08:00:05.978	2026-10-01 12:24:59.190
59652	60	2026-10-01 12:24:59.190	2026-10-01 12:25:01.566
59652	80	2026-10-01 12:25:01.566	NULL
59654	20	2026-09-27 10:06:18.404	2026-09-28 14:30:18.127
59654	25	2026-09-28 14:30:18.127	2026-09-28 14:30:21.261
59654	30	2026-09-28 14:30:21.261	2026-09-29 09:08:20.368
59654	35	2026-09-29 09:08:20.368	2026-09-29 09:08:28.789
59654	40	2026-09-29 09:08:28.789	2026-09-29 09:08:30.408
59654	45	2026-09-29 09:08:30.408	2026-09-29 09:59:42.409
59654	50	2026-09-29 09:59:42.409	2026-09-29 12:27:26.241
59654	60	2026-09-29 12:27:26.241	2026-09-29 12:27:28.432
59654	80	2026-09-29 12:27:28.432	NULL
59655	20	2026-09-27 09:04:24.147	2026-09-28 13:46:25.287
59655	25	2026-09-28 13:46:25.287	2026-09-28 13:46:31.285
59655	30	2026-09-28 13:46:31.285	2026-09-28 13:46:34.103
59655	35	2026-09-28 13:46:34.103	2026-09-28 13:46:40.600
59655	40	2026-09-28 13:46:40.600	2026-09-28 13:46:42.648
59655	45	2026-09-28 13:46:42.648	2026-09-29 06:45:45.946
59655	50	2026-09-29 06:45:45.946	2026-09-29 06:45:53.457
59655	60	2026-09-29 06:45:53.457	2026-09-29 06:45:56.456
59655	80	2026-09-29 06:45:56.456	NULL
59658	20	2026-09-30 06:25:58.940	2026-10-01 08:04:38.922
59658	25	2026-10-01 08:04:38.922	2026-10-01 11:41:18.942
59658	30	2026-10-01 11:41:18.942	2026-10-01 11:41:22.170
59658	35	2026-10-01 11:41:22.170	2026-10-01 13:05:43.081
59658	40	2026-10-01 13:05:43.081	2026-10-01 13:05:45.580
59658	45	2026-10-01 13:05:45.580	NULL
59670	20	2026-09-27 10:49:12.810	2026-09-28 13:46:54.940
59670	25	2026-09-28 13:46:54.940	2026-09-28 13:46:57.892
59670	30	2026-09-28 13:46:57.892	2026-09-28 13:47:01.755
59670	35	2026-09-28 13:47:01.755	2026-09-28 13:47:04.979
59670	40	2026-09-28 13:47:04.979	2026-09-28 13:47:07.055
59670	45	2026-09-28 13:47:07.055	2026-09-29 08:02:45.582
59670	50	2026-09-29 08:02:45.582	2026-09-29 08:04:27.593
59670	60	2026-09-29 08:04:27.593	2026-09-29 08:04:30.563
59670	80	2026-09-29 08:04:30.563	NULL
59671	20	2026-09-27 11:35:05.685	2026-09-28 13:16:39.999
59671	25	2026-09-28 13:16:39.999	2026-09-28 13:16:43.582
59671	30	2026-09-28 13:16:43.582	2026-09-28 13:16:46.826
59671	35	2026-09-28 13:16:46.826	2026-09-28 13:16:50.171
59671	40	2026-09-28 13:16:50.171	2026-09-28 13:16:52.665
59671	45	2026-09-28 13:16:52.665	2026-09-29 06:47:43.132
59671	50	2026-09-29 06:47:43.132	2026-09-29 06:48:48.436
59671	60	2026-09-29 06:48:48.436	2026-09-29 06:48:51.317
59671	80	2026-09-29 06:48:51.317	NULL
59672	20	2026-10-02 09:59:45.079	NULL
59673	20	2026-09-28 12:13:38.212	2026-09-29 07:09:29.979
59673	25	2026-09-29 07:09:29.979	2026-09-29 07:09:33.056
59673	30	2026-09-29 07:09:33.056	NULL
59690	20	2026-09-27 12:12:23.570	2026-09-28 14:27:25.478
59690	25	2026-09-28 14:27:25.478	2026-09-28 14:27:29.260
59690	30	2026-09-28 14:27:29.260	2026-09-29 07:15:24.608
59690	22	2026-09-29 07:15:24.608	2026-09-29 12:41:57.548
59690	47	2026-09-29 12:41:57.548	NULL
59699	20	2026-09-28 12:28:04.267	2026-09-29 07:07:11.538
59699	25	2026-09-29 07:07:11.538	2026-09-29 07:07:18.444
59699	30	2026-09-29 07:07:18.444	2026-09-30 10:43:37.210
59699	35	2026-09-30 10:43:37.210	2026-09-30 10:47:03.181
59699	47	2026-09-30 10:47:03.181	2026-09-30 11:58:54.752
59699	45	2026-09-30 11:58:54.752	2026-10-01 07:59:51.446
59699	48	2026-10-01 07:59:51.446	2026-10-01 07:59:52.958
59699	50	2026-10-01 07:59:52.958	2026-10-01 12:24:47.386
59699	60	2026-10-01 12:24:47.386	2026-10-01 12:24:51.342
59699	80	2026-10-01 12:24:51.342	NULL
59702	20	2026-09-27 12:23:10.783	2026-09-28 13:44:53.931
59702	25	2026-09-28 13:44:53.931	2026-09-28 13:44:57.072
59702	30	2026-09-28 13:44:57.072	2026-09-28 13:45:22.575
59702	35	2026-09-28 13:45:22.575	2026-09-28 13:45:25.470
59702	40	2026-09-28 13:45:25.470	2026-09-28 13:45:27.607
59702	45	2026-09-28 13:45:27.607	2026-09-29 06:45:36.460
59702	50	2026-09-29 06:45:36.460	2026-09-29 06:46:05.023
59702	60	2026-09-29 06:46:05.023	2026-09-29 06:46:07.227
59702	80	2026-09-29 06:46:07.227	NULL
59703	20	2026-09-29 13:01:03.178	2026-09-30 08:07:35.390
59703	25	2026-09-30 08:07:35.390	2026-09-30 08:07:38.073
59703	30	2026-09-30 08:07:38.073	2026-09-30 10:51:52.716
59703	35	2026-09-30 10:51:52.716	2026-09-30 11:54:59.341
59703	40	2026-09-30 11:54:59.341	2026-09-30 11:55:01.733
59703	45	2026-09-30 11:55:01.733	2026-10-01 07:59:43.419
59703	50	2026-10-01 07:59:43.419	2026-10-01 12:24:39.029
59703	60	2026-10-01 12:24:39.029	2026-10-01 12:24:41.439
59703	80	2026-10-01 12:24:41.439	NULL
59706	20	2026-09-28 10:42:47.375	2026-09-29 07:14:06.675
59706	25	2026-09-29 07:14:06.675	2026-09-30 13:13:50.232
59706	30	2026-09-30 13:13:50.232	2026-09-30 13:13:53.229
59706	35	2026-09-30 13:13:53.229	2026-09-30 13:29:23.831
59706	40	2026-09-30 13:29:23.831	2026-09-30 13:29:25.628
59706	45	2026-09-30 13:29:25.628	2026-10-01 07:59:32.531
59706	50	2026-10-01 07:59:32.531	2026-10-01 12:24:25.124
59706	60	2026-10-01 12:24:25.124	2026-10-01 12:24:28.994
59706	80	2026-10-01 12:24:28.994	NULL
59708	20	2026-09-29 11:15:27.069	2026-09-30 08:22:19.959
59708	25	2026-09-30 08:22:19.959	2026-09-30 08:22:22.607
59708	30	2026-09-30 08:22:22.607	2026-09-30 11:47:03.648
59708	35	2026-09-30 11:47:03.648	2026-09-30 12:01:55.606
59708	40	2026-09-30 12:01:55.606	2026-09-30 12:01:58.141
59708	45	2026-09-30 12:01:58.141	2026-10-01 07:59:24.921
59708	50	2026-10-01 07:59:24.921	2026-10-01 12:24:15.120
59708	60	2026-10-01 12:24:15.120	2026-10-01 12:24:17.964
59708	80	2026-10-01 12:24:17.964	NULL
59709	20	2026-09-28 11:33:54.887	2026-09-29 06:58:45.957
59709	25	2026-09-29 06:58:45.957	2026-09-29 06:58:49.027
59709	30	2026-09-29 06:58:49.027	2026-09-30 10:50:22.952
59709	35	2026-09-30 10:50:22.952	2026-09-30 11:53:10.346
59709	40	2026-09-30 11:53:10.346	2026-09-30 11:53:12.499
59709	45	2026-09-30 11:53:12.499	2026-09-30 16:35:41.672
59709	70	2026-09-30 16:35:41.672	2026-10-02 08:13:49.984
59709	80	2026-10-02 08:13:49.984	NULL
59712	20	2026-09-30 12:58:46.337	2026-10-01 08:01:45.541
59712	25	2026-10-01 08:01:45.541	2026-10-01 13:00:22.164
59712	47	2026-10-01 13:00:22.164	NULL
59719	20	2026-09-29 06:29:01.635	2026-09-30 08:07:11.364
59719	25	2026-09-30 08:07:11.364	2026-09-30 08:07:13.471
59719	30	2026-09-30 08:07:13.471	2026-09-30 10:51:35.858
59719	35	2026-09-30 10:51:35.858	2026-09-30 11:54:45.114
59719	40	2026-09-30 11:54:45.114	2026-09-30 11:54:47.388
59719	45	2026-09-30 11:54:47.388	2026-10-01 07:59:18.397
59719	50	2026-10-01 07:59:18.397	2026-10-01 12:24:06.421
59719	60	2026-10-01 12:24:06.421	2026-10-01 12:24:08.958
59719	80	2026-10-01 12:24:08.958	NULL
59729	20	2026-09-27 13:30:40.002	2026-09-28 11:09:23.219
59729	25	2026-09-28 11:09:23.219	2026-09-28 11:09:27.910
59729	30	2026-09-28 11:09:27.910	2026-09-28 13:58:34.562
59729	35	2026-09-28 13:58:34.562	2026-09-28 14:04:40.592
59729	40	2026-09-28 14:04:40.592	2026-09-28 14:04:42.934
59729	45	2026-09-28 14:04:42.934	2026-09-29 08:02:53.234
59729	50	2026-09-29 08:02:53.234	2026-09-29 08:04:37.868
59729	60	2026-09-29 08:04:37.868	2026-09-29 08:04:40.320
59729	80	2026-09-29 08:04:40.320	NULL
59732	20	2026-09-27 13:45:20.117	2026-09-28 13:15:44.955
59732	25	2026-09-28 13:15:44.955	2026-09-28 13:15:48.621
59732	30	2026-09-28 13:15:48.621	2026-09-28 13:15:51.614
59732	35	2026-09-28 13:15:51.614	2026-09-28 13:16:14.530
59732	40	2026-09-28 13:16:14.530	2026-09-28 13:16:16.818
59732	45	2026-09-28 13:16:16.818	2026-09-30 07:16:33.348
59732	50	2026-09-30 07:16:33.348	2026-09-30 07:19:29.505
59732	60	2026-09-30 07:19:29.505	2026-09-30 07:19:31.269
59732	80	2026-09-30 07:19:31.269	NULL
59735	20	2026-09-29 09:26:30.848	2026-09-30 08:07:59.802
59735	25	2026-09-30 08:07:59.802	2026-09-30 08:08:02.392
59735	30	2026-09-30 08:08:02.392	2026-09-30 10:52:09.870
59735	35	2026-09-30 10:52:09.870	2026-09-30 11:55:48.064
59735	40	2026-09-30 11:55:48.064	2026-09-30 11:56:38.631
59735	45	2026-09-30 11:56:38.631	2026-10-01 07:59:09.355
59735	50	2026-10-01 07:59:09.355	2026-10-01 12:23:26.129
59735	60	2026-10-01 12:23:26.129	2026-10-01 12:23:28.621
59735	80	2026-10-01 12:23:28.621	NULL
59747	20	2026-09-29 13:36:46.845	NULL
59749	20	2026-09-28 11:06:14.676	2026-09-29 07:15:01.083
59749	25	2026-09-29 07:15:01.083	2026-09-30 11:46:41.523
59749	30	2026-09-30 11:46:41.523	2026-09-30 11:46:44.456
59749	35	2026-09-30 11:46:44.456	2026-09-30 12:01:32.673
59749	40	2026-09-30 12:01:32.673	2026-09-30 12:01:34.711
59749	45	2026-09-30 12:01:34.711	2026-10-01 06:49:53.578
59749	50	2026-10-01 06:49:53.578	2026-10-01 06:51:17.889
59749	60	2026-10-01 06:51:17.889	2026-10-01 06:51:20.269
59749	80	2026-10-01 06:51:20.269	NULL
59757	20	2026-09-28 12:47:05.020	2026-09-29 07:07:50.287
59757	25	2026-09-29 07:07:50.287	2026-09-29 07:07:53.478
59757	30	2026-09-29 07:07:53.478	2026-09-29 12:11:57.444
59757	35	2026-09-29 12:11:57.444	2026-09-29 12:42:49.591
59757	40	2026-09-29 12:42:49.591	2026-09-29 12:42:52.940
59757	45	2026-09-29 12:42:52.940	2026-09-30 07:17:05.965
59757	50	2026-09-30 07:17:05.965	2026-09-30 07:18:55.701
59757	60	2026-09-30 07:18:55.701	2026-09-30 07:18:59.078
59757	80	2026-09-30 07:18:59.078	NULL
59759	20	2026-09-30 06:49:51.498	2026-10-01 07:47:04.573
59759	25	2026-10-01 07:47:04.573	2026-10-01 07:47:07.160
59759	30	2026-10-01 07:47:07.160	2026-10-01 10:01:51.089
59759	35	2026-10-01 10:01:51.089	2026-10-01 12:55:56.739
59759	40	2026-10-01 12:55:56.739	2026-10-01 12:55:58.537
59759	45	2026-10-01 12:55:58.537	NULL
59787	20	2026-09-29 06:50:14.767	2026-09-30 08:19:53.992
59787	25	2026-09-30 08:19:53.992	2026-09-30 08:19:57.150
59787	30	2026-09-30 08:19:57.150	2026-09-30 11:45:58.787
59787	35	2026-09-30 11:45:58.787	2026-09-30 12:01:01.683
59787	40	2026-09-30 12:01:01.683	2026-09-30 12:01:06.513
59787	45	2026-09-30 12:01:06.513	2026-10-01 06:51:37.019
59787	50	2026-10-01 06:51:37.019	2026-10-01 06:52:37.583
59787	60	2026-10-01 06:52:37.583	2026-10-01 06:52:39.733
59787	80	2026-10-01 06:52:39.733	NULL
59792	20	2026-09-28 12:23:39.682	2026-09-29 07:09:09.023
59792	25	2026-09-29 07:09:09.023	2026-09-29 07:09:13.027
59792	30	2026-09-29 07:09:13.027	2026-09-29 12:14:09.831
59792	35	2026-09-29 12:14:09.831	2026-09-29 12:42:18.620
59792	40	2026-09-29 12:42:18.620	2026-09-29 12:42:21.115
59792	45	2026-09-29 12:42:21.115	2026-09-30 07:16:59.466
59792	50	2026-09-30 07:16:59.466	2026-09-30 07:19:08.069
59792	60	2026-09-30 07:19:08.069	2026-09-30 07:19:11.233
59792	80	2026-09-30 07:19:11.233	NULL
59794	20	2026-09-28 12:26:20.274	2026-09-29 07:14:47.328
59794	25	2026-09-29 07:14:47.328	2026-09-29 07:14:49.760
59794	30	2026-09-29 07:14:49.760	2026-09-29 12:15:07.718
59794	35	2026-09-29 12:15:07.718	2026-09-29 12:41:15.588
59794	40	2026-09-29 12:41:15.588	2026-09-29 12:41:17.917
59794	45	2026-09-29 12:41:17.917	2026-10-01 07:59:02.110
59794	50	2026-10-01 07:59:02.110	2026-10-01 12:23:13.989
59794	60	2026-10-01 12:23:13.989	2026-10-01 12:23:18.694
59794	80	2026-10-01 12:23:18.694	NULL
59796	20	2026-09-28 09:25:15.568	2026-09-29 06:57:16.303
59796	25	2026-09-29 06:57:16.303	2026-09-29 06:57:18.950
59796	30	2026-09-29 06:57:18.950	2026-09-30 10:49:49.993
59796	35	2026-09-30 10:49:49.993	2026-09-30 11:52:47.721
59796	40	2026-09-30 11:52:47.721	2026-09-30 11:52:49.792
59796	45	2026-09-30 11:52:49.792	2026-10-01 07:58:56.251
59796	50	2026-10-01 07:58:56.251	2026-10-01 12:41:31.407
59796	70	2026-10-01 12:41:31.407	2026-10-01 13:03:49.841
59796	80	2026-10-01 13:03:49.841	NULL
59805	20	2026-09-28 13:33:39.305	2026-09-29 06:58:31.164
59805	25	2026-09-29 06:58:31.164	2026-09-29 06:58:33.802
59805	30	2026-09-29 06:58:33.802	2026-09-30 10:50:15.537
59805	35	2026-09-30 10:50:15.537	2026-09-30 13:28:46.433
59805	40	2026-09-30 13:28:46.433	2026-09-30 13:28:48.863
59805	45	2026-09-30 13:28:48.863	2026-10-01 07:58:48.070
59805	50	2026-10-01 07:58:48.070	2026-10-01 12:22:59.836
59805	60	2026-10-01 12:22:59.836	2026-10-01 12:23:04.626
59805	80	2026-10-01 12:23:04.626	NULL
59820	20	2026-09-28 11:16:45.061	2026-09-29 07:10:46.827
59820	25	2026-09-29 07:10:46.827	2026-09-29 12:18:28.734
59820	30	2026-09-29 12:18:28.734	2026-09-29 12:18:31.951
59820	35	2026-09-29 12:18:31.951	2026-09-29 12:40:36.716
59820	47	2026-09-29 12:40:36.716	2026-09-29 12:41:08.433
59820	45	2026-09-29 12:41:08.433	2026-09-30 07:16:51.360
59820	48	2026-09-30 07:16:51.360	2026-09-30 07:16:52.834
59820	50	2026-09-30 07:16:52.834	2026-09-30 07:19:18.242
59820	60	2026-09-30 07:19:18.242	2026-09-30 07:19:19.836
59820	80	2026-09-30 07:19:19.836	NULL
59821	20	2026-09-28 13:14:06.234	2026-09-29 21:36:11.820
59821	25	2026-09-29 21:36:11.820	2026-09-29 21:36:17.628
59821	30	2026-09-29 21:36:17.628	2026-10-01 10:03:07.974
59821	35	2026-10-01 10:03:07.974	2026-10-01 10:04:39.890
59821	40	2026-10-01 10:04:39.890	2026-10-01 10:04:41.997
59821	45	2026-10-01 10:04:41.997	2026-10-01 10:06:42.612
59821	50	2026-10-01 10:06:42.612	NULL
59825	20	2026-09-28 11:12:30.467	2026-09-29 06:59:04.957
59825	25	2026-09-29 06:59:04.957	2026-09-29 06:59:07.779
59825	30	2026-09-29 06:59:07.779	2026-09-30 10:43:59.349
59825	35	2026-09-30 10:43:59.349	2026-09-30 11:58:09.719
59825	40	2026-09-30 11:58:09.719	2026-09-30 11:58:11.916
59825	45	2026-09-30 11:58:11.916	2026-10-01 06:52:02.368
59825	50	2026-10-01 06:52:02.368	2026-10-01 06:52:06.943
59825	60	2026-10-01 06:52:06.943	2026-10-01 06:52:09.165
59825	80	2026-10-01 06:52:09.165	NULL
59826	20	2026-09-29 10:07:32.734	2026-09-30 08:16:36.547
59826	25	2026-09-30 08:16:36.547	2026-09-30 08:16:38.995
59826	30	2026-09-30 08:16:38.995	2026-09-30 12:47:57.834
59826	35	2026-09-30 12:47:57.834	2026-09-30 13:07:11.559
59826	40	2026-09-30 13:07:11.559	2026-09-30 13:07:14.110
59826	45	2026-09-30 13:07:14.110	2026-10-01 07:58:40.209
59826	50	2026-10-01 07:58:40.209	2026-10-01 12:22:47.086
59826	60	2026-10-01 12:22:47.086	2026-10-01 12:22:50.375
59826	80	2026-10-01 12:22:50.375	NULL
59831	20	2026-09-28 11:20:12.094	2026-09-29 07:12:49.163
59831	25	2026-09-29 07:12:49.163	2026-09-29 12:17:46.574
59831	30	2026-09-29 12:17:46.574	2026-09-29 12:17:49.812
59831	35	2026-09-29 12:17:49.812	2026-09-29 12:41:25.660
59831	40	2026-09-29 12:41:25.660	2026-09-29 12:41:28.407
59831	45	2026-09-29 12:41:28.407	2026-10-01 07:58:32.156
59831	50	2026-10-01 07:58:32.156	2026-10-01 12:22:36.821
59831	60	2026-10-01 12:22:36.821	2026-10-01 12:22:39.705
59831	80	2026-10-01 12:22:39.705	NULL
59840	20	2026-09-30 07:50:22.276	2026-10-01 07:44:02.427
59840	25	2026-10-01 07:44:02.427	2026-10-01 07:44:05.311
59840	30	2026-10-01 07:44:05.311	2026-10-02 12:49:14.970
59840	35	2026-10-02 12:49:14.970	NULL
59858	20	2026-09-29 06:36:04.069	2026-09-30 08:06:25.242
59858	25	2026-09-30 08:06:25.242	2026-09-30 08:06:27.583
59858	30	2026-09-30 08:06:27.583	2026-09-30 10:51:01.389
59858	35	2026-09-30 10:51:01.389	2026-09-30 11:53:16.786
59858	40	2026-09-30 11:53:16.786	2026-09-30 11:53:19.115
59858	45	2026-09-30 11:53:19.115	2026-10-01 07:26:36.036
59858	70	2026-10-01 07:26:36.036	2026-10-01 08:51:55.146
59858	80	2026-10-01 08:51:55.146	NULL
59861	20	2026-09-28 09:25:45.717	2026-09-28 13:52:02.456
59861	47	2026-09-28 13:52:02.456	2026-09-28 14:08:07.712
59861	45	2026-09-28 14:08:07.712	2026-09-29 06:47:05.924
59861	48	2026-09-29 06:47:05.924	2026-09-29 06:47:07.393
59861	50	2026-09-29 06:47:07.393	2026-09-29 06:49:11.478
59861	60	2026-09-29 06:49:11.478	2026-09-29 06:49:13.961
59861	80	2026-09-29 06:49:13.961	NULL
59867	20	2026-09-28 11:19:32.384	2026-09-29 06:58:12.124
59867	25	2026-09-29 06:58:12.124	2026-09-29 06:58:19.912
59867	30	2026-09-29 06:58:19.912	2026-09-30 10:50:07.221
59867	35	2026-09-30 10:50:07.221	2026-09-30 11:53:01.444
59867	40	2026-09-30 11:53:01.444	2026-09-30 11:53:04.215
59867	45	2026-09-30 11:53:04.215	2026-10-01 07:58:26.123
59867	50	2026-10-01 07:58:26.123	2026-10-01 12:41:32.493
59867	99	2026-10-01 12:41:32.493	NULL
59876	20	2026-09-28 11:59:18.810	2026-09-29 07:12:23.860
59876	25	2026-09-29 07:12:23.860	2026-09-30 11:02:12.757
59876	30	2026-09-30 11:02:12.757	2026-09-30 11:02:16.040
59876	35	2026-09-30 11:02:16.040	2026-09-30 11:59:30.598
59876	40	2026-09-30 11:59:30.598	2026-09-30 11:59:32.422
59876	45	2026-09-30 11:59:32.422	2026-10-01 07:58:19.180
59876	50	2026-10-01 07:58:19.180	2026-10-01 12:22:24.327
59876	60	2026-10-01 12:22:24.327	2026-10-01 12:22:26.887
59876	80	2026-10-01 12:22:26.887	NULL
59878	20	2026-09-29 09:17:04.241	2026-09-30 08:21:34.983
59878	25	2026-09-30 08:21:34.983	2026-09-30 08:21:37.783
59878	30	2026-09-30 08:21:37.783	2026-09-30 11:47:56.530
59878	35	2026-09-30 11:47:56.530	2026-09-30 12:01:47.598
59878	40	2026-09-30 12:01:47.598	2026-09-30 12:01:49.935
59878	45	2026-09-30 12:01:49.935	2026-10-02 07:30:18.662
59878	50	2026-10-02 07:30:18.662	2026-10-02 07:35:10.812
59878	60	2026-10-02 07:35:10.812	2026-10-02 07:35:13.757
59878	80	2026-10-02 07:35:13.757	NULL
59883	20	2026-09-28 12:40:34.608	2026-09-29 07:13:47.355
59883	25	2026-09-29 07:13:47.355	2026-09-30 11:45:04.155
59883	30	2026-09-30 11:45:04.155	2026-09-30 11:45:06.982
59883	35	2026-09-30 11:45:06.982	2026-09-30 11:59:44.046
59883	40	2026-09-30 11:59:44.046	2026-09-30 11:59:46.179
59883	45	2026-09-30 11:59:46.179	2026-10-01 07:58:12.013
59883	50	2026-10-01 07:58:12.013	2026-10-01 12:22:08.476
59883	60	2026-10-01 12:22:08.476	2026-10-01 12:22:11.177
59883	80	2026-10-01 12:22:11.177	NULL
59886	20	2026-09-28 12:51:34.621	2026-09-29 06:56:29.225
59886	25	2026-09-29 06:56:29.225	2026-09-29 06:56:32.462
59886	30	2026-09-29 06:56:32.462	2026-09-30 10:49:30.349
59886	35	2026-09-30 10:49:30.349	2026-09-30 11:52:07.083
59886	40	2026-09-30 11:52:07.083	2026-09-30 11:52:09.929
59886	45	2026-09-30 11:52:09.929	2026-10-01 07:58:04.789
59886	50	2026-10-01 07:58:04.789	2026-10-01 12:21:45.478
59886	60	2026-10-01 12:21:45.478	2026-10-01 12:21:48.106
59886	80	2026-10-01 12:21:48.106	NULL
59893	20	2026-09-29 09:11:45.292	2026-09-30 08:14:46.885
59893	25	2026-09-30 08:14:46.885	2026-10-01 12:30:08.503
59893	30	2026-10-01 12:30:08.503	2026-10-01 12:30:11.543
59893	35	2026-10-01 12:30:11.543	2026-10-01 12:57:25.568
59893	40	2026-10-01 12:57:25.568	2026-10-01 12:57:27.544
59893	45	2026-10-01 12:57:27.544	2026-10-02 07:34:32.765
59893	50	2026-10-02 07:34:32.765	2026-10-02 07:37:04.261
59893	60	2026-10-02 07:37:04.261	2026-10-02 07:37:05.903
59893	80	2026-10-02 07:37:05.903	NULL
59909	20	2026-09-29 09:02:21.352	2026-09-30 08:08:48.870
59909	25	2026-09-30 08:08:48.870	2026-09-30 08:08:51.152
59909	30	2026-09-30 08:08:51.152	2026-09-30 13:09:00.235
59909	35	2026-09-30 13:09:00.235	2026-09-30 13:29:10.849
59909	40	2026-09-30 13:29:10.849	2026-09-30 13:29:13.198
59909	45	2026-09-30 13:29:13.198	2026-10-01 07:57:58.503
59909	50	2026-10-01 07:57:58.503	2026-10-01 12:21:31.313
59909	60	2026-10-01 12:21:31.313	2026-10-01 12:21:33.899
59909	80	2026-10-01 12:21:33.899	NULL
59912	20	2026-09-30 11:06:17.993	2026-10-01 08:03:15.216
59912	25	2026-10-01 08:03:15.216	2026-10-01 08:03:18.511
59912	30	2026-10-01 08:03:18.511	NULL
59913	20	2026-09-29 10:39:54.378	2026-09-30 08:17:27.047
59913	25	2026-09-30 08:17:27.047	2026-10-01 09:59:38.999
59913	30	2026-10-01 09:59:38.999	2026-10-01 09:59:41.335
59913	35	2026-10-01 09:59:41.335	2026-10-01 12:59:49.777
59913	40	2026-10-01 12:59:49.777	2026-10-01 12:59:52.057
59913	45	2026-10-01 12:59:52.057	2026-10-02 07:33:10.993
59913	50	2026-10-02 07:33:10.993	2026-10-02 07:36:57.624
59913	60	2026-10-02 07:36:57.624	2026-10-02 07:36:59.176
59913	80	2026-10-02 07:36:59.176	NULL
59914	20	2026-09-29 14:02:56.137	2026-09-30 08:06:49.826
59914	25	2026-09-30 08:06:49.826	2026-09-30 08:06:51.923
59914	30	2026-09-30 08:06:51.923	2026-09-30 10:51:18.808
59914	35	2026-09-30 10:51:18.808	2026-09-30 11:53:31.009
59914	40	2026-09-30 11:53:31.009	2026-09-30 11:53:33.406
59914	45	2026-09-30 11:53:33.406	2026-10-01 07:57:52.296
59914	50	2026-10-01 07:57:52.296	2026-10-01 12:21:20.709
59914	60	2026-10-01 12:21:20.709	2026-10-01 12:21:23.576
59914	80	2026-10-01 12:21:23.576	NULL
59916	20	2026-09-30 07:40:54.881	NULL
59917	20	2026-09-29 09:40:23.064	2026-09-30 08:14:30.280
59917	25	2026-09-30 08:14:30.280	NULL
59920	20	2026-09-29 14:01:16.439	2026-09-30 08:09:38.656
59920	25	2026-09-30 08:09:38.656	2026-09-30 08:09:41.410
59920	30	2026-09-30 08:09:41.410	2026-09-30 10:45:08.436
59920	35	2026-09-30 10:45:08.436	2026-09-30 11:58:59.163
59920	40	2026-09-30 11:58:59.163	2026-09-30 11:59:01.782
59920	45	2026-09-30 11:59:01.782	2026-10-01 06:50:18.130
59920	50	2026-10-01 06:50:18.130	2026-10-01 06:50:53.154
59920	60	2026-10-01 06:50:53.154	2026-10-01 06:50:55.726
59920	80	2026-10-01 06:50:55.726	NULL
59926	20	2026-09-30 09:37:14.942	2026-10-01 07:52:50.843
59926	25	2026-10-01 07:52:50.843	2026-10-01 12:56:18.738
59926	47	2026-10-01 12:56:18.738	NULL
59940	20	2026-09-30 07:00:22.787	2026-10-01 08:07:56.248
59940	25	2026-10-01 08:07:56.248	2026-10-01 08:07:59.313
59940	30	2026-10-01 08:07:59.313	2026-10-02 06:00:02.554
59940	22	2026-10-02 06:00:02.554	2026-10-02 08:40:21.780
59940	99	2026-10-02 08:40:21.780	NULL
59942	20	2026-09-29 09:44:35.842	2026-09-30 08:06:37.132
59942	25	2026-09-30 08:06:37.132	2026-09-30 08:06:40.142
59942	30	2026-09-30 08:06:40.142	2026-09-30 10:51:10.556
59942	35	2026-09-30 10:51:10.556	2026-09-30 11:53:23.225
59942	40	2026-09-30 11:53:23.225	2026-09-30 11:53:26.433
59942	45	2026-09-30 11:53:26.433	2026-10-01 07:57:45.555
59942	50	2026-10-01 07:57:45.555	2026-10-01 12:21:12.819
59942	60	2026-10-01 12:21:12.819	2026-10-01 12:21:14.441
59942	80	2026-10-01 12:21:14.441	NULL
59944	20	2026-09-29 12:03:13.537	2026-09-30 08:10:53.938
59944	25	2026-09-30 08:10:53.938	2026-09-30 08:10:58.183
59944	22	2026-09-30 08:10:58.183	2026-09-30 08:13:05.086
59944	25	2026-09-30 08:13:05.086	2026-09-30 08:13:12.104
59944	30	2026-09-30 08:13:12.104	2026-09-30 11:48:43.034
59944	35	2026-09-30 11:48:43.034	2026-09-30 11:59:19.401
59944	47	2026-09-30 11:59:19.401	2026-09-30 12:04:49.210
59944	45	2026-09-30 12:04:49.210	2026-10-01 07:57:31.061
59944	48	2026-10-01 07:57:31.061	2026-10-01 07:57:32.675
59944	50	2026-10-01 07:57:32.675	2026-10-01 12:21:00.249
59944	60	2026-10-01 12:21:00.249	2026-10-01 12:21:02.244
59944	80	2026-10-01 12:21:02.244	NULL
59947	20	2026-09-30 11:31:17.294	2026-10-01 07:46:47.938
59947	25	2026-10-01 07:46:47.938	2026-10-01 07:46:50.778
59947	30	2026-10-01 07:46:50.778	2026-10-01 10:01:43.590
59947	35	2026-10-01 10:01:43.590	2026-10-01 12:55:47.901
59947	40	2026-10-01 12:55:47.901	2026-10-01 12:55:50.268
59947	45	2026-10-01 12:55:50.268	NULL
59951	20	2026-09-29 12:14:03.188	2026-09-30 08:07:00.917
59951	25	2026-09-30 08:07:00.917	2026-09-30 10:51:28.455
59951	30	2026-09-30 10:51:28.455	2026-09-30 11:54:09.529
59951	35	2026-09-30 11:54:09.529	2026-09-30 11:54:12.376
59951	40	2026-09-30 11:54:12.376	2026-09-30 11:54:26.713
59951	45	2026-09-30 11:54:26.713	2026-09-30 16:35:30.253
59951	70	2026-09-30 16:35:30.253	2026-10-01 07:57:12.493
59951	50	2026-10-01 07:57:12.493	2026-10-01 08:46:15.816
59951	70	2026-10-01 08:46:15.816	2026-10-01 08:46:23.124
59951	80	2026-10-01 08:46:23.124	NULL
59953	20	2026-09-29 12:37:56.843	2026-09-30 08:22:49.516
59953	25	2026-09-30 08:22:49.516	2026-10-01 10:53:01.878
59953	22	2026-10-01 10:53:01.878	2026-10-02 08:47:48.401
59953	99	2026-10-02 08:47:48.401	NULL
59965	20	2026-09-29 09:13:19.500	2026-09-30 08:19:03.568
59965	25	2026-09-30 08:19:03.568	2026-09-30 08:19:06.081
59965	30	2026-09-30 08:19:06.081	2026-09-30 11:46:19.716
59965	35	2026-09-30 11:46:19.716	2026-09-30 11:59:59.387
59965	40	2026-09-30 11:59:59.387	2026-09-30 12:00:02.872
59965	45	2026-09-30 12:00:02.872	2026-10-01 07:56:41.013
59965	50	2026-10-01 07:56:41.013	2026-10-01 12:20:24.847
59965	60	2026-10-01 12:20:24.847	2026-10-01 12:20:26.712
59965	80	2026-10-01 12:20:26.712	NULL
59967	20	2026-09-29 12:42:20.291	2026-09-30 08:08:11.929
59967	25	2026-09-30 08:08:11.929	2026-09-30 08:08:14.225
59967	30	2026-09-30 08:08:14.225	2026-09-30 10:52:18.921
59967	35	2026-09-30 10:52:18.921	2026-09-30 11:57:08.061
59967	40	2026-09-30 11:57:08.061	2026-09-30 11:57:10.380
59967	45	2026-09-30 11:57:10.380	2026-10-01 07:56:27.488
59967	50	2026-10-01 07:56:27.488	2026-10-01 12:20:14.993
59967	60	2026-10-01 12:20:14.993	2026-10-01 12:20:18.073
59967	80	2026-10-01 12:20:18.073	NULL
59975	20	2026-09-30 08:35:19.965	2026-10-01 07:44:47.100
59975	25	2026-10-01 07:44:47.100	2026-10-01 07:44:49.887
59975	30	2026-10-01 07:44:49.887	NULL
59982	20	2026-10-02 12:09:30.276	NULL
59990	20	2026-09-29 10:49:46.933	2026-09-30 08:18:23.549
59990	25	2026-09-30 08:18:23.549	2026-09-30 08:18:25.986
59990	30	2026-09-30 08:18:25.986	2026-09-30 11:51:59.575
59990	35	2026-09-30 11:51:59.575	2026-09-30 12:04:11.859
59990	40	2026-09-30 12:04:11.859	2026-09-30 12:04:24.686
59990	45	2026-09-30 12:04:24.686	2026-10-01 06:50:11.375
59990	50	2026-10-01 06:50:11.375	2026-10-01 06:51:02.122
59990	60	2026-10-01 06:51:02.122	2026-10-01 06:51:04.444
59990	80	2026-10-01 06:51:04.444	NULL
59994	20	2026-09-29 13:48:42.887	2026-09-30 08:21:17.494
59994	25	2026-09-30 08:21:17.494	2026-09-30 08:21:19.928
59994	30	2026-09-30 08:21:19.928	2026-10-02 12:59:41.730
59994	35	2026-10-02 12:59:41.730	NULL
59998	20	2026-09-30 08:26:27.059	2026-10-01 08:02:40.503
59998	25	2026-10-01 08:02:40.503	2026-10-01 08:02:43.319
59998	30	2026-10-01 08:02:43.319	2026-10-01 11:40:45.577
59998	35	2026-10-01 11:40:45.577	2026-10-01 13:05:18.530
59998	40	2026-10-01 13:05:18.530	2026-10-01 13:05:20.979
59998	45	2026-10-01 13:05:20.979	NULL
59999	20	2026-09-29 09:39:35.623	2026-09-30 08:19:28.551
59999	25	2026-09-30 08:19:28.551	2026-09-30 08:19:40.358
59999	30	2026-09-30 08:19:40.358	2026-09-30 11:48:23.774
59999	35	2026-09-30 11:48:23.774	2026-09-30 12:00:45.243
59999	40	2026-09-30 12:00:45.243	2026-09-30 12:00:55.415
59999	47	2026-09-30 12:00:55.415	2026-09-30 12:04:54.415
59999	45	2026-09-30 12:04:54.415	2026-10-01 07:56:18.712
59999	48	2026-10-01 07:56:18.712	2026-10-01 07:56:20.328
59999	50	2026-10-01 07:56:20.328	2026-10-01 12:19:52.781
59999	60	2026-10-01 12:19:52.781	2026-10-01 12:19:55.384
59999	80	2026-10-01 12:19:55.384	NULL
60001	20	2026-09-29 10:31:35.562	NULL
60017	20	2026-09-29 13:12:45.486	2026-09-30 08:18:40.090
60017	25	2026-09-30 08:18:40.090	2026-09-30 08:18:42.744
60017	30	2026-09-30 08:18:42.744	2026-09-30 11:45:18.721
60017	35	2026-09-30 11:45:18.721	2026-09-30 11:59:52.691
60017	40	2026-09-30 11:59:52.691	2026-09-30 11:59:55.085
60017	45	2026-09-30 11:59:55.085	2026-10-01 07:56:11.618
60017	50	2026-10-01 07:56:11.618	2026-10-01 12:19:42.367
60017	60	2026-10-01 12:19:42.367	2026-10-01 12:19:45.196
60017	80	2026-10-01 12:19:45.196	NULL
60020	20	2026-09-29 11:55:15.245	2026-09-30 08:09:00.735
60020	25	2026-09-30 08:09:00.735	2026-09-30 08:09:03.139
60020	30	2026-09-30 08:09:03.139	2026-09-30 10:52:43.759
60020	35	2026-09-30 10:52:43.759	2026-09-30 11:58:01.931
60020	40	2026-09-30 11:58:01.931	2026-09-30 11:58:04.021
60020	45	2026-09-30 11:58:04.021	2026-10-01 07:56:01.241
60020	50	2026-10-01 07:56:01.241	2026-10-01 12:19:33.140
60020	60	2026-10-01 12:19:33.140	2026-10-01 12:19:36.147
60020	80	2026-10-01 12:19:36.147	NULL
60021	20	2026-09-29 09:51:40.647	2026-09-30 08:08:36.496
60021	25	2026-09-30 08:08:36.496	2026-09-30 08:08:38.996
60021	30	2026-09-30 08:08:38.996	2026-09-30 13:08:34.042
60021	35	2026-09-30 13:08:34.042	2026-09-30 13:29:02.452
60021	40	2026-09-30 13:29:02.452	2026-09-30 13:29:04.589
60021	45	2026-09-30 13:29:04.589	2026-10-01 07:55:55.733
60021	50	2026-10-01 07:55:55.733	2026-10-01 12:19:24.203
60021	60	2026-10-01 12:19:24.203	2026-10-01 12:19:26.448
60021	80	2026-10-01 12:19:26.448	NULL
60026	20	2026-09-29 13:49:56.583	2026-09-30 08:07:47.766
60026	25	2026-09-30 08:07:47.766	2026-09-30 08:07:50.130
60026	30	2026-09-30 08:07:50.130	2026-09-30 10:52:00.892
60026	35	2026-09-30 10:52:00.892	2026-09-30 11:55:07.167
60026	40	2026-09-30 11:55:07.167	2026-09-30 11:55:09.149
60026	45	2026-09-30 11:55:09.149	2026-10-01 07:55:48.653
60026	50	2026-10-01 07:55:48.653	2026-10-01 12:18:44.491
60026	60	2026-10-01 12:18:44.491	2026-10-01 12:18:47.688
60026	80	2026-10-01 12:18:47.688	NULL
60027	20	2026-09-30 07:02:24.536	2026-10-01 07:44:59.828
60027	25	2026-10-01 07:44:59.828	2026-10-01 07:45:02.474
60027	30	2026-10-01 07:45:02.474	NULL
60037	20	2026-09-29 09:48:44.507	2026-09-30 08:08:24.464
60037	25	2026-09-30 08:08:24.464	2026-09-30 08:08:27.139
60037	30	2026-09-30 08:08:27.139	2026-09-30 10:52:30.160
60037	35	2026-09-30 10:52:30.160	2026-09-30 11:57:24.832
60037	40	2026-09-30 11:57:24.832	2026-09-30 11:57:27.779
60037	45	2026-09-30 11:57:27.779	2026-10-01 07:55:41.752
60037	50	2026-10-01 07:55:41.752	2026-10-01 12:17:17.653
60037	60	2026-10-01 12:17:17.653	2026-10-01 12:17:19.663
60037	80	2026-10-01 12:17:19.663	NULL
60038	20	2026-09-30 06:34:30.848	2026-10-01 07:53:14.038
60038	25	2026-10-01 07:53:14.038	2026-10-01 07:53:16.957
60038	30	2026-10-01 07:53:16.957	2026-10-02 06:19:52.931
60038	22	2026-10-02 06:19:52.931	2026-10-02 09:17:26.061
60038	99	2026-10-02 09:17:26.061	NULL
60039	20	2026-09-29 11:20:36.007	2026-09-30 08:22:34.139
60039	25	2026-09-30 08:22:34.139	2026-09-30 13:25:25.957
60039	30	2026-09-30 13:25:25.957	2026-09-30 13:25:42.309
60039	50	2026-09-30 13:25:42.309	2026-09-30 13:29:57.153
60039	60	2026-09-30 13:29:57.153	2026-09-30 13:30:01.390
60039	80	2026-09-30 13:30:01.390	NULL
60049	20	2026-09-30 08:41:59.747	2026-10-01 07:58:23.792
60049	25	2026-10-01 07:58:23.792	2026-10-01 12:58:51.986
60049	47	2026-10-01 12:58:51.986	2026-10-02 11:17:00.287
60049	45	2026-10-02 11:17:00.287	NULL
60060	20	2026-09-30 06:42:11.232	2026-10-01 07:45:15.677
60060	25	2026-10-01 07:45:15.677	NULL
60061	20	2026-09-29 12:12:30.163	2026-09-30 08:09:13.558
60061	25	2026-09-30 08:09:13.558	2026-10-01 11:38:30.724
60061	30	2026-10-01 11:38:30.724	2026-10-01 11:38:33.787
60061	35	2026-10-01 11:38:33.787	2026-10-01 12:53:58.514
60061	40	2026-10-01 12:53:58.514	2026-10-01 12:54:00.422
60061	45	2026-10-01 12:54:00.422	2026-10-02 07:34:20.849
60061	50	2026-10-02 07:34:20.849	2026-10-02 07:36:49.582
60061	60	2026-10-02 07:36:49.582	2026-10-02 07:36:51.014
60061	80	2026-10-02 07:36:51.014	NULL
60062	20	2026-09-30 11:25:47.391	2026-10-01 07:43:27.160
60062	25	2026-10-01 07:43:27.160	2026-10-02 12:48:44.916
60062	30	2026-10-02 12:48:44.916	2026-10-02 12:48:49.027
60062	35	2026-10-02 12:48:49.027	NULL
60066	20	2026-09-30 11:06:28.452	2026-10-01 08:11:21.334
60066	25	2026-10-01 08:11:21.334	2026-10-01 10:37:37.270
60066	30	2026-10-01 10:37:37.270	2026-10-01 10:37:41.232
60066	35	2026-10-01 10:37:41.232	2026-10-01 13:06:08.123
60066	40	2026-10-01 13:06:08.123	2026-10-01 13:06:10.463
60066	45	2026-10-01 13:06:10.463	NULL
60068	20	2026-09-29 13:02:29.316	2026-09-30 08:17:45.648
60068	25	2026-09-30 08:17:45.648	2026-10-01 09:54:32.634
60068	30	2026-10-01 09:54:32.634	2026-10-01 09:54:35.044
60068	35	2026-10-01 09:54:35.044	2026-10-01 13:00:08.989
60068	40	2026-10-01 13:00:08.989	2026-10-01 13:00:13.201
60068	45	2026-10-01 13:00:13.201	NULL
60069	20	2026-09-30 06:20:58.658	2026-10-01 08:00:24.038
60069	25	2026-10-01 08:00:24.038	2026-10-01 08:00:27.868
60069	30	2026-10-01 08:00:27.868	2026-10-01 10:08:56.573
60069	35	2026-10-01 10:08:56.573	2026-10-01 12:59:26.510
60069	40	2026-10-01 12:59:26.510	2026-10-01 12:59:28.558
60069	45	2026-10-01 12:59:28.558	2026-10-01 13:13:53.008
60069	70	2026-10-01 13:13:53.008	2026-10-02 08:13:57.630
60069	80	2026-10-02 08:13:57.630	NULL
60076	20	2026-09-29 13:02:14.378	2026-09-30 08:18:10.901
60076	25	2026-09-30 08:18:10.901	2026-09-30 08:18:13.161
60076	30	2026-09-30 08:18:13.161	2026-09-30 11:52:59.460
60076	35	2026-09-30 11:52:59.460	2026-09-30 12:04:05.462
60076	40	2026-09-30 12:04:05.462	2026-09-30 12:04:07.229
60076	45	2026-09-30 12:04:07.229	2026-10-01 06:51:56.717
60076	50	2026-10-01 06:51:56.717	2026-10-01 06:52:14.588
60076	60	2026-10-01 06:52:14.588	2026-10-01 06:52:16.713
60076	80	2026-10-01 06:52:16.713	NULL
60093	20	2026-09-29 13:42:57.226	2026-09-30 08:03:35.561
60093	25	2026-09-30 08:03:35.561	2026-09-30 08:03:39.343
60093	30	2026-09-30 08:03:39.343	2026-09-30 08:20:24.929
60093	35	2026-09-30 08:20:24.929	2026-09-30 10:49:44.915
60093	40	2026-09-30 10:49:44.915	2026-09-30 10:49:48.676
60093	45	2026-09-30 10:49:48.676	2026-10-01 06:51:50.524
60093	50	2026-10-01 06:51:50.524	2026-10-01 06:52:21.659
60093	60	2026-10-01 06:52:21.659	2026-10-01 06:52:24.205
60093	80	2026-10-01 06:52:24.205	NULL
60102	20	2026-09-30 06:21:17.133	2026-09-30 08:28:10.566
60102	25	2026-09-30 08:28:10.566	2026-09-30 08:28:14.409
60102	30	2026-09-30 08:28:14.409	2026-10-01 10:03:33.768
60102	35	2026-10-01 10:03:33.768	2026-10-01 10:04:03.364
60102	40	2026-10-01 10:04:03.364	2026-10-01 10:04:09.179
60102	45	2026-10-01 10:04:09.179	2026-10-01 10:09:20.638
60102	50	2026-10-01 10:09:20.638	2026-10-01 12:17:05.366
60102	60	2026-10-01 12:17:05.366	2026-10-01 12:17:08.219
60102	80	2026-10-01 12:17:08.219	NULL
60106	20	2026-09-29 12:53:46.224	2026-09-30 08:15:34.108
60106	25	2026-09-30 08:15:34.108	2026-09-30 08:15:36.527
60106	30	2026-09-30 08:15:36.527	2026-10-01 09:55:42.513
60106	35	2026-10-01 09:55:42.513	2026-10-01 12:57:31.688
60106	40	2026-10-01 12:57:31.688	2026-10-01 12:57:34.275
60106	45	2026-10-01 12:57:34.275	2026-10-02 07:31:50.017
60106	50	2026-10-02 07:31:50.017	2026-10-02 07:36:43.648
60106	60	2026-10-02 07:36:43.648	2026-10-02 07:36:45.128
60106	80	2026-10-02 07:36:45.128	NULL
60118	20	2026-09-30 09:16:03.102	2026-10-01 07:57:01.690
60118	25	2026-10-01 07:57:01.690	2026-10-01 07:57:10.318
60118	30	2026-10-01 07:57:10.318	2026-10-01 10:13:18.063
60118	35	2026-10-01 10:13:18.063	2026-10-01 12:58:29.264
60118	40	2026-10-01 12:58:29.264	2026-10-01 12:58:31.275
60118	45	2026-10-01 12:58:31.275	NULL
60119	20	2026-10-01 13:01:29.973	2026-10-01 13:34:35.204
60119	25	2026-10-01 13:34:35.204	NULL
60120	20	2026-09-30 13:21:58.959	2026-10-01 08:04:05.573
60120	25	2026-10-01 08:04:05.573	2026-10-01 08:04:08.655
60120	30	2026-10-01 08:04:08.655	2026-10-02 13:01:15.383
60120	35	2026-10-02 13:01:15.383	NULL
60122	20	2026-09-30 11:09:58.547	2026-10-01 08:09:44.867
60122	25	2026-10-01 08:09:44.867	NULL
60123	20	2026-09-30 07:00:29.439	2026-10-01 08:11:35.755
60123	25	2026-10-01 08:11:35.755	2026-10-01 08:21:35.993
60123	30	2026-10-01 08:21:35.993	2026-10-02 12:42:38.262
60123	35	2026-10-02 12:42:38.262	2026-10-02 12:45:05.931
60123	40	2026-10-02 12:45:05.931	2026-10-02 12:45:08.229
60123	45	2026-10-02 12:45:08.229	2026-10-02 12:45:19.365
60123	70	2026-10-02 12:45:19.365	2026-10-02 12:46:48.802
60123	80	2026-10-02 12:46:48.802	NULL
60126	20	2026-09-30 09:05:17.187	2026-10-01 07:45:42.627
60126	25	2026-10-01 07:45:42.627	2026-10-01 07:45:45.511
60126	30	2026-10-01 07:45:45.511	2026-10-01 10:01:02.133
60126	35	2026-10-01 10:01:02.133	2026-10-01 12:54:10.639
60126	40	2026-10-01 12:54:10.639	2026-10-01 12:54:13.644
60126	45	2026-10-01 12:54:13.644	2026-10-02 07:33:38.442
60126	50	2026-10-02 07:33:38.442	2026-10-02 07:36:38.977
60126	60	2026-10-02 07:36:38.977	2026-10-02 07:36:40.523
60126	80	2026-10-02 07:36:40.523	NULL
60138	20	2026-10-01 09:53:09.295	2026-10-01 13:33:07.085
60138	25	2026-10-01 13:33:07.085	2026-10-02 12:50:34.719
60138	30	2026-10-02 12:50:34.719	2026-10-02 12:50:38.366
60138	35	2026-10-02 12:50:38.366	NULL
60142	20	2026-09-30 12:43:40.690	2026-10-01 08:03:49.988
60142	25	2026-10-01 08:03:49.988	2026-10-01 08:03:53.888
60142	30	2026-10-01 08:03:53.888	2026-10-02 13:01:00.966
60142	35	2026-10-02 13:01:00.966	NULL
60144	20	2026-10-01 11:19:18.715	2026-10-01 13:22:01.687
60144	25	2026-10-01 13:22:01.687	NULL
60150	20	2026-09-30 07:22:02.922	2026-10-01 07:55:49.048
60150	25	2026-10-01 07:55:49.048	2026-10-01 07:56:16.163
60150	30	2026-10-01 07:56:16.163	2026-10-01 10:12:49.359
60150	35	2026-10-01 10:12:49.359	2026-10-01 12:58:06.677
60150	40	2026-10-01 12:58:06.677	2026-10-01 12:58:08.694
60150	45	2026-10-01 12:58:08.694	NULL
60156	20	2026-09-30 13:06:37.819	2026-10-01 08:00:40.335
60156	25	2026-10-01 08:00:40.335	2026-10-01 08:00:42.904
60156	30	2026-10-01 08:00:42.904	2026-10-01 10:07:22.512
60156	35	2026-10-01 10:07:22.512	2026-10-01 12:59:38.293
60156	40	2026-10-01 12:59:38.293	2026-10-01 12:59:40.517
60156	45	2026-10-01 12:59:40.517	2026-10-02 07:33:02.169
60156	50	2026-10-02 07:33:02.169	2026-10-02 07:36:29.679
60156	60	2026-10-02 07:36:29.679	2026-10-02 07:36:32.377
60156	80	2026-10-02 07:36:32.377	NULL
60165	20	2026-09-30 07:14:47.274	2026-10-01 08:00:05.782
60165	25	2026-10-01 08:00:05.782	2026-10-01 08:00:08.486
60165	30	2026-10-01 08:00:08.486	2026-10-01 10:08:00.888
60165	35	2026-10-01 10:08:00.888	2026-10-01 12:59:17.858
60165	40	2026-10-01 12:59:17.858	2026-10-01 12:59:19.949
60165	45	2026-10-01 12:59:19.949	2026-10-02 07:32:55.269
60165	50	2026-10-02 07:32:55.269	2026-10-02 07:36:22.359
60165	60	2026-10-02 07:36:22.359	2026-10-02 07:36:23.979
60165	80	2026-10-02 07:36:23.979	NULL
60166	20	2026-09-30 09:18:48.317	2026-10-01 08:01:27.428
60166	25	2026-10-01 08:01:27.428	2026-10-01 08:01:30.464
60166	30	2026-10-01 08:01:30.464	2026-10-02 12:48:32.085
60166	35	2026-10-02 12:48:32.085	NULL
60172	20	2026-09-30 09:36:57.736	2026-10-01 07:44:33.392
60172	25	2026-10-01 07:44:33.392	2026-10-01 07:44:36.474
60172	30	2026-10-01 07:44:36.474	2026-10-02 12:49:30.900
60172	35	2026-10-02 12:49:30.900	NULL
60177	20	2026-09-30 11:29:40.187	2026-10-01 07:55:17.457
60177	25	2026-10-01 07:55:17.457	2026-10-01 07:55:32.722
60177	30	2026-10-01 07:55:32.722	2026-10-01 10:12:11.779
60177	35	2026-10-01 10:12:11.779	2026-10-01 12:58:00.172
60177	40	2026-10-01 12:58:00.172	2026-10-01 12:58:02.249
60177	45	2026-10-01 12:58:02.249	NULL
60185	20	2026-09-30 11:29:28.635	2026-10-01 07:58:54.287
60185	25	2026-10-01 07:58:54.287	2026-10-01 07:58:58.054
60185	30	2026-10-01 07:58:58.054	2026-10-01 10:08:33.533
60185	35	2026-10-01 10:08:33.533	2026-10-01 12:59:04.845
60185	47	2026-10-01 12:59:04.845	2026-10-01 12:59:09.105
60185	45	2026-10-01 12:59:09.105	2026-10-02 07:31:13.536
60185	48	2026-10-02 07:31:13.536	2026-10-02 07:31:13.564
60185	50	2026-10-02 07:31:13.564	2026-10-02 07:36:17.581
60185	60	2026-10-02 07:36:17.581	2026-10-02 07:36:19.392
60185	80	2026-10-02 07:36:19.392	NULL
60188	20	2026-10-01 12:45:08.009	2026-10-01 13:30:17.925
60188	25	2026-10-01 13:30:17.925	NULL
60198	20	2026-09-30 12:57:26.881	NULL
60200	20	2026-10-01 06:20:32.693	2026-10-01 13:27:49.354
60200	25	2026-10-01 13:27:49.354	NULL
60214	20	2026-10-01 11:11:18.339	2026-10-01 13:21:29.713
60214	25	2026-10-01 13:21:29.713	NULL
60216	20	2026-09-30 09:54:00.918	2026-10-01 07:30:57.502
60216	22	2026-10-01 07:30:57.502	2026-10-01 07:57:09.583
60216	99	2026-10-01 07:57:09.583	NULL
60226	20	2026-09-30 11:31:46.426	2026-10-01 08:03:31.691
60226	25	2026-10-01 08:03:31.691	2026-10-01 08:03:36.009
60226	30	2026-10-01 08:03:36.009	2026-10-02 13:00:46.468
60226	35	2026-10-02 13:00:46.468	NULL
60228	20	2026-09-30 11:53:33.406	2026-10-01 07:54:00.945
60228	25	2026-10-01 07:54:00.945	2026-10-01 12:57:43.270
60228	47	2026-10-01 12:57:43.270	NULL
60229	20	2026-10-01 10:17:05.905	2026-10-01 11:04:57.508
60229	25	2026-10-01 11:04:57.508	2026-10-01 12:55:23.309
60229	30	2026-10-01 12:55:23.309	2026-10-01 12:55:25.885
60229	35	2026-10-01 12:55:25.885	2026-10-01 13:10:33.212
60229	40	2026-10-01 13:10:33.212	2026-10-01 13:10:36.275
60229	45	2026-10-01 13:10:36.275	2026-10-02 07:33:57.800
60229	50	2026-10-02 07:33:57.800	2026-10-02 07:36:12.521
60229	60	2026-10-02 07:36:12.521	2026-10-02 07:36:14.735
60229	80	2026-10-02 07:36:14.735	NULL
60232	20	2026-10-01 11:31:12.889	2026-10-01 13:33:27.944
60232	25	2026-10-01 13:33:27.944	2026-10-02 12:50:03.123
60232	30	2026-10-02 12:50:03.123	2026-10-02 12:50:06.921
60232	35	2026-10-02 12:50:06.921	NULL
60240	20	2026-09-30 11:05:17.344	2026-10-01 07:47:21.979
60240	25	2026-10-01 07:47:21.979	2026-10-01 07:47:24.877
60240	30	2026-10-01 07:47:24.877	2026-10-01 10:01:59.874
60240	35	2026-10-01 10:01:59.874	2026-10-01 12:56:03.452
60240	40	2026-10-01 12:56:03.452	2026-10-01 12:56:05.741
60240	45	2026-10-01 12:56:05.741	2026-10-02 07:33:46.279
60240	50	2026-10-02 07:33:46.279	2026-10-02 07:35:46.745
60240	60	2026-10-02 07:35:46.745	2026-10-02 07:35:48.546
60240	80	2026-10-02 07:35:48.546	NULL
60242	20	2026-09-30 12:41:57.474	2026-10-01 08:02:01.699
60242	25	2026-10-01 08:02:01.699	2026-10-01 08:02:08.619
60242	30	2026-10-01 08:02:08.619	2026-10-01 11:40:25.085
60242	35	2026-10-01 11:40:25.085	2026-10-01 13:05:03.496
60242	40	2026-10-01 13:05:03.496	2026-10-01 13:05:06.437
60242	45	2026-10-01 13:05:06.437	2026-10-02 07:31:29.901
60242	50	2026-10-02 07:31:29.901	2026-10-02 07:35:58.458
60242	60	2026-10-02 07:35:58.458	2026-10-02 07:36:08.091
60242	80	2026-10-02 07:36:08.091	NULL
60246	20	2026-10-02 10:35:46.664	NULL
60265	20	2026-10-01 08:22:23.268	2026-10-01 13:33:40.898
60265	25	2026-10-01 13:33:40.898	2026-10-02 12:49:48.268
60265	30	2026-10-02 12:49:48.268	2026-10-02 12:49:50.610
60265	35	2026-10-02 12:49:50.610	NULL
60266	20	2026-10-01 06:32:55.086	2026-10-01 13:22:59.322
60266	25	2026-10-01 13:22:59.322	NULL
60272	20	2026-09-30 13:02:39.455	2026-10-01 07:56:41.055
60272	25	2026-10-01 07:56:41.055	2026-10-01 07:56:46.343
60272	30	2026-10-01 07:56:46.343	2026-10-01 10:13:05.439
60272	35	2026-10-01 10:13:05.439	2026-10-01 12:58:20.427
60272	47	2026-10-01 12:58:20.427	2026-10-01 12:58:24.250
60272	45	2026-10-01 12:58:24.250	2026-10-02 07:31:00.365
60272	48	2026-10-02 07:31:00.365	2026-10-02 07:31:00.457
60272	50	2026-10-02 07:31:00.457	2026-10-02 07:35:39.145
60272	60	2026-10-02 07:35:39.145	2026-10-02 07:35:41.370
60272	80	2026-10-02 07:35:41.370	NULL
60284	20	2026-10-01 13:10:21.960	2026-10-02 06:12:56.473
60284	25	2026-10-02 06:12:56.473	2026-10-02 06:12:59.369
60284	30	2026-10-02 06:12:59.369	2026-10-02 12:56:44.158
60284	35	2026-10-02 12:56:44.158	NULL
60285	20	2026-09-30 13:43:16.063	2026-10-01 08:01:04.696
60285	25	2026-10-01 08:01:04.696	2026-10-01 08:01:07.448
60285	30	2026-10-01 08:01:07.448	2026-10-02 11:04:22.166
60285	35	2026-10-02 11:04:22.166	2026-10-02 11:17:04.871
60285	40	2026-10-02 11:17:04.871	2026-10-02 11:17:06.878
60285	45	2026-10-02 11:17:06.878	NULL
60293	20	2026-10-02 11:54:51.084	NULL
60303	20	2026-10-01 11:58:21.310	2026-10-01 13:32:46.531
60303	25	2026-10-01 13:32:46.531	2026-10-02 12:51:16.524
60303	30	2026-10-02 12:51:16.524	2026-10-02 12:51:19.389
60303	35	2026-10-02 12:51:19.389	NULL
60305	20	2026-09-30 13:47:59.728	2026-10-01 07:46:06.287
60305	25	2026-10-01 07:46:06.287	2026-10-01 07:46:11.240
60305	30	2026-10-01 07:46:11.240	2026-10-01 10:01:17.326
60305	35	2026-10-01 10:01:17.326	2026-10-01 12:54:31.665
60305	47	2026-10-01 12:54:31.665	2026-10-01 12:54:37.881
60305	45	2026-10-01 12:54:37.881	NULL
60306	20	2026-09-30 14:03:56.994	2026-10-01 08:09:18.388
60306	25	2026-10-01 08:09:18.388	2026-10-01 10:09:50.803
60306	30	2026-10-01 10:09:50.803	2026-10-01 10:09:54.301
60306	35	2026-10-01 10:09:54.301	2026-10-01 12:55:05.781
60306	47	2026-10-01 12:55:05.781	2026-10-01 12:55:35.776
60306	45	2026-10-01 12:55:35.776	2026-10-02 07:30:47.872
60306	48	2026-10-02 07:30:47.872	2026-10-02 07:30:47.927
60306	50	2026-10-02 07:30:47.927	2026-10-02 07:35:28.633
60306	60	2026-10-02 07:35:28.633	2026-10-02 07:35:31.009
60306	80	2026-10-02 07:35:31.009	NULL
60307	20	2026-10-01 07:42:13.577	2026-10-01 13:20:08.660
60307	25	2026-10-01 13:20:08.660	2026-10-02 13:01:56.486
60307	30	2026-10-02 13:01:56.486	2026-10-02 13:01:59.756
60307	35	2026-10-02 13:01:59.756	NULL
60308	20	2026-10-01 10:04:27.819	2026-10-01 13:34:04.656
60308	25	2026-10-01 13:34:04.656	NULL
60312	20	2026-10-01 12:22:18.443	2026-10-01 13:20:48.060
60312	25	2026-10-01 13:20:48.060	2026-10-02 13:01:24.319
60312	30	2026-10-02 13:01:24.319	2026-10-02 13:01:26.913
60312	35	2026-10-02 13:01:26.913	NULL
60320	20	2026-10-02 08:03:01.214	NULL
60326	20	2026-10-01 08:50:31.446	2026-10-01 11:06:30.611
60326	25	2026-10-01 11:06:30.611	2026-10-01 11:06:34.038
60326	30	2026-10-01 11:06:34.038	2026-10-02 11:04:35.033
60326	35	2026-10-02 11:04:35.033	2026-10-02 11:17:14.233
60326	40	2026-10-02 11:17:14.233	2026-10-02 11:17:16.179
60326	45	2026-10-02 11:17:16.179	NULL
60334	20	2026-10-01 09:30:49.256	2026-10-01 13:34:15.762
60334	25	2026-10-01 13:34:15.762	NULL
60337	20	2026-10-01 13:23:55.221	2026-10-02 06:16:40.329
60337	25	2026-10-02 06:16:40.329	NULL
60354	20	2026-10-01 13:46:00.483	2026-10-02 06:12:43.186
60354	25	2026-10-02 06:12:43.186	2026-10-02 06:12:46.773
60354	30	2026-10-02 06:12:46.773	2026-10-02 12:56:30.506
60354	35	2026-10-02 12:56:30.506	NULL
60355	20	2026-10-01 11:37:44.820	2026-10-01 13:23:24.403
60355	25	2026-10-01 13:23:24.403	NULL
60356	20	2026-10-01 09:27:13.347	2026-10-01 13:32:56.662
60356	25	2026-10-01 13:32:56.662	2026-10-02 12:50:49.020
60356	30	2026-10-02 12:50:49.020	2026-10-02 12:50:51.759
60356	35	2026-10-02 12:50:51.759	NULL
60365	20	2026-10-01 07:39:07.372	2026-10-01 13:23:56.879
60365	25	2026-10-01 13:23:56.879	NULL
60367	20	2026-10-01 10:19:23.451	2026-10-01 13:33:18.269
60367	25	2026-10-01 13:33:18.269	NULL
60368	20	2026-10-01 08:47:12.007	2026-10-01 12:54:25.911
60368	25	2026-10-01 12:54:25.911	2026-10-01 12:54:29.067
60368	30	2026-10-01 12:54:29.067	2026-10-02 11:04:45.165
60368	35	2026-10-02 11:04:45.165	2026-10-02 11:17:28.103
60368	40	2026-10-02 11:17:28.103	2026-10-02 11:17:32.883
60368	45	2026-10-02 11:17:32.883	NULL
60372	20	2026-10-01 12:17:15.032	2026-10-01 13:32:32.688
60372	25	2026-10-01 13:32:32.688	NULL
60373	20	2026-10-01 11:30:41.162	2026-10-01 13:20:21.911
60373	25	2026-10-01 13:20:21.911	2026-10-02 11:41:37.701
60373	22	2026-10-02 11:41:37.701	NULL
60381	20	2026-10-01 12:35:20.950	2026-10-01 13:32:19.044
60381	25	2026-10-01 13:32:19.044	NULL
60386	20	2026-10-02 12:19:49.652	NULL
60408	20	2026-10-01 09:30:37.096	2026-10-01 13:23:40.593
60408	25	2026-10-01 13:23:40.593	NULL
60411	20	2026-10-01 08:39:24.361	2026-10-01 13:29:57.949
60411	25	2026-10-01 13:29:57.949	NULL
60415	20	2026-10-02 08:26:22.615	2026-10-02 10:23:39.597
60415	25	2026-10-02 10:23:39.597	NULL
60417	20	2026-10-01 12:17:20.549	2026-10-01 13:24:20.396
60417	25	2026-10-01 13:24:20.396	NULL
60425	20	2026-10-01 08:53:31.140	2026-10-01 13:24:36.512
60425	25	2026-10-01 13:24:36.512	NULL
60440	20	2026-10-02 09:48:07.672	NULL
60445	20	2026-10-01 13:01:05.246	2026-10-01 13:33:52.229
60445	25	2026-10-01 13:33:52.229	NULL
60455	20	2026-10-02 07:26:16.296	2026-10-02 07:51:38.474
60455	25	2026-10-02 07:51:38.474	NULL
60470	20	2026-10-02 11:42:10.291	NULL
60471	20	2026-10-02 08:21:11.206	2026-10-02 08:25:41.199
60471	25	2026-10-02 08:25:41.199	2026-10-02 08:25:43.374
60471	30	2026-10-02 08:25:43.374	2026-10-02 08:25:45.605
60471	35	2026-10-02 08:25:45.605	2026-10-02 08:31:01.337
60471	40	2026-10-02 08:31:01.337	2026-10-02 08:31:03.218
60471	45	2026-10-02 08:31:03.218	NULL
60479	20	2026-10-01 13:57:46.588	2026-10-02 06:16:58.495
60479	25	2026-10-02 06:16:58.495	NULL
60484	20	2026-10-01 12:31:12.776	2026-10-01 13:21:03.245
60484	25	2026-10-01 13:21:03.245	NULL
60487	20	2026-10-01 12:52:43.966	2026-10-01 13:21:15.861
60487	25	2026-10-01 13:21:15.861	NULL
60488	20	2026-10-02 12:41:12.339	NULL
60512	20	2026-10-02 08:06:11.092	2026-10-02 08:19:29.059
60512	25	2026-10-02 08:19:29.059	2026-10-02 08:19:32.337
60512	30	2026-10-02 08:19:32.337	2026-10-02 08:19:34.990
60512	35	2026-10-02 08:19:34.990	2026-10-02 08:19:48.702
60512	40	2026-10-02 08:19:48.702	2026-10-02 08:19:52.149
60512	45	2026-10-02 08:19:52.149	2026-10-02 08:19:57.514
60512	70	2026-10-02 08:19:57.514	2026-10-02 09:21:02.532
60512	80	2026-10-02 09:21:02.532	NULL
60546	20	2026-10-02 12:51:57.068	NULL
60565	20	2026-10-02 11:13:49.855	NULL
60568	20	2026-10-02 11:47:56.484	NULL
60574	20	2026-10-02 10:52:31.178	NULL
60590	20	2026-10-02 11:23:35.349	NULL
60593	20	2026-10-02 08:58:03.219	NULL
60601	20	2026-10-02 09:32:58.183	2026-10-02 12:27:45.918
60601	25	2026-10-02 12:27:45.918	2026-10-02 12:27:49.450
60601	30	2026-10-02 12:27:49.450	NULL
60604	20	2026-10-02 10:54:15.137	NULL
60615	20	2026-10-02 11:53:51.261	NULL
60626	20	2026-10-02 12:14:09.698	NULL
60645	20	2026-10-02 11:44:36.365	NULL
60646	20	2026-10-02 11:44:41.439	NULL
