order_id	logi_at	signed_at	cur	ost	mv	city	vendors	items	now_at
55448	2026-09-02 11:45:02.442	2026-09-02 11:45:02.519	80	5	0		Alta	ტელეფონი HONOR X6c 6GB/128GB Ocean Cyan	2026-10-02 13:04:26
55532	2026-09-02 11:59:45.909	2026-09-02 11:59:45.925	80	5	0		Alta	Mobile and Smartphones/ Honor/ Honor X7e 6GB/256GB Light Blue	2026-10-02 13:04:26
15726	2026-09-02 14:12:35.436	2026-09-02 14:12:35.455	80	5	0	ზუგდიდი	Midea	მაცივარი MIDEA MDRB424FGF01O	2026-10-02 13:04:26
55557	2026-09-03 07:01:45.081	2026-09-03 07:01:45.120	80	5	1	ბათუმი	Alta||KARCHER	უსადენო მტვერსასრუტი Karcher KVA 2 | ხელის ბლენდერი PANASONIC MX-SS1BTQ	2026-10-02 13:04:26
15723	2026-09-03 07:06:04.685	2026-09-03 07:06:04.705	81	5	0	თბილისი	Midea	აეროგრილი MIDEA MF-CY55WK2 | ჩაიდანი MIDEA MK-17S32B2 | დანა-ჩანგლის ნაკრები SL-01 24 ც	2026-10-02 13:04:26
15725	2026-09-03 07:50:12.674	2026-09-03 07:50:12.710	80	5	0	რუსთავი	Trinx	ველოსიპედი TRINX M136ELITE	2026-10-02 13:04:26
55375	2026-09-03 08:17:33.270	2026-09-03 08:17:33.291	80	5	0	თბილისი	Alta	Mobile and Smartphones/ Honor/ Honor X7e 6GB/256GB Light Blue	2026-10-02 13:04:26
55433	2026-09-03 08:28:08.513	2026-09-03 08:28:08.531	80	5	0	ბათუმი	Alta	Tablets/ Samsung/ Samsung Galaxy Tab S7 FE LTE 12.4'' 4GB 64 GB Black	2026-10-02 13:04:26
15722	2026-09-03 08:28:32.808	2026-09-03 08:28:32.824	80	5	0	თეთრიწყარო	Dream	თმის სტაილერი Styler Dreame AirStyle Pro Purple (AMF18A)	2026-10-02 13:04:26
55391	2026-09-03 09:07:25.147	2026-09-03 09:07:25.167	80	5	1	გორი	Alta||MIRZA	Vacuum Cleaner/ (Promo) Samsung VC20M255AWB/EV | მაგიდა წიწვოვანი მასალის ზედაპირით A-12	2026-10-02 13:04:26
55445	2026-09-03 09:29:54.219	2026-09-03 09:29:54.239	80	5	0	თბილისი	Domino	კარის კომპლექტი Omis Comfort 34x700x2150 მმ	2026-10-02 13:04:26
55370	2026-09-03 10:11:39.962	2026-09-03 10:11:39.983	80	5	0	თბილისი	Midea	ტენის ამომშრობი MIDEA MDDP-50DEN7	2026-10-02 13:04:26
55449	2026-09-03 11:02:32.753	2026-09-03 11:02:32.770	80	5	0	თბილისი	Timeless	Ania Haie E050-03H Silver Twisted Wave Hoop საყურე	2026-10-02 13:04:26
15699	2026-09-03 11:22:04.144	2026-09-03 11:22:04.163	80	5	0	თბილისი	Zoommer	Mobile and Smartphones/ Xiaomi/ Xiaomi Redmi 15C 4GB/128GB Without Charger Moonlight Blue	2026-10-02 13:04:26
15716	2026-09-03 11:32:45.223	2026-09-03 11:32:45.242	80	5	0	ახალციხე	Domino	კუთხსახეხი მანქანა Ingco AG900285 900W | სჭვალსახრახნი შურუპავიორტი აკუმულატორის Raider RD-CDL26 12V	2026-10-02 13:04:26
55337	2026-09-03 11:49:53.714	2026-09-03 11:49:53.730	99	18	0	ქუთაისი	Elit	ხელის ბლენდერი BOSCH MSM64110	2026-10-02 13:04:26
55541	2026-09-03 13:09:21.737	2026-09-03 13:09:21.758	80	5	1	თბილისი	Alta||Domino	უჟანგავი ფოლადის ქვაბი თავსახურით Arshia 26586 18 სმ | ტოსტერი BRAUN HT3010WH	2026-10-02 13:04:26
55712	2026-09-03 13:40:52.916	2026-09-03 13:40:52.937	80	5	0		Alta	ბლენდერი FRANKO FHB-9020	2026-10-02 13:04:26
55359	2026-09-03 13:54:15.785	2026-09-03 13:54:15.801	80	5	0	თბილისი	Global Distribution	მაცივარი MARAZZI BMF-358FSI(SW)	2026-10-02 13:04:26
55573	2026-09-03 14:03:02.259	2026-09-03 14:03:02.293	80	5	1	თბილისი	Alta||Ninja (Geoteck)	თმის უთო PHILIPS BHS752/00 | ბლენდერი NINJA TB201EU	2026-10-02 13:04:26
55599	2026-09-03 15:10:34.037	2026-09-03 15:10:34.054	80	5	0	თბილისი	Alta	Mobile and Smartphones/ Samsung/ Samsung A175F Galaxy A17 6GB/128GB LTE Duos Light Blue	2026-10-02 13:04:26
15687	2026-09-03 15:11:38.928	2026-09-03 15:11:38.945	80	5	0	გორი	Beko (Technohouse)	ტელევიზორი SUNNY 55'' (SN55FIL252/0276) WebOS	2026-10-02 13:04:26
55309	2026-09-03 15:13:36.197	2026-09-03 15:13:36.213	80	5	0	თბილისი	Franko	ელექტრო ღუმელი FRANKO FCO-1091	2026-10-02 13:04:26
55497	2026-09-03 15:16:00.922	2026-09-03 15:16:00.938	80	5	0	თბილისი	EUROWOOD	SIRIUS ტუმბო ორი კარით 94	2026-10-02 13:04:26
15496	2026-09-03 15:27:22.928	2026-09-03 15:27:22.946	80	5	0	თბილისი	MIRZA	დივანი შეზლონგით #1	2026-10-02 13:04:26
55504	2026-09-04 06:41:59.578	2026-09-04 06:41:59.594	80	5	0	თბილისი	EUROWOOD	კარადა ორი კარით NAVI, თეთრი	2026-10-02 13:04:26
55318	2026-09-04 06:51:49.151	2026-09-04 06:51:49.171	80	5	0	ზუგდიდი	Zoommer	ტელეფონი - Xiaomi - Xiaomi Redmi Note 15 Pro+ 12GB/512GB Without Charger Black	2026-10-02 13:04:26
15603	2026-09-04 07:03:33.603	2026-09-04 07:03:33.620	80	5	0	ბოლნისი	GOLDEN HANDS	საბავშვო ელექტრო BJLB-2028-R	2026-10-02 13:04:26
55649	2026-09-04 07:17:49.381	2026-09-04 07:17:49.398	80	5	0	თბილისი	Alta	Mobile and Smartphones/ Samsung/ Samsung A276B Galaxy A27 6GB/128GB 5G Duos Black	2026-10-02 13:04:26
55694	2026-09-04 07:46:55.693	2026-09-04 07:46:55.710	80	5	0		MEGA	გაზქურა SIMFER ZE9060 IXC	2026-10-02 13:04:26
14555	2026-09-04 07:52:44.955	2026-09-04 07:52:44.972	80	5	1	თბილისი	Domino||Ninja (Geoteck)	ელექტრო ღუმელი NINJA SP101EU | კარადა აბაზანის Selanik 65  Turquoise Blue	2026-10-02 13:04:26
55639	2026-09-04 07:55:56.732	2026-09-04 07:55:56.751	80	5	0	ახალციხე	Ninja (Geoteck)	ქიმწმენდის აპარატი SHARK PX200EUT	2026-10-02 13:04:26
55604	2026-09-04 08:08:41.628	2026-09-04 08:08:41.644	80	5	0	თბილისი	MEGA	მაცივარი HISENSE DT27DR4-SILVER	2026-10-02 13:04:26
55614	2026-09-04 08:18:51.969	2026-09-04 08:18:51.988	80	5	0	რუსთავი	Alta	გამწოვი BEKO BHCB66641BBHS	2026-10-02 13:04:26
55701	2026-09-04 08:28:03.803	2026-09-04 08:28:03.821	99	18	0			მაცივარი HISENSE RD-39WC BG	2026-10-02 13:04:26
55672	2026-09-04 09:35:24.238	2026-09-04 09:35:24.261	80	5	0	თბილისი	Alta	TV/ LED/ TCL/ TV 75"(190cm)/ TCL 75V6D Google TV  4K  HDR10 WiFi5 BT5.2 Dolby Audio 15W 300X300	2026-10-02 13:04:26
55468	2026-09-04 09:55:43.410	2026-09-04 09:55:43.428	80	5	0	თბილისი	Midea	დენის წყლის გამაცხელებელი MIDEA MWH100-20MFG(CIS)W	2026-10-02 13:04:26
55652	2026-09-04 10:44:03.684	2026-09-04 10:44:03.704	80	5	0	თბილისი	Alta	Mobile and Smartphones/ Honor/ Honor X7e 6GB/128GB Sunrise Orange	2026-10-02 13:04:26
55730	2026-09-04 11:10:29.367	2026-09-04 11:10:29.387	99	18	0	თბილისი		ტელეფონი HONOR X6c 6GB/128GB Ocean Cyan	2026-10-02 13:04:26
55683	2026-09-04 11:31:46.158	2026-09-04 11:31:46.178	80	5	0	ქუთაისი	Alta	TV/ MiniLED/ TCL/ Mini LED TCL TV 50"(127cm)/ 50C6K 4K GTV HDR high brightnesst; MEMC120Hz/VRR 2K@240Hz,4K@144Hz; 2x15W Airplay2; WiFi5; BT5.4; 300x300	2026-10-02 13:04:26
55754	2026-09-04 11:32:57.734	2026-09-04 11:32:57.752	80	5	0	თბილისი	Dream	აეროგრილი DREAME DZ30 - Black	2026-10-02 13:04:26
55684	2026-09-04 11:33:19.383	2026-09-04 11:33:19.412	80	5	0		Alta	Mobile and Smartphones/ Samsung/ Samsung A276B Galaxy A27 6GB/128GB 5G Duos Blue	2026-10-02 13:04:26
55748	2026-09-04 11:41:25.545	2026-09-04 11:41:25.565	80	5	0	თბილისი	MEGA	მაცივარი HISENSE DT27DR4-White	2026-10-02 13:04:26
55750	2026-09-04 11:44:52.550	2026-09-04 11:44:52.568	90	18	0	რუსთავი	MEGA	მაცივარი HISENSE RD39WCWD-BI	2026-10-02 13:04:26
55386	2026-09-04 11:53:54.944	2026-09-04 11:53:54.959	80	5	0	გარდაბანი	Global Distribution	სარეცხი მანქანა CHIGO CWF804	2026-10-02 13:04:26
55732	2026-09-04 12:05:54.566	2026-09-04 12:05:54.585	99	18	0	თბილისი		Mobile and Smartphones/ Samsung/ Samsung A175F Galaxy A17 8GB/256GB LTE Duos Black	2026-10-02 13:04:26
55379	2026-09-04 12:07:43.458	2026-09-04 12:07:43.473	80	5	0	ბათუმი	Beko (Technohouse)	ყავის აპარატი ARZUM OK0010-K	2026-10-02 13:04:26
55415	2026-09-04 12:10:05.257	2026-09-04 12:10:05.337	99	18	0	თბილისი		მაცივარი HISENSE DB35DCUR-INOX	2026-10-02 13:04:26
55871	2026-09-04 12:16:05.317	2026-09-04 12:16:05.338	80	5	0		Alta	Mobile and Smartphones/ Samsung/ Samsung A175F Galaxy A17 6GB/128GB LTE Duos Black	2026-10-02 13:04:26
55434	2026-09-04 12:32:47.063	2026-09-04 12:32:47.080	80	5	0	თბილისი	MEGA	მაცივარი HISENSE DB35DCUR-INOX	2026-10-02 13:04:26
55880	2026-09-04 12:36:30.559	2026-09-04 12:36:30.577	80	5	0		Franko	სამზარეულოს კომბაინი FRANKO FKM-1178	2026-10-02 13:04:26
55450	2026-09-04 12:52:48.618	2026-09-04 12:52:48.634	80	5	0	თბილისი	Alta	მტვერსასრუტი SAMSUNG VCC885HH3P/XEV	2026-10-02 13:04:26
55763	2026-09-04 13:16:03.714	2026-09-04 13:16:03.735	80	5	0	თბილისი	Dream	რობოტი მტვერსასრუტი Dreame Robot Vacuum D20 Pro Plus White (RLD43SD)	2026-10-02 13:04:26
55792	2026-09-04 13:16:19.786	2026-09-04 13:16:19.803	80	5	0	თბილისი	MEGA	მაცივარი HISENSE DT27DR4-SILVER	2026-10-02 13:04:26
55829	2026-09-04 13:36:58.008	2026-09-04 13:36:58.025	80	5	0	თბილისი	Ninja (Geoteck)	ქიმწმენდის აპარატი SHARK PX200EUT	2026-10-02 13:04:26
55617	2026-09-04 13:55:52.214	2026-09-04 13:55:52.231	80	5	0	გარდაბანი	MEGA	მაცივარი HISENSE DT27DR4-White	2026-10-02 13:04:26
55818	2026-09-04 13:58:54.574	2026-09-04 13:58:54.590	80	5	0		Midea	ცენტრალური გათბობის ქვაბი MIDEA L1PB24-C28WM	2026-10-02 13:04:26
55703	2026-09-04 14:08:11.896	2026-09-04 14:08:11.913	99	18	0	გარდაბანი		Mobile and Smartphones/ Samsung/ Samsung A276B Galaxy A27 6GB/128GB 5G Duos Light Pink	2026-10-02 13:04:26
55728	2026-09-04 14:09:03.280	2026-09-04 14:09:03.297	80	5	1	ზუგდიდი	Alta||Franko	უთო FRANKO FSI-1188 | Blender/ Sencor SBL 7570SS	2026-10-02 13:04:26
15738	2026-09-04 14:12:10.502	2026-09-04 14:12:10.526	99	18	0	თბილისი		სარეცხი მანქანა HISENSE WF3S8043BB3	2026-10-02 13:04:26
55774	2026-09-05 06:23:03.581	2026-09-05 06:23:03.598	80	5	0	დუშეთი	Global Distribution	სარეცხი მანქანა MARAZZI WM701FL66(S/W)	2026-10-02 13:04:26
55490	2026-09-05 06:37:04.272	2026-09-05 06:37:04.291	80	5	1	თბილისი	Domino||Ninja (Geoteck)	აეროგრილი NINJA AF140EUCM | პუფი ალკანტარის ზურგიანი დიდი 80 სმ	2026-10-02 13:04:26
55396	2026-09-05 06:46:40.625	2026-09-05 06:46:40.640	80	5	0	თბილისი	Alta	Hair Dryer/ Remington AC8820 E51 Keratin Protect Dryer 2200 | Hair Straighter/ Remington S3500 E51 Ceramic Straight 230	2026-10-02 13:04:26
55423	2026-09-05 06:46:56.013	2026-09-05 06:46:56.032	80	5	0	თბილისი	Midea	მტვერსასრუტი MIDEA VSS-P9-LITE	2026-10-02 13:04:26
55742	2026-09-05 07:02:11.903	2026-09-05 07:02:12.030	80	5	0	თბილისი	Midea	მტვერსასრუტი MIDEA VCS43A14H(R)	2026-10-02 13:04:26
55458	2026-09-05 07:04:25.836	2026-09-05 07:04:25.852	80	5	0	თბილისი	Global Distribution	საყინულე MARAZZI CF-218FS(SW)	2026-10-02 13:04:26
55706	2026-09-05 07:19:19.387	2026-09-05 07:19:19.403	80	5	1	თბილისი	Domino||MIRZA	პუფი საბავშვო ოქსფორდი 70x55 სმ | მაგიდა 4 სკამით (ყავისფერი)	2026-10-02 13:04:26
55365	2026-09-05 08:48:12.377	2026-09-05 08:48:12.394	80	5	0	ხობი	Alta	Mobile and Smartphones/ Honor/ Honor X7e 6GB/256GB Light Blue	2026-10-02 13:04:26
55966	2026-09-05 09:01:13.752	2026-09-05 09:01:13.768	80	5	0		Domino	წყლის გამაცხელებელი KARIZZMA JSG31-16NT02	2026-10-02 13:04:26
55387	2026-09-05 09:04:28.558	2026-09-05 09:04:28.579	80	5	0	თბილისი	Dream	თმის სტაილერი Styler Dreame AirStyle Pro Gold Titanium (AMF18A)	2026-10-02 13:04:26
55758	2026-09-05 09:34:44.756	2026-09-05 09:34:44.772	80	5	0	გურჯაანი	Midea	ცენტრალური გათბობის ქვაბი MIDEA L1PB36-C28WL	2026-10-02 13:04:26
55877	2026-09-05 09:37:54.176	2026-09-05 09:37:54.193	80	5	0	თბილისი	Timeless	საათი Casio Quartz Wristwatch / LTP-V007SG-9BUDF	2026-10-02 13:04:26
55795	2026-09-05 09:45:17.232	2026-09-05 09:45:17.250	80	5	0	თბილისი	Ninja (Geoteck)	მტვერსასრუტი SHARK IZ300EU	2026-10-02 13:04:26
55896	2026-09-05 10:09:24.176	2026-09-05 10:09:24.193	80	5	0	ზუგდიდი	Zoommer	ელექტრო სკუტერი ZOOMMER Segway Ninebot Kickscooter E2	2026-10-02 13:04:26
55737	2026-09-05 11:00:57.280	2026-09-05 11:00:57.297	80	5	0		Alta	Mobile and Smartphones/ Samsung/ Samsung A075F Galaxy A07 4GB/128GB LTE Duos Black	2026-10-02 13:04:26
55858	2026-09-05 11:15:50.588	2026-09-05 11:15:50.605	80	5	0	თბილისი	Dream	რობოტი მტვერსასრუტი Dreame Robot Vacuum F10 Black (RLF11SA)	2026-10-02 13:04:26
55942	2026-09-05 11:22:53.730	2026-09-05 11:22:53.746	80	5	0		Alta	Mobile and Smartphones/ Honor/ Honor X7e 6GB/256GB Light Blue	2026-10-02 13:04:26
55862	2026-09-05 11:31:43.180	2026-09-05 11:31:43.197	80	5	0	ქუთაისი	Alta	Mobile and Smartphones/ Honor/ Honor X7e 6GB/128GB Light Blue	2026-10-02 13:04:26
55834	2026-09-05 11:39:17.586	2026-09-05 11:39:17.601	99	18	0	თბილისი		ესპრესოს ავტომატური ყავის აპარატი DELONGHI ECAM290.61.B	2026-10-02 13:04:26
55628	2026-09-05 11:49:59.128	2026-09-05 11:49:59.143	80	5	0	თბილისი	Alta	Mobile and Smartphones/ Honor/ Honor 600 Lite 8GB/256GB Dual Sim Velvet Grey	2026-10-02 13:04:26
55953	2026-09-05 11:51:03.580	2026-09-05 11:51:03.599	80	5	0	გორი	Global Distribution	მაცივარი MARAZZI FDR-405FSO(SDI)	2026-10-02 13:04:26
55914	2026-09-05 11:55:37.981	2026-09-05 11:55:38.000	80	5	0	თბილისი	Alta	აეროგრილი FRANKO FAF-9027	2026-10-02 13:04:26
55920	2026-09-05 11:59:53.862	2026-09-05 11:59:53.878	80	5	0	თბილისი	Ninja (Geoteck)	ესპრესოს ყავის აპარატი NINJA ES601EU	2026-10-02 13:04:26
55819	2026-09-05 12:38:40.495	2026-09-05 12:38:40.513	80	5	0	ოზურგეთი	Alta	TV/ QLED/ TCL/ QLED TV  43"(109cm)/ 43S5K  Google TV FHD 1920x1080 HDR10 6.5ms 178* 220cd/m2 4000:1 DVB-T2/S/S2/C BT5.0 WiFi LAN HDMI USB 2x5W VESA100	2026-10-02 13:04:26
55954	2026-09-05 12:40:34.243	2026-09-05 12:40:34.260	80	5	0	თბილისი	UMS Couturier	საკერავი მანქანა Janome J925S	2026-10-02 13:04:26
55932	2026-09-05 12:52:52.936	2026-09-05 12:52:52.954	80	5	0	თბილისი	Midea	სარეცხის საშრობი MIDEA MD1180BH60/W	2026-10-02 13:04:26
56004	2026-09-05 13:02:38.364	2026-09-05 13:02:38.380	80	5	0	ხაშური	Franko	ელექტრო ღუმელი FRANKO FCO-9037	2026-10-02 13:04:26
55991	2026-09-05 13:25:07.525	2026-09-05 13:25:07.543	80	5	0	თბილისი	Midea	სარეცხი მანქანა MIDEA MF01610US40/W	2026-10-02 13:04:26
55962	2026-09-05 13:44:29.141	2026-09-05 13:44:29.157	80	5	0		Midea	სარეცხი მანქანა MIDEA MF01610US40/W	2026-10-02 13:04:26
55641	2026-09-05 13:50:19.041	2026-09-05 13:50:19.057	80	5	0	თბილისი	Midea	სარეცხის მანქანა MIDEA MF100W70	2026-10-02 13:04:26
55930	2026-09-05 13:51:38.135	2026-09-05 13:51:38.152	80	5	0	თბილისი	Franko	ელექტრო ღუმელი FRANKO FCO-9037	2026-10-02 13:04:26
55961	2026-09-05 14:05:39.750	2026-09-05 14:05:39.766	80	5	0	მარტვილი	Alta	Monitor/ Samsung/ Odyssey G4 LS25BG400EIXCI 25" FHD 1920 x 1080 IPS 1ms 240Hz	2026-10-02 13:04:26
55885	2026-09-05 14:28:41.388	2026-09-05 14:28:41.404	80	5	0	თბილისი	MEGA	აეროგრილი HISENSE HAF1900D	2026-10-02 13:04:26
55906	2026-09-07 06:43:42.355	2026-09-07 06:43:42.374	80	5	0	თბილისი	Global Distribution	სარეცხი მანქანა CHIGO CWF904	2026-10-02 13:04:26
55695	2026-09-07 06:55:54.850	2026-09-07 06:55:54.865	80	5	0	თბილისი	Alta	Mobile and Smartphones/ Honor/ Honor X7e 6GB/128GB Light Blue	2026-10-02 13:04:26
55830	2026-09-07 07:13:29.011	2026-09-07 07:13:29.039	80	5	0		Alta	Mobile and Smartphones/ Honor/ Honor X7e 6GB/256GB Light Blue	2026-10-02 13:04:26
55988	2026-09-07 07:20:55.732	2026-09-07 07:20:55.747	80	5	0	ქუთაისი	GOLDEN HANDS	საბავშვო სკუტერი ხელის მოსაკიდით 338SKY	2026-10-02 13:04:26
55376	2026-09-07 07:47:52.355	2026-09-07 07:47:52.372	99	18	0	თბილისი	Ninja (Geoteck)	თმის სტაილერი SHARK HD424SLEU	2026-10-02 13:04:26
56114	2026-09-07 08:42:05.403	2026-09-07 08:42:05.421	80	5	1	თბილისი	Global Distribution||Timeless	საბავშვო სკუტერი dumitu plus 006SKU-BLU | საათი Casio Quartz Wristwatch / LTP-1094Q-7ARDF	2026-10-02 13:04:26
56174	2026-09-07 09:24:06.005	2026-09-07 09:24:06.053	80	5	1	ქუთაისი	Franko||Midea	მტვერსასრუტი FRANKO FES-9006 | ხელის ბლენდერი Midea MJ-BH1001W	2026-10-02 13:04:26
56133	2026-09-07 09:27:20.644	2026-09-07 09:27:20.661	80	5	0	თბილისი	Ninja (Geoteck)	აეროგრილი NINJA SL400EU	2026-10-02 13:04:26
55669	2026-09-07 09:42:15.915	2026-09-07 09:42:15.931	80	5	0	ქუთაისი	Midea	სარეცხის მანქანა MIDEA MF100W70	2026-10-02 13:04:26
55775	2026-09-07 09:45:26.176	2026-09-07 09:45:26.193	80	5	0	თბილისი	Global Distribution	ტელევიზორი MARAZZI ML43UG74C	2026-10-02 13:04:26
56223	2026-09-07 10:21:01.467	2026-09-07 10:21:01.490	81	5	1	თბილისი	Domino||MIRZA	ჭაღი Bella Mita 6410-3 3 E27 MAX 60W თეთრი | საწოლი ორ კაციანი ECO | მატრასი ღია ზამბარა 160/200	2026-10-02 13:04:26
55467	2026-09-07 10:24:04.406	2026-09-07 10:24:04.424	80	5	0	მცხეთა	OHOHO	ლურჯი ბატუტი კიბით AJ-T10FT 10FT (306სმ;250კგ)	2026-10-02 13:04:26
55897	2026-09-07 11:02:36.271	2026-09-07 11:02:36.297	80	5	0		MEGA	მაცივარი HISENSE RD-23DC SILVER	2026-10-02 13:04:26
56161	2026-09-07 11:06:41.841	2026-09-07 11:06:41.856	80	5	0	თბილისი	Global Distribution	გაზის წყლის გამაცხელებელი MARAZZI  DE 1202	2026-10-02 13:04:26
56240	2026-09-07 11:11:35.436	2026-09-07 11:11:35.452	99	6	0	გურჯაანი	Global Distribution	გაზის წყლის გამაცხელებელი MARAZZI DE 1205	2026-10-02 13:04:26
56254	2026-09-07 11:57:58.056	2026-09-07 11:57:58.075	80	5	0		Alta	Heater/ Akog/ AKOG-4-SP (SIT) BLACK (40-50 კვ2)	2026-10-02 13:04:26
56048	2026-09-07 11:58:23.203	2026-09-07 11:58:23.221	80	5	0	რუსთავი	MIRZA	საწოლი M1 | მატრასი ღია ზამბარა ერთქეჩიანი 160/200	2026-10-02 13:04:26
56007	2026-09-07 12:04:05.429	2026-09-07 12:04:05.455	80	5	0	თბილისი	Midea	მტვერსასრუტი MIDEA VSS-P9-LITE	2026-10-02 13:04:26
56185	2026-09-07 12:12:03.188	2026-09-07 12:12:03.220	80	5	0	ქუთაისი	Midea	აეროგრილი MIDEA MF-CY85WK2 | ბლენდერი MIDEA MJ-BH4001W	2026-10-02 13:04:26
55844	2026-09-07 13:15:47.337	2026-09-07 13:15:47.354	80	5	0	თბილისი	MEGA	ტელევიზორი HISENSE 32A4Q	2026-10-02 13:04:26
55909	2026-09-07 13:21:38.539	2026-09-07 13:21:38.555	80	5	0	თბილისი	Franko	უთო FRANKO FHS-1199 | ტოსტერი FRANKO FGT-1207	2026-10-02 13:04:26
56159	2026-09-07 13:27:22.083	2026-09-07 13:27:22.108	80	5	0	თბილისი	Midea	აეროგრილი MIDEA MF-CY110A	2026-10-02 13:04:26
56074	2026-09-07 13:31:15.059	2026-09-07 13:31:15.078	80	5	0		MIRZA	დივანი "პოლო"	2026-10-02 13:04:26
56141	2026-09-07 13:34:42.799	2026-09-07 13:34:42.815	80	5	0	თბილისი	Dream	თმის სტაილერი Styler Dreame AirStyle Pro Gold Titanium (AMF18A)	2026-10-02 13:04:26
56123	2026-09-07 13:48:41.247	2026-09-07 13:48:41.262	80	5	1	რუსთავი	Alta||MEGA	ტელევიზორი HISENSE 32A4Q | TV Accessories/ Wall Brakets/ Ultimate  SL-400  26"-40"/66-102cm  Fixed Lockable TV Bracket  35kg 3.5mm(wall distance) VESA 200/400	2026-10-02 13:04:26
56204	2026-09-07 13:54:02.264	2026-09-07 13:54:02.359	80	5	0	გორი	MEGA	ტელევიზორი HISENSE 58E7Q	2026-10-02 13:04:26
56261	2026-09-07 13:59:14.049	2026-09-07 13:59:14.066	80	5	0		Franko	ჩირის აპარატი FRANKO FDH-1066	2026-10-02 13:04:26
55921	2026-09-07 14:09:08.536	2026-09-07 14:09:08.555	80	5	0	თბილისი	Global Distribution	მაცივარი CHIGO CRG120	2026-10-02 13:04:26
55678	2026-09-07 14:09:30.812	2026-09-07 14:09:30.829	99	18	0		GOLDEN HANDS	 საბავშვო ელექტრო მანქანა G-Class FT-7188-B	2026-10-02 13:04:26
56027	2026-09-07 14:10:11.602	2026-09-07 14:10:11.618	80	5	0	მესტია	COPTER TECH	DJI Neo ( No RC)	2026-10-02 13:04:26
56241	2026-09-07 14:13:42.611	2026-09-07 14:13:42.626	80	5	0	თბილისი	Franko	ელექტრო ღუმელი FRANKO FCO-9037	2026-10-02 13:04:26
56036	2026-09-07 14:16:51.618	2026-09-07 14:16:51.634	80	5	1	თბილისი	Alta||Midea	Mixer/ Electrolux EHM4B | აეროგრილი MIDEA MF-CY55WK2	2026-10-02 13:04:26
55940	2026-09-07 14:50:43.794	2026-09-07 14:50:43.810	99	18	0	თბილისი		სარეცხი მანქანა HISENSE WF3S8043BB3	2026-10-02 13:04:26
56265	2026-09-08 07:50:54.848	2026-09-08 07:50:54.865	80	5	0		MEGA	მაცივარი HISENSE RD39WCWD-BI	2026-10-02 13:04:26
56380	2026-09-08 07:57:27.351	2026-09-08 07:57:27.368	80	5	0		GOLDEN HANDS	სარეცხი მანქანა MARAZZI WM804FL66(S/DG)	2026-10-02 13:04:26
56288	2026-09-08 08:16:26.670	2026-09-08 08:16:26.688	80	5	0		Alta	Mobile and Smartphones/ Honor/ Honor 600 Lite 8GB/256GB Dual Sim Velvet Black	2026-10-02 13:04:26
56343	2026-09-08 08:22:42.874	2026-09-08 08:22:42.909	80	5	0	თბილისი	Midea	სარეცხი მანქანა MIDEA MF01610US40/W	2026-10-02 13:04:26
56168	2026-09-08 08:29:00.591	2026-09-08 08:29:00.622	99	18	0	რუსთავი		SAGA საძინებლის ტუმბო	2026-10-02 13:04:26
55430	2026-09-08 08:30:51.150	2026-09-08 08:30:51.167	99	18	1		Global Distribution||GOLDEN HANDS	ბავშვის სასადილო სკამი B2-BLACK | საბავშვო სამთვალა სასეირნო ველო-ეტლი 6189V-BLACK | ჭოჭინა 360 გრადუსიანი მბრუნავი სავარძლით 105CER	2026-10-02 13:04:26
56373	2026-09-08 08:31:38.920	2026-09-08 08:31:38.936	80	5	0		Alta	ტელეფონი Honor 600 Lite 8GB/256GB Dual Sim Velvet Black	2026-10-02 13:04:26
55883	2026-09-08 08:50:50.825	2026-09-08 08:50:50.842	80	5	1		Domino||Franko||KARCHER||MEGA	ორთქლის აპარატი Karcher SC 1 Multi & Up | წვერსაპარსი ADLER AD2943 | თმის საშრობი FRANKO FHD-1147 | თმის და წვერის საჭრელი PHILIPS MG3940/15 | პუფი რბილი 34/34-40	2026-10-02 13:04:26
56210	2026-09-08 09:31:24.139	2026-09-08 09:31:24.174	99	12	0		Alta	Mobile and Smartphones/ OnePlus/ OnePlus Nord CE 6 8GB/256GB Pitch Black	2026-10-02 13:04:26
56334	2026-09-08 09:47:48.236	2026-09-08 09:47:48.256	80	5	0	თბილისი	Timeless	Casio General Quartz Wristwatch Unisex/AQ-230GA-9DHDF | საათი Casio General Quartz Wristwatch Unisex/AQ-230A-7DHDF	2026-10-02 13:04:26
56272	2026-09-08 09:48:36.226	2026-09-08 09:48:36.258	80	5	0	კასპი	GOLDEN HANDS	სარეცხი მანქანა MARAZZI WM804FL66(S/DG)	2026-10-02 13:04:26
55971	2026-09-08 10:06:48.936	2026-09-08 10:06:48.954	80	5	0	თბილისი	Global Distribution	გაზის წყლის გამაცხელებელი MARAZZI DE 1206	2026-10-02 13:04:26
55984	2026-09-08 10:10:40.778	2026-09-08 10:10:40.793	80	5	0	თბილისი	Alta	Mobile and Smartphones/ OnePlus/ OnePlus Nord CE 6 8GB/256GB Pitch Black	2026-10-02 13:04:26
56362	2026-09-08 10:17:24.743	2026-09-08 10:17:24.762	80	5	0	თბილისი	Global Distribution	საყინულე MARAZZI SDF-262FS (SG)	2026-10-02 13:04:26
56361	2026-09-08 10:20:14.088	2026-09-08 10:20:14.105	80	5	0	თბილისი	Midea	სარეცხის მანქანა MIDEA MF100W70	2026-10-02 13:04:26
56354	2026-09-08 10:28:33.250	2026-09-08 10:28:33.266	90	12	0	გორი	Zoommer	ელექტრო სკუტერი Segway Ninebot Kickscooter E3	2026-10-02 13:04:26
56344	2026-09-08 10:41:17.516	2026-09-08 10:41:17.532	80	5	0	რუსთავი	Alta	TV/ QLED/ TCL/ QLED TV  50"(127cm)/ 50S5K  Google TV FHD 1920x1080 HDR10 6.5ms 178* 220cd/m2 4000:1 DVB-T2/S/S2/C BT5.0 WiFi LAN HDMI USB 2x5W VESA 200x200	2026-10-02 13:04:26
56376	2026-09-08 10:55:44.527	2026-09-08 10:55:44.545	80	5	0	თბილისი	Franko	ელექტრო ღუმელი FRANKO FCO-9037	2026-10-02 13:04:26
56033	2026-09-08 10:56:15.491	2026-09-08 10:56:15.506	80	5	0	წყალტუბო	Domino	პერფორატორი Ingco RGH9028 800W	2026-10-02 13:04:26
56092	2026-09-08 10:58:50.942	2026-09-08 10:58:50.954	80	5	0	თბილისი	Alta	Mobile and Smartphones/ OnePlus/ OnePlus Nord CE 6 8GB/256GB Pitch Black	2026-10-02 13:04:26
56145	2026-09-08 11:03:32.946	2026-09-08 11:03:32.961	80	5	0	თბილისი	Alta	Vacuum Cleaner/ Samsung VCC885HH3P/XEV Red  Rambo	2026-10-02 13:04:26
56306	2026-09-08 11:06:03.533	2026-09-08 11:06:03.582	99	18	0	ბათუმი		პრინტერი Printer/ Ink/ Canon MFP PIXMA G3430, A4 11/6 ipm (Mono/Color), 4800х1200 dpi, Wi-Fi	2026-10-02 13:04:26
56387	2026-09-08 11:15:24.423	2026-09-08 11:15:24.441	80	5	0		Alta	ელექტრო ღუმელი OZ OZ4232AA - Black	2026-10-02 13:04:26
56079	2026-09-08 11:19:45.645	2026-09-08 11:19:45.660	80	5	0	თბილისი	Global Distribution	გაზის წყლის გამაცხელებელი MARAZZI DE 1206	2026-10-02 13:04:26
55838	2026-09-08 11:37:34.369	2026-09-08 11:37:34.384	80	5	0	თბილისი	Beko (Technohouse)	ჩასაშენებელი ჭურჭლის სარეცხი მანქანა BEKO DIN36430	2026-10-02 13:04:26
56393	2026-09-08 11:42:00.482	2026-09-08 11:42:00.509	80	5	0	მცხეთა	Franko	მაცივარი FRANKO FB-326NFDWDSS	2026-10-02 13:04:26
56284	2026-09-08 11:42:42.692	2026-09-08 11:42:42.708	80	5	0	თბილისი	Dream	თმის სტაილერი Styler Dreame AirStyle Pro Gold Titanium (AMF18A)	2026-10-02 13:04:26
55598	2026-09-08 11:48:59.220	2026-09-08 11:48:59.234	80	5	1		Domino||MEGA	მაცივარი HISENSE RD39WCWD-BI | ფრეზერი ელექტრო Ronix 7106 | ტექნიკური ფენი Ingco HG200058 2000W	2026-10-02 13:04:26
56082	2026-09-08 11:55:41.929	2026-09-08 11:55:41.945	80	5	0	თბილისი	Alta	მტვერსასრუტი SAMSUNG VCC8835V37/XEV	2026-10-02 13:04:26
56106	2026-09-08 12:13:03.600	2026-09-08 12:13:03.632	80	5	0	თბილისი	Midea	დენის წყლის გამაცხელებელი MIDEA MWH100-20ED6(CIS)W	2026-10-02 13:04:26
56088	2026-09-08 12:28:37.617	2026-09-08 12:28:37.640	90	18	0	რუსთავი	Midea	დენის წყლის გამაცხელებელი MIDEA MWH100-20ED6(CIS)W	2026-10-02 13:04:26
56428	2026-09-08 12:28:57.270	2026-09-08 12:28:57.288	80	5	0	თბილისი	Midea	მაცივარი MIDEA MDRB521MIE46OD	2026-10-02 13:04:26
56351	2026-09-08 12:36:43.833	2026-09-08 12:36:43.850	80	5	0	თბილისი	Alta	მტვერსასრუტი SAMSUNG VCC885HH3P/XEV	2026-10-02 13:04:26
56290	2026-09-08 12:42:40.716	2026-09-08 12:42:40.734	80	5	0	აბაშა	Midea	რობოტი მტვერსასრუტი MIDEA S8+	2026-10-02 13:04:26
56449	2026-09-08 13:08:33.617	2026-09-08 13:08:33.635	80	5	0		GOLDEN HANDS	სკუტერი MIQILONG FARGO-135-YELLOW | ბავშვის სასეირნო ველო ეტლი სამთვალა 968 | სათამაშო მოედანი პატარებისთვის 130CER | ჭოჭინა Baby მუსიკალური 624-SKY	2026-10-02 13:04:26
56086	2026-09-08 13:28:42.269	2026-09-08 13:28:42.294	80	5	0	თბილისი	KARCHER	ორთქლის აპარატი Karcher SC 1 Multi Comfort	2026-10-02 13:04:26
56455	2026-09-08 13:30:03.420	2026-09-08 13:30:03.615	80	5	0		Alta	Mobile and Smartphones/ Samsung/ Samsung A276B Galaxy A27 8GB/256GB 5G Duos Black	2026-10-02 13:04:26
56273	2026-09-08 13:33:56.662	2026-09-08 13:33:56.680	80	5	0		Midea	სარეცხი მანქანა MIDEA MFA01W70B/W	2026-10-02 13:04:26
56429	2026-09-08 13:41:00.623	2026-09-08 13:41:00.650	90	6	0	თბილისი	Alta	Mobile and Smartphones/ OnePlus/ OnePlus Nord CE 6 8GB/256GB Pitch Black	2026-10-02 13:04:26
56494	2026-09-09 06:44:07.986	2026-09-09 06:44:08.002	80	5	1	ქუთაისი	Dream||MEGA	თმის სტაილერი Styler Dreame AirStyle Pro Purple (AMF18A) | უნივერსალური საჭრელი Philips MG3940/15	2026-10-02 13:04:26
56506	2026-09-09 07:27:53.881	2026-09-09 07:27:53.899	80	5	0	ქობულეთი	Global Distribution	სარეცხი მანქანა CHIGO CWF804G	2026-10-02 13:04:26
56200	2026-09-09 07:41:12.854	2026-09-09 07:41:12.871	80	5	0	თბილისი	KARCHER	უსადენო მტვერსასრუტი Karcher KVA 2	2026-10-02 13:04:26
56404	2026-09-09 07:46:03.965	2026-09-09 07:46:04.009	80	5	0	თბილისი	Alta	Mobile and Smartphones/ Samsung/ Samsung A276B Galaxy A27 6GB/128GB 5G Duos Light Pink	2026-10-02 13:04:26
56423	2026-09-09 08:00:58.942	2026-09-09 08:00:58.968	80	5	0	თბილისი	MIRZA	მატრასი ღია ზამბარა ერთქეჩიანი 160/200	2026-10-02 13:04:26
56532	2026-09-09 08:37:56.825	2026-09-09 08:37:56.851	80	5	0		MEGA	ელექტრო ღუმელი HISENSE HOM45M	2026-10-02 13:04:26
56520	2026-09-09 08:41:30.284	2026-09-09 08:41:30.301	80	5	0	თბილისი	MIRZA	საწოლი M1 | მატრასი ღია ზამბარა ორქეჩიანი 160/200	2026-10-02 13:04:26
55981	2026-09-09 09:18:41.143	2026-09-09 09:18:41.167	80	5	0		Global Distribution	სარეცხი მანქანა CHIGO CWF804G	2026-10-02 13:04:26
56482	2026-09-09 10:03:09.393	2026-09-09 10:03:09.424	80	5	0	თბილისი	Dream	თმის სტაილერი Styler Dreame AirStyle Pro Purple (AMF18A)	2026-10-02 13:04:26
56459	2026-09-09 10:51:58.313	2026-09-09 10:51:58.328	80	5	0	თბილისი	Elit	ხელის ბლენდერი BOSCH MSM4W210	2026-10-02 13:04:26
56176	2026-09-09 11:06:04.308	2026-09-09 11:06:04.321	80	5	0	თბილისი	MEGA	უნივერსალური საჭრელი Philips MG3940/15	2026-10-02 13:04:26
56535	2026-09-09 11:08:48.173	2026-09-09 11:08:48.190	80	5	0	თბილისი	Alta	აეროგრილი NINJA AF140EU	2026-10-02 13:04:26
56305	2026-09-09 11:59:51.210	2026-09-09 11:59:51.273	80	5	1	თბილისი	Franko||Timeless	მტვერსასრუტი FRANKO FES-9006 | ZAG BIJOUX SRT24163-01UNI-56 ბეჭედი	2026-10-02 13:04:26
56551	2026-09-09 12:05:36.448	2026-09-09 12:05:36.464	80	5	0	რუსთავი	Alta	Mobile and Smartphones/ Samsung/ Samsung A276B Galaxy A27 6GB/128GB 5G Duos Light Pink	2026-10-02 13:04:26
56556	2026-09-09 12:21:26.569	2026-09-09 12:21:26.584	99	18	0		Domino	რადიატორი ალუმინის Leeya HF-500PTW Black 500 მმ	2026-10-02 13:04:26
56063	2026-09-09 12:28:01.723	2026-09-09 12:28:01.852	80	5	0	თბილისი	Midea	გაზის წყლის გამაცხელებელი MIDEA JSG22-11VLS	2026-10-02 13:04:26
56528	2026-09-09 12:34:30.379	2026-09-09 12:34:30.395	80	5	0		Alta	Mobile and Smartphones/ Honor/ Honor X7e 6GB/128GB Midnight Black	2026-10-02 13:04:26
56394	2026-09-09 12:35:05.476	2026-09-09 12:35:05.494	80	5	0	თბილისი	MEGA	მაცივარი HISENSE RD-23DC SILVER	2026-10-02 13:04:26
56413	2026-09-09 12:49:30.120	2026-09-09 12:49:30.136	80	5	0		Domino	მაგიდა ტელევიზორის 182/38/37 სმ	2026-10-02 13:04:26
55922	2026-09-09 12:58:10.776	2026-09-09 12:58:10.792	99	18	0	თბილისი		ტელევიზორი HISENSE 55A7Q	2026-10-02 13:04:26
56450	2026-09-09 12:58:51.379	2026-09-09 12:58:51.394	80	5	0	თბილისი	KARCHER	მტვერსასრუტი მტვრის ტომრით Karcher VC 2 White	2026-10-02 13:04:26
56561	2026-09-09 13:02:25.931	2026-09-09 13:02:25.946	80	5	0	თბილისი	Alta	Mobile and Smartphones/ Honor/ Honor X9d 12GB/256GB Reddish Brown	2026-10-02 13:04:26
56298	2026-09-09 13:04:32.733	2026-09-09 13:04:32.748	80	5	1	ბოლნისი	ARDESTO ( ERC)||Franko	ვაკუუმის აპარატი FRANKO FVS-1235 | დანების ნაკრები ARDESTO AR2106SB	2026-10-02 13:04:26
55945	2026-09-09 13:14:31.281	2026-09-09 13:14:31.297	80	5	1	ბათუმი	Beko (Technohouse)||MIRZA	გაზქურა MILLEN FT6313MBZB | დივანი პუფით	2026-10-02 13:04:26
56321	2026-09-09 13:16:42.257	2026-09-09 13:16:42.274	80	5	0	თბილისი	M&S HOLDING (ARSHIA)	ხორცსაკეპი ელექტრო ARSHIA MG118-3626 27250	2026-10-02 13:04:26
56345	2026-09-09 13:17:06.754	2026-09-09 13:17:06.770	80	5	0	თბილისი	ARDESTO ( ERC)	სამზარეულოს კომბაინი ARDESTO KMCH-K1500SS	2026-10-02 13:04:26
56521	2026-09-09 13:21:48.461	2026-09-09 13:21:48.476	80	5	0	თბილისი	Alta	Mobile and Smartphones/ Honor/ Honor X7e 6GB/128GB Light Blue	2026-10-02 13:04:26
56157	2026-09-09 13:25:14.309	2026-09-09 13:25:14.328	80	5	0	თბილისი	Dream	მტვერსასრუტი Dreame H15 Pro Heat wet and dry Vacuum Cleaner	2026-10-02 13:04:26
56442	2026-09-09 13:26:10.166	2026-09-09 13:26:10.182	99	18	0	თბილისი		სარეცხი მანქანა ARDESTO SWMG-7121W	2026-10-02 13:04:26
56464	2026-09-09 13:41:36.251	2026-09-09 13:41:36.270	80	5	0	ქუთაისი	Franko	საყინულე FRANKO FCF-142DW	2026-10-02 13:04:26
56541	2026-09-09 13:59:30.881	2026-09-09 13:59:30.898	80	5	0	თბილისი	ARDESTO ( ERC)	მაცივარი HISENSE DT27DR4-White	2026-10-02 13:04:26
56038	2026-09-10 08:04:35.724	2026-09-10 08:04:35.745	80	5	0	თბილისი	Midea	სარეცხი მანქანა MIDEA MF01610US40/W	2026-10-02 13:04:26
56625	2026-09-10 09:27:19.770	2026-09-10 09:27:19.786	80	5	0		Domino	საშხაპე სისტემა Valtemo Maxima Jet Black VS-2654 | უნიტაზი კომპაქტი KALE დუროპლასტის თავსახურით	2026-10-02 13:04:26
56580	2026-09-10 10:22:45.442	2026-09-10 10:22:45.458	80	5	0		Ninja (Geoteck)	აეროგრილი NINJA AF300EU Dual zone	2026-10-02 13:04:26
56518	2026-09-10 10:26:43.428	2026-09-10 10:26:43.446	80	5	0		Alta	Mobile and Smartphones/ Samsung/ Samsung A376E Galaxy A37 5G 8GB/128GB Duos Black	2026-10-02 13:04:26
56640	2026-09-10 10:32:34.546	2026-09-10 10:32:34.564	80	5	1	თბილისი	MEGA||Midea	რობოტი მტვერსასრუტი MIDEA S8+ | ტელევიზორი HISENSE 43E7Q	2026-10-02 13:04:26
56769	2026-09-10 10:33:10.571	2026-09-10 10:33:10.587	80	5	0	თელავი	Alta	Mobile and Smartphones/ Honor/ Honor 600 Lite 8GB/256GB Dual Sim Velvet Black	2026-10-02 13:04:26
56720	2026-09-10 10:38:52.143	2026-09-10 10:38:52.162	80	5	0	სამტრედია	UMS Couturier	საკერავი მანქანა Janome Pink 25	2026-10-02 13:04:26
56716	2026-09-10 10:51:17.881	2026-09-10 10:51:17.898	80	5	0	ბათუმი	Alta	Mobile and Smartphones/ Samsung/ Samsung A175F Galaxy A17 6GB/128GB LTE Duos Gray	2026-10-02 13:04:26
56675	2026-09-10 11:23:34.650	2026-09-10 11:23:34.667	80	5	0	თბილისი	Global Distribution	სარეცხი მანქანა CHIGO CWF704G	2026-10-02 13:04:26
56778	2026-09-10 11:38:42.534	2026-09-10 11:38:28.874	80	5	0		Midea	ტენის ამომშრობი MIDEA MDDP-50DEN7	2026-10-02 13:04:26
56750	2026-09-10 11:39:29.836	2026-09-10 11:39:25.620	80	5	0	თბილისი	Alta	Mobile and Smartphones/ Honor/ Honor 600 Lite 8GB/256GB Dual Sim Velvet Grey	2026-10-02 13:04:26
56656	2026-09-10 11:49:37.919	2026-09-10 11:49:32.141	80	5	0	თბილისი	Zoommer	ელექტრო სკუტერი Xiaomi Electric Scooter 6 Lite	2026-10-02 13:04:26
56609	2026-09-10 12:04:47.285	2026-09-10 11:59:57.694	80	5	0	თბილისი	GOLDEN HANDS	Kidilo K8 სამოგზაურო ეტლი GH-K8-X	2026-10-02 13:04:26
56780	2026-09-10 12:18:14.285	2026-09-10 12:18:09.944	80	5	0	თბილისი	Global Distribution	გაზის წყლის გამაცხელებელი MARAZZI DE 1206	2026-10-02 13:04:26
56790	2026-09-10 12:19:34.975	2026-09-10 12:19:28.445	80	5	0		Midea	სარეცხის მანქანა MIDEA MF100W70	2026-10-02 13:04:26
56630	2026-09-10 12:41:27.773	2026-09-10 12:41:22.013	80	5	0	ბაღდათი	MEGA	ჩასაშენებელი ღუმელი SIMFER B6EP208GGB GEO (CAT)	2026-10-02 13:04:26
56717	2026-09-10 12:41:50.813	2026-09-10 12:41:45.856	80	5	0		Alta	Mobile and Smartphones/ Samsung/ Samsung A175F Galaxy A17 6GB/128GB LTE Duos Black	2026-10-02 13:04:26
56809	2026-09-10 12:47:48.671	2026-09-10 12:47:43.477	80	5	1		Alta||Global Distribution	Heater/ Akog/ AKOG-5-SP (SIT) BLACK (55-70 კვ2) | გაზის წყლის გამაცხელებელი MARAZZI DE 1206	2026-10-02 13:04:26
56711	2026-09-10 12:49:12.270	2026-09-10 12:49:07.811	80	5	1	თბილისი	Alta||Franko	Hair Styler/ Remington AS8810 E51 Keratin Prot. Rot. Air Styler | გრილ ტოსტერი FRANKO FGT-9041	2026-10-02 13:04:26
56689	2026-09-10 13:01:18.894	2026-09-10 11:51:59.795	80	5	1	თბილისი	COMFORT ROOM||Domino	მალაიზიური მაგიდა 160*90-ზე KF3190DT | სკამი Dona კრემისფერი	2026-10-02 13:04:26
56745	2026-09-10 13:08:08.963	2026-09-10 13:08:03.291	80	5	0	გორი	Alta	Mobile and Smartphones/ Samsung/ Samsung A175F Galaxy A17 6GB/128GB LTE Duos Gray	2026-10-02 13:04:26
56638	2026-09-10 13:14:02.879	2026-09-10 13:13:48.462	80	5	0	თბილისი	Alta	Mobile and Smartphones/ Honor/ HONOR X8d 8GB/128GB Dual Sim Light Blue	2026-10-02 13:04:26
56753	2026-09-10 13:14:58.854	2026-09-10 13:14:53.318	80	5	0	დედოფლისწყარო	MEGA	სარეცხი მანქანა საშრობით SAMSUNG WD11DG6B85BBLP	2026-10-02 13:04:26
56496	2026-09-10 13:15:35.918	2026-09-10 13:15:29.441	80	5	0	ბათუმი	UMS Couturier	საკერავი მანქანა Janome MX1717	2026-10-02 13:04:26
56764	2026-09-10 13:29:31.908	2026-09-10 13:29:25.681	80	5	0	ქუთაისი	Alta	Mobile and Smartphones/ Honor/ Honor X9d 12GB/256GB Midnight Black	2026-10-02 13:04:26
56806	2026-09-10 13:45:34.275	2026-09-10 13:45:28.378	80	5	0		Zoommer	ელექტრო სკუტერი Segway Ninebot Kickscooter E3 Pro	2026-10-02 13:04:26
56823	2026-09-11 06:28:00.981	2026-09-11 06:27:53.553	80	5	0	თბილისი	Global Distribution	გაზის წყლის გამაცხელებელი MARAZZI  DE 1202	2026-10-02 13:04:26
56749	2026-09-11 06:48:45.346	2026-09-11 06:46:14.069	80	5	1	მარნეული	Dream||Timeless	თმის სტაილერი Styler Dreame AirStyle Pro Gold Titanium (AMF18A) | PDPAOLA CO01-525-U ყელსაბამი | Ania Haie N005-01G ქალის ყელსაბამი	2026-10-02 13:04:26
56917	2026-09-11 06:57:35.098	2026-09-11 06:57:29.389	80	5	0		MEGA	თმის უთო PHILIPS BHS752/00	2026-10-02 13:04:26
56816	2026-09-11 07:43:43.038	2026-09-11 07:43:36.874	80	5	0	თბილისი	Alta	გრილ ტოსტერი BRAUN SM5006	2026-10-02 13:04:26
56819	2026-09-11 07:54:04.071	2026-09-11 07:52:10.666	80	5	0	თბილისი	Dream	თმის სტაილერი Styler Dreame AirStyle Pro Gold Titanium (AMF18A)	2026-10-02 13:04:26
56853	2026-09-11 08:10:48.800	2026-09-11 07:47:29.890	80	5	0	ბათუმი	Timeless	საათი Casio Quartz Wristwatch /LTP-V007SG-9EUDF | საათი Casio Quartz Wristwatch / MTP-VD01D-2BVUDF	2026-10-02 13:04:26
56812	2026-09-11 08:25:07.231	2026-09-11 08:25:01.934	80	5	0		Alta	Mobile and Smartphones/ Samsung/ Samsung A175F Galaxy A17 6GB/128GB LTE Duos Black	2026-10-02 13:04:26
56824	2026-09-11 08:35:30.060	2026-09-11 08:35:17.122	80	5	0	თბილისი	Franko	ელექტრო ჩაიდანი FRANKO FKT-1222 | ტოსტერი FRANKO FTS-1223	2026-10-02 13:04:26
56881	2026-09-11 08:38:43.957	2026-09-11 08:38:37.568	80	5	0	თბილისი	Domino	ბაღის საქანელა 170x110x152 სმ	2026-10-02 13:04:26
56860	2026-09-11 08:56:19.273	2026-09-11 08:56:15.255	99	18	0	თბილისი	GOLDEN HANDS	ბავშვის ეტლი-ველოსიპედი 2-1 8805-CER	2026-10-02 13:04:26
56714	2026-09-11 08:57:08.496	2026-09-11 08:56:58.347	80	5	0	თბილისი	Global Distribution	გაზის წყლის გამაცხელებელი MARAZZI DE 1206	2026-10-02 13:04:26
56901	2026-09-11 09:30:08.413	2026-09-11 09:30:02.305	80	5	0	რუსთავი	Ninja (Geoteck)	აეროგრილი NINJA AF500EU	2026-10-02 13:04:26
56922	2026-09-11 09:44:53.301	2026-09-11 09:44:05.520	80	5	0	თბილისი	Dream	თმის სტაილერი Styler Dreame AirStyle Pro Purple (AMF18A)	2026-10-02 13:04:26
56959	2026-09-11 10:14:57.434	2026-09-11 10:14:53.017	80	5	0	თბილისი	Global Distribution	სარეცხი მანქანა MARAZZI WM904FL66(S/DG)	2026-10-02 13:04:26
56805	2026-09-11 10:35:22.429	2026-09-11 10:21:05.045	80	5	1		Dream||Ninja (Geoteck)	მტვერსასრუტი Cordless vacuum cleaner Dreame Cordless Vacuum Cleaner R20 Ultra (VRV57F) | თმის სტაილერი SHARK HD426SLEU	2026-10-02 13:04:26
56862	2026-09-11 11:17:24.266	2026-09-11 11:17:11.932	80	5	1	თბილისი	KARCHER||MEGA	მრავალფუნქციური მტვერსასრუტი Karcher KWD 1 W V-12/2/18 | თმის საკრეჭი PHILIPS HC3505/15	2026-10-02 13:04:26
56951	2026-09-11 11:30:27.749	2026-09-11 11:30:21.707	80	5	0	თბილისი	Timeless	საათი Casio Quartz Wristwatch/MQ-24B-1BDF	2026-10-02 13:04:26
56967	2026-09-11 11:51:20.458	2026-09-11 11:51:14.321	80	5	0		MEGA	გაზქურა SIMFER ZE9060 IXC	2026-10-02 13:04:26
56864	2026-09-11 12:38:21.739	2026-09-11 12:38:15.809	80	5	0	თბილისი	Midea	სარეცხის მანქანა MIDEA MF100W70	2026-10-02 13:04:26
56434	2026-09-11 12:47:36.450	2026-09-11 12:47:29.979	80	5	1		Domino||Trinx	ველოსიპედი TRILOGY 2.0 | ლამინატი UltraDecor Castello Classic მუხა Nostalgia 1285x192x8 AC4/32 | კარის ბლოკი Fly Doors LA STELLA 218 მუხა MOKO 36x800x2150 მმ	2026-10-02 13:04:26
56897	2026-09-11 13:37:51.207	2026-09-11 13:37:41.631	80	5	0	მცხეთა	CELSIUS	მტვერსასრუტი BEKO VRT 74225 VI	2026-10-02 13:04:26
56883	2026-09-11 13:39:26.941	2026-09-11 13:36:47.285	80	5	0	თბილისი	MEGA	მაცივარი HISENSE RD39WCWD-BI	2026-10-02 13:04:26
56865	2026-09-11 13:42:31.687	2026-09-11 13:42:26.906	80	5	0	თბილისი	Midea	მიქსერი MIDEA HM0293-B | ხელის ბლენდერი MIDEA MJ-BH6001W	2026-10-02 13:04:26
57002	2026-09-12 06:41:06.007	2026-09-12 06:40:31.590	80	5	0	თბილისი	Dream	თმის სტაილერი Styler Dreame AirStyle Pro Gold Titanium (AMF18A)	2026-10-02 13:04:26
56890	2026-09-12 06:49:25.013	2026-09-12 06:49:14.454	80	5	0	რუსთავი	KARCHER	სველი წმენდის მტვერსასრუტი Kärcher FCV 3	2026-10-02 13:04:26
56953	2026-09-12 06:51:54.380	2026-09-12 06:51:48.546	80	5	0		Timeless	საათი Casio Quartz Wristwatch / MTP-VD01D-2BVUDF	2026-10-02 13:04:26
56554	2026-09-12 07:06:58.386	2026-09-12 07:06:19.414	80	5	0		Midea	აეროგრილი MIDEA MF-CY85WK2	2026-10-02 13:04:26
56868	2026-09-12 07:12:09.133	2026-09-12 07:12:00.740	80	5	0	თბილისი	Alta	Heater/ Akog/ AKOG-5-SP (SIT) BEIGE (55-70კვ2)	2026-10-02 13:04:26
57043	2026-09-12 08:50:34.558	2026-09-12 08:13:29.135	80	5	0	თბილისი	Midea	სარეცხი მანქანა MIDEA MF01610US40/W	2026-10-02 13:04:26
57024	2026-09-12 08:50:52.463	2026-09-12 08:06:25.421	80	5	0	თბილისი	Beko (Technohouse)	გაზქურა MILLEN FT6400GBZW	2026-10-02 13:04:26
57072	2026-09-12 09:48:15.520	2026-09-12 09:47:55.561	80	5	0	თბილისი	Trinx	ველოსიპედი PRINCESS 2.0	2026-10-02 13:04:26
57094	2026-09-12 09:54:49.619	2026-09-12 09:54:24.591	80	5	0	თბილისი	MEGA	თმის უთო PHILIPS BHS752/00	2026-10-02 13:04:26
57068	2026-09-12 10:39:32.874	2026-09-12 10:39:26.183	99	18	0	თბილისი		საწოლი ორ კაციანი ECO	2026-10-02 13:04:26
57084	2026-09-12 10:40:17.269	2026-09-12 10:40:08.783	80	5	0	ხობი	Midea	სარეცხის მანქანა MIDEA MF100W70	2026-10-02 13:04:26
57069	2026-09-12 10:50:25.544	2026-09-12 10:36:09.917	80	5	0	რუსთავი	Midea	სარეცხი მანქანა MIDEA MF01610US40/W	2026-10-02 13:04:26
57089	2026-09-12 11:23:08.562	2026-09-12 11:23:03.231	80	5	0	ბათუმი	Beko (Technohouse)	ყავის აპარატი BEKO BKK 2300 G	2026-10-02 13:04:26
57131	2026-09-12 12:09:34.336	2026-09-12 11:50:44.469	80	5	0	თბილისი	MEGA	თმის უთო PHILIPS BHS752/00	2026-10-02 13:04:26
57121	2026-09-12 12:09:52.465	2026-09-12 10:18:28.018	80	5	0		Global Distribution	სარეცხი მანქანა MARAZZI WM701FL66(S/W)	2026-10-02 13:04:26
57158	2026-09-12 12:23:03.731	2026-09-12 12:22:54.736	80	5	0	თბილისი	Alta	Mobile and Smartphones/ Honor/ Honor X7e 6GB/128GB Midnight Black	2026-10-02 13:04:26
57164	2026-09-12 12:24:31.524	2026-09-12 12:23:54.353	80	5	0	თბილისი	Alta	TV/ QLED/ TCL/ QLED TV  32"(81cm) / 32S5K  Google TV FHD 1920x1080 HDR10 6.5ms 178* 220cd/m2 4000:1 DVB-T2/S/S2/C BT5.0 WiFi LAN HDMI USB 2x5W VESA100	2026-10-02 13:04:26
57132	2026-09-12 12:41:56.607	2026-09-12 12:34:34.213	80	5	0	თბილისი	MEGA	ტელევიზორი HISENSE 50E7Q	2026-10-02 13:04:26
57169	2026-09-12 13:29:15.887	2026-09-12 13:29:04.582	80	5	1		BERLLONG||Domino	ქვაბი Berllong BDC-P24 სმ | ქვაბი Berllong BDC-P28 სმ | თარო 3 ქსოვილის განყოფილებით	2026-10-02 13:04:26
57168	2026-09-12 13:29:19.964	2026-09-12 13:26:46.564	80	5	0		Franko	ელექტრო ღუმელი FRANKO FCO-1193	2026-10-02 13:04:26
57092	2026-09-12 13:34:06.770	2026-09-12 13:33:56.035	80	5	0	ბათუმი	Franko	საყინულე FRANKO FCF-142DSG	2026-10-02 13:04:26
57093	2026-09-12 13:35:58.717	2026-09-12 13:35:53.993	80	5	0	ბოლნისი	OHOHO	ლურჯი ბატუტი AJ-T6FT 6FT (183სმ;150კგ)	2026-10-02 13:04:26
57083	2026-09-12 13:38:28.621	2026-09-12 13:38:22.710	80	5	0	ბათუმი	Alta	Mobile and Smartphones/ Honor/ Honor X9d 12GB/256GB Forest Green	2026-10-02 13:04:26
57170	2026-09-12 13:41:10.549	2026-09-12 13:41:05.824	80	5	0		Timeless	საათი Casio Quartz Wristwatch / LTP-1241D-2ADF	2026-10-02 13:04:26
57176	2026-09-12 13:43:54.234	2026-09-12 13:43:40.149	80	5	0		Alta	Mobile and Smartphones/ Samsung/ Samsung A175F Galaxy A17 6GB/128GB LTE Duos Gray	2026-10-02 13:04:26
57140	2026-09-12 13:59:13.258	2026-09-12 13:59:03.325	80	5	0	წალენჯიხა	Beko (Technohouse)	ტელევიზორი BEKO BL32 HD 6523 C	2026-10-02 13:04:26
56676	2026-09-13 06:37:54.656	2026-09-12 06:37:46.574	80	5	0	ბათუმი	Dream	თმის სტაილერი Styler Dreame AirStyle Pro Gold Titanium (AMF18A)	2026-10-02 13:04:26
56197	2026-09-13 06:40:47.931	2026-09-13 06:29:22.143	80	5	0	რუსთავი	CELSIUS	ცენტრალური გათბობის ქვაბი ARISTON GENUS XC 35 FF NG	2026-10-02 13:04:26
57014	2026-09-13 06:42:04.231	2026-09-13 06:41:56.697	80	5	0	ქუთაისი	Alta	Mobile and Smartphones/ Samsung/ Samsung A175F Galaxy A17 8GB/256GB LTE Duos Black	2026-10-02 13:04:26
57178	2026-09-13 07:09:23.977	2026-09-12 14:00:47.124	80	5	0	რუსთავი	KARCHER	Karcher რობოტი მტვერსასრუტი RVC 3 Comfort	2026-10-02 13:04:26
57066	2026-09-13 07:50:09.819	2026-09-13 07:49:49.238	80	5	0	თბილისი	Global Distribution	გაზის წყლის გამაცხელებელი MARAZZI DE 1206	2026-10-02 13:04:26
57220	2026-09-13 07:50:28.522	2026-09-13 07:50:22.442	80	5	1	თბილისი	Domino||EUROWOOD	საოფისე სავარძელი შავი-წითელი 65x63x115 სმ | კომპიუტერის მაგიდა VERDIG K1 , წითელი ანტრაციტი	2026-10-02 13:04:26
57206	2026-09-13 08:19:59.625	2026-09-13 08:08:29.615	80	5	0	ბათუმი	Alta	TV/ QLED/ TCL/ QLED TV  43"(109cm)/ 43S5K  Google TV FHD 1920x1080 HDR10 6.5ms 178* 220cd/m2 4000:1 DVB-T2/S/S2/C BT5.0 WiFi LAN HDMI USB 2x5W VESA100	2026-10-02 13:04:26
56903	2026-09-13 08:21:19.401	2026-09-13 08:21:12.131	80	5	0	გორი	Alta	Mobile and Smartphones/ Honor/ HONOR X8d 8GB/128GB Dual Sim Light Blue	2026-10-02 13:04:26
57183	2026-09-13 08:24:23.500	2026-09-13 08:24:02.669	80	5	0	რუსთავი	Global Distribution	სარეცხი მანქანა CHIGO CWF704G	2026-10-02 13:04:26
57046	2026-09-13 09:24:32.617	2026-09-13 09:24:26.377	80	5	0	ზუგდიდი	KARCHER	ქიმიური წმენდის აპარატი Kärcher cleaner SE 2 Spot Care	2026-10-02 13:04:26
57286	2026-09-13 09:56:53.506	2026-09-13 09:56:48.648	80	5	0		Alta	უთო BRAUN SI5188BK	2026-10-02 13:04:26
57013	2026-09-13 10:29:38.363	2026-09-13 10:12:22.842	80	5	0	თბილისი	Dream	თმის სტაილერი Styler Dreame AirStyle Pro Gold Titanium (AMF18A)	2026-10-02 13:04:26
57201	2026-09-13 10:42:15.664	2026-09-13 10:26:30.764	80	5	0	თბილისი	Domino	აბაზანის ავეჯის კომპლექტი Layla 80 სმ	2026-10-02 13:04:26
57162	2026-09-13 10:54:30.496	2026-09-13 10:54:26.328	80	5	0	თბილისი	Dream	თმის სტაილერი Styler Dreame AirStyle Pro Purple (AMF18A)	2026-10-02 13:04:26
57260	2026-09-13 11:02:57.975	2026-09-13 11:02:52.372	80	5	0	თბილისი	Midea	სარეცხი მანქანა MIDEA MF01610US40/W	2026-10-02 13:04:26
57041	2026-09-13 11:09:46.719	2026-09-12 08:30:46.657	80	5	0	თბილისი	Midea	სარეცხი მანქანა MIDEA MFA01W80B/W	2026-10-02 13:04:26
57079	2026-09-13 11:15:51.270	2026-09-13 11:15:45.555	80	5	0	თბილისი	Zoommer	ელექტრო სკუტერი Segway Ninebot Kickscooter E3	2026-10-02 13:04:26
57182	2026-09-13 11:22:17.497	2026-09-13 11:22:02.818	80	5	0	თბილისი	MEGA	მაცივარი SAMSUNG RB29FERNDSA/WR	2026-10-02 13:04:26
57329	2026-09-13 11:56:33.075	2026-09-13 11:56:21.492	80	5	0	თბილისი	Midea	სარეცხი მანქანა MIDEA MFA01W80B/W	2026-10-02 13:04:26
57174	2026-09-13 12:04:13.137	2026-09-13 12:04:00.541	80	5	0	ვანი	Alta	Mobile and Smartphones/ Samsung/ Samsung A175F Galaxy A17 8GB/256GB LTE Duos Black	2026-10-02 13:04:26
57232	2026-09-13 12:09:29.433	2026-09-13 12:09:21.317	80	5	0	თბილისი	Midea	ცენტრალური გათბობის ქვაბი MIDEA L1PB24-C28WM	2026-10-02 13:04:26
57264	2026-09-13 12:13:33.914	2026-09-13 12:13:29.265	80	5	0	თბილისი	Alta	Mobile and Smartphones/ Honor/ Honor X9d 12GB/256GB Midnight Black	2026-10-02 13:04:26
57245	2026-09-13 12:15:34.934	2026-09-13 12:15:29.634	80	5	1	თბილისი	Alta||Franko	ტოსტერი FRANKO FGT-1207 | ჩაიდანი BRAUN WK1100BK	2026-10-02 13:04:26
57216	2026-09-13 12:16:14.633	2026-09-13 12:16:09.862	80	5	0	რუსთავი	Alta	Mobile and Smartphones/ Samsung/ Samsung A175F Galaxy A17 6GB/128GB LTE Duos Gray	2026-10-02 13:04:26
57278	2026-09-13 12:49:05.928	2026-09-13 12:49:00.666	80	5	0	თბილისი	Alta	ტელეფონი HONOR X8d 8GB/256GB Dual Sim Light Blue	2026-10-02 13:04:26
57259	2026-09-13 12:58:22.080	2026-09-13 12:58:17.331	80	5	0	თბილისი	Alta	Mobile and Smartphones/ Samsung/ Samsung A276B Galaxy A27 6GB/128GB 5G Duos Black	2026-10-02 13:04:26
57300	2026-09-13 13:03:35.706	2026-09-13 13:03:27.712	80	5	0	ახალციხე	Alta	მტვერსასრუტი SAMSUNG VCC885HH3P/XEV	2026-10-02 13:04:26
57246	2026-09-13 13:22:34.773	2026-09-13 13:11:04.913	99	18	0	თბილისი	Alta	თმის უთო Hair Straighter/ Remington S6077 E51 ONE Straight & Curl Styler	2026-10-02 13:04:26
57222	2026-09-13 13:22:57.996	2026-09-13 13:07:24.525	99	18	0	ბათუმი	Ninja (Geoteck)	თმის სტაილერი SHARK HD446SLEU	2026-10-02 13:04:26
57339	2026-09-13 13:25:13.017	2026-09-13 13:25:07.215	80	5	0	თბილისი	MEGA	ტელევიზორი HISENSE 40A4Q	2026-10-02 13:04:26
57299	2026-09-13 13:41:53.915	2026-09-13 13:00:38.376	80	5	0	ბათუმი	OHOHO	ლურჯი ბატუტი AJ-T6FT 6FT (183სმ;150კგ)	2026-10-02 13:04:26
57345	2026-09-13 13:42:08.554	2026-09-13 13:15:55.203	99	18	0	ყვარელი	Domino	კომპლექტი ბაღის ავეჯის ნატურალური როტანგისგან BAHAMA მაგიდა დავანი 2 სავარძელი	2026-10-02 13:04:26
57314	2026-09-13 13:44:04.282	2026-09-13 13:43:58.492	80	5	0		Alta	Mobile and Smartphones/ Samsung/ Samsung A175F Galaxy A17 8GB/256GB LTE Duos Black	2026-10-02 13:04:26
57382	2026-09-13 14:13:15.176	2026-09-13 14:10:28.948	80	5	0		Franko	ჩირის აპარატი FRANKO FDH-1065	2026-10-02 13:04:26
56461	2026-09-14 06:55:53.455	NULL	80	99	0		Midea	მტვერსასრუტი MIDEA MP08GEBK-DS	2026-10-02 13:04:26
57022	2026-09-14 06:55:53.586	NULL	80	99	0		Alta	Playstation 5 Console Slim CD Version White E Chassis Two DualSense Wireless Controllers Bundle | Monitor/ Samsung/ Odyssey G4 LS25BG400EIXCI 25" FHD 1920 x 1080 IPS 1ms 240Hz | Playstation DualSense Wireless Controller Midnight Black	2026-10-02 13:04:26
57231	2026-09-14 07:22:31.132	2026-09-14 06:59:08.620	80	5	0	თბილისი	Dream	თმის სტაილერი Styler Dreame AirStyle Pro Purple (AMF18A)	2026-10-02 13:04:26
57020	2026-09-14 07:32:56.406	2026-09-14 07:32:48.821	80	5	0	სიღნაღი	MEGA	მაცივარი HISENSE DB35DCUR-INOX	2026-10-02 13:04:26
56607	2026-09-14 07:34:07.647	2026-09-14 07:34:01.725	80	5	0	თბილისი	MIRZA	კუთხის დივანი #3	2026-10-02 13:04:26
57387	2026-09-14 07:58:18.596	2026-09-14 07:58:12.712	80	5	1	თბილისი	Beko (Technohouse)||EUROWOOD	5 უჯრიანი კომოდი INGAR, მუხისფერი | ბლენდერი BEKO TBN 81808 BX	2026-10-02 13:04:26
57272	2026-09-14 08:29:00.280	2026-09-14 08:28:54.863	80	5	0	თბილისი	Midea	სარეცხი მანქანა MIDEA MF01610US40/W	2026-10-02 13:04:26
57489	2026-09-14 08:55:37.267	2026-09-14 08:55:32.313	80	5	0	თბილისი	Alta	Mobile and Smartphones/ Honor/ Honor 600 Lite 8GB/256GB Dual Sim Desert Gold	2026-10-02 13:04:26
57472	2026-09-14 09:10:17.244	2026-09-14 09:10:09.665	80	5	0		Alta	Notebook/ Lenovo/ SMB/ Lenovo V15 G4 15.6'' FHD Ryzen 3 7320U 8GB 256GB SSD Radeon Graphics Black	2026-10-02 13:04:26
57507	2026-09-14 09:12:43.029	2026-09-14 09:12:36.768	80	5	0		Global Distribution	საყინულე MARAZZI CF-218FS(SW)	2026-10-02 13:04:26
57328	2026-09-14 09:15:13.486	2026-09-13 14:24:12.154	80	5	0	ბათუმი	Dream	რობოტი მტვერსასრუტი Dreame Robot Vacuum F10 Black (RLF11SA)	2026-10-02 13:04:26
56887	2026-09-14 09:26:58.079	2026-09-13 07:00:25.430	80	5	0	თბილისი	MEGA	სარეცხი მანქანა MIDEA MF200W80WB/T	2026-10-02 13:04:26
57179	2026-09-14 09:56:50.416	2026-09-14 09:56:44.373	80	5	0	თბილისი	Domino	საშხაპე კაბინა WAY 824S-90X90X195 სმ (4მმ)	2026-10-02 13:04:26
57509	2026-09-14 09:56:52.476	2026-09-14 09:56:48.075	80	5	0	თბილისი	Alta	Mobile and Smartphones/ Honor/ Honor 600 Lite 8GB/256GB Dual Sim Velvet Grey	2026-10-02 13:04:26
57456	2026-09-14 10:19:04.343	2026-09-14 10:13:04.136	80	5	0	თბილისი	Alta	Mobile and Smartphones/ Honor/ Honor X9d 12GB/256GB Midnight Black	2026-10-02 13:04:26
57192	2026-09-14 11:09:35.845	2026-09-14 11:09:31.112	80	5	0	გორი	Midea	ჭურჭლის სარეცხი მანქანა MIDEA MFD60S160Si	2026-10-02 13:04:26
57187	2026-09-14 11:28:25.926	2026-09-14 11:28:19.756	80	5	1	თბილისი	Franko||M&S HOLDING (ARSHIA)	ჩოფერი ტიტანის ელექტრო ARSHIA EC278-3420 27232 | მიქსერი FRANKO FMX-1149	2026-10-02 13:04:26
57495	2026-09-14 11:29:54.209	2026-09-14 11:29:47.938	80	5	0		MEGA	ტელევიზორი HISENSE 40A4Q	2026-10-02 13:04:26
57395	2026-09-14 11:50:31.778	2026-09-14 11:50:27.714	80	5	0	თბილისი	Timeless	საათი Casio Quartz Wristwatch / LTP-V007SG-9BUDF	2026-10-02 13:04:26
57525	2026-09-14 11:51:21.357	2026-09-14 11:46:53.195	80	5	0	გარდაბანი	Dream	თმის სტაილერი Styler Dreame AirStyle Pro Gold Titanium (AMF18A)	2026-10-02 13:04:26
57537	2026-09-14 11:56:21.478	2026-09-14 11:55:46.521	80	5	0		MEGA	საყინულე HISENSE RS23WC-INOX	2026-10-02 13:04:26
56972	2026-09-14 12:04:04.774	2026-09-14 12:03:35.595	80	5	0	თბილისი	Ninja (Geoteck)	აეროგრილი NINJA SL400EU	2026-10-02 13:04:26
57500	2026-09-14 12:42:29.279	2026-09-14 12:42:23.913	80	5	0	თბილისი	MEGA	საყინულე HISENSE RS23WC-WHITE	2026-10-02 13:04:26
57508	2026-09-14 12:50:16.893	2026-09-14 12:50:12.007	80	5	0		MEGA	ჩასაშენებელი ზედაპირი Samsung NA64H3010BK/WT	2026-10-02 13:04:26
57571	2026-09-14 13:36:47.398	2026-09-14 13:36:42.972	99	18	0			ტელევიზორი BEKO BL55 UHD 9823 C	2026-10-02 13:04:26
57516	2026-09-14 13:37:03.717	2026-09-14 13:36:58.865	80	5	0	თბილისი	Ninja (Geoteck)	ელექტრო სავარცხელი BABYLISS AS136E	2026-10-02 13:04:26
57572	2026-09-14 13:41:41.080	2026-09-14 13:41:37.163	80	5	0		Ninja (Geoteck)	თმის სტაილერი SHARK HD446EU	2026-10-02 13:04:26
57567	2026-09-14 13:51:24.941	2026-09-14 13:51:11.030	80	5	0	თბილისი	Alta	Mobile and Smartphones/ Honor/ Honor X9d 12GB/256GB Midnight Black	2026-10-02 13:04:26
57568	2026-09-14 13:53:23.287	2026-09-14 13:53:19.091	80	5	0	თბილისი	Beko (Technohouse)	მიკროტალღური ღუმელი BEKO MGC 20130 BB	2026-10-02 13:04:26
57579	2026-09-14 13:54:16.267	2026-09-14 13:54:11.679	80	5	0		Beko (Technohouse)	ტელევიზორი BEKO BL55 UHD 9823 C	2026-10-02 13:04:26
57517	2026-09-14 13:54:53.144	2026-09-14 13:54:48.760	80	5	0	თბილისი	MIRZA	მატრასი ღია ზამბარა ორქეჩიანი 160/200	2026-10-02 13:04:26
57574	2026-09-14 13:56:11.765	2026-09-14 13:56:07.248	80	5	0		GOLDEN HANDS	 საბავშვო ელექტრო მანქანა G-Class FT-7188-C	2026-10-02 13:04:26
57581	2026-09-14 13:58:26.192	2026-09-14 13:58:20.228	80	5	0		Alta	Automatic Coffee Maker/ Delonghi  ECAM320.60.B Magnifica Plus	2026-10-02 13:04:26
57180	2026-09-15 06:28:19.154	2026-09-13 08:48:00.747	80	5	0	ბათუმი	Ninja (Geoteck)	აეროგრილი NINJA AF500EU	2026-10-02 13:04:26
57634	2026-09-15 07:37:08.196	2026-09-15 07:37:03.984	80	5	0	რუსთავი	Domino	ბაღის ავეჯის კომპლექტი მაგიდა 6 სკამი	2026-10-02 13:04:26
57659	2026-09-15 07:45:11.148	2026-09-15 07:45:07.198	99	18	0			ბავშვის ეტლი-ველოსიპედი 2-1 8805-black	2026-10-02 13:04:26
57406	2026-09-15 09:26:18.948	2026-09-15 09:26:14.342	80	5	0	ყვარელი	Midea	სარეცხი მანქანა MIDEA MF01610US40/W	2026-10-02 13:04:26
57703	2026-09-15 11:05:30.717	NULL	80	99	0		Midea	კონდიციონერი MIDEA XT-18N8D6 Gold	2026-10-02 13:04:26
57704	2026-09-15 11:05:37.046	NULL	80	99	0		Midea	კონდიციონერი MIDEA XT-18N8D6 Gold	2026-10-02 13:04:26
57708	2026-09-15 11:35:46.113	2026-09-15 11:35:42.220	80	5	0		GOLDEN HANDS	საბავშვო სამთვალა სასეირნო ველო-ეტლი 6188V-BLACK	2026-10-02 13:04:26
57717	2026-09-15 12:06:42.404	2026-09-15 12:06:38.388	80	5	0		Alta	თმის უთო PHILIPS BHS752/00	2026-10-02 13:04:26
57715	2026-09-15 12:07:03.159	2026-09-15 12:06:57.997	80	5	0		MEGA	ტელევიზორი HISENSE 43E7Q	2026-10-02 13:04:26
57697	2026-09-15 12:27:11.293	2026-09-15 12:27:05.933	80	5	0	თბილისი	Midea	გაზის წყლის გამაცხელებელი MIDEA JSG22-11VLS	2026-10-02 13:04:26
57405	2026-09-15 12:27:12.361	2026-09-15 12:27:07.469	80	5	1	თბილისი	Alta||Franko	უთო FRANKO FSI-9003 | Mobile and Smartphones/ Honor/ Honor 600 Lite 8GB/256GB Dual Sim Velvet Black	2026-10-02 13:04:26
57596	2026-09-15 12:27:57.556	2026-09-15 12:27:53.702	99	18	1	ბორჯომი	Franko||MEGA	მიკროტალღური ღუმელი MIDEA AM823A2AT-B | ელექტრო ღუმელი FRANKO FEO-1107 | აეროგრილი HISENSE HAF1600D | ელექტრო ჩაიდანი ADLER AD1224	2026-10-02 13:04:26
57635	2026-09-15 12:37:00.547	2026-09-15 12:11:58.409	80	5	0	თბილისი	Alta	Mobile and Smartphones/ Honor/ Honor X7e 6GB/256GB Midnight Black	2026-10-02 13:04:26
57726	2026-09-15 13:24:27.556	2026-09-15 13:24:23.899	80	5	0	თბილისი	Alta	TV/ MiniLED/ TCL/ Mini LED TCL TV 55"(140cm)/ 55C6K 4K GTV HDR high brightnesst; MEMC120Hz/VRR 2K@240Hz,4K@144Hz;ONKYO Audio System 2*10W+20W; Airplay2;WiFi5;BT5.4;300x	2026-10-02 13:04:26
57667	2026-09-15 13:53:35.671	2026-09-15 13:53:30.728	80	5	0	თბილისი	Franko	ტელევიზორი FRANKO FTV-32N4000	2026-10-02 13:04:26
57494	2026-09-15 14:36:47.501	2026-09-15 14:36:42.877	80	5	0	თბილისი	Alta	ფლეისთეიშენი PlayStation 5 Console - 1 TB	2026-10-02 13:04:26
57588	2026-09-15 14:56:20.591	2026-09-15 14:56:14.685	80	5	0	თბილისი	Alta	Mobile and Smartphones/ Samsung/ Samsung A175F Galaxy A17 6GB/128GB LTE Duos Gray	2026-10-02 13:04:26
57687	2026-09-16 06:26:50.884	2026-09-16 06:26:46.175	80	5	1	თბილისი	Alta||MEGA	Juicer/ Sencor SJE 741SS Juicer | ხორცსაკეპი მანქანა MESKO MS4809	2026-10-02 13:04:26
57603	2026-09-16 06:34:42.822	2026-09-16 06:34:38.271	80	5	0	თბილისი	Alta	Mobile and Smartphones/ Honor/ Honor X7e 6GB/256GB Midnight Black	2026-10-02 13:04:26
57813	2026-09-16 07:36:01.971	2026-09-16 07:35:57.485	99	18	1		Franko||MEGA||Midea	მიკროტალღური ღუმელი MIDEA AM823A2AT-B | ელექტრო ღუმელი FRANKO FEO-1107 | ელექტრო ჩაიდანი ADLER AD1224 | აეროგრილი HISENSE HAF1800D	2026-10-02 13:04:26
57811	2026-09-16 07:36:04.797	2026-09-16 07:35:50.924	80	5	0		Dream	თმის სტაილერი Styler Dreame AirStyle Pro Gold Titanium (AMF18A)	2026-10-02 13:04:26
57752	2026-09-16 07:42:26.172	2026-09-16 07:42:22.098	80	5	0	თბილისი	ARDESTO ( ERC)	მაცივარი Ardesto DNF-M295X188	2026-10-02 13:04:26
57768	2026-09-16 07:58:30.879	2026-09-16 07:58:25.079	80	5	0	თბილისი	Beko (Technohouse)	ყავის აპარატი GRUNDIG KSM 5330	2026-10-02 13:04:26
57817	2026-09-16 08:25:43.810	2026-09-16 08:25:39.714	80	5	0		Midea	სარეცხის მანქანა MIDEA MF100W70	2026-10-02 13:04:26
57682	2026-09-16 08:27:32.509	2026-09-16 08:27:28.721	80	5	1	თბილისი	Beko (Technohouse)||M&S HOLDING (ARSHIA)	ორთქლის უთო ARZUM AR6035-B | ელექტრო ჩაიდანი ARSHIA EK014-2519 26045	2026-10-02 13:04:26
57840	2026-09-16 09:00:03.047	2026-09-16 08:59:49.642	80	5	0		Alta	Mobile and Smartphones/ Honor/ Honor X9d 12GB/256GB Reddish Brown	2026-10-02 13:04:26
57713	2026-09-16 09:15:22.609	2026-09-16 09:15:02.438	80	5	0	თბილისი	Alta	Notebook/ Lenovo/ SMB/ Lenovo V15 G4 15.6'' FHD Ryzen 3 7320U 8GB 256GB SSD Radeon Graphics Black	2026-10-02 13:04:26
57786	2026-09-16 10:04:47.658	2026-09-16 10:04:05.617	80	5	0	ბათუმი	Alta	Mobile and Smartphones/ Samsung/ Samsung A276B Galaxy A27 6GB/128GB 5G Duos Blue	2026-10-02 13:04:26
57866	2026-09-16 10:54:57.795	2026-09-16 10:54:49.304	80	5	0		Global Distribution	სარეცხი მანქანა MARAZZI WM804FL66(S/DG)	2026-10-02 13:04:26
57422	2026-09-16 11:19:10.109	2026-09-16 11:19:05.452	80	5	0	თბილისი	MIRZA	მატრასი ღია ზამბარა ორქეჩიანი 140/200	2026-10-02 13:04:26
57739	2026-09-16 11:26:59.378	2026-09-16 11:26:41.350	80	5	0		Midea	დენის წყლის გამაცხელებელი MIDEA MWH100-20MFG(CIS)W	2026-10-02 13:04:26
57760	2026-09-16 11:34:32.549	2026-09-16 11:34:26.882	80	5	0	თბილისი	Midea	სარეცხი მანქანა MIDEA MFA01W80B/W	2026-10-02 13:04:26
57746	2026-09-16 11:42:10.349	2026-09-16 11:42:05.174	80	5	0	ჩხოროწყუ	Global Distribution	სარეცხი მანქანა CHIGO CWF704	2026-10-02 13:04:26
57701	2026-09-16 11:43:45.694	2026-09-16 11:42:03.633	80	5	0	თბილისი	MEGA	ჩასაშენებელი ღუმელი SIMFER B6EWG7PS | ჩასაშენებელი ზედაპირი SIMFER H6GW4044VR	2026-10-02 13:04:26
57870	2026-09-16 12:02:49.876	2026-09-16 12:02:45.168	80	5	0		Midea	სარეცხი მანქანა MIDEA MF01610US40/W	2026-10-02 13:04:26
57892	2026-09-16 12:07:53.901	2026-09-16 12:07:49.425	80	5	0		MEGA	მაცივარი HISENSE RD-23DC SILVER	2026-10-02 13:04:26
57762	2026-09-16 12:10:17.228	2026-09-16 12:09:35.455	80	5	0	თბილისი	Alta	Mobile and Smartphones/ Honor/ Honor X9d 12GB/256GB Forest Green	2026-10-02 13:04:26
57810	2026-09-16 12:11:00.782	2026-09-16 12:10:56.575	80	5	0	ზუგდიდი	Alta	Mobile and Smartphones/ Honor/ Honor X7e 6GB/256GB Light Blue	2026-10-02 13:04:26
57696	2026-09-16 12:29:13.274	2026-09-16 12:12:21.552	80	5	0		Beko (Technohouse)	სარეცხი მანქანა BEKO WRE 5411 BWW	2026-10-02 13:04:26
57789	2026-09-16 12:39:04.272	2026-09-16 12:38:59.543	80	5	0	თბილისი	M&S HOLDING (ARSHIA)	მიქსერი ჯამიანი ARSHIA SM118-3603 27235	2026-10-02 13:04:26
57614	2026-09-16 12:43:16.939	2026-09-16 12:43:13.407	80	5	0	თბილისი	GT VINEA	300-ლიტრიანი უჟანგავი ფოლადის ავზი - Toscana Inox	2026-10-02 13:04:26
57872	2026-09-16 12:45:54.191	2026-09-16 12:21:03.430	80	5	0	თბილისი	Global Distribution	მაცივარი MARAZZI BMF-358FSI(SW)	2026-10-02 13:04:26
57777	2026-09-16 12:45:55.790	2026-09-16 12:45:51.623	80	5	0	თბილისი	Midea	სარეცხის მანქანა MIDEA MF100W70	2026-10-02 13:04:26
57905	2026-09-16 12:53:27.175	NULL	80	99	0		Midea	აეროგრილი MIDEA MF-CY110A	2026-10-02 13:04:26
57804	2026-09-16 12:55:05.182	2026-09-16 12:34:32.394	80	5	0	თბილისი	Alta	ტელეფონი HONOR X8d 8GB/256GB Dual Sim Light Blue	2026-10-02 13:04:26
57895	2026-09-16 13:02:00.493	2026-09-16 13:01:54.967	80	5	0	ბათუმი	MIRZA	დივანი "პრინცესა"	2026-10-02 13:04:26
57899	2026-09-16 13:21:26.985	2026-09-16 13:21:21.047	80	5	0		Global Distribution	გაზის წყლის გამაცხელებელი MARAZZI DE 1205	2026-10-02 13:04:26
57669	2026-09-16 13:28:09.468	2026-09-15 09:41:01.021	80	5	0		Alta	Mobile and Smartphones/ Honor/ Honor 600 Lite 8GB/256GB Dual Sim Velvet Black	2026-10-02 13:04:26
57773	2026-09-16 13:45:29.944	2026-09-16 13:45:26.150	80	5	0	თბილისი	MEGA	მაცივარი HISENSE RD-23DC SILVER	2026-10-02 13:04:26
57749	2026-09-16 13:51:21.629	2026-09-16 13:50:37.374	80	5	0	თბილისი	Domino	კარის კომპლექტი Dveri.ru Orion PO კაპუჩინო 38x700x2000 მმ	2026-10-02 13:04:26
57860	2026-09-16 14:03:05.180	2026-09-16 14:02:58.957	80	5	1	თბილისი	Franko||M&S HOLDING (ARSHIA)	ხორცსაკეპი ელექტრო ARSHIA MG786-2663 26250 | ხორცსაკეპი მანქანა FRANKO FMG-1211	2026-10-02 13:04:26
57799	2026-09-16 14:04:21.590	2026-09-16 14:04:16.939	80	5	0	მესტია	Global Distribution	სარეცხი მანქანა MARAZZI WM804FL66(S/DG)	2026-10-02 13:04:26
57821	2026-09-16 14:24:09.999	2026-09-16 14:24:04.983	80	5	0		Midea	ტენის ამომშრობი MIDEA MDDQ-12DEN7	2026-10-02 13:04:26
57837	2026-09-17 06:21:44.175	2026-09-16 13:01:53.059	80	5	0	თბილისი	Midea	სარეცხი მანქანა MIDEA MFA01W80B/W	2026-10-02 13:04:26
57831	2026-09-17 06:21:52.905	2026-09-16 11:00:44.956	80	5	0	თბილისი	Midea	სარეცხი მანქანა MIDEA  MF100W60	2026-10-02 13:04:26
56121	2026-09-17 06:35:43.824	2026-09-17 06:35:38.834	80	5	0	თბილისი	Midea	ცენტრალური გათბობის ქვაბი MIDEA L1PB20-C28WM	2026-10-02 13:04:26
57692	2026-09-17 07:21:33.002	2026-09-17 07:21:24.589	80	5	0	თბილისი	Alta	Mobile and Smartphones/ Samsung/ Samsung A175F Galaxy A17 6GB/128GB LTE Duos Gray	2026-10-02 13:04:26
57720	2026-09-17 07:26:52.550	2026-09-17 07:26:47.331	80	5	0	თბილისი	Alta	Mobile and Smartphones/ Honor/ Honor X9d 12GB/256GB Forest Green	2026-10-02 13:04:26
57912	2026-09-17 07:27:45.537	2026-09-17 06:14:22.365	80	5	0	თბილისი	Franko	ელექტრო ღუმელი FRANKO FCO-1091	2026-10-02 13:04:26
57897	2026-09-17 07:27:59.824	2026-09-17 06:32:49.799	80	5	0		MEGA	მაცივარი SAMSUNG RB31FERNDSA/WR	2026-10-02 13:04:26
57830	2026-09-17 07:35:02.724	2026-09-17 07:34:57.526	80	5	0	თბილისი	M&S HOLDING (ARSHIA)	გრანიტის ტაფა-ქვაბი თავსახურით Arshia CO498-3118 26494 32სმ | დანების ნაკრები მეტალის 10ც K270-1339 26073 ARSHIA	2026-10-02 13:04:26
57902	2026-09-17 07:42:31.222	2026-09-17 07:42:21.108	80	5	1	თბილისი	GOLDEN HANDS||Midea	რობოტი მტვერსასრუტი MIDEA M7 EVO | G-Class 318 საბავშვო ელექტრო MR-318-B	2026-10-02 13:04:26
57626	2026-09-17 07:44:38.528	2026-09-17 07:44:33.284	80	5	0	თბილისი	Ninja (Geoteck)	თმის სტაილერი SHARK HD446EU	2026-10-02 13:04:26
57547	2026-09-17 07:53:03.458	2026-09-17 07:52:59.272	80	5	0		Midea	სარეცხის მანქანა MIDEA MF100W70	2026-10-02 13:04:26
58001	2026-09-17 08:10:55.374	2026-09-17 08:10:50.763	80	5	0	თბილისი	Global Distribution	მაცივარი MARAZZI FDR-405FSO(SDI)	2026-10-02 13:04:26
57757	2026-09-17 08:26:26.296	2026-09-17 08:26:22.044	80	5	0	თბილისი	Franko	უთო FRANKO FHS-1199 | ტოსტერი FRANKO FGT-1209	2026-10-02 13:04:26
57641	2026-09-17 08:43:32.439	2026-09-17 08:43:27.934	80	5	0	თბილისი	MEGA	მაცივარი HISENSE DB35DCUR-INOX	2026-10-02 13:04:26
57900	2026-09-17 08:57:32.228	2026-09-17 08:56:55.923	80	5	0	თბილისი	Beko (Technohouse)	გაზქურა BEKO FBSM62320SAC	2026-10-02 13:04:26
57836	2026-09-17 09:01:05.183	2026-09-17 09:01:00.798	80	5	0		KARCHER	ქიმიური წმენდის აპარატი Kärcher cleaner SE 2 Spot Care	2026-10-02 13:04:26
57867	2026-09-17 09:04:18.950	2026-09-17 09:04:12.383	80	5	0	თბილისი	Midea	ცენტრალური გათბობის ქვაბი MIDEA L1PB32-C28WL	2026-10-02 13:04:26
57969	2026-09-17 09:07:43.144	2026-09-17 09:07:39.137	80	5	0	თბილისი	Beko (Technohouse)	ჭურჭლის სარეცხი მანქანა BEKO BDFN36560XC bPRO 700	2026-10-02 13:04:26
57503	2026-09-17 09:22:42.707	2026-09-17 09:22:32.986	80	5	0	თბილისი	Alta	Printer/ Ink/ Canon MFP MAXIFY GX2040	2026-10-02 13:04:26
58006	2026-09-17 09:24:56.255	2026-09-17 09:24:50.601	80	5	0		Zoommer	ელექტრო სკუტერი Xiaomi Electric Scooter 6 Pro	2026-10-02 13:04:26
58021	2026-09-17 09:53:47.841	2026-09-17 09:53:40.747	80	5	0	ქუთაისი	Midea	სარეცხი მანქანა MIDEA MFA01W80B/W	2026-10-02 13:04:26
57914	2026-09-17 10:55:40.241	2026-09-17 10:48:26.488	80	5	0	ამბროლაური	Midea	ტენის ამომშრობი MIDEA MDDF-20DEN7	2026-10-02 13:04:26
57952	2026-09-17 11:20:32.259	2026-09-17 11:20:26.051	80	5	0	თბილისი	Alta	ტელეფონი HONOR X8d 8GB/256GB Dual Sim Light Blue	2026-10-02 13:04:26
58055	2026-09-17 11:25:47.956	2026-09-17 11:25:42.663	80	5	0		Alta	Mobile and Smartphones/ Samsung/ Samsung A576B Galaxy A57 5G 8GB/128GB Duos Violet	2026-10-02 13:04:26
57990	2026-09-17 11:25:56.971	2026-09-17 11:25:52.650	80	5	0		Dream	თმის საშრობი  Dreame Hairdryer Pocket Titanium Gold (AHD51)	2026-10-02 13:04:26
58043	2026-09-17 11:53:53.353	2026-09-17 11:53:49.567	80	5	1		Franko||MEGA||Midea	მიკროტალღური ღუმელი MIDEA AM823A2AT-B | ელექტრო ღუმელი FRANKO FEO-1107 | ელექტრო ჩაიდანი ADLER AD1224 | აეროგრილი MIDEA MF-CY55WK2	2026-10-02 13:04:26
57951	2026-09-17 12:14:47.498	2026-09-17 12:14:42.720	80	5	0	რუსთავი	MEGA	ტელევიზორი HISENSE 43E7Q	2026-10-02 13:04:26
58045	2026-09-17 12:18:54.010	2026-09-17 12:18:47.520	80	5	0	ფოთი	Domino	სჭვალსახრახნი აკუმულატორის Crown CT21081H-2 BMC 12V 2Ah	2026-10-02 13:04:26
58092	2026-09-17 12:20:31.005	NULL	80	99	0		Franko	გრილ-ტოსტერი FRANKO FGT-1145	2026-10-02 13:04:26
57986	2026-09-17 12:24:07.103	2026-09-17 12:24:01.089	80	5	0	თბილისი	Midea	სარეცხი მანქანა MIDEA MF01610US40/W	2026-10-02 13:04:26
58058	2026-09-17 12:39:35.158	2026-09-17 12:39:03.264	80	5	0	თბილისი	Alta	Mobile and Smartphones/ Honor/ Honor X7e 6GB/128GB Midnight Black	2026-10-02 13:04:26
58003	2026-09-17 12:40:44.132	2026-09-17 08:10:27.809	80	5	0		MEGA	მაცივარი HISENSE RD39WCWD-BI	2026-10-02 13:04:26
57780	2026-09-17 13:09:03.560	2026-09-17 13:08:58.776	80	5	0	თბილისი	Zoommer	ელექტრო სკუტერი Segway Ninebot Kickscooter E2	2026-10-02 13:04:26
58073	2026-09-17 13:18:22.997	2026-09-17 13:18:18.869	80	5	0	ბათუმი	Alta	Mobile and Smartphones/ Samsung/ Samsung A276B Galaxy A27 6GB/128GB 5G Duos Blue	2026-10-02 13:04:26
57995	2026-09-17 13:23:40.894	2026-09-17 13:23:29.685	80	5	0	თბილისი	Midea	სარეცხი მანქანა MIDEA  MF100W60	2026-10-02 13:04:26
58012	2026-09-17 13:42:13.195	2026-09-17 13:42:00.320	80	5	0		Global Distribution	ელექტრო ღუმელი FRANKO FCO-1193	2026-10-02 13:04:26
57962	2026-09-17 13:57:55.138	2026-09-17 13:57:37.967	99	18	0	თბილისი		საოფისე სავარძელი შავი-წითელი 60x65x108 სმ	2026-10-02 13:04:26
57998	2026-09-17 13:58:10.590	2026-09-17 13:56:55.029	80	5	0	თბილისი	Dream	მტვერსასრუტი DREAME R10s (VZV22A)	2026-10-02 13:04:26
58047	2026-09-17 13:58:54.174	2026-09-17 13:56:44.582	80	5	0	ქუთაისი	Beko (Technohouse)	გაზქურა BEKO FBSM62320SAC	2026-10-02 13:04:26
58064	2026-09-17 13:59:47.327	2026-09-17 13:59:04.655	80	5	0	თბილისი	Midea	ტელევიზორი HISENSE 43E7Q	2026-10-02 13:04:26
57761	2026-09-17 14:00:25.616	2026-09-17 14:00:20.252	80	5	0	თბილისი	MEGA	ტელევიზორი HISENSE 58E7Q	2026-10-02 13:04:26
58048	2026-09-17 14:13:27.159	2026-09-17 14:13:14.947	80	5	0	თბილისი	Alta	Mobile and Smartphones/ Samsung/ Samsung A276B Galaxy A27 6GB/128GB 5G Duos Blue	2026-10-02 13:04:26
57639	2026-09-18 06:29:50.667	2026-09-18 06:29:45.561	80	5	0	თბილისი	Dream	თმის საშრობი  Dreame Hairdryer Pocket Space Gray (AHD51)	2026-10-02 13:04:26
57540	2026-09-18 06:36:09.425	2026-09-18 06:35:57.173	80	5	0	ბათუმი	Franko	ტელევიზორი FRANKO FTV-32SH1400	2026-10-02 13:04:26
58091	2026-09-18 07:15:25.166	2026-09-18 07:10:37.334	80	5	0		Alta	Mobile and Smartphones/ Honor/ Honor X7e 6GB/128GB Light Blue	2026-10-02 13:04:26
57698	2026-09-18 07:46:00.319	2026-09-18 07:45:54.888	80	5	0	თბილისი	MEGA	ტელევიზორი HISENSE 65E7Q	2026-10-02 13:04:26
58030	2026-09-18 08:24:23.582	2026-09-18 08:24:13.292	80	5	0	თბილისი	Alta	Mobile and Smartphones/ Xiaomi/ Xiaomi Redmi Note 15 Pro+ 12GB/512GB Without Charger Black	2026-10-02 13:04:26
58118	2026-09-18 08:34:01.369	2026-09-18 08:33:55.692	80	5	0	თბილისი	Midea	ორკამერიანი მაცივარი MIDEA MDRB380FGE01A	2026-10-02 13:04:26
58130	2026-09-18 08:34:37.136	2026-09-18 08:34:31.882	80	5	0	ახალციხე	Domino	ქანჩსახრახნი აკუმულატორის დარტყმით Ingco 20 V BL 850 hm კარკასი CIWLI20851	2026-10-02 13:04:26
58097	2026-09-18 08:59:04.737	2026-09-18 08:58:58.116	80	5	0	თბილისი	Alta	Mobile and Smartphones/ Honor/ Honor X9d 12GB/256GB Forest Green	2026-10-02 13:04:26
57440	2026-09-18 09:01:27.422	2026-09-17 07:23:32.481	80	5	0	სტეფანწმინდა	Alta	Mobile and Smartphones/ Honor/ Honor 600 Lite 8GB/256GB Dual Sim Desert Gold	2026-10-02 13:04:26
57196	2026-09-18 09:01:54.710	2026-09-18 09:01:47.480	80	5	0	ბათუმი	Dream	რობოტი მტვერსასრუტი Dreame Robot Vacuum L40 EUB (RLL42SDA)	2026-10-02 13:04:26
58081	2026-09-18 09:16:35.773	2026-09-18 09:16:29.957	80	5	0	თბილისი	Dream	მტვერსასრუტი Dreame Cordless Vacuum Cleaner R10s Pro	2026-10-02 13:04:26
58158	2026-09-18 09:39:08.635	2026-09-18 09:39:02.839	80	5	0	ბათუმი	Alta	Mobile and Smartphones/ Honor/ Honor X9d 12GB/256GB Reddish Brown	2026-10-02 13:04:26
58022	2026-09-18 10:16:17.429	2026-09-18 10:16:10.607	80	5	0	თბილისი	MEGA	ტელევიზორი HISENSE 43E7Q	2026-10-02 13:04:26
58209	2026-09-18 10:20:23.762	2026-09-18 10:20:17.450	80	5	0		Dream	თმის სტაილერი Styler Dreame AirStyle Pro Gold Titanium (AMF18A)	2026-10-02 13:04:26
58176	2026-09-18 10:30:27.302	2026-09-18 10:28:13.659	80	5	0	თბილისი	Global Distribution	ჩასაშენებელი ჭურჭლის სარეცხი მანქანა MARAZZI W15D4B401R-E	2026-10-02 13:04:26
58161	2026-09-18 10:41:32.274	2026-09-18 10:41:05.621	80	5	0	გორი	Alta	Mobile and Smartphones/ Honor/ Honor 600 Lite 8GB/256GB Dual Sim Desert Gold	2026-10-02 13:04:26
58250	2026-09-18 11:03:14.830	2026-09-18 11:03:09.840	80	5	0	თბილისი	Franko	ელექტრო ღუმელი FRANKO FCO-1091	2026-10-02 13:04:26
58009	2026-09-18 11:03:59.910	2026-09-17 11:14:19.317	80	5	0	თელავი	MEGA	გაზქურა SIMFER FE6312 iXC (FFD)	2026-10-02 13:04:26
58155	2026-09-18 11:09:48.239	2026-09-18 11:04:17.053	80	5	0	რუსთავი	Global Distribution	გაზის წყლის გამაცხელებელი MARAZZI DE 1206	2026-10-02 13:04:26
58206	2026-09-18 11:36:20.613	2026-09-18 11:09:23.407	80	5	0	თბილისი	Franko	ორთქლის აპარატი FRANKO FSV-9038	2026-10-02 13:04:26
58180	2026-09-18 11:40:35.609	2026-09-18 11:40:30.900	80	5	0	თბილისი	Ninja (Geoteck)	აეროგრილი NINJA AF140EUCM	2026-10-02 13:04:26
58188	2026-09-18 11:49:11.307	2026-09-18 11:48:35.641	80	5	0	თბილისი	Dream	თმის სტაილერი Styler Dreame AirStyle Pro Purple (AMF18A)	2026-10-02 13:04:26
57922	2026-09-18 12:47:42.783	2026-09-18 10:54:55.543	80	5	0		MEGA	გაზქურა SIMFER FE6312 iXC (FFD)	2026-10-02 13:04:26
58268	2026-09-18 12:49:10.906	2026-09-18 12:49:01.327	80	5	1	გარდაბანი	Dream||Midea	სარეცხი მანქანა MIDEA  MF100W60 | რობოტი მტვერსასრუტი Dreame Robot Vacuum L40 EUB (RLL42SDA)	2026-10-02 13:04:26
57723	2026-09-18 12:55:40.525	2026-09-18 12:55:33.540	80	5	1	თბილისი	Beko (Technohouse)||MEGA	გამწოვი SIMFER 8658SM | ჩასაშენებელი ზედაპირი BEKO HIGG 641C3 SX b100	2026-10-02 13:04:26
57558	2026-09-18 12:55:48.099	2026-09-18 12:55:43.722	80	5	0		Alta	Mobile and Smartphones/ Xiaomi/ Xiaomi Redmi 17 4GB/128GB Black NFC	2026-10-02 13:04:26
57686	2026-09-18 13:04:36.975	2026-09-16 09:34:50.721	80	5	0	გარდაბანი	Domino	ტრიმერი ელექტრო Ryobi RLT3525 | სჭვალსახრახნი აკუმულატორი Ingco CIDLI20558 20 V 2х2.0 Ah Li-Ion Proline+акс	2026-10-02 13:04:26
58266	2026-09-18 13:18:10.423	2026-09-18 13:18:05.874	80	5	1		MEGA||Timeless	სარეცხი მანქანა საშრობით SAMSUNG WD11DG6B85BBLP | საათი Casio Quartz Wristwatch / LTP-1241D-2ADF	2026-10-02 13:04:26
58174	2026-09-18 13:38:00.813	2026-09-18 12:27:00.375	80	5	0	თბილისი	GOLDEN HANDS	ბავშვის ელექტრო მოტოციკლი 0001W	2026-10-02 13:04:26
58120	2026-09-18 13:47:07.069	2026-09-18 10:59:28.500	99	18	0	თბილისი	Dream	თმის სტაილერი Styler Dreame AirStyle Pro Gold Titanium (AMF18A)	2026-10-02 13:04:26
58259	2026-09-19 06:28:43.154	2026-09-19 06:28:38.893	99	18	0	თბილისი	EUROWOOD	SAGA კარადა სამი კარით და სარკით	2026-10-02 13:04:26
58388	2026-09-19 08:38:20.209	2026-09-19 08:38:14.228	80	5	1	თბილისი	ARDESTO ( ERC)||MEGA	პორტატული დინამიკი 2E-BSSXPWBK | თმის და წვერის საჭრელი PHILIPS MG3940/15	2026-10-02 13:04:26
58368	2026-09-19 08:39:06.116	2026-09-19 08:39:02.465	80	5	0	თბილისი	MEGA	მაცივარი HISENSE RD39WCWD-BI	2026-10-02 13:04:26
58363	2026-09-19 09:11:19.741	2026-09-19 09:11:11.891	80	5	0	თბილისი	Ninja (Geoteck)	აეროგრილი NINJA SL400EU | სამზარეულოს კომბაინი NINJA BN800EU	2026-10-02 13:04:26
58369	2026-09-19 09:55:30.602	2026-09-19 09:55:25.192	80	5	0		MIRZA	ორადგილიანი დივანი	2026-10-02 13:04:26
58351	2026-09-19 10:44:46.646	2026-09-19 10:31:01.363	80	5	0	თბილისი	EUROWOOD	ვიტრინებიანი კარადა NAVI, თეთრი	2026-10-02 13:04:26
58212	2026-09-19 10:47:54.232	2026-09-19 10:26:23.747	80	5	0	თბილისი	MIRZA	ორადგილიანი დივანი	2026-10-02 13:04:26
58335	2026-09-19 11:24:53.657	2026-09-19 11:24:49.702	80	5	0	გურჯაანი	MEGA	გაზქურა DIXI FF6400GFZB (mixed black)	2026-10-02 13:04:26
58307	2026-09-19 11:40:41.643	2026-09-19 11:40:37.663	80	5	0	თბილისი	Alta	ტელეფონი HONOR X8d 8GB/256GB Dual Sim Light Blue	2026-10-02 13:04:26
58340	2026-09-19 11:55:55.017	2026-09-19 11:55:17.685	99	18	0	რუსთავი	Trinx	ველოსიპედი TRINX M600ELITE	2026-10-02 13:04:26
58375	2026-09-19 12:11:41.477	2026-09-19 10:40:35.724	80	5	0	თბილისი	Alta	თმის უთო PHILIPS BHS752/00 | Hair Dryer/ Remington AC9095 E51 Silk AC Dryer	2026-10-02 13:04:26
58409	2026-09-19 12:13:21.246	2026-09-19 10:36:45.772	80	5	0		Alta	Mobile and Smartphones/ Honor/ Honor X7e 6GB/256GB Light Blue	2026-10-02 13:04:26
58257	2026-09-19 12:13:57.319	2026-09-19 12:13:53.436	80	5	0	წყალტუბო	MIRZA	საწოლი M1 | მატრასი ღია ზამბარა ერთქეჩიანი 160/200	2026-10-02 13:04:26
58385	2026-09-19 12:16:19.886	2026-09-19 12:16:15.725	80	5	0	თბილისი	Alta	Mobile and Smartphones/ Honor/ Honor X7e 6GB/128GB Midnight Black	2026-10-02 13:04:26
58165	2026-09-19 12:30:10.153	2026-09-19 12:29:33.925	80	5	0	რუსთავი	Franko	ხელის ბლენდერი FRANKO FHB-1183 | მიქსერი FRANKO FMX-1149	2026-10-02 13:04:26
58453	2026-09-19 12:42:25.530	2026-09-19 12:42:16.934	80	5	0		MEGA	მაცივარი HISENSE RD49WR/INOX	2026-10-02 13:04:26
58413	2026-09-19 13:03:03.699	2026-09-19 13:02:59.813	80	5	0	ბათუმი	Alta	Mobile and Smartphones/ Honor/ Honor X7e 6GB/128GB Light Blue	2026-10-02 13:04:26
58399	2026-09-19 13:14:26.913	2026-09-19 12:45:56.384	80	5	0	თბილისი	Midea	სარეცხის მანქანა MIDEA MF100W70	2026-10-02 13:04:26
58373	2026-09-19 13:15:28.346	2026-09-19 13:15:23.538	80	5	0	რუსთავი	Alta	ტელეფონი HONOR X8d 8GB/256GB Dual Sim Light Blue	2026-10-02 13:04:26
58323	2026-09-19 13:15:42.127	2026-09-19 11:16:43.735	80	5	0	თბილისი	KARCHER	Karcher რობოტი მტვერსასრუტი RVC 3	2026-10-02 13:04:26
58299	2026-09-19 13:28:53.907	2026-09-19 13:28:49.404	80	5	0	თბილისი	Alta	Espresso Coffee Maker/ Sencor SES 4910SS Espresso Machine	2026-10-02 13:04:26
58383	2026-09-19 13:30:32.108	2026-09-19 12:17:04.857	80	5	1	თბილისი	Alta||Domino	Monitor/ Samsung/ Odyssey G6 LS27BG650EIXCI 27" 2560x1440 QHD VA 1ms 240Hz Smart | აკრილის აბაზანა LENA 140X70 სმ B+L+FP+SP	2026-10-02 13:04:26
58281	2026-09-19 13:37:32.596	2026-09-19 13:28:30.808	99	18	0	თბილისი	Alta	Mobile and Smartphones/ Honor/ Honor 600 Lite 8GB/256GB Dual Sim Desert Gold	2026-10-02 13:04:26
58371	2026-09-19 14:09:36.723	2026-09-19 14:09:26.345	80	5	0		Global Distribution	წყლის დისპენსერი CHIGO ZGRS-SM90A01	2026-10-02 13:04:26
58221	2026-09-21 06:24:44.254	2026-09-19 10:21:05.797	80	5	0	თბილისი	Alta	Mobile and Smartphones/ Samsung/ Samsung A276B Galaxy A27 6GB/128GB 5G Duos Blue	2026-10-02 13:04:26
58039	2026-09-21 06:38:15.320	2026-09-21 06:38:08.580	80	5	1	თბილისი	Alta||Domino	TV Accessories/ Wall Brakets/ Colorview wall bracket full-motion LED-312 32-55", tilt +/-15°, swivel 180°, wall distance 50-420mm, Vesa 700/450mm, max support 40KG | კარნიზი ლითონის Delfa Lacio СК-24202/240/2Р 240 სმ | კარნიზი ჭერის Delfa СБ-060-1Л/250 | კაუჭების ნაკრები Delfa СФ16.5.01.00.020 თეთრი 20 ც | კარნიზი ლითონის Delfa Lacio СК-24202/160/2Р 160 სმ	2026-10-02 13:04:26
58235	2026-09-21 08:08:38.635	2026-09-21 08:08:33.657	80	5	0		MEGA	ტელევიზორი HISENSE 58E7Q	2026-10-02 13:04:26
58472	2026-09-21 08:21:01.218	2026-09-21 08:20:52.355	80	5	0	თბილისი	MEGA	სარეცხი მანქანა SAMSUNG WW80AG6L28BBLP	2026-10-02 13:04:26
58687	2026-09-21 08:28:39.999	2026-09-21 08:28:34.898	80	5	0		Domino	საოფისე სავარძელი შავი-წითელი 65x63x115 სმ	2026-10-02 13:04:26
58019	2026-09-21 09:14:51.211	2026-09-21 09:14:33.216	80	5	0		Alta	Mobile and Smartphones/ Honor/ Honor X7e 6GB/256GB Midnight Black	2026-10-02 13:04:26
58149	2026-09-21 09:55:10.523	2026-09-21 09:55:05.014	80	5	0	თბილისი	Domino	ტორშერი  Aimon Group 5028 140-190 სმ | ტაფა Baroly 2025101821GUYW661 24 სმ	2026-10-02 13:04:26
58689	2026-09-21 09:55:11.563	2026-09-21 09:39:07.695	80	5	0		MEGA	ტელევიზორი SKYWORTH 43E55G	2026-10-02 13:04:26
58622	2026-09-21 09:55:56.477	2026-09-21 09:46:58.655	80	5	0	თბილისი	Ninja (Geoteck)	ელექტრო სავარცხელი BABYLISS AS960E	2026-10-02 13:04:26
58234	2026-09-21 10:02:29.556	2026-09-21 10:02:23.630	80	5	0	თბილისი	Midea	სარეცხი მანქანა საშრობით MIDEA MFK03D105B/S	2026-10-02 13:04:26
58320	2026-09-21 10:08:32.060	2026-09-21 08:00:39.907	80	5	0	ბათუმი	Alta	Mobile and Smartphones/ Honor/ Honor 600 Lite 8GB/256GB Dual Sim Velvet Black	2026-10-02 13:04:26
58521	2026-09-21 10:10:33.173	2026-09-21 10:10:27.261	80	5	0	ბათუმი	Midea	სარეცხი მანქანა საშრობით MIDEA MFK03D105B/S	2026-10-02 13:04:26
58397	2026-09-21 10:14:42.688	2026-09-21 10:14:37.537	80	5	0		GOLDEN HANDS	საბავშვო ელექტრო BJLB-2028-R	2026-10-02 13:04:26
58146	2026-09-21 10:19:16.927	2026-09-21 10:19:12.761	80	5	0	თბილისი	MEGA	სარეცხი მანქანა SAMSUNG WW11CGP44CSBLP	2026-10-02 13:04:26
58740	2026-09-21 10:46:17.283	NULL	80	99	0		Franko	ბარის მაცივარი FRANKO FMB-48DFS	2026-10-02 13:04:26
58223	2026-09-21 10:55:32.456	2026-09-21 10:55:28.226	99	18	0	ტყიბული	BESTWAY ( ANKO)	კარავი 4 კაციანი bestway	2026-10-02 13:04:26
58555	2026-09-21 10:56:24.582	2026-09-21 10:56:20.551	80	5	0	სიღნაღი	Dream	რობოტი მტვერსასრუტი Dreame Robot Vacuum L50 Ultra AE Black (RLL51SE) EUA	2026-10-02 13:04:26
58696	2026-09-21 11:09:14.342	2026-09-21 11:09:10.261	99	18	0		Alta	Heater/ Akog/ AKOG-100-SP (SIT) BLACK (80-100 კვ2)	2026-10-02 13:04:26
58582	2026-09-21 11:34:13.826	2026-09-21 11:34:09.902	80	5	0	ბორჯომი	Global Distribution	სარეცხი მანქანა საშრობით MARAZZI WMD-DD-12802FL99(S/DG)	2026-10-02 13:04:26
58459	2026-09-21 11:35:49.656	2026-09-21 11:35:45.392	80	5	0	თბილისი	Domino	მანძილმზომი Bosch GLM 25-23 Professional	2026-10-02 13:04:26
58546	2026-09-21 11:56:41.421	2026-09-21 11:56:36.157	80	5	0	თბილისი	MEGA	მტვერსასრუტი მტვრის ტომრით Karcher VC 2 White	2026-10-02 13:04:26
58717	2026-09-21 12:01:00.907	2026-09-21 12:00:56.290	80	5	0		Alta	Mobile and Smartphones/ Samsung/ Samsung A276B Galaxy A27 6GB/128GB 5G Duos Blue	2026-10-02 13:04:26
58712	2026-09-21 12:33:15.884	2026-09-21 12:33:12.056	80	5	0	ქუთაისი	MEGA	ტელევიზორი HISENSE 32A4Q	2026-10-02 13:04:26
58710	2026-09-21 12:44:57.817	2026-09-21 12:44:31.650	80	5	0	თბილისი	Alta	TV/ QLED/ TCL/ QLED TV  50"(127cm)/ 50S5K  Google TV FHD 1920x1080 HDR10 6.5ms 178* 220cd/m2 4000:1 DVB-T2/S/S2/C BT5.0 WiFi LAN HDMI USB 2x5W VESA 200x200	2026-10-02 13:04:26
58741	2026-09-21 12:46:41.850	2026-09-21 12:46:35.199	80	5	0	ბორჯომი	Dream	თმის სტაილერი Styler Dreame AirStyle Pro Purple (AMF18A)	2026-10-02 13:04:26
58294	2026-09-21 12:56:25.475	2026-09-21 12:56:18.885	80	5	0		Domino	ლამინატი KronoOriginal Castello Classic 4282 მუხა Reykjavik 1285x192x8 AC4/32	2026-10-02 13:04:26
58559	2026-09-21 13:12:32.969	2026-09-21 13:12:28.245	80	5	0	რუსთავი	Alta	Mobile and Smartphones/ Xiaomi/ Xiaomi Redmi 17 4GB/128GB Black NFC	2026-10-02 13:04:26
58216	2026-09-21 13:27:28.814	2026-09-21 13:27:22.804	80	5	0	თბილისი	Timeless	საათი Casio Quartz Wristwatch / MTP-VD01D-2BVUDF	2026-10-02 13:04:26
58435	2026-09-21 13:29:18.955	2026-09-21 10:15:49.887	80	5	0	მცხეთა	Alta	Mobile and Smartphones/ Honor/ Honor X9d 12GB/256GB Forest Green	2026-10-02 13:04:26
58678	2026-09-21 13:30:35.539	2026-09-21 13:30:31.151	80	5	0	თბილისი	Global Distribution	გაზის წყლის გამაცხელებელი MARAZZI DE 1206	2026-10-02 13:04:26
58585	2026-09-21 13:31:42.618	2026-09-21 13:31:36.688	80	5	0	თბილისი	Alta	Mobile and Smartphones/ Samsung/ Samsung A276B Galaxy A27 6GB/128GB 5G Duos Blue	2026-10-02 13:04:26
58613	2026-09-21 13:31:44.686	2026-09-21 13:31:40.032	80	5	0	თბილისი	Dream	მტვერსასრუტი Dreame Cordless Vacuum Cleaner R20 Ultra	2026-10-02 13:04:26
58616	2026-09-21 13:42:29.928	2026-09-21 13:37:48.976	80	5	1	თბილისი	Domino||MEGA	უთო PHILIPS DST5040/80 | ბალიში ბუმბულით Royal Home  50/70სმ	2026-10-02 13:04:26
58584	2026-09-21 13:49:04.754	2026-09-21 13:49:00.489	80	5	0	რუსთავი	Dream	აეროგრილი DREAME DZ30 - Black	2026-10-02 13:04:26
58541	2026-09-21 13:52:18.443	2026-09-21 13:52:13.265	80	5	0	თბილისი	Midea	სარეცხის მანქანა MIDEA MF100W70	2026-10-02 13:04:26
58419	2026-09-21 16:02:10.581	2026-09-21 16:02:06.235	80	5	0	თბილისი	Franko	ელექტრო ღუმელი FRANKO FCO-1091	2026-10-02 13:04:26
58141	2026-09-21 16:03:03.453	2026-09-21 16:02:59.249	80	5	0	თბილისი	Alta	Mobile and Smartphones/ Xiaomi/ Xiaomi Redmi 17 4GB/256GB Black NFC	2026-10-02 13:04:26
58412	2026-09-22 06:32:59.846	2026-09-22 06:32:51.732	80	5	0	თბილისი	M&S HOLDING (ARSHIA)	ჩირის აპარატი ARSHIA FD110-2830 26382	2026-10-02 13:04:26
58707	2026-09-22 06:53:02.219	2026-09-22 06:52:55.059	80	5	0	ბათუმი	Franko	ელექტრო ღუმელი FRANKO FCO-1091	2026-10-02 13:04:26
58594	2026-09-22 07:09:02.498	2026-09-22 07:08:55.279	80	5	0	თბილისი	Beko (Technohouse)	ესპრესოს ყავის აპარატი BEKO CEG 7302 B	2026-10-02 13:04:26
58861	2026-09-22 07:15:25.099	NULL	80	99	0		UMS Couturier	საკერავი მანქანა JANOME 311PG	2026-10-02 13:04:26
58702	2026-09-22 07:59:01.221	2026-09-22 07:58:53.760	99	18	0			ლინოლეუმი Beauflor Dorset 669M 4 მ	2026-10-02 13:04:26
58476	2026-09-22 08:14:27.939	2026-09-22 08:14:23.226	80	5	0	რუსთავი	Alta	Mobile and Smartphones/ Honor/ HONOR X8d 8GB/256GB Dual Sim Velvet Grey	2026-10-02 13:04:26
58367	2026-09-22 08:20:03.819	2026-09-19 11:41:47.378	80	5	0	თბილისი	Domino	ჭაღი HX D443 6xG9 60W ოქროსფერი | ჭაღი Crystal Chandelier E14 8 MAX 60W 93240 ვერცხლისფერი შუშა	2026-10-02 13:04:26
58600	2026-09-22 08:28:52.525	2026-09-22 08:28:48.037	80	5	0		MEGA	მაცივარი HISENSE RD-23DC SILVER	2026-10-02 13:04:26
58625	2026-09-22 08:36:53.028	2026-09-22 08:36:47.420	80	5	0	თბილისი	Alta	Mobile and Smartphones/ Samsung/ Samsung A576B Galaxy A57 5G 8GB/128GB Duos Dark Blue	2026-10-02 13:04:26
58867	2026-09-22 08:56:35.661	2026-09-22 08:56:28.708	80	5	0		Dream	თმის სტაილერი Styler Dreame AirStyle Pro Purple (AMF18A)	2026-10-02 13:04:26
58856	2026-09-22 08:58:38.832	2026-09-22 08:53:28.200	80	5	0	ბორჯომი	Alta	Mobile and Smartphones/ Honor/ Honor 600 Lite 8GB/256GB Dual Sim Velvet Black	2026-10-02 13:04:26
58692	2026-09-22 09:07:36.675	2026-09-21 13:42:17.466	80	5	0	თბილისი	Ninja (Geoteck)	ნაყინის აპარატი NINJA NC701EU	2026-10-02 13:04:26
58805	2026-09-22 09:13:10.487	2026-09-22 09:11:28.819	80	5	0	თბილისი	Beko (Technohouse)	ტელევიზორი SUNNY 50'' (SN50FIL252/0276) WebOS	2026-10-02 13:04:26
58427	2026-09-22 10:31:32.567	2026-09-22 06:32:19.337	80	5	0	ბორჯომი	KARCHER	სველი წმენდის მტვერსასრუტი Kärcher FCV 3	2026-10-02 13:04:26
58673	2026-09-22 10:32:54.139	2026-09-22 10:32:35.616	80	5	0	სამტრედია	Zoommer	ელექტრო სკუტერი Xiaomi Electric Scooter 6 Lite	2026-10-02 13:04:26
58909	2026-09-22 11:04:08.032	NULL	80	99	0		MEGA	მაცივარი LG GR-B22FFLZB.APYQMER	2026-10-02 13:04:26
58756	2026-09-22 11:09:49.829	2026-09-22 11:09:45.617	80	5	1	ქუთაისი	ARDESTO ( ERC)||M&S HOLDING (ARSHIA)||Ninja (Geoteck)	სამზარეულოს ნაკრები პლასტმასის ARSHIA UL360-1084 26385 | სამზარეულოს კომბაინი NINJA BN800EU | დანების ნაკრები ARDESTO AR2106SB	2026-10-02 13:04:26
58720	2026-09-22 11:25:29.285	2026-09-22 11:24:30.180	80	5	0	თბილისი	Dream	მტვერსასრუტი DREAME R10s (VZV22A)	2026-10-02 13:04:26
58113	2026-09-22 11:28:25.520	2026-09-18 11:10:37.351	80	5	1	თბილისი	ARDESTO ( ERC)||EUROWOOD	ჰაერის საქშენი 2E-EBV30 | SIRIUS მინებიანი ტუმბო ორი კარით და უჯრებით	2026-10-02 13:04:26
58843	2026-09-22 11:28:51.460	2026-09-22 11:07:48.876	80	5	0	სიღნაღი	Alta	Mobile and Smartphones/ Samsung/ Samsung A276B Galaxy A27 6GB/128GB 5G Duos Light Pink	2026-10-02 13:04:26
58714	2026-09-22 12:06:10.496	2026-09-22 11:18:12.794	80	5	1	თბილისი	Dream||MEGA	მტვერსასრუტი Dreame Cordless Vacuum Cleaner R10s Pro | მიკროტალღური ღუმელი SAMSUNG MS23K3614AK/BW	2026-10-02 13:04:26
58751	2026-09-22 12:11:05.367	2026-09-22 12:11:01.700	80	5	0	ბათუმი	Alta	Kitchen Machine/ Sencor STM 3760WH Food Processor	2026-10-02 13:04:26
58815	2026-09-22 12:31:18.517	2026-09-22 12:31:14.422	80	5	0	ჭიათურა	Elit	მაცივარი GORENJE ქვედა საყინულით NRK6192AS4	2026-10-02 13:04:26
58222	2026-09-22 12:33:11.711	2026-09-22 12:33:06.267	80	5	0	წყალტუბო	MEGA	ტელევიზორი HISENSE 32A4Q	2026-10-02 13:04:26
58677	2026-09-22 12:34:28.178	2026-09-22 12:34:21.891	80	5	0	თბილისი	Dream	მტვერსასრუტი Dreame Cordless Vacuum Cleaner R20 Ultra	2026-10-02 13:04:26
58905	2026-09-22 12:41:48.626	2026-09-22 12:41:14.143	80	5	0	თბილისი	GOLDEN HANDS	საწოლ-მანეჟი P-003CM4-CER	2026-10-02 13:04:26
58653	2026-09-22 12:46:30.196	2026-09-22 12:46:23.235	80	5	0	რუსთავი	Alta	Mobile and Smartphones/ Honor/ Honor X9d 12GB/256GB Forest Green	2026-10-02 13:04:26
58693	2026-09-22 12:50:22.803	2026-09-22 12:27:28.232	80	5	0	თბილისი	GOLDEN HANDS	G-Class 318 საბავშვო ელექტრო MR-318-B	2026-10-02 13:04:26
58916	2026-09-22 12:57:55.507	2026-09-22 12:57:51.512	80	5	0	თბილისი	Midea	გაზის წყლის გამაცხელებელი MIDEA JSG22-11VLS	2026-10-02 13:04:26
58922	2026-09-22 13:22:16.458	2026-09-22 13:22:12.135	80	5	0	თბილისი	Alta	Mobile and Smartphones/ Xiaomi/ Xiaomi Redmi Note 15 Pro 12GB/512GB NFC Black	2026-10-02 13:04:26
58798	2026-09-22 13:39:55.516	2026-09-22 13:39:51.538	80	5	0	ჩხოროწყუ	Global Distribution	სარეცხი მანქანა MARAZZI WM701FL66(S/DG)	2026-10-02 13:04:26
58823	2026-09-22 13:53:57.430	2026-09-22 13:53:53.523	80	5	0	ბათუმი	Global Distribution	საყინულე MARAZZI CF-500FS(SW)	2026-10-02 13:04:26
58850	2026-09-22 13:54:51.512	2026-09-22 13:46:05.331	80	5	0	თბილისი	Trinx	ველოსიპედი JUNIOR 2.0	2026-10-02 13:04:26
58893	2026-09-22 13:58:29.003	2026-09-22 13:58:25.151	80	5	0	თბილისი	Alta	Mobile and Smartphones/ Samsung/ Samsung A276B Galaxy A27 8GB/256GB 5G Duos Black	2026-10-02 13:04:26
58946	2026-09-22 13:59:14.199	2026-09-22 13:59:09.997	81	5	1		Beko (Technohouse)||MEGA||MIRZA	თარო რკინის კონსტრუქციით A-13 | ბლენდერი BRAUN JB3272SI | ჩოფერი BEKO CHP 62522 W	2026-10-02 13:04:26
58872	2026-09-23 06:30:00.502	2026-09-23 06:29:56.038	80	5	0	თბილისი	AMBOLI	საბურავი 195/60R15 NEXEN N'PRIZ AH8	2026-10-02 13:04:26
58841	2026-09-23 06:38:20.785	2026-09-23 06:38:16.101	80	5	0	თბილისი	Timeless	საათი Casio Quartz Wristwatch/LA670WGA-1DF | საათი Casio Quartz Wristwatch / LTP-1094Q-7B4RDF	2026-10-02 13:04:26
58256	2026-09-23 06:46:02.414	2026-09-23 06:45:56.944	80	5	0	თბილისი	Global Distribution	სარეცხი მანქანა საშრობით MARAZZI WMD-10702FL36(S/DG)	2026-10-02 13:04:26
58439	2026-09-23 06:46:29.417	2026-09-23 06:46:24.369	80	5	1	თბილისი	Alta||MEGA	მტვერსასრუტი SAMSUNG VC18M31A0HP/EV | Coffee Grinder/ Sencor SCG 2051BK Coffee Grinder, 150W, 116 × 116 × 176	2026-10-02 13:04:26
58928	2026-09-23 06:54:37.456	2026-09-23 06:54:32.886	80	5	0	თბილისი	Midea	ჩასაშენებელი ღუმელი MIDEA MO 37058 X	2026-10-02 13:04:26
58891	2026-09-23 07:10:57.601	2026-09-23 07:10:42.861	80	5	0	ბათუმი	Dream	თმის სტაილერი Styler Dreame AirStyle Pro Purple (AMF18A)	2026-10-02 13:04:26
57557	2026-09-23 07:37:07.244	2026-09-23 07:37:03.022	80	5	0	ადიგენი	Midea	მაცივარი MIDEA MDRF692MIE28	2026-10-02 13:04:26
59024	2026-09-23 07:51:41.254	2026-09-23 07:51:37.009	80	5	0		Alta	Mobile and Smartphones/ Samsung/ Samsung SM-A085F Galaxy A08 6GB/128GB LTE Duos Dark Blue	2026-10-02 13:04:26
58859	2026-09-23 08:17:38.386	2026-09-23 08:17:34.396	99	18	0	თბილისი		მაცივარი MIDEA MDRB424FGF01O	2026-10-02 13:04:26
58858	2026-09-23 08:22:16.566	2026-09-23 08:22:12.455	80	5	0		ARDESTO ( ERC)	სარეცხი მანქანა ARDESTO WMW-8105WI	2026-10-02 13:04:26
58725	2026-09-23 08:24:36.797	2026-09-23 08:24:31.988	80	5	0	თბილისი	Dream	აეროგრილი DREAME DZ30 - Black	2026-10-02 13:04:26
58883	2026-09-23 08:25:05.293	2026-09-23 08:25:00.597	80	5	0		TAMKERA ( შპს კვაირი	აირგამათბობელი AG-12მ	2026-10-02 13:04:26
58965	2026-09-23 08:40:55.088	2026-09-23 08:18:47.100	80	5	0	თბილისი	AMBOLI	პორტატული დინამიკი 2E-BSSXDWBK | ტრანსმისიის ზეთი OEM Toyota ATF T-IV 4ლ	2026-10-02 13:04:26
58924	2026-09-23 08:44:49.237	2026-09-23 08:44:43.078	80	5	0		BESTWAY ( ANKO)	კარავი 4კაციანი “NuCamp” BESTWAY 68006	2026-10-02 13:04:26
58991	2026-09-23 08:52:44.212	2026-09-23 08:52:31.131	80	5	0	თბილისი	MIRZA	კუთხის დივანი ამბასადორი	2026-10-02 13:04:26
58919	2026-09-23 09:00:07.303	2026-09-23 09:00:03.577	80	5	0	თბილისი	Alta	Mobile and Smartphones/ Honor/ Honor 600 Lite 8GB/256GB Dual Sim Velvet Black	2026-10-02 13:04:26
58806	2026-09-23 09:51:12.722	2026-09-23 09:51:08.716	80	5	0	თბილისი	MEGA	წვერსაპარსი PHILIPS S3343/13	2026-10-02 13:04:26
59049	2026-09-23 09:56:47.066	2026-09-23 09:56:42.612	80	5	0	თბილისი	Beko (Technohouse)	ელექტრო ღუმელი MILLEN MMO45X	2026-10-02 13:04:26
58240	2026-09-23 09:59:36.468	2026-09-23 09:59:30.314	80	5	0		Alta	Mobile and Smartphones/ Honor/ Honor X7e 6GB/256GB Light Blue	2026-10-02 13:04:26
59019	2026-09-23 10:07:04.742	2026-09-23 08:43:28.583	80	5	0	თბილისი	Midea	სარეცხის მანქანა MIDEA MF100W70	2026-10-02 13:04:26
58492	2026-09-23 10:11:32.124	2026-09-21 13:31:01.525	80	5	0	თბილისი	Beko (Technohouse)	გაზქურა BEKO FBE6330GXDSN	2026-10-02 13:04:26
59035	2026-09-23 10:11:45.577	2026-09-23 10:11:40.405	80	5	1	თბილისი	Alta||Domino||MEGA	Hair Dryer/ Remington AC9095 E51 Silk AC Dryer | თაროების კომპლექტი Domax თეთრი 3 ც | ხელის ბლენდერი BRAUN MQ7035X | თმის საჭრელი PANASONIC ER-GB60-K520	2026-10-02 13:04:26
58988	2026-09-23 10:15:38.208	2026-09-23 10:15:33.782	80	5	0	ბორჯომი	Franko	თმის სტაილერი FRANKO FHS-9043	2026-10-02 13:04:26
58531	2026-09-23 10:19:36.556	2026-09-22 10:52:28.060	80	5	0	სტეფანწმინდა	Global Distribution	სარეცხი მანქანა MARAZZI WM701FL66(S/DG)	2026-10-02 13:04:26
58908	2026-09-23 10:44:38.293	2026-09-23 10:44:27.876	80	5	0	თბილისი	Midea	სარეცხის მანქანა MIDEA MF100W70	2026-10-02 13:04:26
58688	2026-09-23 11:19:32.009	2026-09-23 11:19:23.915	80	5	0		Alta	Heater/ Akog/ AKOG-5-SP (SIT) GRAFIT (55-70კვ2)	2026-10-02 13:04:26
58730	2026-09-23 11:24:02.711	2026-09-23 11:23:57.196	80	5	0	ბოლნისი	MEGA	ჩასაშენებელი ზედაპირი SAMSUNG NA64H3010AS/WT	2026-10-02 13:04:26
58747	2026-09-23 11:25:51.670	2026-09-23 11:25:25.408	80	5	0		Global Distribution	სარეცხი მანქანა CHIGO CWF704G	2026-10-02 13:04:26
58461	2026-09-23 11:39:05.158	2026-09-23 11:23:24.021	80	5	0		Global Distribution	გაზის წყლის გამაცხელებელი MARAZZI DE 1206	2026-10-02 13:04:26
58939	2026-09-23 11:54:21.855	2026-09-23 11:54:16.712	80	5	0	თბილისი	Franko	თმის სტაილერი FRANKO FHS-9043	2026-10-02 13:04:26
59038	2026-09-23 11:56:58.136	2026-09-23 11:56:53.965	80	5	0	თბილისი	Beko (Technohouse)	აეროგრილი GRUNDIG FRY 9320	2026-10-02 13:04:26
59066	2026-09-23 12:01:01.072	2026-09-23 11:19:12.739	80	5	0	მცხეთა	Domino	აბაზანის ავეჯის კომპლექტი სარკით Layla Stainless Steel FYB001-80 SW01 | უნიტაზი-კომპაქტი Monaco HTT-HN08 (N) | საშხაპე სისტემა Valtemo Aqua Chrome VS-2536	2026-10-02 13:04:26
58853	2026-09-23 12:16:38.361	2026-09-23 12:16:33.913	80	5	0	თბილისი	Timeless	Ania Haie N005-01G ქალის ყელსაბამი	2026-10-02 13:04:26
58959	2026-09-23 12:48:46.032	2026-09-23 12:48:38.787	99	18	0	თბილისი		რობოტი მტვერსასრუტი Dreame D20 Plus (RLD35GD)	2026-10-02 13:04:26
58955	2026-09-23 12:49:31.983	2026-09-23 12:49:27.112	80	5	0		Global Distribution	გაზის წყლის გამაცხელებელი MARAZZI  DE 1202	2026-10-02 13:04:26
59027	2026-09-23 13:21:19.247	2026-09-23 13:21:12.805	80	5	0	თბილისი	MEGA	მაცივარი HISENSE RD39WCWD-BI	2026-10-02 13:04:26
59102	2026-09-23 13:32:08.473	2026-09-23 13:32:03.335	80	5	0		Alta	Heater/ Akog/ AKOG-5-SP (SIT) GRAFIT (55-70კვ2)	2026-10-02 13:04:26
59098	2026-09-23 13:33:18.077	2026-09-23 13:33:07.561	80	5	0		Trinx	TRINX, M700 ELITE, ველოსიპედი, KENDA 27.5"*2.1", 27 სიჩქარე,	2026-10-02 13:04:26
59057	2026-09-23 13:33:20.237	2026-09-23 13:01:40.534	80	5	0	სამტრედია	Alta	Mobile and Smartphones/ Honor/ Honor X9d 12GB/256GB Forest Green	2026-10-02 13:04:26
58894	2026-09-23 13:33:27.553	2026-09-23 13:16:11.414	80	5	0	მესტია	Alta	Mobile and Smartphones/ Samsung/ Samsung A077F Galaxy A07s 4GB/64GB LTE Duos Light Violet	2026-10-02 13:04:26
59083	2026-09-23 13:34:41.601	2026-09-23 13:34:37.898	80	5	0	წყალტუბო	Alta	TV/ QLED/ TCL/ QLED TV  32"(81cm) / 32S5K  Google TV FHD 1920x1080 HDR10 6.5ms 178* 220cd/m2 4000:1 DVB-T2/S/S2/C BT5.0 WiFi LAN HDMI USB 2x5W VESA100	2026-10-02 13:04:26
58934	2026-09-23 14:00:49.984	2026-09-23 13:12:44.988	80	5	0		Beko (Technohouse)	სარეცხი მანქანა BEKO WM419CAI	2026-10-02 13:04:26
58704	2026-09-23 14:01:58.584	2026-09-23 08:27:49.295	80	5	0	რუსთავი	Alta	Mobile and Smartphones/ Samsung/ Samsung A376E Galaxy A37 5G 8GB/128GB Duos White	2026-10-02 13:04:26
59037	2026-09-24 06:16:25.891	2026-09-24 06:16:21.663	80	5	0	თბილისი	Franko	ტელევიზორი FRANKO 43WHF1300	2026-10-02 13:04:26
58803	2026-09-24 06:33:23.779	2026-09-24 06:33:17.139	80	5	0	თბილისი	Dream	თმის სტაილერი Styler Dreame AirStyle Pro Purple (AMF18A)	2026-10-02 13:04:26
58986	2026-09-24 06:55:38.215	2026-09-24 06:55:33.916	80	5	1	თბილისი	Alta||Franko	Mobile and Smartphones/ Honor/ Honor 600 Lite 8GB/256GB Dual Sim Velvet Grey | თმის სტაილერი FRANKO FHS-9043	2026-10-02 13:04:26
58676	2026-09-24 07:17:55.587	2026-09-24 07:17:50.972	80	5	0	თბილისი	Dream	რობოტი მტვერსასრუტი Dreame Robot Vacuum D20 Pro Plus Black (RLD43SD)	2026-10-02 13:04:26
59093	2026-09-24 07:57:05.417	2026-09-24 07:57:01.423	80	5	0	თბილისი	MEGA	მაცივარი HISENSE RD32WRN/INOX	2026-10-02 13:04:26
59209	2026-09-24 08:09:36.255	2026-09-24 08:09:32.702	80	5	0	თბილისი	GOLDEN HANDS	საბავშვო ელექტრო მოტოციკლი M-6688-R	2026-10-02 13:04:26
58681	2026-09-24 08:35:41.481	2026-09-24 08:35:36.512	80	5	0		MEGA	უთო BRAUN SI5188BK	2026-10-02 13:04:26
59154	2026-09-24 08:39:47.747	2026-09-24 08:38:39.281	80	5	0	თბილისი	Dream	რობოტი მტვერსასრუტი Dreame Robot Vacuum D30 Ultra Black (RTD31TE) EUA	2026-10-02 13:04:26
59225	2026-09-24 08:46:05.008	2026-09-24 08:46:00.623	80	5	0		ARDESTO ( ERC)	მაცივარი ARDESTO DNF-M326W200	2026-10-02 13:04:26
59189	2026-09-24 08:48:52.992	2026-09-24 08:48:47.938	80	5	1	რუსთავი	Franko||Midea	ჩასაშენებელი ზედაპირი FRANKO FBH-6041GB | გამწოვი MIDEA MH60I350W	2026-10-02 13:04:26
59227	2026-09-24 08:50:31.770	2026-09-24 08:50:25.993	80	5	0		Dream	რობოტი მტვერსასრუტი Dreame Robot Vacuum D20 Pro Plus Black (RLD43SD)	2026-10-02 13:04:26
59237	2026-09-24 09:54:26.904	2026-09-24 09:54:17.199	80	5	0	თბილისი	Midea	მტვერსასრუტი MIDEA MX05GEBK	2026-10-02 13:04:26
59161	2026-09-24 10:15:38.345	2026-09-24 10:15:34.111	80	5	0	თბილისი	Alta	Mobile and Smartphones/ Honor/ Honor X7e 6GB/256GB Midnight Black	2026-10-02 13:04:26
59214	2026-09-24 10:24:24.129	2026-09-24 10:24:19.758	80	5	0	თბილისი	Midea	მტვერსასრუტი MIDEA MX05GEBK	2026-10-02 13:04:26
59197	2026-09-24 10:27:14.868	2026-09-24 10:27:07.633	80	5	0	თბილისი	MIRZA	საწოლი M1	2026-10-02 13:04:26
59243	2026-09-24 10:57:19.227	2026-09-24 10:57:15.006	80	5	0		MEGA	ტელევიზორი SAMSUNG UE43F6000FUXRU	2026-10-02 13:04:26
58249	2026-09-24 10:58:30.120	2026-09-24 10:48:15.654	80	5	0	ყვარელი	Alta	Mobile and Smartphones/ Honor/ Honor 600 Lite 8GB/256GB Dual Sim Velvet Grey	2026-10-02 13:04:26
59217	2026-09-24 11:42:56.051	2026-09-24 09:26:41.705	80	5	0	თბილისი	MEGA	ტელევიზორი HISENSE 43E7Q	2026-10-02 13:04:26
59236	2026-09-24 11:50:16.880	2026-09-24 11:50:09.182	80	5	0		Alta	Tablets/ Blackview/ Blackview LINK 1 KIDS  WI-FI 8.68''  HD+ 4GB 64GB BLUE	2026-10-02 13:04:26
58785	2026-09-24 12:02:03.474	2026-09-24 12:01:57.058	80	5	0	ფოთი	Alta	ფლეისთეიშენი PlayStation 5 Console - 1 TB	2026-10-02 13:04:26
59021	2026-09-24 12:22:17.940	2026-09-24 12:22:08.285	80	5	0		Alta	ფლეისთეიშენი PlayStation 5 Console - 1 TB	2026-10-02 13:04:26
59173	2026-09-24 12:32:39.092	2026-09-24 12:30:32.819	80	5	0	თბილისი	Global Distribution	სარეცხი მანქანა SHARP ES-FE612DLZ-S	2026-10-02 13:04:26
59191	2026-09-24 12:37:03.888	2026-09-24 12:21:46.850	80	5	0	თბილისი	Global Distribution	სარეცხი მანქანა საშრობით MARAZZI WMD-10702FL36(S/W)	2026-10-02 13:04:26
59274	2026-09-24 12:45:13.906	2026-09-24 12:35:13.634	80	5	1		Franko||Ninja (Geoteck)||Zoommer	ტელევიზორი FRANKO FTV-32N4000 | მტვერსასრუტი SHARK IZ201EU | პრინტერი HP Laser MFP 137fnw 4ZB84A	2026-10-02 13:04:26
59279	2026-09-24 13:00:13.257	2026-09-24 13:00:02.347	80	5	0		Domino	რადიატორი ალუმინის Leeya HF-500PTW Black 500 მმ	2026-10-02 13:04:26
59231	2026-09-24 13:00:45.594	2026-09-24 12:44:09.640	80	5	0		Alta	თმის უთო PHILIPS BHS752/00	2026-10-02 13:04:26
59272	2026-09-24 13:11:42.790	2026-09-24 13:03:53.016	80	5	0	თბილისი	Domino	დანა-ჩანგლის ნაკრები Berllong BCR-0074	2026-10-02 13:04:26
59143	2026-09-24 13:45:50.180	2026-09-24 11:52:35.603	80	5	0	თბილისი	Midea	ცენტრალური გათბობის ქვაბი MIDEA L1PB28-C28WM | სარეცხი მანქანა MIDEA MF01610US40/W	2026-10-02 13:04:26
59141	2026-09-25 06:29:43.915	2026-09-25 06:29:39.780	80	5	0	ოზურგეთი	Global Distribution	გაზის წყლის გამაცხელებელი MARAZZI DE 1206	2026-10-02 13:04:26
59147	2026-09-25 06:58:25.422	2026-09-24 10:11:04.288	80	5	0	თბილისი	Alta	Mobile and Smartphones/ Honor/ Honor X9d 12GB/256GB Forest Green	2026-10-02 13:04:26
59293	2026-09-25 07:03:39.273	2026-09-25 07:03:28.150	80	5	0	თბილისი	Alta	TV/ QLED/ TCL/ QLED TV  43"(109cm)/ 43S5K  Google TV FHD 1920x1080 HDR10 6.5ms 178* 220cd/m2 4000:1 DVB-T2/S/S2/C BT5.0 WiFi LAN HDMI USB 2x5W VESA100	2026-10-02 13:04:26
59319	2026-09-25 07:13:57.398	2026-09-25 07:13:53.447	80	5	0	ბათუმი	Midea	სარეცხის საშრობი MIDEA MD1180BH60/T	2026-10-02 13:04:26
59267	2026-09-25 07:16:25.847	2026-09-25 07:12:20.472	80	5	0		Ninja (Geoteck)	ფენი BABYLISS D6555DE	2026-10-02 13:04:26
59298	2026-09-25 07:26:43.626	2026-09-25 07:26:37.341	80	5	0	თბილისი	Zoommer	ელექტრო სკუტერი Segway Ninebot Kickscooter E2	2026-10-02 13:04:26
59311	2026-09-25 07:49:44.204	2026-09-25 07:49:40.271	80	5	0	თბილისი	MEGA	მტვერსასრუტი SAMSUNG VCC885HH3P/XEV	2026-10-02 13:04:26
59322	2026-09-25 08:03:06.829	2026-09-25 08:02:57.028	80	5	0	თბილისი	Global Distribution	სარეცხი მანქანა MARAZZI WM701FL66(S/DG)	2026-10-02 13:04:26
59101	2026-09-25 08:26:14.832	2026-09-25 08:26:09.374	80	5	0		Alta	Mobile and Smartphones/ Samsung/ Samsung A077F Galaxy A07s 4GB/64GB LTE Duos Green	2026-10-02 13:04:26
59313	2026-09-25 08:37:40.467	2026-09-25 08:37:36.576	80	5	0		Alta	Mobile and Smartphones/ Honor/ Honor 600 Lite 8GB/256GB Dual Sim Desert Gold	2026-10-02 13:04:26
59339	2026-09-25 09:07:03.557	2026-09-25 09:06:58.546	80	5	0	ბათუმი	Midea	სარეცხი მანქანა MIDEA MF210W100WB/T	2026-10-02 13:04:26
59160	2026-09-25 09:45:36.230	2026-09-25 09:45:31.741	80	5	0	თბილისი	Beko (Technohouse)	სარეცხი მანქანა BEKO WSPD73612W b100	2026-10-02 13:04:26
59356	2026-09-25 09:49:49.318	2026-09-25 09:49:44.001	80	5	1	თბილისი	Midea||Timeless	მტვერსასრუტი MIDEA VSS-P9-LITE | საათი Casio Quartz Wristwatch / LTP-1215A-2ADF	2026-10-02 13:04:26
59366	2026-09-25 10:05:07.188	2026-09-25 10:04:24.669	80	5	0	თბილისი	Alta	Mobile and Smartphones/ Samsung/ Samsung A077F Galaxy A07s 4GB/64GB LTE Duos Green | Mobile and Smartphones/ Samsung/ Samsung A077F Galaxy A07s 4GB/64GB LTE Duos Light Violet	2026-10-02 13:04:26
59306	2026-09-25 10:10:04.748	2026-09-25 10:10:00.384	80	5	0		MEGA	გაზქურა DIXI FF6400GFZj (mixed inox)	2026-10-02 13:04:26
58878	2026-09-25 10:27:41.278	2026-09-24 10:29:39.345	80	5	0	ბათუმი	Midea	ტენის ამომშრობი MIDEA MDDQ-12DEN7	2026-10-02 13:04:26
59357	2026-09-25 10:51:01.056	2026-09-25 10:46:27.021	80	5	0		MEGA	მტვერსასრუტი SAMSUNG VC18M2110SB/EV	2026-10-02 13:04:26
59310	2026-09-25 12:31:18.726	2026-09-25 12:31:13.662	80	5	0	თბილისი	GREE ( შპს ტექნოლაინი)	ERSEL, EHS12000KCS, გაზის გამათბობელი, 120-130 მ², 58х103х24 სმ, შავი	2026-10-02 13:04:26
59381	2026-09-25 12:42:57.037	2026-09-25 12:42:49.280	80	5	0	თბილისი	MEGA	გაზქურა DIXI FF6400GFZj (mixed inox)	2026-10-02 13:04:26
59404	2026-09-25 12:44:56.412	2026-09-25 12:44:50.114	80	5	0		MEGA	უთო PHILIPS DST5040/80	2026-10-02 13:04:26
59075	2026-09-25 12:46:04.414	2026-09-25 12:41:40.277	80	5	0	მესტია	Beko (Technohouse)	ზეთის რადიატორი BEKO RHO 7323 B	2026-10-02 13:04:26
59383	2026-09-25 12:51:10.852	2026-09-25 12:49:15.064	80	5	0	ბათუმი	Elit	ბლენდერი BOSCH MMB6177S	2026-10-02 13:04:26
59375	2026-09-25 13:40:31.516	2026-09-25 13:40:23.483	80	5	1	თბილისი	GOLDEN HANDS||Midea	ბლენდერი MIDEA MJ-BL6006W | საბავშვო სკუტერი ხელის მოსაკიდით 338SKY	2026-10-02 13:04:26
59398	2026-09-25 13:45:08.998	2026-09-25 13:38:17.725	80	5	0	თელავი	Global Distribution	სარეცხი მანქანა საშრობით MARAZZI WMD-10702FL36(S/W)	2026-10-02 13:04:26
59219	2026-09-25 13:45:50.440	2026-09-25 13:45:39.179	80	5	0		MEGA	ტელევიზორი HISENSE 40A4Q	2026-10-02 13:04:26
59393	2026-09-26 06:24:06.572	2026-09-25 13:19:31.810	99	18	0	თბილისი	Alta	Mobile and Smartphones/ Samsung/ Samsung A276B Galaxy A27 6GB/128GB 5G Duos Light Pink	2026-10-02 13:04:26
59365	2026-09-26 06:40:33.453	2026-09-26 06:40:25.418	80	5	0	სამტრედია	Beko (Technohouse)	ჭურჭლის სარეცხი მანქანა BEKO BDEN48522X	2026-10-02 13:04:26
59447	2026-09-26 07:23:58.323	2026-09-26 07:23:54.187	80	5	0	თბილისი	Domino	საოფისე სავარძელი წითელი  D88DY	2026-10-02 13:04:26
59515	2026-09-26 09:59:15.418	2026-09-26 09:59:10.698	80	5	0	თბილისი	Midea	ჭურჭლის სარეცხი მანქანა MIDEA MFD45S160Si	2026-10-02 13:04:26
59505	2026-09-26 11:35:05.975	2026-09-26 11:15:31.677	80	5	0	წალენჯიხა	Global Distribution	წყლის დისპენსერი CHIGO ZGRS-SM90A01	2026-10-02 13:04:26
59503	2026-09-26 11:52:43.650	2026-09-26 11:01:17.325	80	5	0	თბილისი	Franko	წვენსაწური FRANKO FJC-1055	2026-10-02 13:04:26
59400	2026-09-26 11:53:06.676	2026-09-26 10:49:31.810	80	5	0	თბილისი	Alta	Mobile and Smartphones/ Samsung/ Samsung A276B Galaxy A27 8GB/256GB 5G Duos Black	2026-10-02 13:04:26
59530	2026-09-26 12:03:20.053	2026-09-26 12:03:12.896	80	5	0	ქუთაისი	Trinx	TRINX, M700 ELITE, ველოსიპედი, KENDA 27.5"*2.1", 27 სიჩქარე,	2026-10-02 13:04:26
59470	2026-09-26 12:29:54.241	2026-09-26 12:29:46.474	80	5	0	თბილისი	Alta	Mobile and Smartphones/ Samsung/ Samsung A077F Galaxy A07s 4GB/64GB LTE Duos Green	2026-10-02 13:04:26
59562	2026-09-26 12:43:55.855	2026-09-26 12:43:50.884	80	5	0		Alta	Mobile and Smartphones/ Samsung/ Samsung A276B Galaxy A27 6GB/128GB 5G Duos Black	2026-10-02 13:04:26
59558	2026-09-26 12:53:26.554	2026-09-26 12:36:55.461	80	5	0	თბილისი	Dream	მტვერსასრუტი DREAME R10s (VZV22A)	2026-10-02 13:04:26
59534	2026-09-26 13:03:03.872	2026-09-26 13:02:59.638	80	5	0	კასპი	Alta	ელექტრო ღუმელი OZ OZ4232AA - Black	2026-10-02 13:04:26
59144	2026-09-26 13:07:45.855	2026-09-26 13:07:42.050	80	5	0	თბილისი	Franko	ელექტრო ღუმელი FRANKO FCO-9037	2026-10-02 13:04:26
59403	2026-09-26 13:19:14.522	2026-09-26 13:19:05.515	80	5	0	თბილისი	Alta	Mobile and Smartphones/ Xiaomi/ Xiaomi Redmi 17 4GB/256GB Black NFC	2026-10-02 13:04:26
59501	2026-09-26 13:26:38.464	2026-09-26 13:26:34.320	80	5	0	თბილისი	Alta	Mobile and Smartphones/ Honor/ HONOR X8d 8GB/128GB Dual Sim Velvet Black	2026-10-02 13:04:26
59561	2026-09-26 13:27:31.420	2026-09-26 13:27:18.195	80	5	0	ბორჯომი	MEGA	გაზქურა SIMFER FE6312W	2026-10-02 13:04:26
59390	2026-09-26 13:42:51.963	2026-09-26 13:26:10.062	80	5	0	ქუთაისი	Alta	Monitor/ Samsung/ Odyssey G4 LS25BG400EIXCI 25" FHD 1920 x 1080 IPS 1ms 240Hz | Playstation Pulse Elite Wireless Headset White	2026-10-02 13:04:26
59524	2026-09-26 13:51:05.788	2026-09-26 12:42:34.220	80	5	0	თბილისი	Dream	თმის სტაილერი Styler Dreame AirStyle Pro Gold Titanium (AMF18A)	2026-10-02 13:04:26
59577	2026-09-26 14:05:12.606	2026-09-26 14:05:08.883	80	5	0	თბილისი	MEGA	მტვერსასრუტი HISENSE HVC6264BK	2026-10-02 13:04:26
58381	2026-09-27 06:43:52.439	2026-09-27 06:43:47.482	80	5	0	თბილისი	Alta	Mobile and Smartphones/ Xiaomi/ Xiaomi Redmi 17 4GB/128GB Black NFC	2026-10-02 13:04:26
59296	2026-09-27 07:08:45.796	2026-09-27 07:08:41.754	80	5	0		MEGA	ჭურჭლის სარეცხი SAMSUNG DW60M6072FS/TR	2026-10-02 13:04:26
59419	2026-09-27 07:47:45.631	2026-09-27 07:47:41.490	80	5	0	ზუგდიდი	Franko	ჩირის აპარატი FRANKO FDH-1066	2026-10-02 13:04:26
59514	2026-09-27 08:09:47.421	2026-09-27 08:09:42.764	80	5	0	მცხეთა	Ninja (Geoteck)	აეროგრილი NINJA AF180EU	2026-10-02 13:04:26
59554	2026-09-27 08:53:56.442	2026-09-27 08:53:46.008	80	5	0	ახალციხე	GREE ( შპს ტექნოლაინი)	ERSEL, 12000 KCB/12000 KCS 12000, გაზის გამათბობელი, 100-120 მ2, 58х103х24 სმ, თეთრი	2026-10-02 13:04:26
59559	2026-09-27 08:57:27.886	2026-09-27 08:57:23.545	80	5	0	თბილისი	Alta	Mobile and Smartphones/ Samsung/ Samsung A077F Galaxy A07s 4GB/64GB LTE Duos Light Violet	2026-10-02 13:04:26
59655	2026-09-27 09:04:24.145	2026-09-27 09:04:18.935	80	5	0		Global Distribution	სარეცხი მანქანა SHARP ES-FE612DLZ-S	2026-10-02 13:04:26
59654	2026-09-27 10:06:18.402	2026-09-27 10:06:14.817	80	5	0	ბათუმი	GREE ( შპს ტექნოლაინი)	ERSEL, EHS12000KCS, გაზის გამათბობელი, 120-130 მ², 58х103х24 სმ, შავი	2026-10-02 13:04:26
59629	2026-09-27 10:36:35.927	2026-09-27 10:36:26.466	45	5	0	მცხეთა	VESTEL	VESTEL, 32H7550T, ტელევიზორი, 32‘’ (81სმ, 1366x768, Pvr ready,  smart tv (QUI)	2026-10-02 13:04:26
59670	2026-09-27 10:49:12.809	2026-09-27 10:37:41.458	80	5	0	თბილისი	Global Distribution	სარეცხი მანქანა SHARP ES-FE712DLZ-S	2026-10-02 13:04:26
59628	2026-09-27 10:52:33.962	2026-09-27 10:52:29.398	80	5	0	თბილისი	Alta	Mobile and Smartphones/ Honor/ Honor 600 Lite 8GB/256GB Dual Sim Desert Gold	2026-10-02 13:04:26
59671	2026-09-27 11:35:05.678	2026-09-27 11:35:02.117	80	5	0	თბილისი	Midea	ცენტრალური გათბობის ქვაბი MIDEA L1PB28-C28WM	2026-10-02 13:04:26
59690	2026-09-27 12:12:23.568	2026-09-27 12:12:19.738	47	5	1	თბილისი	MEGA||Ninja (Geoteck)	აეროგრილი NINJA AF451EU | უნივერსალური საჭრელი Philips MG3940/15	2026-10-02 13:04:26
59702	2026-09-27 12:23:10.782	2026-09-27 12:23:01.366	80	5	0	თბილისი	Global Distribution	სარეცხი მანქანა MARAZZI WM701FL66(S/DG)	2026-10-02 13:04:26
59633	2026-09-27 12:45:37.679	2026-09-27 12:45:29.483	80	5	0	თბილისი	Dream	რობოტი მტვერსასრუტი Dreame Robot Vacuum D20 Pro Plus Black (RLD43SD)	2026-10-02 13:04:26
59729	2026-09-27 13:30:39.999	2026-09-27 13:30:35.995	80	5	0	თბილისი	Alta	Heater/ Akog/ AKOG-5-SP (SIT) GRAFIT (55-70კვ2)	2026-10-02 13:04:26
59732	2026-09-27 13:45:20.115	2026-09-27 13:45:16.531	80	5	0		Midea	ცენტრალური გათბობის ქვაბი MIDEA L1PB20-C28WM	2026-10-02 13:04:26
59520	2026-09-27 13:48:18.268	2026-09-27 13:48:14.414	80	5	0	თბილისი	Alta	Mobile and Smartphones/ Honor/ Honor X9d 12GB/256GB Forest Green	2026-10-02 13:04:26
59649	2026-09-27 13:59:29.206	2026-09-27 13:59:25.314	80	5	0	გარდაბანი	Global Distribution	სარეცხი მანქანა SHARP ES-FS812DLZ-S	2026-10-02 13:04:26
59371	2026-09-28 06:22:52.060	2026-09-28 06:21:00.313	80	5	0	თბილისი	KARCHER	სველი წმენდის მტვერსასრუტი Kärcher FCV 4	2026-10-02 13:04:26
59327	2026-09-28 08:46:42.730	2026-09-28 08:46:38.708	80	5	0	ოზურგეთი	MEGA	მაცივარი HISENSE RD-23DC SILVER	2026-10-02 13:04:26
59796	2026-09-28 09:25:15.567	2026-09-28 09:24:48.216	80	5	0	თბილისი	Alta	Mobile and Smartphones/ Samsung/ Samsung A276B Galaxy A27 8GB/256GB 5G Duos Black	2026-10-02 13:04:26
59861	2026-09-28 09:25:45.713	NULL	80	99	1	თბილისი	Elit||Franko	ხელის ბლენდერი BOSCH MSM4B621 | წვენსაწური FRANKO FCJ-1125	2026-10-02 13:04:26
59600	2026-09-28 09:31:08.627	2026-09-28 09:31:02.441	25	5	0	სამტრედია	Dream	რობოტი მტვერსასრუტი Dreame Robot Vacuum D30 Ultra Black (RTD31TE) EUA	2026-10-02 13:04:26
59706	2026-09-28 10:42:47.372	2026-09-28 10:33:25.562	80	5	0	მარნეული	MEGA	მტვერსასრუტი SAMSUNG VCC4520S36/XEV	2026-10-02 13:04:26
59749	2026-09-28 11:06:14.674	2026-09-28 11:06:09.269	80	5	0	თბილისი	Midea	სარეცხი მანქანა საშრობით MIDEA MFK03D105B/S	2026-10-02 13:04:26
59825	2026-09-28 11:12:30.466	2026-09-28 11:12:25.799	80	5	0	თბილისი	Beko (Technohouse)	მტვერსასრუტი BEKO VCM 71605 AP	2026-10-02 13:04:26
59820	2026-09-28 11:16:45.058	2026-09-28 11:16:40.596	80	5	1		Franko||Midea	ხორცსაკეპი მანქანა FRANKO FMG-1113 | ხელის ბლენდერი Midea MJ-BH1001W	2026-10-02 13:04:26
59867	2026-09-28 11:19:32.380	2026-09-28 11:19:28.650	99	18	0	თბილისი	Alta	Mobile and Smartphones/ Samsung/ Samsung SM-A085F Galaxy A08 4GB/128GB LTE Duos Dark Blue	2026-10-02 13:04:26
59831	2026-09-28 11:20:12.088	2026-09-28 11:20:07.512	80	5	0	ბაღდათი	Global Distribution	გაზის წყლის გამაცხელებელი MARAZZI DE 1206	2026-10-02 13:04:26
59709	2026-09-28 11:33:54.882	2026-09-28 11:33:49.483	80	5	0	თბილისი	Alta	ტელეფონი HONOR X8d 8GB/256GB Dual Sim Light Blue	2026-10-02 13:04:26
59617	2026-09-28 11:40:08.967	2026-09-28 11:39:57.658	80	5	1	თბილისი	Beko (Technohouse)||MEGA	ორთქლის უთო CAMRY CR5033 | ყავის აპარატი ARZUM OK004-K	2026-10-02 13:04:26
59876	2026-09-28 11:59:18.801	2026-09-28 11:59:15.121	80	5	0	თბილისი	Ninja (Geoteck)	სამზარეულოს კომბაინი NINJA BN800EU	2026-10-02 13:04:26
59605	2026-09-28 12:12:58.997	2026-09-28 12:12:53.368	80	5	0	თბილისი	Alta	Mobile and Smartphones/ Samsung/ Samsung A077F Galaxy A07s 4GB/64GB LTE Duos Black	2026-10-02 13:04:26
59673	2026-09-28 12:13:38.211	2026-09-28 12:06:18.283	30	5	0	დუშეთი	Dream	აეროგრილი DREAME DZ30 - Black	2026-10-02 13:04:26
59792	2026-09-28 12:23:39.680	2026-09-28 12:23:36.162	80	5	0	თბილისი	Domino	დისკური ხერხი Scheppach PL55 1200W (5901802915)	2026-10-02 13:04:26
59794	2026-09-28 12:26:20.272	2026-09-28 12:26:16.678	80	5	0	ქუთაისი	Midea	სარეცხი მანქანა MIDEA MF01610US40/W	2026-10-02 13:04:26
59699	2026-09-28 12:28:04.265	2026-09-28 12:27:59.731	80	5	1		Beko (Technohouse)||Midea	ჩასაშენებელი ზედაპირი BEKO HIBG 64122 SX | გამწოვი MIDEA MH60P303GB	2026-10-02 13:04:26
59883	2026-09-28 12:40:34.607	2026-09-28 12:40:28.649	80	5	0	ქუთაისი	MEGA	მაცივარი HISENSE RD39WCWD-BI	2026-10-02 13:04:26
59757	2026-09-28 12:47:05.018	2026-09-28 12:47:00.334	80	5	0	თბილისი	COMFORT ROOM	ბუდე საქანელა სც-001 ყავისფერი ყვითელი ბალიშით	2026-10-02 13:04:26
59886	2026-09-28 12:51:34.619	2026-09-28 12:51:28.573	80	5	0	რუსთავი	Alta	Mobile and Smartphones/ Samsung/ Samsung A077F Galaxy A07s 4GB/64GB LTE Duos Black	2026-10-02 13:04:26
59821	2026-09-28 13:14:06.231	2026-09-28 13:13:56.646	50	5	0	ფოთი	GREE ( შპს ტექნოლაინი)	ERSEL, 12000 KCB/12000 KCS 12000, გაზის გამათბობელი, 100-120 მ2, 58х103х24 სმ, თეთრი	2026-10-02 13:04:26
59805	2026-09-28 13:33:39.303	2026-09-28 13:33:28.931	80	5	0	თბილისი	Alta	Mobile and Smartphones/ Xiaomi/ Xiaomi Redmi Note 15 Pro 12GB/512GB NFC Black	2026-10-02 13:04:26
59465	2026-09-28 17:20:11.284	2026-09-28 17:20:06.099	80	5	0	თბილისი	Alta	Mobile and Smartphones/ Samsung/ Samsung A276B Galaxy A27 8GB/256GB 5G Duos Black	2026-10-02 13:04:26
59719	2026-09-29 06:29:01.627	2026-09-29 06:04:54.371	80	5	0	თბილისი	Alta	Mobile and Smartphones/ Samsung/ Samsung A077F Galaxy A07s 4GB/128GB LTE Duos Light Violet	2026-10-02 13:04:26
59542	2026-09-29 06:29:24.006	2026-09-26 13:54:23.900	45	5	1	ონი	Franko||GREE ( შპს ტექნოლაინი)	ERSEL, EHS9000KB, გაზის გამათბობელი, 80-90 მ², 58X79X24 სმ, თეთრი | წვერსაპარსი FRANKO FSH-1137	2026-10-02 13:04:26
59858	2026-09-29 06:36:04.065	2026-09-29 06:34:42.303	80	5	0		Alta	Mobile and Smartphones/ Honor/ Honor 600 Lite 8GB/256GB Dual Sim Velvet Black	2026-10-02 13:04:26
59258	2026-09-29 06:48:28.969	2026-09-29 06:48:25.120	80	5	1		Global Distribution||Midea	გამწოვი MIDEA MH60P303GB | სარეცხი მანქანა საშრობით MARAZZI WMD-10702FL36(S/W)	2026-10-02 13:04:26
59787	2026-09-29 06:50:14.765	2026-09-29 06:50:10.606	80	5	0	თბილისი	MEGA	სარეცხი მანქანა Hisense WF3S7021BWU	2026-10-02 13:04:26
59652	2026-09-29 07:01:15.316	2026-09-29 07:00:20.050	80	5	0		GOLDEN HANDS	ბავშვის სასადილო სკამი B2-BLU | საბავშვო სამთვალა სასეირნო ველო-ეტლი 6189V-BLU | ჭოჭინა Baby მუსიკალური 624-SKY	2026-10-02 13:04:26
59619	2026-09-29 07:04:40.455	2026-09-29 07:04:35.676	81	5	1	თბილისი	Domino||MEGA||MIRZA	ბალიში Runo 310.52_Super Corn 50х70 სმ | მატრასი ღია ზამბარა ორქეჩიანი 160/200 | უთო BRAUN SI5188BK | საბანი Runo 200х220სმ სილიკონის 322.52	2026-10-02 13:04:26
59909	2026-09-29 09:02:21.349	2026-09-29 09:02:15.813	80	5	0		Alta	Mobile and Smartphones/ Xiaomi/ Xiaomi Redmi Note 15 Pro 12GB/512GB NFC Black	2026-10-02 13:04:26
59893	2026-09-29 09:11:45.291	2026-09-29 09:11:39.614	80	5	0	თბილისი	Dream	თმის სტაილერი Styler Dreame AirStyle Pro Purple (AMF18A)	2026-10-02 13:04:26
59965	2026-09-29 09:13:19.498	2026-09-29 09:13:15.335	80	5	0	რუსთავი	MEGA	მაცივარი HISENSE RD39WCWD-BI	2026-10-02 13:04:26
59878	2026-09-29 09:17:04.236	2026-09-29 09:10:23.817	80	5	0		Midea	სარეცხი მანქანა MIDEA MF01610US40/W	2026-10-02 13:04:26
59735	2026-09-29 09:26:30.846	2026-09-29 09:26:26.752	80	5	0	თბილისი	Alta	Mobile and Smartphones/ Samsung/ Samsung SM-A085F Galaxy A08 4GB/128GB LTE Duos Green	2026-10-02 13:04:26
59999	2026-09-29 09:39:35.621	2026-09-29 09:39:27.172	80	5	1	თბილისი	MEGA||Midea	მიკროტალღური ღუმელი DIXI AM720C5W | მიქსერი MIDEA HM0293-B	2026-10-02 13:04:26
59917	2026-09-29 09:40:23.061	2026-09-29 09:27:26.267	25	5	0	ქუთაისი	Dream	თმის სტაილერი Styler Dreame AirStyle Pro Gold Titanium (AMF18A)	2026-10-02 13:04:26
59942	2026-09-29 09:44:35.840	2026-09-29 09:44:29.584	80	5	0	თბილისი	Alta	Mobile and Smartphones/ Honor/ Honor X7e 6GB/256GB Light Blue	2026-10-02 13:04:26
60037	2026-09-29 09:48:44.505	2026-09-29 09:32:03.789	80	5	0	თერჯოლა	Alta	Mobile and Smartphones/ Samsung/ Samsung SM-A085F Galaxy A08 4GB/64GB LTE Duos Silver	2026-10-02 13:04:26
60021	2026-09-29 09:51:40.646	2026-09-29 09:51:36.864	80	5	0	თბილისი	Alta	Mobile and Smartphones/ Xiaomi/ Xiaomi Redmi 17 4GB/256GB Black NFC	2026-10-02 13:04:26
59826	2026-09-29 10:07:32.703	2026-09-29 10:07:28.854	80	5	0	ფოთი	Global Distribution	სარეცხი მანქანა SHARP ES-FE612DLZ-S	2026-10-02 13:04:26
60001	2026-09-29 10:31:35.559	2026-09-29 10:31:30.452	20	5	0	თბილისი		დივანი "ვენეცია"	2026-10-02 13:04:26
59362	2026-09-29 10:38:19.124	2026-09-29 10:37:57.530	80	5	0	თბილისი	Alta	Mobile and Smartphones/ Samsung/ Samsung A077F Galaxy A07s 4GB/64GB LTE Duos Light Violet	2026-10-02 13:04:26
59913	2026-09-29 10:39:54.376	2026-09-29 10:39:49.363	80	5	0	თბილისი	GT VINEA	სპირტის სახდელი - 100 ლიტრი	2026-10-02 13:04:26
59990	2026-09-29 10:49:46.931	2026-09-29 10:49:38.161	80	5	0	თბილისი	MEGA	მაცივარი HISENSE RD-23DC SILVER	2026-10-02 13:04:26
59708	2026-09-29 11:15:27.067	2026-09-29 11:15:18.451	80	5	0	დედოფლისწყარო	Midea	სარეცხის მანქანა MIDEA MF100W70	2026-10-02 13:04:26
60039	2026-09-29 11:20:36.002	2026-09-29 11:20:32.752	80	5	0	თბილისი	Trinx	TRINX, M700 ELITE, ველოსიპედი, KENDA 27.5"*2.1", 27 სიჩქარე,	2026-10-02 13:04:26
59602	2026-09-29 11:24:21.875	2026-09-29 11:24:18.237	80	5	0	ქობულეთი	Global Distribution	გაზის წყლის გამაცხელებელი MARAZZI DE 1206	2026-10-02 13:04:26
60020	2026-09-29 11:55:15.242	2026-09-29 11:55:10.976	80	5	0	თბილისი	Alta	Mobile and Smartphones/ Honor/ Honor 600 Lite 8GB/256GB Dual Sim Velvet Grey	2026-10-02 13:04:26
59944	2026-09-29 12:03:13.536	2026-09-29 08:50:05.431	80	5	1	თბილისი	Beko (Technohouse)||Midea	ტელევიზორი iFFALCON 32S55 | ელექტრო გამათბობელი MIDEA NDK20-21A	2026-10-02 13:04:26
60061	2026-09-29 12:12:30.162	2026-09-29 12:12:23.360	80	5	0	თბილისი	AMBOLI	აკუმულატორი Mutlu 95 Ah AGM DIN. L5	2026-10-02 13:04:26
59951	2026-09-29 12:14:03.186	2026-09-29 12:13:58.259	80	5	0	თბილისი	Alta	Mobile and Smartphones/ Honor/ Honor X9d 12GB/256GB Forest Green	2026-10-02 13:04:26
59545	2026-09-29 12:36:39.589	2026-09-29 12:36:33.503	25	5	0	ბათუმი	Dream	თმის სტაილერი Styler Dreame AirStyle Pro Gold Titanium (AMF18A)	2026-10-02 13:04:26
59953	2026-09-29 12:37:56.842	2026-09-29 12:37:51.664	99	18	0	რუსთავი	UMS Couturier	საკერავი მანქანა Janome Clio 320	2026-10-02 13:04:26
59967	2026-09-29 12:42:20.289	2026-09-29 12:19:14.322	80	5	0	თბილისი	Alta	Mobile and Smartphones/ Samsung/ Samsung SM-A085F Galaxy A08 4GB/64GB LTE Duos Dark Blue	2026-10-02 13:04:26
60106	2026-09-29 12:53:46.223	2026-09-29 12:53:42.689	80	5	0	თბილისი	ARDESTO ( ERC)	მაცივარი Ardesto DNF-M295X188	2026-10-02 13:04:26
59703	2026-09-29 13:01:03.175	2026-09-29 13:00:58.487	80	5	0	თბილისი	Alta	Mobile and Smartphones/ Samsung/ Samsung A276B Galaxy A27 6GB/128GB 5G Duos Black	2026-10-02 13:04:26
60076	2026-09-29 13:02:14.377	2026-09-29 13:02:10.706	80	5	0	თბილისი	MEGA	ესპრესოს ავტომატური ყავის აპარატი DELONGHI EC685.M	2026-10-02 13:04:26
60068	2026-09-29 13:02:29.314	2026-09-29 12:26:40.482	45	5	0	თბილისი	KARCHER	სველი წმენდის მტვერსასრუტი Kärcher FCV 3	2026-10-02 13:04:26
60017	2026-09-29 13:12:45.485	2026-09-29 13:06:09.313	80	5	0	მესტია	MEGA	მაცივარი HISENSE RD39WCWD-BI	2026-10-02 13:04:26
59747	2026-09-29 13:36:46.843	2026-09-29 13:36:42.432	20	5	0	თბილისი		საწოლი M1	2026-10-02 13:04:26
60093	2026-09-29 13:42:57.224	2026-09-29 13:42:53.620	80	5	0	თბილისი	Alta	ყავის აპარატი DeLonghi ECAM220.22.GB	2026-10-02 13:04:26
59994	2026-09-29 13:48:42.885	2026-09-29 13:48:36.818	35	5	0	თბილისი	Midea	მტვერსასრუტი MIDEA MX05GEBK	2026-10-02 13:04:26
60026	2026-09-29 13:49:56.581	2026-09-29 13:49:45.267	80	5	0	გორი	Alta	Mobile and Smartphones/ Samsung/ Samsung A276B Galaxy A27 6GB/128GB 5G Duos Blue	2026-10-02 13:04:26
59920	2026-09-29 14:01:16.436	2026-09-29 14:01:01.619	80	5	0		Beko (Technohouse)	გაზქურა MILLEN FT6313MBZB	2026-10-02 13:04:26
59914	2026-09-29 14:02:56.134	2026-09-29 14:02:52.439	80	5	0	თბილისი	Alta	Mobile and Smartphones/ Honor/ HONOR X8d 8GB/256GB Dual Sim Velvet Black	2026-10-02 13:04:26
60069	2026-09-30 06:20:58.655	2026-09-30 06:20:54.744	80	5	0		Global Distribution	სარეცხი მანქანა SHARP ES-FE712DLZ-W	2026-10-02 13:04:26
60102	2026-09-30 06:21:17.132	2026-09-30 06:17:17.892	80	5	0	ბათუმი	GREE ( შპს ტექნოლაინი)	ERSEL, EHS12000KCS, გაზის გამათბობელი, 120-130 მ², 58х103х24 სმ, შავი	2026-10-02 13:04:26
59658	2026-09-30 06:25:58.938	2026-09-30 06:25:54.569	45	5	0	თბილისი	M&S HOLDING (ARSHIA)	მიქსერი ჯამიანი ARSHIA SM118-3603 27235	2026-10-02 13:04:26
60038	2026-09-30 06:34:30.847	2026-09-30 06:34:23.778	99	18	0	თბილისი	Domino	ლამინატი UltraDecor Variostep Classic K278 მუხა Wonderland	2026-10-02 13:04:26
60060	2026-09-30 06:42:11.229	2026-09-29 13:59:00.218	25	5	1	თბილისი	Alta||Midea	აეროგრილი MIDEA MF-CN45WK2 | ელექტრო ღუმელი OZ OZ4232AA - Black	2026-10-02 13:04:26
59759	2026-09-30 06:49:51.496	2026-09-30 06:49:47.870	45	5	0	გორი	Beko (Technohouse)	სარეცხი მანქანა BEKO WSPD73612W b100	2026-10-02 13:04:26
59940	2026-09-30 07:00:22.785	2026-09-30 07:00:18.393	99	18	0	თბილისი	NOVA	ელექტრო საწნახელი Elecric grape machine (NV-1940-2)	2026-10-02 13:04:26
60123	2026-09-30 07:00:29.437	2026-09-30 06:57:47.846	80	5	0		Zoommer	ელექტრო სკუტერი Xiaomi Electric Scooter 6 Pro	2026-10-02 13:04:26
60027	2026-09-30 07:02:24.534	2026-09-30 07:02:19.283	30	5	0	თბილისი	Alta	Vacuum Cleaner/ Samsung VCC4581V3K/XEV  Black	2026-10-02 13:04:26
60165	2026-09-30 07:14:47.271	2026-09-30 07:14:42.906	80	5	0	თბილისი	Global Distribution	სარეცხი მანქანა SHARP ES-FE712DLZ-S	2026-10-02 13:04:26
60150	2026-09-30 07:22:02.919	2026-09-30 07:21:57.343	45	5	0	თბილისი	Franko	ელექტრო ღუმელი FRANKO FCO-9037	2026-10-02 13:04:26
59916	2026-09-30 07:40:54.879	2026-09-30 07:38:09.586	20	5	0	დუშეთი		სამეული - 2 სავარძელი და დივანი	2026-10-02 13:04:26
59840	2026-09-30 07:50:22.274	2026-09-30 07:50:16.033	35	5	0	თბილისი	Alta	Mobile and Smartphones/ Samsung/ Samsung A077F Galaxy A07s 4GB/128GB LTE Duos Green	2026-10-02 13:04:26
59578	2026-09-30 07:51:04.858	2026-09-28 11:34:53.582	25	5	0	ბათუმი	Domino	რადიატორი ალუმინის თეთრი Leeya HF-500PTW 500 მმ	2026-10-02 13:04:26
59998	2026-09-30 08:26:27.057	2026-09-30 08:24:29.624	45	5	0	ზუგდიდი	MEGA	სარეცხი მანქანა SAMSUNG WW80AG6L28BBLP	2026-10-02 13:04:26
59975	2026-09-30 08:35:19.963	2026-09-30 08:34:20.688	30	5	0	თბილისი	Alta	TV/ LED/ Samsung/ TV 43"(109cm)/ Samsung Crystal UHD UE43U7000HUXPY  60Hz	2026-10-02 13:04:26
60049	2026-09-30 08:41:59.746	2026-09-30 08:41:12.438	45	5	1	ხაშური	Global Distribution||GREE ( შპს ტექნოლაინი)	ERSEL, 12000 KCB/12000 KCS 12000, გაზის გამათბობელი, 100-120 მ2, 58х103х24 სმ, თეთრი | გაზის წყლის გამაცხელებელი MARAZZI  DE 1202	2026-10-02 13:04:26
60126	2026-09-30 09:05:17.186	2026-09-30 09:05:03.283	80	5	0	თბილისი	Beko (Technohouse)	გაზქურა BEKO FBE63331XCS	2026-10-02 13:04:26
60118	2026-09-30 09:16:03.101	2026-09-30 08:53:21.429	45	5	0	თბილისი	Franko	მტვერსასრუტი FRANKO FCS-9005	2026-10-02 13:04:26
59512	2026-09-30 09:16:57.866	2026-09-28 12:29:56.423	45	5	0	რუსთავი	MEGA	მაცივარი HISENSE RD39WCWD-BI	2026-10-02 13:04:26
60166	2026-09-30 09:18:48.315	2026-09-30 09:03:05.627	35	5	0	ბათუმი	KARCHER	Karcher რობოტი მტვერსასრუტი RVC 3	2026-10-02 13:04:26
60172	2026-09-30 09:36:57.732	2026-09-30 09:36:54.290	35	5	0	თბილისი	Alta	Mobile and Smartphones/ Samsung/ Samsung SM-A085F Galaxy A08 4GB/64GB LTE Duos Silver	2026-10-02 13:04:26
59926	2026-09-30 09:37:14.940	2026-09-30 09:37:08.653	47	5	1		Beko (Technohouse)||Domino	წყლის დისპენსერი MILLEN TY-LYR75T | ბუდე საქანელა SC-029	2026-10-02 13:04:26
60216	2026-09-30 09:54:00.916	2026-09-30 09:53:56.057	99	18	0	ბოლნისი		გაზის წყლის გამაცხელებელი MIDEA JSG22-11VLS	2026-10-02 13:04:26
60240	2026-09-30 11:05:17.342	2026-09-30 11:04:59.392	80	5	0	თბილისი	Beko (Technohouse)	ტელევიზორი iFFALCON 32S55	2026-10-02 13:04:26
59912	2026-09-30 11:06:17.990	2026-09-30 09:30:42.981	30	5	0		Midea	მაცივარი MIDEA MDRB424FGF01O	2026-10-02 13:04:26
60066	2026-09-30 11:06:28.451	2026-09-30 08:58:09.096	45	5	0	ლაგოდეხი	VESTEL	VESTEL, DWA1D5BOX, ჭურჭლის სარეცხი მანქანა, 60 სმ	2026-10-02 13:04:26
60122	2026-09-30 11:09:58.545	2026-09-30 11:09:54.531	25	5	0		Trinx	TRINX, M700 ELITE, ველოსიპედი, KENDA 27.5"*2.1", 27 სიჩქარე,	2026-10-02 13:04:26
60062	2026-09-30 11:25:47.379	2026-09-30 11:25:43.605	35	5	0	თბილისი	Alta	Mobile and Smartphones/ Honor/ Honor X9d 12GB/256GB Forest Green	2026-10-02 13:04:26
60185	2026-09-30 11:29:28.633	2026-09-30 11:29:23.903	80	5	0	თბილისი	Global Distribution	სარეცხი მანქანა SHARP ES-FS812DLZ-W | მაცივარი SHARP SJ-BG415D-SS2	2026-10-02 13:04:26
60177	2026-09-30 11:29:40.186	2026-09-30 11:29:34.891	45	5	0	თბილისი	Franko	აეროგრილი FRANKO FAF-1232	2026-10-02 13:04:26
59947	2026-09-30 11:31:17.292	2026-09-30 11:31:13.087	45	5	0	თბილისი	Beko (Technohouse)	მტვერსასრუტი BEKO BKS 1226	2026-10-02 13:04:26
60226	2026-09-30 11:31:46.424	2026-09-30 11:31:42.898	35	5	0		Midea	სარეცხი მანქანა MIDEA MF110W100B/T	2026-10-02 13:04:26
60228	2026-09-30 11:53:33.404	2026-09-30 11:53:29.561	47	5	1	თბილისი	ARDESTO ( ERC)||Domino	პუფი მსხალი ოქსფორდი 76x55 სმ | ტაფა ARDESTO AR1926DF | ქვაბი Berllong G-22 22 სმ	2026-10-02 13:04:26
60242	2026-09-30 12:41:57.468	2026-09-30 12:41:53.880	80	5	0	თბილისი	MEGA	მაცივარი HISENSE RD39WCWD-BI	2026-10-02 13:04:26
60142	2026-09-30 12:43:40.688	2026-09-30 11:32:31.265	35	5	0	თბილისი	Midea	სარეცხის მანქანა MIDEA MF100W70	2026-10-02 13:04:26
60198	2026-09-30 12:57:26.874	2026-09-30 12:57:21.380	20	5	0	თბილისი		მაგიდა 6 სკამით (ღია ყავისფერი)	2026-10-02 13:04:26
59712	2026-09-30 12:58:46.335	2026-09-30 12:58:31.962	47	5	1	მცხეთა	Domino||MEGA	მაცივარი HISENSE RD-23DC SILVER | ბაღის ავეჯის კომპლექტი მაგიდა 4 სკამი SS-011F-8B	2026-10-02 13:04:26
60272	2026-09-30 13:02:39.454	2026-09-30 12:55:23.245	80	5	0		Franko	ტოსტერი FRANKO FGT-1210 | მიქსერი FRANKO FMX-9053	2026-10-02 13:04:26
60156	2026-09-30 13:06:37.817	2026-09-30 13:06:31.750	80	5	0	თბილისი	Global Distribution	ჭურჭლის სარეცხი მანქანა MARAZZI DW-D05S13FS(S/DG)	2026-10-02 13:04:26
60120	2026-09-30 13:21:58.957	2026-09-30 13:17:37.931	35	5	0	მესტია	Midea	სარეცხის საშრობი MIDEA MD1180BH60/T	2026-10-02 13:04:26
59425	2026-09-30 13:22:33.148	2026-09-30 13:22:25.764	45	5	0	თელავი	Franko	მტვერსასრუტი FRANKO FCS-9005	2026-10-02 13:04:26
60285	2026-09-30 13:43:16.061	2026-09-30 13:43:12.039	45	5	0	თბილისი	GREE ( შპს ტექნოლაინი)	ERSEL, EHS12000KB, გაზის გამათბობელი, 100-120 მ², 58X103X24 სმ, თეთრი	2026-10-02 13:04:26
60305	2026-09-30 13:47:59.726	2026-09-30 13:47:53.768	45	5	0		Beko (Technohouse)	ჩასაშენებელი ზედა პანელი BEKO HIGG 64123 SB | გამწოვი MILLEN MHT450X	2026-10-02 13:04:26
60306	2026-09-30 14:03:56.993	2026-09-30 14:03:53.395	80	5	1	თბილისი	Beko (Technohouse)||Ninja (Geoteck)||Timeless	ელექტრო გამათბობელი BEKO RHP 7120 B | ელექტრო სავარცხელი BABYLISS AS136E | საათი Casio Quartz Wristwatch / LTP-V007SG-9BUDF	2026-10-02 13:04:26
60200	2026-10-01 06:20:32.691	2026-09-30 10:54:23.086	25	5	1		Franko||Ninja (Geoteck)	აეროგრილი NINJA AF500EU | ხელის ბლენდერი Franko FHB-1122 500W	2026-10-02 13:04:26
60266	2026-10-01 06:32:55.084	2026-10-01 06:32:51.773	25	5	0	ზესტაფონი	MEGA	გაზქურა DIXI FF6400GFZB (mixed black)	2026-10-02 13:04:26
60365	2026-10-01 07:39:07.370	2026-10-01 07:39:02.523	25	5	0	თბილისი	Global Distribution	სარეცხი მანქანა SHARP ES-FE712DLZ-S	2026-10-02 13:04:26
60307	2026-10-01 07:42:13.573	2026-10-01 07:42:07.609	35	5	0	თბილისი	Midea	ტენის ამომშრობი MIDEA MDDP-50DEN7	2026-10-02 13:04:26
60265	2026-10-01 08:22:23.265	2026-10-01 08:22:19.044	35	5	0	თბილისი	Alta	Mobile and Smartphones/ Honor/ Honor 600 Lite 8GB/256GB Dual Sim Velvet Black	2026-10-02 13:04:26
58820	2026-10-01 08:25:23.302	2026-10-01 08:25:17.273	25	5	0	თბილისი	MEGA	სარეცხი მანქანა საშრობით SAMSUNG WD11DG6B85BBLP	2026-10-02 13:04:26
60411	2026-10-01 08:39:24.359	2026-10-01 08:38:39.083	25	5	0	თბილისი	Dream	თმის სტაილერი Styler Dreame AirStyle Pro Purple (AMF18A)	2026-10-02 13:04:26
60368	2026-10-01 08:47:12.005	2026-10-01 08:47:08.382	45	5	0	გორი	GREE ( შპს ტექნოლაინი)	ERSEL, 12000 KCB/12000 KCS 12000, გაზის გამათბობელი, 100-120 მ2, 58х103х24 სმ, თეთრი	2026-10-02 13:04:26
60326	2026-10-01 08:50:31.444	2026-10-01 08:50:27.793	45	5	0	ოზურგეთი	GREE ( შპს ტექნოლაინი)	ERSEL, EHS12000KB, გაზის გამათბობელი, 100-120 მ², 58X103X24 სმ, თეთრი	2026-10-02 13:04:26
60425	2026-10-01 08:53:31.138	2026-10-01 08:53:27.326	25	5	0		Global Distribution	გაზის წყლის გამაცხელებელი MARAZZI DE 1205	2026-10-02 13:04:26
58983	2026-10-01 09:09:12.389	2026-10-01 09:08:39.915	20	5	0	თბილისი		კუთხის დივანი დამრგვალებით	2026-10-02 13:04:26
60356	2026-10-01 09:27:13.344	2026-10-01 09:27:07.554	35	5	0	თბილისი	Alta	Mobile and Smartphones/ Honor/ Honor X7e 6GB/256GB Light Blue	2026-10-02 13:04:26
60408	2026-10-01 09:30:37.093	2026-10-01 09:16:16.706	25	5	0		Global Distribution	საყინულე SHARP SCF-K140H-WH2	2026-10-02 13:04:26
60334	2026-10-01 09:30:49.253	2026-10-01 09:20:07.488	25	5	0	თბილისი	Alta	Heater/ Akog/ AKOG-5-SP (SIT) BLACK (55-70 კვ2)	2026-10-02 13:04:26
60138	2026-10-01 09:53:09.292	2026-10-01 09:53:05.740	35	5	0	ხობი	Alta	Mobile and Smartphones/ Honor/ Honor X7e 6GB/128GB Midnight Black	2026-10-02 13:04:26
60308	2026-10-01 10:04:27.812	2026-10-01 08:51:30.567	25	5	0	ბათუმი	Alta	Kitchen Machine/ Sencor STM 3760WH Food Processor	2026-10-02 13:04:26
60229	2026-10-01 10:17:05.904	2026-10-01 10:17:00.571	80	5	0		GREE ( შპს ტექნოლაინი)	ERSEL, EHS12000KCS, გაზის გამათბობელი, 120-130 მ², 58х103х24 სმ, შავი	2026-10-02 13:04:26
60367	2026-10-01 10:19:23.449	2026-10-01 10:18:57.232	25	5	1	თბილისი	Alta||Franko	Mobile and Smartphones/ Honor/ Honor 600 Lite 8GB/256GB Dual Sim Velvet Grey | თმის საჭრელი FRANKO FHC-1096	2026-10-02 13:04:26
60214	2026-10-01 11:11:18.336	2026-10-01 11:08:44.923	25	5	0	თბილისი	MEGA	ტელევიზორი HISENSE 40A4Q	2026-10-02 13:04:26
60144	2026-10-01 11:19:18.713	2026-10-01 11:19:12.397	25	5	0	თბილისი	MEGA	სარეცხი მანქანა HISENSE WF3S8043BB3	2026-10-02 13:04:26
60373	2026-10-01 11:30:41.160	2026-10-01 09:08:45.492	22	5	0	ბათუმი	Midea	ტენის ამომშრობი MIDEA MDDP-50DEN7	2026-10-02 13:04:26
60232	2026-10-01 11:31:12.887	2026-10-01 08:43:24.237	35	5	0	თბილისი	Alta	Mobile and Smartphones/ Honor/ Honor 600 Lite 8GB/256GB Dual Sim Velvet Black	2026-10-02 13:04:26
60355	2026-10-01 11:37:44.818	2026-10-01 11:37:39.814	25	5	0	ფოთი	GREE ( შპს ტექნოლაინი)	ERSEL, EHS12000KCS, გაზის გამათბობელი, 120-130 მ², 58х103х24 სმ, შავი	2026-10-02 13:04:26
60303	2026-10-01 11:58:21.308	2026-10-01 11:58:08.712	35	5	0	თბილისი	Alta	Mobile and Smartphones/ Honor/ Honor X9d 12GB/256GB Forest Green	2026-10-02 13:04:26
60372	2026-10-01 12:17:15.030	2026-10-01 12:17:08.915	25	5	0	თბილისი	Alta	Mobile and Smartphones/ Xiaomi/ Xiaomi Redmi 17 4GB/256GB Black NFC	2026-10-02 13:04:26
60417	2026-10-01 12:17:20.547	2026-10-01 12:06:59.584	25	5	1		Global Distribution||Midea	სარეცხი მანქანა SHARP ES-FE712DLZ-S | სარეცხის საშრობი MIDEA MD1180BH60/T	2026-10-02 13:04:26
60312	2026-10-01 12:22:18.441	2026-10-01 12:22:14.558	35	5	0		Midea	სარეცხი მანქანა MIDEA MF200W80WB/T	2026-10-02 13:04:26
60484	2026-10-01 12:31:12.769	2026-10-01 12:31:08.870	25	5	0		MEGA	უთო PHILIPS DST7040/80	2026-10-02 13:04:26
60381	2026-10-01 12:35:20.948	2026-10-01 12:20:45.403	25	5	0	წყალტუბოს რაიონი	Beko (Technohouse)	მტვერსასრუტი BEKO BKS 1320 O	2026-10-02 13:04:26
60188	2026-10-01 12:45:08.004	2026-10-01 12:45:01.962	25	5	0	ფოთი	COPTER TECH	Insta360 Ace Pro 2 Dual Battery Xplorer Bundle	2026-10-02 13:04:26
60487	2026-10-01 12:52:43.964	2026-10-01 12:52:37.306	25	5	0	თბილისი	MEGA	ტელევიზორი HISENSE 58E7Q	2026-10-02 13:04:26
60445	2026-10-01 13:01:05.244	2026-10-01 13:01:01.539	25	5	0	სტეფანწმინდა	Alta	Kitchen Machine/ Sencor STM 6359BK	2026-10-02 13:04:26
60119	2026-10-01 13:01:29.971	2026-09-30 11:22:21.398	25	5	0	თბილისი	Alta	Automatic Coffee Maker/ Delonghi   ECAM22.114.B  Magnifica S	2026-10-02 13:04:26
60284	2026-10-01 13:10:21.959	2026-10-01 13:10:18.087	35	5	0		Alta	Mobile and Smartphones/ Honor/ Honor X9d 12GB/256GB Forest Green	2026-10-02 13:04:26
60337	2026-10-01 13:23:55.219	2026-10-01 13:23:51.179	25	5	1	თბილისი	MEGA||Ninja (Geoteck)	წვერსაპარსი ADLER AD2943 | თმის საშრობი BABYLISS D781E	2026-10-02 13:04:26
58053	2026-10-01 13:42:32.779	2026-10-01 13:42:05.308	30	5	0	თბილისი	Alta	Mobile and Smartphones/ Honor/ Honor 600 Lite 8GB/256GB Dual Sim Velvet Black	2026-10-02 13:04:26
60354	2026-10-01 13:46:00.481	2026-10-01 13:45:56.294	35	5	0	თბილისი	Alta	Mobile and Smartphones/ Honor/ Honor X9d 12GB/256GB Forest Green	2026-10-02 13:04:26
60479	2026-10-01 13:57:46.586	2026-10-01 13:56:22.949	25	5	0	თბილისი	ARDESTO ( ERC)	მაცივარი Ardesto DNF-M295X188	2026-10-02 13:04:26
60455	2026-10-02 07:26:16.294	2026-10-02 07:26:07.075	25	5	0	თბილისი	Timeless	Blush 7251YGO საყურე | Blush 3157YZI Blush ყელსაბამი	2026-10-02 13:04:26
60320	2026-10-02 08:03:01.207	2026-10-02 07:57:45.289	20	5	0			ERSEL, EHS9000KCB, გაზის გამათბობელი, 80-90 მ², 58X79X24 სმ, თეთრი	2026-10-02 13:04:26
60512	2026-10-02 08:06:11.089	2026-10-02 08:06:05.432	80	5	0	თბილისი	Alta	Mobile and Smartphones/ Oppo/ OPPO Reno 15F 8GB/256GB 5G Twilight Blue	2026-10-02 13:04:26
60471	2026-10-02 08:21:11.203	2026-10-02 08:20:51.715	45	5	0	ზესტაფონი	Alta	Mobile and Smartphones/ Oppo/ OPPO Reno 15F 8GB/256GB 5G Twilight Blue	2026-10-02 13:04:26
60415	2026-10-02 08:26:22.613	2026-10-02 08:26:17.781	25	5	0		Zoommer	ელექტრო სკუტერი Segway Ninebot Kickscooter E3	2026-10-02 13:04:26
60593	2026-10-02 08:58:03.216	2026-10-02 08:57:46.692	20	5	0			საკერავი მანქანა Janome Clio 325	2026-10-02 13:04:26
60601	2026-10-02 09:32:58.182	2026-10-02 09:32:54.712	30	5	0		Domino	ლამინატი UltraDecor Vintage Classic Silverdale 1285x192x10 AC5/33 4V	2026-10-02 13:04:26
60440	2026-10-02 09:48:07.669	2026-10-02 09:47:35.883	20	5	0			ელექტრო ღუმელი FRANKO FEO-1107	2026-10-02 13:04:26
59672	2026-10-02 09:59:45.071	2026-09-28 12:12:30.326	20	5	0	თბილისი		Mobile and Smartphones/ Samsung/ Samsung A276B Galaxy A27 6GB/128GB 5G Duos Black	2026-10-02 13:04:26
60246	2026-10-02 10:35:46.659	2026-10-02 10:14:58.103	20	5	0	გარდაბანი		ჭურჭლის სარეცხი მანქანა MIDEA MFD60S160Si	2026-10-02 13:04:26
60574	2026-10-02 10:52:31.175	2026-10-02 10:05:11.491	20	5	0	თბილისი		TV/ QLED/ TCL/ QLED TV  32"(81cm) / 32S5K  Google TV FHD 1920x1080 HDR10 6.5ms 178* 220cd/m2 4000:1 DVB-T2/S/S2/C BT5.0 WiFi LAN HDMI USB 2x5W VESA100	2026-10-02 13:04:26
60604	2026-10-02 10:54:15.135	2026-10-02 10:54:10.812	20	5	0	თბილისი		ყავის აპარატი MIDEA MA-FACM1004A2	2026-10-02 13:04:26
60565	2026-10-02 11:13:49.853	2026-10-02 11:13:46.388	20	5	0	თბილისი		Mobile and Smartphones/ Honor/ Honor X7e 6GB/256GB Midnight Black	2026-10-02 13:04:26
60590	2026-10-02 11:23:35.348	2026-10-02 11:23:19.104	20	5	0			ATEM, KHC-6(BG), გაზის გამათბობელი, 60-65 მ², 695 x 590 x 200 მმ, კრემისფერი	2026-10-02 13:04:26
60470	2026-10-02 11:42:10.289	2026-10-02 11:42:06.867	20	5	0	თბილისი		დენის წყლის გამაცხელებელი MIDEA MWH100-20MFG(CIS)W	2026-10-02 13:04:26
60645	2026-10-02 11:44:36.363	NULL	20	99	0			ყავის აპარატი DeLonghi ECAM220.22.GB	2026-10-02 13:04:26
60646	2026-10-02 11:44:41.437	NULL	20	99	0			ყავის აპარატი DeLonghi ECAM220.22.GB	2026-10-02 13:04:26
60568	2026-10-02 11:47:56.481	2026-10-02 11:47:52.688	20	5	0	თბილისი		მაცივარი HISENSE DT27DR4-White | ტელევიზორი FRANKO FTV-32N4000	2026-10-02 13:04:26
60615	2026-10-02 11:53:51.259	2026-10-02 11:53:46.340	20	5	0	თბილისი		თმის სტაილერი FRANKO FHS-9043	2026-10-02 13:04:26
60293	2026-10-02 11:54:51.082	2026-10-02 11:54:46.473	20	5	0			მტვერსასრუტი BEKO VCC 34801 AG | აეროგრილი მექანიკური მართვით  ARSHIA AF160-3657 5.5 ლ	2026-10-02 13:04:26
59982	2026-10-02 12:09:30.274	2026-10-02 12:09:23.564	20	5	0	მარტვილი		აირგამათბობელი AG-12მ	2026-10-02 13:04:26
60626	2026-10-02 12:14:09.692	2026-10-02 12:14:06.180	20	5	0	თბილისი		Mobile and Smartphones/ Honor/ Honor 600 Lite 8GB/256GB Dual Sim Desert Gold	2026-10-02 13:04:26
60386	2026-10-02 12:19:49.650	2026-10-02 11:48:01.662	20	5	0	თბილისი		ყავის აპარატი DeLonghi ECAM470.85.MB	2026-10-02 13:04:26
60488	2026-10-02 12:41:12.337	2026-10-02 11:41:12.233	20	5	0	თბილისი		Notebook/ Lenovo/ Ideapad/ Ideapad Slim 3 15.6" Ryzen 5 40 16GB 512GB SSD Radeon Graphics Arctic Grey Win11 home RUS	2026-10-02 13:04:26
60546	2026-10-02 12:51:57.065	2026-10-02 12:51:53.835	20	5	0	თბილისი		თმის სტაილერი Styler Dreame AirStyle Pro Purple (AMF18A) | სარეცხი მანქანა SHARP ES-FE612DLZ-S	2026-10-02 13:04:26
