product_id	category_id
106	38
106	108
106	691
107	702
107	706
108	691
108	693
109	691
109	692
110	34
110	88
110	92
111	34
111	88
111	91
112	34
112	88
112	91
113	38
113	122
113	713
114	38
114	122
114	713
115	702
115	712
116	702
116	712
117	702
117	709
118	702
118	711
119	702
119	711
120	717
120	719
121	126
123	38
123	108
123	691
124	702
124	706
125	691
125	693
126	38
126	713
127	702
127	712
128	702
128	712
129	691
129	692
130	698
130	699
131	702
131	704
132	702
132	704
133	702
133	703
134	702
134	706
135	702
135	706
136	702
136	706
137	702
137	706
138	691
138	693
139	691
139	692
140	702
140	706
141	38
141	122
141	713
142	38
142	122
142	713
143	38
143	122
143	713
144	38
144	122
144	713
145	702
145	712
146	702
146	711
147	702
147	708
148	702
148	711
149	702
149	711
150	717
150	721
151	385
151	409
151	646
152	717
152	721
153	698
153	699
154	698
154	699
155	717
155	719
156	698
156	699
157	698
157	699
158	698
158	699
159	698
159	699
160	698
160	699
161	385
161	411
161	646
162	385
162	409
162	646
163	385
163	409
163	646
164	38
164	121
164	385
164	406
164	646
165	385
165	412
165	646
166	385
166	412
166	646
167	38
167	128
167	385
167	451
167	646
168	385
168	412
168	646
169	385
169	412
169	646
170	702
170	707
171	98
171	653
172	98
172	653
173	134
173	464
173	664
173	690
174	134
174	464
174	664
174	690
175	134
175	464
175	664
175	690
176	134
176	146
176	459
176	464
176	664
176	665
176	690
177	136
177	464
177	665
177	690
178	136
178	464
178	665
178	690
179	136
179	464
179	665
179	690
180	678
181	136
181	464
181	665
181	690
182	690
183	136
183	464
183	665
183	690
184	136
184	464
184	665
184	690
185	136
185	464
185	665
185	690
186	136
186	464
186	665
186	690
187	136
187	464
187	665
187	690
188	136
188	464
188	665
188	690
189	134
189	146
189	458
189	464
189	664
189	690
190	134
190	146
190	458
190	464
190	664
190	690
191	134
191	464
191	664
191	690
192	134
192	464
192	664
192	690
193	464
193	685
194	464
194	685
195	464
195	685
196	457
196	690
197	136
197	464
197	665
197	690
198	136
198	464
198	665
198	690
199	134
199	464
199	664
199	690
200	457
200	690
201	134
201	464
201	664
201	690
202	134
202	464
202	664
202	690
203	136
203	464
203	665
203	690
204	134
204	464
204	664
204	690
205	698
205	699
206	98
206	653
207	34
207	88
207	91
208	385
208	411
208	646
209	385
209	410
209	646
210	717
210	718
211	702
211	703
212	702
212	712
213	702
213	703
214	38
214	112
215	702
215	712
216	688
216	695
217	38
217	108
217	691
218	702
218	703
219	702
219	708
220	34
220	87
221	38
221	122
221	713
222	385
222	412
222	646
223	34
223	86
224	34
224	86
225	385
225	412
225	646
226	702
226	711
227	38
227	122
227	713
228	385
228	412
228	646
229	691
229	693
230	385
230	412
230	646
231	98
231	653
232	98
232	653
233	34
233	86
234	34
234	82
234	631
235	98
235	653
236	98
236	653
237	688
237	695
238	688
238	695
239	688
239	695
240	405
240	631
241	34
241	405
242	82
242	631
243	405
243	631
244	34
244	82
244	631
245	82
245	631
246	34
246	88
246	92
247	82
247	631
248	34
248	88
248	92
249	535
249	632
250	34
250	88
250	92
251	34
251	88
251	92
252	34
252	82
252	631
253	34
253	36
253	650
254	34
254	36
254	650
255	34
255	88
255	93
256	34
256	82
256	631
257	38
257	456
258	38
258	456
259	34
259	86
260	38
260	713
261	34
261	88
261	89
262	34
262	88
262	89
264	34
264	82
264	631
265	34
265	36
265	650
266	34
266	36
266	650
267	34
267	36
267	650
268	688
268	696
269	688
269	696
270	688
270	696
271	34
271	36
271	650
272	702
272	704
273	688
273	695
274	688
274	695
275	34
275	36
275	650
276	702
276	703
277	530
277	714
278	530
278	714
279	717
279	719
280	702
280	706
281	34
281	88
281	91
282	34
282	88
282	91
283	34
283	88
283	91
284	34
284	36
284	650
285	413
285	464
286	146
286	413
286	464
288	98
288	653
289	98
289	653
290	460
290	464
290	664
290	690
291	460
291	464
291	664
291	690
292	34
292	446
293	702
293	708
294	34
294	82
294	631
295	34
295	82
295	631
296	34
296	82
296	631
297	34
297	535
297	632
298	34
298	535
298	632
299	34
299	535
299	632
300	34
300	87
300	88
300	91
301	34
301	87
302	34
302	88
302	89
303	34
303	82
303	631
304	82
304	631
305	34
305	88
305	89
306	34
306	87
307	385
307	412
307	646
308	38
308	112
309	38
309	112
310	38
310	112
311	34
311	86
312	34
312	86
313	98
313	653
314	110
315	38
315	114
316	34
316	535
316	632
317	114
318	717
318	718
319	702
319	705
320	691
320	692
321	34
321	82
321	631
322	34
322	535
322	632
323	157
323	465
323	649
324	157
324	465
324	649
325	157
325	465
325	649
326	691
326	693
327	157
327	465
327	649
328	157
328	465
329	157
329	465
329	649
330	157
330	465
330	649
331	34
331	88
331	89
332	34
332	88
332	89
333	157
333	465
333	649
334	34
334	82
334	631
335	34
335	535
335	632
336	34
336	82
336	631
337	34
337	535
337	632
338	34
338	424
338	535
338	632
339	535
339	632
340	535
340	632
341	34
341	82
341	631
342	82
342	631
343	34
343	405
344	34
344	424
344	535
344	632
346	40
346	41
347	717
347	719
348	34
348	405
349	34
349	85
350	34
350	85
351	34
351	36
351	650
352	34
352	36
352	650
353	40
353	41
354	34
354	402
355	698
355	699
356	698
356	699
357	82
357	631
358	34
358	405
359	717
359	718
360	717
360	721
361	717
361	719
362	717
362	719
363	385
363	449
363	646
364	385
364	409
364	646
365	385
365	411
365	646
366	34
366	82
366	631
367	34
367	405
368	34
368	405
369	34
369	82
369	631
370	34
370	82
370	631
371	95
371	650
372	95
372	650
373	95
373	650
374	95
374	650
375	95
375	650
376	95
376	650
377	95
377	650
378	95
378	650
379	34
379	88
379	89
380	702
380	703
381	38
381	122
381	713
382	717
382	718
383	717
383	720
384	702
384	706
385	702
385	712
386	688
386	695
387	702
387	704
388	702
388	703
389	702
389	703
390	702
390	706
391	702
391	706
392	40
392	41
393	34
393	94
394	34
394	94
395	98
395	653
396	98
396	653
397	98
397	653
398	34
398	88
398	403
399	34
399	88
399	403
400	34
400	88
400	403
401	98
401	653
402	691
402	692
403	98
403	653
404	98
404	653
405	702
405	703
406	385
406	411
406	646
407	702
407	703
408	157
409	157
409	465
409	649
410	98
410	653
411	98
411	653
412	34
412	535
412	632
413	34
413	535
413	632
414	34
414	535
414	632
415	40
415	41
416	535
416	632
417	98
417	653
418	98
418	653
419	98
419	653
420	98
420	653
421	98
421	653
422	34
422	82
422	631
423	34
423	82
423	631
424	82
424	631
425	82
425	631
426	34
426	94
427	34
427	94
428	34
428	88
428	93
429	34
429	88
429	93
430	82
430	631
431	698
431	701
432	34
432	405
433	95
433	650
434	95
434	650
435	95
435	650
436	34
436	535
436	632
437	95
437	650
438	34
438	88
438	89
439	34
439	88
439	89
440	34
440	87
441	423
441	535
442	34
442	88
442	403
443	723
443	724
444	34
444	82
444	631
445	34
445	87
446	34
446	87
447	34
447	87
448	34
448	88
448	403
449	34
449	88
449	403
450	34
450	88
450	403
451	34
451	88
451	403
452	34
452	88
452	403
453	702
453	703
454	292
454	295
454	496
454	532
455	292
455	295
455	496
455	532
456	292
456	295
456	496
456	532
457	292
457	295
457	496
457	532
458	292
458	295
458	496
458	532
459	292
459	295
459	496
459	532
460	292
460	295
460	496
460	532
461	98
461	653
462	98
462	653
463	34
463	85
464	82
464	631
465	38
465	108
465	691
466	38
466	108
466	691
467	702
467	703
468	38
468	122
468	713
469	38
469	122
469	713
470	34
470	105
471	385
471	409
471	646
472	385
472	411
472	646
473	385
473	411
473	646
474	385
474	411
474	646
475	385
475	411
475	646
476	385
476	411
476	646
477	82
477	631
478	82
478	631
479	34
479	82
479	631
480	34
480	82
480	631
481	82
481	631
482	82
482	631
483	82
483	631
484	38
484	108
484	691
485	385
485	411
485	646
486	385
486	411
486	646
487	691
487	692
488	691
488	692
489	698
489	699
490	698
490	699
491	698
491	699
492	34
492	87
493	34
493	88
493	403
494	34
494	105
495	34
495	105
496	34
496	88
496	92
496	403
497	34
497	88
497	92
497	403
498	34
498	422
499	34
499	422
500	82
500	631
501	34
501	86
502	38
502	133
503	38
503	133
504	702
504	707
505	702
505	707
506	702
506	707
507	702
507	712
508	717
508	718
509	717
509	718
510	698
510	699
511	385
511	411
511	646
512	385
512	412
512	646
513	405
513	631
514	691
514	692
515	691
515	692
516	530
516	714
517	38
517	108
517	691
518	38
518	108
518	691
519	38
519	122
519	713
520	452
520	464
521	82
521	631
522	34
522	88
522	89
523	98
523	653
524	98
524	653
526	98
526	653
527	535
527	632
528	98
528	653
529	82
529	631
530	38
530	108
530	691
531	38
531	108
531	691
532	38
532	122
532	713
533	385
533	409
533	646
534	723
534	724
535	34
535	88
535	403
536	385
536	411
536	646
537	34
537	86
538	385
538	412
538	646
539	385
539	406
539	646
540	385
540	406
540	646
541	691
541	692
542	385
542	411
542	646
543	688
543	695
544	688
544	695
545	702
545	704
546	702
546	704
547	702
547	704
548	702
548	703
549	702
549	703
550	702
550	703
551	38
551	122
551	713
552	38
552	122
552	713
553	38
553	713
554	38
554	122
554	713
555	38
555	122
555	713
556	38
556	122
556	713
557	702
557	705
558	702
558	705
559	717
559	718
560	717
560	718
561	717
561	718
562	717
562	719
563	717
563	721
564	38
565	702
565	712
566	702
566	712
567	702
567	712
568	702
568	712
569	702
569	711
570	34
570	535
570	632
571	34
571	82
571	631
572	34
572	82
572	631
574	82
574	631
575	82
575	631
576	82
576	631
577	82
577	631
578	82
578	631
579	34
579	82
579	631
580	82
580	631
581	82
581	631
582	34
582	88
582	404
583	34
583	85
584	34
584	88
584	404
585	423
585	535
586	34
586	423
586	535
586	632
587	98
587	653
593	98
593	653
594	98
594	653
595	98
595	653
596	98
596	653
597	98
597	653
598	98
598	653
599	98
599	653
600	34
600	87
601	34
601	88
601	89
602	98
602	653
603	98
603	653
604	98
604	653
605	98
605	653
606	698
606	700
607	698
607	700
608	698
608	700
609	698
609	700
610	98
610	653
611	98
611	653
612	98
612	653
613	34
613	88
613	89
614	98
614	653
615	98
615	653
616	98
616	653
617	98
617	653
618	98
618	653
619	98
619	653
621	98
621	653
622	98
622	653
623	98
623	653
624	98
624	653
625	98
625	653
626	98
626	653
628	98
628	653
629	157
629	465
629	649
630	157
630	465
630	649
631	157
631	465
631	649
632	157
632	465
632	649
634	34
634	88
634	89
635	34
635	88
635	89
636	691
636	692
637	691
637	692
638	385
638	451
638	646
639	385
639	451
639	646
640	98
640	653
641	98
641	653
642	385
642	451
642	646
643	385
643	451
643	646
644	98
644	653
645	385
645	451
645	646
646	385
646	411
646	646
647	34
647	88
647	93
648	702
648	704
649	698
649	701
650	98
650	653
651	98
651	653
652	98
652	653
653	98
653	653
654	535
654	632
655	34
655	88
655	89
656	98
656	653
657	292
657	306
657	466
658	98
658	653
659	34
659	88
659	403
660	292
660	306
660	466
661	292
661	306
661	466
662	38
662	124
663	292
663	306
663	466
664	38
664	122
664	450
664	713
665	38
665	122
665	450
665	713
666	38
666	122
666	450
666	713
667	702
667	703
668	702
668	703
669	292
669	306
669	466
670	38
670	114
671	717
671	720
672	292
672	306
672	466
673	34
673	85
674	98
674	653
675	98
675	653
676	98
676	653
677	98
677	653
678	98
678	653
679	157
679	465
679	649
680	292
680	293
681	292
681	293
682	292
682	293
683	292
683	293
684	292
684	293
685	292
685	293
686	292
686	293
687	292
687	293
688	292
688	293
689	34
689	535
689	632
690	82
690	631
691	82
691	631
692	82
692	631
693	34
693	86
696	535
696	632
697	98
697	653
698	98
698	653
699	34
699	82
699	433
699	631
700	82
700	631
701	405
701	631
702	82
702	631
703	98
703	653
704	98
704	653
705	98
705	653
706	98
706	653
707	98
707	653
708	98
708	653
709	98
709	653
710	98
710	653
711	82
711	631
712	34
712	87
716	723
716	724
717	34
717	88
717	448
718	34
718	88
718	420
719	98
719	653
720	98
720	653
721	34
721	535
721	632
722	40
722	65
723	40
723	65
724	40
724	65
725	40
725	65
726	40
726	65
727	40
727	41
728	405
728	631
729	405
729	631
730	405
730	631
731	405
731	631
732	405
732	631
733	405
733	631
734	34
734	105
735	34
735	105
736	40
736	41
737	40
737	41
738	34
738	88
738	93
739	40
739	41
740	82
740	631
741	82
741	631
742	82
742	631
743	34
743	88
743	93
744	698
744	699
745	698
745	699
746	34
746	82
746	631
747	82
747	631
748	34
749	34
750	405
750	631
751	385
751	411
751	646
752	535
752	632
753	34
753	535
753	632
754	535
754	632
755	535
755	632
756	535
756	632
757	535
757	632
758	34
758	424
758	535
758	632
759	40
759	41
760	38
760	108
760	691
761	698
761	700
762	34
762	446
763	691
763	692
764	691
764	692
765	691
765	692
766	34
766	86
767	691
767	692
768	691
768	692
769	691
769	692
770	691
770	692
771	40
771	41
772	40
772	41
773	40
773	41
774	40
774	41
775	34
775	88
775	92
775	403
776	82
776	631
778	136
778	464
778	665
778	690
779	136
779	464
779	665
779	690
780	134
780	464
780	664
780	690
781	535
781	632
782	535
782	632
783	34
783	535
783	632
784	34
784	535
784	632
785	34
785	423
785	535
786	34
786	88
786	89
787	34
787	82
787	631
788	34
788	86
789	698
789	700
790	405
790	631
791	405
791	631
792	405
792	631
793	34
793	87
794	34
794	87
795	34
795	87
796	34
796	87
796	88
796	91
797	34
797	88
797	89
798	38
798	108
798	691
799	702
799	704
800	385
800	409
800	646
801	95
801	650
802	95
802	650
803	95
803	650
804	95
804	650
805	95
805	650
806	95
806	650
807	34
807	88
807	89
808	34
808	535
808	632
809	95
809	650
810	95
810	650
811	95
811	650
812	95
812	650
813	405
813	631
814	530
814	715
815	34
815	87
816	40
816	41
817	40
817	41
818	40
818	41
819	40
819	41
820	702
820	703
821	702
821	703
822	34
822	85
823	702
823	703
824	702
824	704
825	702
825	708
826	38
826	108
826	691
827	38
827	108
827	691
828	38
828	108
828	691
829	38
829	108
829	691
830	702
830	712
831	38
831	108
831	691
832	34
832	86
833	38
833	108
833	691
834	38
834	108
834	691
835	702
835	710
836	135
836	137
836	464
836	664
836	665
836	690
837	385
837	411
837	646
838	82
838	631
839	82
839	631
840	34
840	85
841	535
841	632
842	535
842	632
843	698
843	700
844	38
844	108
844	691
845	717
845	720
846	691
846	693
847	535
847	632
848	535
848	632
849	535
849	632
850	535
850	632
851	82
851	631
852	82
852	631
853	691
853	692
854	691
854	692
855	691
855	692
856	691
856	692
857	34
857	105
858	34
858	105
859	698
859	700
860	698
860	700
861	38
861	108
861	691
862	38
862	108
862	691
863	82
863	631
864	385
864	411
864	646
865	385
865	411
865	646
866	235
866	238
866	240
867	235
867	238
867	240
868	235
868	238
868	240
869	530
869	714
870	385
870	411
870	646
871	530
871	714
872	723
872	724
873	82
873	631
874	82
874	631
875	82
875	631
876	385
876	419
876	646
877	717
877	720
878	82
878	631
879	535
879	632
880	535
880	632
881	95
881	650
883	424
883	535
884	385
884	419
884	646
885	34
885	85
886	34
886	85
887	691
887	692
888	535
888	632
889	535
889	632
890	34
890	535
890	632
891	535
891	632
892	535
892	632
893	535
893	632
894	34
894	535
894	632
895	34
895	535
895	632
896	535
896	632
897	34
897	535
897	632
898	424
898	535
899	535
899	632
900	40
900	41
901	40
901	41
902	40
902	41
903	82
903	631
904	82
904	631
905	82
905	631
906	82
906	631
907	82
907	631
908	82
908	631
909	82
909	631
910	82
910	631
911	82
911	631
912	82
912	631
913	702
913	703
914	702
914	703
915	38
915	108
915	691
916	38
916	108
916	691
917	38
917	108
917	691
918	38
918	114
919	385
919	419
919	646
920	702
920	703
921	38
921	108
921	691
922	34
922	88
922	403
923	34
923	95
923	650
924	34
924	95
924	650
925	34
925	95
925	650
926	34
926	95
926	650
927	146
927	153
927	530
927	694
928	34
928	88
928	89
929	34
929	88
929	403
930	698
930	701
931	698
931	701
932	691
932	693
933	82
933	631
934	34
934	535
934	632
935	235
935	238
935	239
936	38
936	114
937	235
937	238
937	239
938	235
938	238
938	239
939	535
939	632
940	82
940	631
941	82
941	631
942	34
942	86
943	34
943	86
944	691
944	692
945	38
945	114
946	492
947	492
948	492
949	492
950	492
951	492
952	492
953	492
954	702
954	705
955	702
955	712
956	702
956	711
957	38
957	108
957	691
958	38
958	108
958	691
959	492
960	34
960	102
960	653
961	492
962	492
963	492
964	492
965	492
966	492
967	492
968	235
968	238
968	239
969	235
969	238
969	239
970	82
970	631
971	34
971	82
971	631
972	688
972	695
973	82
973	631
974	723
974	725
975	688
975	695
976	385
976	412
976	646
977	235
977	238
977	239
978	235
978	238
978	239
979	235
979	238
979	239
981	235
981	238
981	239
982	140
982	146
982	413
982	464
983	235
983	238
983	239
984	235
984	238
984	239
985	235
985	238
985	239
986	235
986	238
986	239
987	34
987	85
988	34
988	85
989	34
989	85
990	38
990	114
991	40
991	41
992	717
992	720
993	146
993	457
993	464
993	665
993	690
994	530
994	715
995	385
995	411
995	646
996	385
996	411
996	646
997	82
997	631
998	82
998	631
999	691
999	693
1000	82
1000	631
1001	691
1001	692
1002	691
1002	692
1003	691
1003	692
1004	691
1004	692
1005	34
1005	88
1005	404
1006	34
1006	88
1006	404
1007	34
1007	85
1008	34
1008	85
1009	34
1009	85
1010	34
1010	85
1011	34
1011	85
1012	691
1012	693
1013	691
1013	693
1014	405
1014	631
1015	405
1015	631
1016	405
1016	631
1017	405
1017	631
1018	405
1018	631
1019	405
1019	631
1020	405
1020	631
1021	702
1021	703
1022	698
1022	699
1023	698
1023	699
1024	698
1024	699
1025	698
1025	701
1026	698
1026	700
1027	698
1027	700
1028	405
1028	631
1029	405
1029	631
1030	698
1030	699
1031	235
1031	238
1031	239
1032	235
1032	238
1032	239
1033	235
1033	238
1033	239
1034	698
1034	700
1035	698
1035	700
1036	698
1036	700
1037	34
1037	82
1037	631
1038	146
1038	430
1038	649
1038	675
1039	146
1039	430
1039	649
1039	675
1040	146
1040	430
1040	649
1040	675
1041	235
1041	245
1042	235
1042	245
1043	235
1043	245
1044	235
1044	245
1045	235
1045	245
1046	235
1046	245
1047	235
1047	245
1048	235
1048	245
1049	235
1049	245
1050	235
1050	245
1051	235
1051	245
1052	34
1052	535
1052	632
1053	34
1053	85
1054	40
1054	41
1055	40
1055	41
1056	40
1056	41
1057	405
1057	631
1058	405
1058	631
1059	405
1059	631
1060	405
1060	631
1061	405
1061	631
1062	405
1062	631
1063	385
1063	419
1063	646
1064	82
1064	631
1065	82
1065	631
1066	82
1066	631
1067	82
1067	631
1068	98
1068	653
1069	98
1069	653
1070	108
1070	691
1071	108
1071	691
1072	122
1072	713
1073	122
1073	713
1074	38
1074	108
1074	691
1075	146
1075	157
1076	146
1076	442
1076	649
1077	82
1077	631
1078	82
1078	631
1079	82
1079	631
1082	535
1082	632
1083	258
1083	259
1084	258
1084	259
1085	157
1085	465
1085	649
1086	535
1086	632
1087	34
1087	535
1087	632
1088	98
1088	653
1089	98
1089	653
1090	98
1090	653
1091	40
1091	41
1092	40
1092	41
1093	82
1093	631
1094	82
1094	631
1095	535
1095	632
1096	702
1096	704
1097	38
1097	122
1097	713
1098	157
1098	465
1098	649
1099	691
1099	692
1100	146
1100	436
1100	464
1101	82
1101	631
1102	698
1102	700
1103	34
1103	86
1104	40
1104	41
1105	691
1105	692
1106	691
1106	692
1107	691
1107	692
1108	385
1108	411
1108	646
1109	385
1109	411
1109	646
1110	98
1110	653
1111	98
1111	653
1112	98
1112	653
1113	98
1113	653
1114	98
1114	653
1115	98
1115	653
1116	98
1116	653
1117	98
1117	653
1118	98
1118	653
1119	98
1119	653
1120	98
1120	653
1121	98
1121	653
1122	98
1122	653
1123	98
1123	653
1124	98
1124	653
1125	98
1125	653
1126	98
1126	653
1127	98
1127	653
1130	157
1130	465
1130	649
1131	157
1131	465
1131	649
1132	157
1132	465
1132	649
1133	435
1133	465
1133	649
1134	428
1134	465
1134	649
1135	428
1135	465
1135	649
1136	428
1136	435
1136	465
1137	428
1137	465
1137	649
1138	146
1139	157
1139	465
1140	146
1141	146
1142	146
1143	82
1143	631
1144	40
1144	41
1145	40
1145	41
1146	40
1146	41
1147	40
1147	41
1148	40
1148	41
1149	40
1149	41
1150	34
1150	88
1150	93
1150	403
1151	691
1151	692
1152	691
1152	692
1153	691
1153	692
1154	691
1154	692
1155	691
1155	692
1156	691
1156	692
1157	98
1157	653
1158	98
1158	653
1159	98
1159	653
1160	98
1160	653
1161	98
1161	653
1162	98
1162	653
1163	110
1164	110
1165	34
1165	405
1166	34
1166	405
1167	34
1167	405
1168	34
1168	405
1169	34
1169	405
1170	82
1170	433
1170	631
1171	82
1171	433
1171	631
1172	82
1172	631
1173	82
1173	631
1174	82
1174	631
1175	82
1175	631
1176	82
1176	631
1177	98
1177	653
1178	98
1178	653
1179	98
1179	653
1180	98
1180	653
1181	98
1181	653
1182	98
1182	653
1183	98
1183	653
1184	717
1184	719
1185	82
1185	631
1186	82
1186	631
1187	82
1187	631
1188	82
1188	631
1189	82
1189	631
1190	34
1190	94
1191	34
1191	94
1192	34
1192	94
1193	34
1193	94
1194	34
1194	94
1195	82
1195	631
1196	82
1196	631
1201	235
1201	238
1201	240
1202	235
1202	238
1202	240
1203	235
1203	238
1203	240
1204	235
1204	238
1204	240
1205	235
1205	240
1206	235
1206	238
1206	239
1207	235
1207	238
1207	240
1208	235
1208	238
1208	240
1209	82
1209	631
1210	34
1210	535
1210	632
1211	34
1211	535
1211	632
1212	82
1212	631
1213	82
1213	631
1214	82
1214	631
1216	82
1216	631
1217	34
1217	535
1217	632
1218	82
1218	631
1219	146
1219	430
1219	649
1219	675
1220	146
1220	430
1220	649
1220	675
1221	146
1221	430
1221	649
1221	675
1222	146
1222	430
1222	649
1222	675
1223	702
1223	703
1224	136
1224	146
1224	464
1224	665
1224	690
1225	136
1225	146
1225	464
1225	665
1225	690
1226	691
1226	692
1227	96
1227	314
1227	317
1228	292
1228	314
1228	317
1229	314
1229	429
1230	314
1230	429
1231	314
1231	429
1232	314
1232	429
1233	34
1233	423
1233	535
1233	632
1234	691
1234	692
1235	38
1235	108
1235	691
1236	40
1236	41
1237	38
1237	108
1237	691
1238	292
1238	314
1238	429
1239	40
1239	41
1240	292
1240	314
1240	429
1241	292
1241	314
1241	429
1242	292
1242	314
1242	429
1243	314
1243	429
1244	698
1244	701
1245	698
1245	701
1246	34
1246	423
1246	535
1247	34
1247	86
1248	717
1248	719
1249	723
1249	724
1250	723
1250	724
1251	723
1251	724
1252	723
1252	724
1253	723
1253	724
1254	535
1254	632
1255	535
1255	632
1256	292
1256	314
1256	319
1257	292
1257	314
1257	319
1258	314
1258	315
1259	292
1259	302
1259	314
1259	317
1260	292
1260	314
1260	429
1261	292
1261	302
1262	292
1262	302
1263	292
1263	302
1263	532
1264	292
1264	302
1265	292
1265	302
1266	292
1266	302
1267	292
1267	302
1268	292
1268	302
1269	82
1269	631
1270	40
1270	41
1271	34
1271	87
1272	34
1272	535
1272	632
1273	698
1273	700
1274	698
1274	700
1275	698
1275	699
1276	691
1276	693
1277	34
1277	88
1277	403
1278	34
1278	88
1278	89
1279	40
1279	41
1280	146
1280	435
1280	465
1280	649
1281	146
1281	148
1282	157
1282	465
1282	649
1283	157
1283	465
1283	649
1284	157
1284	465
1284	649
1285	157
1285	465
1285	649
1286	146
1287	465
1287	633
1287	649
1288	428
1288	465
1288	649
1289	428
1289	465
1289	649
1290	34
1290	87
1291	34
1291	87
1292	34
1292	535
1292	632
1293	34
1293	88
1293	403
1294	34
1294	88
1294	89
1295	34
1295	88
1295	89
1296	34
1296	86
1297	98
1297	653
1298	98
1298	653
1299	98
1299	653
1300	98
1300	653
1301	98
1301	653
1302	98
1302	653
1303	98
1303	653
1304	98
1304	653
1305	98
1305	653
1306	98
1306	653
1307	98
1307	653
1308	98
1308	653
1309	98
1309	653
1310	34
1310	87
1310	88
1310	91
1311	702
1311	704
1312	98
1312	653
1313	34
1313	88
1313	93
1314	82
1314	631
1315	82
1315	631
1316	698
1316	701
1317	688
1317	697
1318	688
1318	697
1319	691
1319	692
1320	34
1320	88
1320	403
1321	34
1321	88
1321	91
1322	34
1322	88
1322	91
1323	702
1323	704
1324	38
1324	713
1325	38
1325	122
1325	713
1326	38
1326	713
1327	38
1327	713
1328	102
1328	653
1329	34
1329	88
1329	89
1330	691
1330	692
1331	691
1331	692
1332	723
1332	724
1333	723
1333	724
1334	42
1334	51
1335	42
1335	51
1336	82
1336	631
1337	98
1337	653
1338	82
1338	631
1339	34
1339	535
1339	632
1340	34
1340	535
1340	632
1341	34
1341	535
1341	632
1342	34
1342	424
1342	535
1343	34
1343	88
1343	403
1344	34
1344	88
1344	404
1345	34
1345	88
1345	404
1346	34
1346	86
1347	292
1347	302
1348	702
1348	703
1349	698
1349	700
1350	385
1350	411
1350	646
1351	385
1351	411
1351	646
1352	385
1352	411
1352	646
1353	385
1353	411
1353	646
1354	691
1354	692
1355	691
1355	692
1356	691
1356	692
1357	691
1357	692
1358	691
1358	692
1359	691
1359	692
1360	691
1360	692
1361	40
1361	41
1362	34
1362	36
1362	650
1363	38
1363	108
1363	691
1364	38
1364	108
1364	691
1365	38
1365	108
1365	691
1366	38
1366	108
1366	691
1367	38
1367	108
1367	691
1368	38
1368	108
1368	691
1369	535
1369	632
1370	535
1370	632
1371	34
1371	86
1372	34
1372	86
1373	34
1373	86
1374	82
1374	631
1375	82
1375	631
1376	82
1376	631
1377	535
1377	632
1378	424
1378	535
1379	34
1379	86
1380	34
1380	86
1381	34
1381	85
1382	535
1382	632
1383	385
1383	411
1383	646
1384	717
1384	718
1385	40
1385	41
1386	40
1386	41
1387	34
1387	424
1387	535
1388	34
1388	423
1388	535
1389	34
1389	36
1389	650
1390	34
1390	36
1390	650
1391	34
1391	36
1391	650
1392	34
1392	535
1392	632
1393	34
1393	88
1393	89
1394	82
1394	631
1395	82
1395	631
1396	82
1396	631
1397	40
1397	41
1398	40
1398	41
1399	40
1399	41
1400	40
1400	41
1401	34
1401	88
1401	89
1401	93
1402	38
1402	108
1402	691
1403	34
1403	535
1403	632
1404	691
1404	692
1405	95
1405	650
1406	95
1406	650
1407	40
1407	41
1408	34
1408	88
1408	92
1409	34
1409	88
1409	92
1410	34
1410	88
1410	92
1411	34
1411	88
1411	92
1412	34
1412	87
1413	88
1413	89
1414	34
1414	87
1415	34
1415	36
1415	650
1416	385
1416	411
1416	646
1417	385
1417	411
1417	646
1418	688
1418	695
1419	702
1419	712
1420	385
1420	409
1420	646
1421	134
1421	146
1421	464
1421	664
1421	690
1422	134
1422	146
1422	464
1422	664
1422	690
1423	134
1423	146
1423	464
1423	664
1423	690
1424	140
1424	146
1424	464
1425	34
1425	36
1425	650
1426	140
1426	146
1426	464
1427	136
1427	146
1427	464
1427	665
1427	690
1428	140
1428	146
1428	464
1429	134
1429	146
1429	464
1429	664
1429	690
1430	134
1430	146
1430	464
1430	664
1430	690
1431	134
1431	146
1431	464
1431	664
1431	690
1432	134
1432	146
1432	464
1432	664
1432	690
1433	134
1433	146
1433	464
1433	664
1433	690
1434	134
1434	146
1434	464
1434	664
1434	690
1435	137
1435	146
1435	464
1435	665
1435	690
1436	134
1436	146
1436	464
1436	664
1436	690
1437	143
1437	144
1439	134
1439	146
1439	464
1439	664
1439	690
1440	137
1440	146
1440	464
1440	665
1440	690
1441	702
1441	705
1442	151
1442	414
1443	34
1443	402
1444	723
1444	724
1445	723
1445	724
1446	385
1446	412
1446	646
1447	82
1447	631
1448	82
1448	631
1449	95
1449	650
1450	95
1450	650
1451	82
1451	631
1452	82
1452	631
1453	535
1453	632
1454	34
1454	86
1455	34
1455	88
1455	89
1456	87
1457	34
1457	87
1458	698
1458	699
1459	698
1459	699
1460	34
1460	402
1461	34
1461	402
1462	34
1462	402
1463	34
1463	402
1464	38
1464	108
1464	691
1465	38
1465	108
1465	691
1466	530
1466	714
1467	34
1467	535
1467	632
1468	34
1468	424
1468	535
1469	82
1469	631
1470	34
1470	423
1470	535
1470	632
1471	34
1471	535
1471	632
1472	40
1472	41
1473	40
1473	41
1474	424
1474	535
1475	34
1475	535
1475	632
1476	535
1476	632
1477	535
1477	632
1478	424
1478	535
1479	424
1479	535
1480	385
1480	411
1480	646
1481	385
1481	411
1481	646
1482	385
1482	411
1482	646
1483	137
1483	464
1483	665
1483	690
1484	82
1484	631
1485	82
1485	631
1486	385
1486	411
1486	646
1487	385
1487	410
1487	411
1487	646
1488	385
1488	410
1488	411
1488	646
1489	385
1489	411
1489	646
1490	385
1490	411
1490	646
1491	34
1491	87
1492	140
1492	146
1492	464
1493	140
1493	146
1493	464
1495	141
1495	146
1495	413
1495	464
1496	140
1496	146
1496	464
1497	40
1497	41
1498	40
1498	41
1499	40
1499	41
1500	40
1500	41
1501	94
1502	94
1503	98
1503	653
1504	98
1504	653
1505	98
1505	653
1506	98
1506	653
1507	688
1507	695
1508	34
1508	86
1509	34
1509	86
1510	82
1510	631
1511	40
1511	41
1512	40
1512	41
1513	40
1513	41
1514	40
1514	41
1515	40
1515	41
1516	34
1516	87
1516	88
1516	91
1517	38
1517	108
1517	691
1518	34
1518	402
1519	34
1519	402
1520	34
1520	402
1521	34
1521	423
1521	535
1522	82
1522	631
1523	40
1523	41
1524	34
1524	88
1524	89
1524	93
1525	717
1525	719
1526	717
1526	719
1527	688
1527	696
1528	424
1528	535
1529	424
1529	535
1530	40
1530	41
1531	40
1531	41
1532	40
1532	41
1533	40
1533	41
1534	40
1534	41
1535	34
1535	423
1535	535
1535	632
1536	34
1536	423
1536	535
1536	632
1537	34
1537	423
1537	535
1537	632
1538	34
1538	88
1538	404
1539	34
1539	424
1539	535
1540	688
1540	695
1541	691
1541	692
1542	38
1542	713
1543	405
1543	631
1544	405
1544	631
1545	40
1545	41
1546	40
1546	41
1547	140
1547	146
1547	464
1548	34
1548	402
1549	235
1549	238
1549	240
1550	235
1550	238
1550	240
1551	235
1551	238
1551	240
1552	530
1552	714
1553	530
1553	714
1554	34
1554	88
1554	404
1555	530
1555	714
1556	530
1556	714
1557	34
1557	88
1557	404
1558	34
1558	85
1559	34
1559	88
1559	93
1560	34
1560	88
1560	93
1561	34
1561	88
1561	93
1562	698
1562	699
1563	698
1563	699
1564	698
1564	699
1565	38
1565	108
1565	691
1566	38
1566	108
1566	691
1567	38
1567	108
1567	691
1568	691
1568	693
1569	38
1569	132
1570	702
1570	708
1571	702
1571	708
1572	38
1572	122
1572	713
1573	38
1573	122
1573	713
1574	38
1574	122
1574	713
1575	702
1575	711
1576	82
1576	631
1577	82
1577	631
1578	82
1578	631
1579	34
1579	424
1579	535
1579	632
1580	34
1580	535
1580	632
1581	34
1581	423
1581	535
1581	632
1582	34
1582	422
1583	34
1583	422
1584	717
1584	718
1585	717
1585	718
1586	38
1586	115
1587	702
1587	708
1588	691
1588	692
1589	34
1589	403
1590	34
1590	92
1591	34
1591	403
1592	82
1592	88
1592	420
1593	82
1593	631
1594	34
1594	535
1594	632
1595	385
1595	419
1595	646
1596	34
1596	85
1597	34
1597	85
1598	34
1598	88
1598	93
1599	34
1600	34
1600	88
1600	89
1601	691
1601	692
1602	530
1602	715
1603	34
1603	88
1603	403
1604	34
1604	87
1605	34
1605	87
1606	34
1606	87
1606	88
1606	91
1607	530
1607	714
1608	530
1608	715
1609	530
1609	715
1610	702
1610	704
1611	38
1611	114
1612	38
1612	114
1613	34
1613	88
1613	89
1614	34
1614	88
1614	89
1615	34
1615	88
1615	93
1616	34
1616	88
1616	91
1617	34
1617	88
1617	91
1618	691
1618	692
1619	691
1619	692
1620	691
1620	692
1621	698
1621	700
1622	530
1622	714
1623	530
1623	714
1624	702
1624	704
1625	38
1625	713
1626	702
1626	705
1627	38
1627	713
1628	702
1628	712
1629	38
1629	713
1630	702
1630	706
1631	38
1631	713
1632	702
1632	712
1633	723
1633	724
1634	38
1634	122
1634	713
1635	385
1635	412
1635	646
1636	34
1636	94
1637	34
1637	94
1638	34
1638	94
1639	34
1639	94
1640	34
1640	94
1641	530
1641	714
1642	82
1642	631
1643	82
1643	631
1644	535
1644	632
1645	535
1645	632
1646	82
1646	631
1647	34
1647	88
1647	404
1648	34
1648	88
1648	89
1649	34
1649	88
1649	89
1650	34
1650	88
1650	403
1651	82
1651	631
1652	38
1652	108
1652	691
1653	702
1653	706
1654	38
1654	122
1654	713
1655	688
1655	695
1656	82
1656	631
1657	82
1657	631
1658	82
1658	631
1659	82
1659	631
1660	82
1660	631
1661	40
1661	41
1662	40
1662	41
1663	40
1663	41
1664	385
1664	412
1664	646
1665	530
1665	714
1666	82
1666	631
1667	40
1667	41
1668	40
1668	41
1669	40
1669	41
1670	40
1670	41
1671	40
1671	41
1672	40
1672	41
1673	40
1673	41
1674	40
1674	41
1675	40
1675	41
1676	40
1676	41
1677	40
1677	41
1678	40
1678	41
1679	40
1679	41
1680	34
1680	88
1680	89
1681	34
1681	87
1682	34
1682	87
1683	34
1683	87
1684	34
1684	87
1685	34
1685	88
1685	93
1686	698
1686	699
1687	38
1687	108
1687	691
1688	702
1688	703
1689	702
1689	703
1690	702
1690	703
1691	702
1691	703
1692	702
1692	703
1693	702
1693	703
1694	702
1694	704
1695	702
1695	703
1696	702
1696	703
1697	702
1697	707
1698	702
1698	704
1699	702
1699	704
1700	702
1700	704
1701	702
1701	704
1702	688
1702	695
1703	688
1703	695
1704	688
1704	695
1705	688
1705	695
1706	38
1706	122
1706	713
1707	38
1707	122
1707	476
1707	713
1708	38
1708	122
1708	476
1708	713
1709	38
1709	122
1709	476
1709	713
1710	702
1710	712
1711	702
1711	712
1712	702
1712	712
1713	702
1713	712
1714	702
1714	712
1715	702
1715	705
1716	702
1716	705
1717	702
1717	705
1718	702
1718	705
1719	702
1719	706
1720	702
1720	706
1721	702
1721	706
1722	691
1722	693
1723	691
1723	693
1724	691
1724	693
1725	691
1725	693
1726	723
1726	724
1727	723
1727	724
1728	723
1728	724
1729	723
1729	724
1730	723
1730	724
1731	723
1731	724
1732	723
1732	724
1733	723
1733	724
1734	723
1734	724
1735	723
1735	724
1736	723
1736	724
1737	723
1737	724
1740	723
1740	724
1741	723
1741	724
1742	723
1742	724
1743	723
1743	724
1744	717
1744	719
1745	717
1745	718
1746	717
1746	718
1747	717
1747	718
1748	34
1748	88
1748	91
1749	702
1749	707
1750	702
1750	706
1751	34
1751	105
1752	34
1752	105
1753	34
1753	105
1754	385
1754	406
1754	646
1757	385
1757	409
1757	646
1758	385
1758	411
1758	646
1759	385
1759	411
1759	646
1760	385
1760	411
1760	646
1761	385
1761	411
1761	646
1762	385
1762	411
1762	646
1764	385
1764	412
1764	646
1765	385
1765	412
1765	646
1766	385
1766	412
1766	646
1767	385
1767	412
1767	646
1768	385
1768	412
1768	646
1769	385
1769	412
1769	646
1770	385
1770	406
1770	646
1771	385
1771	406
1771	646
1772	385
1772	406
1772	646
1773	385
1773	406
1773	646
1774	702
1774	707
1775	702
1775	704
1776	702
1776	704
1777	702
1777	704
1778	702
1778	704
1779	702
1779	704
1780	702
1780	704
1781	702
1781	704
1782	702
1782	704
1783	702
1783	704
1784	702
1784	703
1785	702
1785	703
1786	702
1786	703
1787	702
1787	703
1788	702
1788	703
1789	702
1789	703
1790	702
1790	703
1791	702
1791	703
1792	38
1792	713
1793	38
1793	713
1794	702
1794	705
1795	723
1795	724
1796	38
1796	108
1796	691
1797	38
1797	108
1797	691
1798	38
1798	108
1798	691
1799	717
1799	720
1800	717
1800	719
1801	702
1801	712
1802	702
1802	712
1803	702
1803	711
1804	702
1804	711
1805	723
1805	724
1806	723
1806	724
1807	723
1807	724
1809	688
1809	695
1810	688
1810	695
1811	34
1811	88
1811	404
1812	688
1812	695
1813	688
1813	695
1814	688
1814	695
1815	688
1815	695
1816	688
1816	695
1817	688
1817	695
1818	688
1818	695
1819	688
1819	695
1820	688
1820	695
1821	151
1821	414
1822	38
1822	122
1822	713
1823	38
1823	122
1823	713
1824	38
1824	122
1824	713
1825	717
1825	719
1826	717
1826	719
1827	134
1827	464
1827	664
1827	690
1828	134
1828	464
1828	664
1828	690
1829	134
1829	464
1829	664
1829	690
1830	134
1830	460
1830	464
1830	664
1830	690
1831	134
1831	464
1831	664
1831	690
1832	134
1832	464
1832	664
1832	690
1833	134
1833	464
1833	664
1833	690
1834	134
1834	464
1834	664
1834	690
1835	134
1835	464
1835	664
1835	690
1836	134
1836	464
1836	664
1836	690
1837	134
1837	464
1837	664
1837	690
1838	134
1838	464
1838	664
1838	690
1839	134
1839	464
1839	664
1839	690
1840	134
1840	664
1840	690
1841	134
1841	664
1841	690
1842	134
1842	464
1842	664
1842	690
1843	136
1843	464
1843	665
1843	690
1844	136
1844	464
1844	665
1844	690
1845	141
1845	413
1845	464
1846	141
1846	413
1846	464
1849	38
1849	114
1850	530
1850	714
1851	530
1851	714
1852	530
1852	714
1853	530
1853	714
1854	530
1854	714
1855	530
1855	714
1856	530
1856	714
1857	34
1857	402
1858	34
1858	402
1859	34
1859	402
1860	723
1860	724
1861	38
1861	108
1861	691
1862	38
1862	108
1862	691
1863	702
1863	703
1864	702
1864	703
1865	702
1865	703
1866	702
1866	703
1867	702
1867	703
1868	702
1868	703
1869	702
1869	704
1870	702
1870	704
1871	702
1871	704
1872	702
1872	704
1873	702
1873	704
1874	702
1874	707
1875	702
1875	707
1876	717
1876	720
1877	702
1877	711
1878	38
1878	122
1878	713
1879	702
1879	712
1880	702
1880	706
1881	702
1881	706
1882	702
1882	706
1883	723
1883	724
1884	723
1884	724
1885	38
1885	132
1886	702
1886	710
1887	702
1887	710
1888	702
1888	703
1889	717
1889	718
1890	385
1890	411
1890	646
1891	385
1891	411
1891	646
1892	385
1892	412
1892	646
1893	385
1893	412
1893	646
1894	385
1894	412
1894	646
1895	385
1895	412
1895	646
1896	385
1896	406
1896	646
1897	385
1897	411
1897	646
1898	385
1898	411
1898	646
1899	385
1899	411
1899	646
1900	385
1900	411
1900	646
1901	385
1901	411
1901	646
1902	385
1902	410
1902	646
1903	385
1903	409
1903	646
1904	385
1904	409
1904	646
1905	385
1905	409
1905	646
1906	385
1906	411
1906	646
1907	385
1907	412
1907	646
1908	385
1908	412
1908	646
1909	385
1909	406
1909	646
1910	691
1910	692
1911	691
1911	692
1912	698
1912	699
1913	698
1913	699
1914	698
1914	701
1915	698
1915	701
1916	698
1916	701
1918	34
1918	405
1919	34
1919	405
1920	82
1920	631
1921	34
1921	88
1921	404
1922	34
1922	88
1922	404
1923	423
1923	535
1924	34
1924	88
1924	89
1925	34
1925	88
1925	89
1926	34
1926	88
1926	89
1927	34
1927	88
1927	89
1928	34
1928	88
1928	403
1929	34
1929	87
1929	88
1929	91
1930	87
1931	34
1931	87
1932	34
1932	87
1932	88
1932	91
1933	34
1933	87
1933	88
1933	91
1934	82
1934	631
1935	40
1935	41
1936	530
1936	714
1937	34
1937	402
1938	530
1938	714
1939	82
1939	631
1940	82
1940	631
1941	82
1941	631
1942	82
1942	631
1943	535
1943	632
1944	34
1944	85
1966	146
1966	461
1966	682
1967	34
1967	88
1967	91
1968	34
1968	88
1968	89
1969	34
1969	88
1969	92
1970	702
1970	709
1971	34
1971	86
1972	34
1972	87
1973	34
1973	86
1974	405
1974	631
1975	82
1975	631
1976	34
1976	88
1976	92
1977	82
1977	631
1978	82
1978	631
1979	34
1979	88
1979	89
1980	34
1980	88
1980	92
1980	403
1981	34
1981	88
1981	89
1982	34
1982	88
1982	403
1983	34
1983	88
1983	92
1984	702
1984	703
1985	691
1985	693
1986	34
1986	535
1986	632
1987	102
1987	653
1988	34
1988	88
1988	89
1989	698
1989	700
1990	95
1990	650
1991	34
1991	86
1992	698
1992	700
1993	34
1993	86
1994	82
1994	631
1995	34
1995	86
1996	688
1996	695
1997	535
1997	632
1998	34
1998	85
1999	98
1999	653
2000	98
2000	653
2001	98
2001	653
2002	82
2002	631
2003	34
2003	535
2003	632
2004	34
2004	535
2004	632
2005	140
2005	146
2005	464
2006	34
2006	86
2007	535
2007	632
2008	38
2008	108
2008	691
2009	530
2009	715
2010	34
2010	105
2011	34
2011	423
2011	535
2011	632
2012	34
2012	105
2013	82
2013	631
2014	34
2014	85
2015	34
2015	88
2015	89
2016	34
2016	88
2016	92
2016	403
2017	34
2017	88
2017	92
2018	34
2018	88
2018	92
2019	34
2019	88
2019	92
2020	34
2020	535
2020	632
2021	102
2021	653
2022	38
2022	713
2023	34
2023	535
2023	632
2024	82
2024	631
2025	40
2025	41
2026	40
2026	41
2027	34
2027	87
2028	34
2028	87
2028	88
2028	91
2029	34
2029	88
2029	89
2030	34
2030	88
2030	89
2031	34
2031	87
2032	34
2032	88
2032	89
2033	34
2033	87
2034	34
2034	88
2034	89
2035	34
2035	402
2036	530
2036	714
2037	34
2037	85
2038	34
2038	402
2039	38
2039	108
2039	691
2040	34
2040	88
2040	91
2041	82
2041	631
2042	40
2042	41
2043	40
2043	41
2044	34
2044	85
2045	698
2045	700
2046	34
2046	535
2046	632
2047	34
2047	535
2047	632
2048	34
2048	535
2048	632
2049	82
2049	631
2050	40
2050	41
2051	82
2051	631
2052	82
2052	631
2053	82
2053	631
2054	82
2054	631
2055	34
2055	105
2056	34
2056	105
2057	34
2057	88
2057	89
2058	34
2058	88
2058	89
2059	34
2059	88
2059	92
2059	403
2060	34
2060	88
2060	92
2060	403
2061	42
2061	43
2122	34
2122	535
2122	632
2123	34
2123	535
2123	632
2124	34
2124	535
2124	632
2125	42
2125	43
2126	42
2126	43
2127	42
2127	43
2128	292
2128	307
2129	292
2129	307
2130	292
2130	307
2131	555
2132	555
2138	530
2138	715
2139	34
2140	34
2140	94
2140	650
2141	34
2141	94
2141	650
2142	34
2142	424
2142	535
2142	632
2143	535
2143	632
2144	535
2144	632
2145	423
2145	535
2146	423
2146	535
2147	34
2147	88
2147	404
2148	34
2148	88
2148	404
2150	34
2150	88
2150	404
2151	691
2151	692
2152	691
2152	692
2153	691
2153	692
2154	34
2154	88
2154	89
2155	34
2155	405
2156	34
2156	405
2157	82
2157	631
2158	723
2158	724
2159	535
2159	632
2160	698
2160	700
2161	698
2161	699
2162	82
2162	631
2163	38
2163	108
2163	691
2164	698
2164	700
2167	423
2167	535
2170	42
2170	43
2171	42
2171	45
2176	42
2176	45
2177	88
2177	420
2178	146
2178	461
2178	682
2179	146
2179	461
2179	682
2180	146
2180	461
2180	682
2181	146
2181	461
2181	682
2182	146
2182	461
2182	682
2183	146
2183	461
2183	682
2184	88
2184	420
2185	88
2185	420
2187	292
2187	314
2187	318
2188	314
2188	429
2195	698
2195	701
2196	98
2196	653
2205	292
2205	307
2212	702
2212	705
2219	702
2219	711
2220	38
2220	108
2220	691
2236	42
2236	43
2241	42
2241	43
2242	42
2242	43
2243	42
2243	43
2244	42
2244	43
2245	42
2245	43
2246	42
2246	43
2271	698
2271	701
2272	698
2272	701
2273	698
2273	701
2274	698
2274	701
2275	698
2275	701
2276	698
2276	701
2277	698
2277	701
2278	698
2278	701
2335	698
2335	701
2336	698
2336	701
2340	385
2340	411
2340	646
2341	385
2341	411
2341	646
2342	385
2342	411
2342	646
2343	385
2343	411
2343	646
2344	385
2344	411
2344	646
2345	385
2345	411
2345	646
2346	385
2346	409
2346	646
2347	385
2347	419
2347	646
2411	334
2411	525
2411	649
2412	530
2412	715
2413	698
2413	700
2432	698
2432	701
2433	698
2433	701
2434	698
2434	701
2477	698
2477	700
2478	698
2478	700
2479	698
2479	700
2480	698
2480	700
2481	698
2481	700
2482	698
2482	700
2483	385
2483	412
2483	646
2484	385
2484	411
2484	646
2485	688
2485	695
2486	717
2486	719
2487	702
2487	707
2488	38
2488	108
2488	691
2490	34
2490	88
2490	89
2491	405
2491	631
2492	405
2492	631
2493	34
2493	88
2493	89
2495	698
2495	699
2497	698
2497	699
2498	698
2498	699
2499	42
2499	43
2500	698
2500	700
2501	42
2501	43
2502	698
2502	700
2503	42
2503	43
2504	146
2504	442
2504	649
2505	34
2505	405
2508	146
2508	442
2508	649
2509	40
2509	41
2510	442
2510	649
2511	34
2511	86
2512	442
2512	649
2514	442
2514	649
2515	146
2515	442
2515	649
2516	467
2516	468
2516	469
2517	467
2517	468
2517	469
2518	467
2518	469
2519	467
2519	468
2519	469
2520	467
2520	468
2520	470
2521	467
2521	468
2521	469
2523	385
2523	419
2523	646
2524	385
2524	419
2524	646
2525	42
2525	43
2528	314
2528	318
2529	292
2529	314
2529	318
2530	314
2530	318
2531	698
2531	701
2532	698
2532	701
2533	698
2533	700
2534	698
2534	700
2535	698
2535	700
2536	698
2536	701
2537	698
2537	700
2538	698
2538	701
2539	698
2539	701
2540	698
2540	700
2541	385
2541	411
2541	646
2542	385
2542	411
2542	646
2543	34
2543	108
2543	691
2545	467
2545	468
2545	533
2546	467
2546	468
2546	469
2547	467
2547	468
2547	469
2548	467
2548	468
2548	469
2549	467
2549	468
2549	469
2550	467
2550	468
2550	469
2551	467
2551	468
2551	469
2552	467
2552	468
2552	469
2553	467
2553	468
2553	469
2554	467
2554	468
2554	469
2555	467
2555	468
2555	470
2556	467
2556	468
2556	533
2557	467
2557	468
2557	469
2558	467
2558	468
2558	533
2559	467
2559	468
2559	470
2560	66
2560	534
2568	698
2568	700
2569	698
2569	700
2570	42
2570	43
2571	698
2571	700
2572	702
2572	704
2573	702
2573	711
2574	702
2574	705
2575	717
2575	718
2576	717
2576	719
2582	467
2582	468
2582	469
2583	467
2583	468
2583	469
2584	467
2584	468
2584	469
2585	292
2585	314
2585	429
2586	292
2586	314
2586	429
2587	292
2587	314
2587	429
2588	292
2588	314
2588	429
2589	292
2589	314
2589	429
2590	314
2590	315
2591	292
2591	314
2591	315
2592	292
2593	292
2593	314
2593	317
2594	314
2594	429
2595	292
2595	314
2595	317
2596	314
2596	429
2597	314
2597	317
2598	292
2598	314
2598	429
2599	292
2599	314
2599	317
2600	292
2600	314
2600	317
2601	314
2601	317
2602	314
2602	317
2603	292
2603	314
2603	317
2604	292
2604	314
2604	429
2605	292
2605	314
2605	317
2606	292
2606	314
2606	319
2608	52
2608	146
2616	34
2616	86
2617	467
2617	536
2617	538
2618	467
2618	536
2618	537
2619	467
2619	536
2619	538
2620	467
2620	536
2620	538
2621	467
2621	536
2621	538
2622	467
2622	536
2622	538
2623	467
2623	536
2623	538
2624	467
2624	536
2624	538
2625	467
2625	536
2625	538
2626	467
2626	536
2626	537
2627	467
2627	536
2627	538
2628	467
2628	536
2628	538
2629	467
2629	536
2629	538
2630	467
2630	536
2630	538
2631	467
2631	536
2631	537
2632	467
2632	536
2632	538
2633	467
2633	536
2633	538
2634	467
2634	536
2634	538
2635	467
2635	536
2635	538
2636	467
2636	536
2636	538
2637	467
2637	536
2637	538
2638	467
2638	536
2638	538
2639	467
2639	536
2639	538
2640	467
2640	536
2640	538
2641	467
2641	536
2641	538
2642	467
2642	536
2642	538
2643	467
2643	536
2643	538
2644	467
2644	536
2644	538
2645	467
2645	536
2645	538
2646	467
2646	536
2646	538
2647	467
2647	536
2647	538
2648	467
2648	536
2648	538
2649	467
2649	536
2649	538
2650	467
2650	536
2650	538
2651	467
2651	536
2651	537
2652	467
2652	536
2652	538
2653	467
2653	536
2653	538
2654	467
2654	536
2654	538
2655	467
2655	536
2655	537
2656	467
2656	536
2656	538
2657	467
2657	536
2657	537
2658	467
2658	536
2658	538
2659	467
2659	536
2659	538
2660	467
2660	536
2660	538
2661	467
2661	536
2661	538
2662	467
2662	536
2662	537
2663	467
2663	536
2663	537
2664	467
2664	536
2664	538
2665	467
2665	536
2665	538
2666	467
2666	536
2666	538
2667	467
2667	536
2667	538
2668	467
2668	536
2668	538
2669	467
2669	536
2669	538
2670	467
2670	536
2670	538
2671	467
2671	536
2671	538
2672	467
2672	536
2672	537
2673	467
2673	536
2673	538
2674	467
2674	536
2674	538
2675	467
2675	536
2675	538
2676	467
2676	536
2676	538
2677	467
2677	536
2677	537
2678	467
2678	536
2678	538
2679	467
2679	536
2679	538
2680	467
2680	536
2680	538
2681	467
2681	536
2681	537
2682	467
2682	536
2682	537
2683	467
2683	536
2683	538
2684	467
2684	536
2684	538
2685	467
2685	536
2685	538
2686	467
2686	536
2686	538
2687	467
2687	536
2687	537
2688	467
2688	536
2688	538
2689	467
2689	536
2689	538
2690	467
2690	536
2690	537
2691	467
2691	536
2691	538
2692	467
2692	536
2692	538
2693	467
2693	536
2693	538
2694	467
2694	540
2695	467
2695	536
2695	538
2696	467
2696	536
2696	538
2697	467
2697	536
2697	538
2698	467
2698	536
2698	538
2699	467
2699	536
2699	538
2700	467
2700	536
2700	538
2701	467
2701	536
2701	538
2702	467
2702	536
2702	538
2703	467
2703	536
2703	537
2704	467
2704	536
2704	538
2705	467
2705	536
2705	538
2706	467
2706	536
2706	537
2707	467
2707	536
2707	538
2708	467
2708	536
2708	538
2709	467
2709	536
2709	538
2710	467
2710	536
2710	538
2711	467
2711	536
2711	538
2712	467
2712	536
2712	538
2713	467
2713	536
2713	538
2714	467
2714	536
2714	538
2715	467
2715	536
2715	538
2716	467
2716	536
2716	537
2742	467
2742	536
2742	538
2743	467
2743	536
2743	538
2744	467
2744	536
2744	538
2745	467
2745	536
2745	538
2746	467
2746	536
2746	538
2747	467
2747	536
2747	538
2748	467
2748	536
2748	538
2749	467
2749	536
2749	537
2750	467
2750	536
2750	538
2751	467
2751	536
2751	538
2752	467
2752	536
2752	538
2753	467
2753	536
2753	538
2754	467
2754	536
2754	538
2755	467
2755	536
2755	538
2756	467
2756	536
2756	538
2757	467
2757	536
2757	538
2758	467
2758	536
2758	538
2759	467
2759	536
2759	538
2760	467
2760	536
2760	538
2761	467
2761	536
2761	538
2762	467
2762	536
2762	538
2763	467
2763	536
2763	538
2764	467
2764	536
2764	538
2765	467
2765	536
2765	538
2766	467
2766	536
2766	538
3217	467
3217	539
3218	467
3218	539
3219	467
3219	539
3220	467
3220	539
3221	467
3221	539
3222	467
3222	539
3223	467
3223	539
3224	467
3224	539
3225	467
3225	539
3226	467
3226	539
3227	467
3227	539
3228	467
3228	539
3229	467
3229	539
3230	467
3230	539
3231	467
3231	539
3232	467
3232	539
3233	467
3233	539
3234	467
3234	539
3235	467
3235	539
3236	467
3236	539
3237	467
3237	539
3238	467
3238	539
3239	467
3239	539
3240	467
3240	539
3241	467
3241	539
3242	467
3242	539
3243	467
3243	539
3244	467
3244	539
3245	467
3245	539
3246	467
3246	539
3247	467
3247	539
3248	467
3248	539
3249	467
3249	539
3250	467
3250	539
3251	467
3251	539
3252	467
3252	539
3253	467
3253	539
3254	467
3254	539
3255	467
3255	539
3256	467
3256	539
3257	467
3257	539
3258	467
3258	539
3259	467
3259	539
3260	467
3260	539
3261	467
3261	539
3262	467
3262	539
3263	467
3263	539
3264	467
3264	539
3265	467
3265	539
3266	467
3266	539
3267	467
3267	539
3268	467
3268	539
3269	467
3269	539
3270	467
3270	539
3271	467
3271	539
3272	467
3272	539
3421	467
3421	540
3422	467
3422	540
3423	467
3423	540
3424	467
3424	540
3425	467
3425	540
3426	467
3426	540
3486	467
3486	540
3487	467
3487	540
3488	467
3488	540
3489	467
3489	540
3490	467
3490	540
3491	467
3491	540
3492	467
3492	540
3493	467
3493	540
3494	467
3494	540
3495	467
3495	540
3496	467
3496	540
3497	467
3497	540
3498	467
3498	540
3499	467
3499	540
3500	467
3500	540
3501	467
3501	540
3502	467
3502	540
3503	467
3503	540
3504	467
3504	540
3505	467
3505	540
3506	467
3506	540
3507	467
3507	540
3508	467
3508	540
3509	467
3509	540
3510	467
3510	540
3511	467
3511	540
3512	467
3512	540
3513	467
3513	540
3514	467
3514	540
3515	467
3515	540
3516	467
3516	540
3517	467
3517	540
3518	467
3518	540
3519	467
3519	540
3520	467
3520	540
3521	467
3521	540
3522	467
3522	540
3523	467
3523	540
3524	467
3524	540
3525	467
3525	540
3526	467
3526	540
3527	467
3527	540
3528	467
3528	540
3529	467
3529	540
3530	467
3530	540
3531	467
3531	540
3532	467
3532	540
3533	42
3533	43
3661	467
3661	541
3662	467
3662	541
3663	467
3663	541
3664	467
3664	541
3665	467
3665	541
3666	467
3666	541
3667	467
3667	541
3668	467
3668	541
3669	467
3669	541
3670	467
3670	541
3671	467
3671	541
3672	467
3672	541
3673	467
3673	541
3674	467
3674	541
3675	467
3675	541
3676	467
3676	541
3677	467
3677	541
3678	467
3678	541
3679	467
3679	541
3680	467
3680	541
3681	467
3681	541
3682	467
3682	541
3683	467
3683	541
3684	467
3684	541
3685	467
3685	541
3686	467
3686	541
3687	467
3687	541
3688	467
3688	541
3689	467
3689	541
3690	467
3690	541
3691	467
3691	541
3692	467
3692	541
3693	467
3693	541
3694	467
3694	541
3695	467
3695	541
3696	467
3696	541
3735	467
3735	542
3736	467
3736	542
3737	467
3737	542
3738	467
3738	542
3739	467
3739	542
3740	467
3740	542
3741	467
3741	542
3742	467
3742	542
3745	385
3745	419
3745	646
3748	385
3748	419
3748	646
3856	52
3856	146
3857	52
3857	146
3861	52
3861	146
3862	52
3862	146
3863	52
3863	146
3864	52
3864	146
3865	52
3865	146
3866	52
3866	146
3867	52
3867	146
3868	702
3868	712
3869	34
3869	405
3870	334
3870	547
3870	649
3871	334
3871	547
3871	649
3872	334
3872	547
3872	649
3873	334
3873	547
3873	649
3874	334
3874	547
3874	649
3875	334
3875	547
3875	649
3876	334
3876	547
3876	649
3895	698
3895	700
3896	698
3896	700
4098	34
4098	88
4098	403
4150	34
4150	88
4150	89
4339	345
4339	356
4340	345
4340	356
4341	345
4341	356
4342	345
4342	356
4343	345
4343	356
4344	345
4344	356
4345	345
4345	356
4346	345
4346	356
4347	345
4347	356
4348	345
4348	356
4349	345
4349	356
4350	345
4350	356
4351	345
4351	356
4352	345
4352	356
4353	345
4353	356
4354	345
4354	356
4355	345
4355	356
4356	345
4356	356
4357	345
4357	356
4358	345
4358	356
4359	345
4359	356
4360	345
4360	356
4361	345
4361	356
4362	345
4362	356
4363	345
4363	356
4364	345
4364	356
4365	345
4365	356
4366	345
4366	356
4367	345
4367	356
4368	345
4368	356
4369	345
4369	356
4370	345
4370	356
4371	345
4371	356
4372	345
4372	356
4373	345
4373	356
4374	345
4374	356
4375	345
4375	356
4376	345
4376	356
4377	345
4377	356
4378	345
4378	356
4379	345
4379	356
4380	345
4380	356
4381	345
4381	356
4382	345
4382	356
4383	345
4383	356
4384	345
4384	356
4385	345
4385	356
4433	526
4433	527
4433	649
4434	146
4434	526
4434	527
4434	649
4435	146
4435	526
4435	527
4435	649
4436	146
4436	526
4436	527
4436	649
4437	146
4437	526
4437	527
4437	649
4438	146
4438	526
4438	527
4438	649
4439	146
4439	526
4439	527
4439	649
4440	526
4440	527
4440	649
4441	526
4441	527
4441	649
4442	526
4442	527
4442	649
4443	146
4443	526
4443	527
4443	649
4444	146
4444	526
4444	527
4444	649
4445	526
4445	527
4445	649
4446	526
4446	527
4446	649
4447	526
4447	527
4447	649
5028	345
5028	357
5029	345
5029	357
5030	345
5030	357
5031	345
5031	357
5032	345
5032	357
5033	345
5033	357
5034	345
5034	357
5035	345
5035	357
5036	345
5036	357
5037	345
5037	357
5038	345
5038	357
5039	345
5039	357
5040	345
5040	357
5041	345
5041	357
5042	345
5042	357
5043	345
5043	357
5044	345
5044	357
5045	345
5045	357
5046	345
5046	357
5047	345
5047	357
5048	345
5048	357
5049	345
5049	357
5050	345
5050	357
5051	345
5051	357
5052	345
5052	357
5053	345
5053	357
5054	345
5054	357
5055	345
5055	357
5056	345
5056	357
5057	345
5057	357
5058	345
5058	357
5059	345
5059	357
5060	345
5060	357
5061	345
5061	357
5062	345
5062	357
5063	345
5063	357
5064	345
5064	357
5065	345
5065	357
5066	345
5066	357
5067	345
5067	357
5068	345
5068	357
5069	345
5069	357
5070	345
5070	357
5071	345
5071	357
5072	345
5072	357
5073	345
5073	357
5074	345
5074	357
5075	345
5075	357
5076	345
5076	357
5077	345
5077	357
5078	345
5078	357
5079	345
5079	357
5080	345
5080	357
5081	345
5081	357
5082	345
5082	357
5083	345
5083	357
5084	345
5084	357
5085	345
5085	357
5086	345
5086	357
5087	345
5087	357
5088	345
5088	357
5089	345
5089	357
5090	345
5090	357
5091	345
5091	357
5092	345
5092	357
5093	345
5093	357
5094	345
5094	357
5095	345
5095	357
5096	345
5096	357
5097	345
5097	357
5098	345
5098	357
5099	345
5099	357
5100	345
5100	357
5101	345
5101	357
5102	345
5102	357
5103	345
5103	357
5104	345
5104	357
5105	345
5105	357
5106	345
5106	357
5107	345
5107	357
5108	345
5108	357
5109	345
5109	357
5110	345
5110	357
5111	345
5111	357
5112	345
5112	357
5113	345
5113	357
5114	345
5114	357
5115	345
5115	357
5116	345
5116	357
5117	345
5117	357
5118	345
5118	357
5119	345
5119	357
5120	345
5120	357
5121	345
5121	357
5122	345
5122	357
5123	345
5123	357
5124	345
5124	357
5125	345
5125	357
5126	345
5126	357
5127	345
5127	357
5128	345
5128	357
5129	345
5129	357
5130	345
5130	357
5131	345
5131	357
5132	345
5132	357
5133	345
5133	357
5134	345
5134	357
5135	345
5135	357
5136	345
5136	357
5137	345
5137	357
5138	345
5138	357
5139	345
5139	357
5140	345
5140	357
5141	345
5141	357
5142	345
5142	357
5143	345
5143	357
5144	345
5144	357
5145	345
5145	357
5146	345
5146	357
5147	345
5147	357
5148	345
5148	357
5149	345
5149	357
5150	345
5150	357
5151	345
5151	357
5152	345
5152	357
5153	345
5153	357
5154	345
5154	357
5155	345
5155	357
5156	345
5156	357
5157	345
5157	357
5158	345
5158	357
5159	345
5159	357
5160	345
5160	357
5161	345
5161	357
5162	345
5162	357
5163	345
5163	357
5164	345
5164	357
5165	345
5165	357
5166	345
5166	357
5167	345
5167	357
5168	345
5168	357
5169	345
5169	357
5170	345
5170	357
5171	345
5171	357
5172	345
5172	357
5173	345
5173	357
5174	345
5174	357
5175	345
5175	357
5176	345
5176	357
5177	345
5177	357
5178	345
5178	357
5179	345
5179	357
5180	345
5180	357
5181	345
5181	357
5182	345
5182	357
5183	345
5183	357
5184	345
5184	357
5185	345
5185	357
5186	345
5186	357
5187	345
5187	357
5188	345
5188	357
5189	345
5189	357
5190	345
5190	357
5191	345
5191	357
5192	345
5192	357
5193	345
5193	357
5194	345
5194	357
5195	345
5195	357
5196	345
5196	357
5197	345
5197	357
5198	345
5198	357
5199	345
5199	357
5200	345
5200	357
5201	345
5201	357
5202	345
5202	357
5203	345
5203	357
5204	345
5204	357
5205	345
5205	357
5206	345
5206	357
5207	345
5207	357
5208	345
5208	357
5209	345
5209	357
5210	345
5210	357
5211	345
5211	357
5212	345
5212	357
5213	345
5213	357
5214	345
5214	357
5215	345
5215	357
5216	345
5216	357
5217	345
5217	357
5218	345
5218	357
5219	345
5219	357
5220	345
5220	357
5221	345
5221	357
5222	345
5222	357
5223	345
5223	357
5224	345
5224	357
5225	345
5225	357
5226	345
5226	357
5227	345
5227	357
5228	345
5228	357
5229	345
5229	357
5230	345
5230	357
5231	345
5231	357
5232	345
5232	357
5233	345
5233	357
5234	345
5234	357
5235	345
5235	357
5236	345
5236	357
5237	345
5237	357
5238	345
5238	357
5239	345
5239	357
5240	345
5240	357
5241	345
5241	357
5242	345
5242	357
5243	345
5243	357
5244	345
5244	357
5245	345
5245	357
5246	345
5246	357
5247	345
5247	357
5248	345
5248	357
5249	345
5249	357
5250	345
5250	357
5251	345
5251	357
5252	345
5252	357
5253	345
5253	357
5254	345
5254	357
5255	345
5255	357
5256	345
5256	357
5257	345
5257	357
5258	345
5258	357
5259	345
5259	357
5260	345
5260	357
5261	345
5261	357
5262	345
5262	357
5263	345
5263	357
5264	345
5264	357
5265	345
5265	357
5266	345
5266	357
5267	345
5267	357
5268	345
5268	357
5269	345
5269	357
5270	345
5270	357
5271	345
5271	357
5272	345
5272	357
5273	345
5273	357
5274	345
5274	357
5275	345
5275	357
5276	345
5276	357
5277	345
5277	357
5278	345
5278	357
5279	345
5279	357
5280	345
5280	357
5281	345
5281	357
5282	345
5282	357
5283	345
5283	357
5284	345
5284	357
5285	345
5285	357
5286	345
5286	357
5287	345
5287	357
5288	345
5288	357
5289	345
5289	357
5290	345
5290	357
5291	345
5291	357
5292	345
5292	357
5293	345
5293	357
5294	345
5294	357
5295	345
5295	357
5296	345
5296	357
5297	345
5297	357
5298	345
5298	357
5299	345
5299	357
5300	345
5300	357
5301	345
5301	357
5302	345
5302	357
5303	345
5303	357
5304	345
5304	357
5305	345
5305	357
5306	345
5306	357
5307	345
5307	357
5308	345
5308	357
5309	345
5309	357
5310	345
5310	357
5311	345
5311	357
5312	345
5312	357
5313	345
5313	357
5314	345
5314	357
5315	345
5315	357
5316	345
5316	357
5317	345
5317	357
5318	345
5318	357
5319	345
5319	357
5320	345
5320	357
5321	345
5321	357
5322	345
5322	357
5323	345
5323	357
5324	345
5324	357
5325	345
5325	357
5326	345
5326	357
5327	345
5327	357
5328	345
5328	357
5329	345
5329	357
5330	345
5330	357
5331	345
5331	357
5332	345
5332	357
5333	345
5333	357
5334	345
5334	357
5335	345
5335	357
5336	345
5336	357
5337	345
5337	357
5338	345
5338	357
5339	345
5339	357
5340	345
5340	357
5341	345
5341	357
5342	345
5342	357
5343	345
5343	357
5344	345
5344	357
5345	345
5345	357
5346	345
5346	357
5347	345
5347	357
5348	345
5348	357
5349	345
5349	357
5350	345
5350	357
5351	345
5351	357
5352	345
5352	357
5353	345
5353	357
5354	345
5354	357
5355	345
5355	357
5356	345
5356	357
5357	345
5357	357
5358	345
5358	357
5359	345
5359	357
5360	345
5360	357
5361	345
5361	357
5362	345
5362	357
5363	345
5363	357
5364	345
5364	357
5365	345
5365	357
5366	345
5366	357
5367	345
5367	357
5368	345
5368	357
5369	345
5369	357
5370	345
5370	357
5371	345
5371	357
5372	345
5372	357
5373	345
5373	357
5374	345
5374	357
5375	345
5375	357
5376	345
5376	357
5377	345
5377	357
5378	345
5378	357
5379	345
5379	357
5380	345
5380	357
5381	345
5381	357
5382	345
5382	357
5383	345
5383	357
5384	345
5384	357
5385	345
5385	357
5386	345
5386	357
5387	345
5387	357
5388	345
5388	357
5389	345
5389	357
5390	345
5390	357
5391	345
5391	357
5392	345
5392	357
5393	345
5393	357
5394	345
5394	357
5395	345
5395	357
5396	345
5396	357
5397	345
5397	357
5398	345
5398	357
5399	345
5399	357
5400	345
5400	357
5401	345
5401	357
5402	345
5402	357
5403	345
5403	357
5404	345
5404	357
5405	345
5405	357
5406	345
5406	357
5407	345
5407	357
5408	345
5408	357
5409	345
5409	357
5410	345
5410	357
5411	345
5411	357
5412	345
5412	357
5413	345
5413	357
5414	345
5414	357
5415	345
5415	357
5416	345
5416	357
5417	345
5417	357
5418	345
5418	357
5419	345
5419	357
5420	345
5420	357
5421	345
5421	357
5422	345
5422	357
5423	345
5423	357
5424	345
5424	357
5425	345
5425	357
5426	345
5426	357
5427	345
5427	357
5428	345
5428	357
5429	345
5429	357
5430	345
5430	357
5431	345
5431	357
5432	345
5432	357
5433	345
5433	357
5434	345
5434	357
5435	345
5435	357
5436	345
5436	357
5437	345
5437	357
5438	345
5438	357
5439	345
5439	357
5440	345
5440	357
5441	345
5441	357
5442	345
5442	357
5443	345
5443	357
5444	345
5444	357
5445	345
5445	357
5446	345
5446	357
5447	345
5447	357
5448	345
5448	357
5449	345
5449	357
5450	345
5450	357
5451	345
5451	357
5452	345
5452	357
5453	345
5453	357
5454	345
5454	357
5455	345
5455	357
5456	345
5456	357
5457	345
5457	357
5458	345
5458	357
5459	345
5459	357
5460	345
5460	357
10669	292
10669	314
10669	521
10670	314
10670	521
10671	314
10671	521
10672	314
10672	521
10674	292
10674	314
10674	521
10675	314
10675	521
10676	292
10676	314
10676	521
10677	292
10677	314
10677	521
10678	292
10678	314
10678	521
10679	292
10679	314
10679	521
10680	314
10680	521
10681	314
10681	429
10682	314
10682	429
10683	314
10683	429
10684	314
10684	429
10685	314
10685	429
10686	314
10686	429
10687	292
10687	314
10687	429
10688	292
10688	314
10688	429
10689	292
10689	314
10689	429
10690	292
10690	314
10690	429
10691	314
10691	429
10692	292
10692	314
10692	429
10693	292
10693	314
10693	429
10694	292
10694	314
10694	429
10695	314
10695	429
10696	314
10696	429
10697	314
10697	429
10698	314
10698	429
10699	314
10699	429
10700	314
10700	429
10701	292
10701	314
10701	429
10702	314
10702	429
10703	314
10703	429
10704	292
10704	314
10704	429
10705	314
10705	429
10706	292
10706	314
10706	429
10707	314
10707	429
10708	314
10708	429
10709	314
10709	429
10710	292
10710	314
10710	429
10711	292
10711	314
10711	429
10712	292
10712	314
10712	429
10713	292
10713	314
10713	429
10714	314
10714	429
10715	314
10715	429
10716	314
10716	429
10717	292
10717	314
10717	429
10718	314
10718	429
10719	314
10719	429
10720	314
10720	429
10721	292
10721	314
10721	429
10722	292
10722	314
10722	429
10723	314
10723	429
10724	292
10724	314
10724	429
10725	292
10725	314
10725	429
10726	292
10726	314
10726	429
10727	292
10727	314
10727	429
10728	292
10728	314
10728	429
10729	314
10729	429
10730	314
10730	429
10731	314
10731	429
10732	292
10732	314
10732	429
12396	292
12396	490
12397	292
12397	490
12398	292
12398	490
12399	292
12399	490
12400	66
12400	69
12401	292
12401	490
12402	292
12402	490
12403	292
12403	490
12404	292
12404	490
12405	292
12405	490
12406	292
12406	490
12407	292
12407	490
12408	292
12408	490
12409	292
12409	490
12410	292
12410	490
12411	292
12411	490
12412	292
12412	490
12413	292
12413	490
12414	292
12414	490
12415	292
12415	490
12416	292
12416	490
12417	292
12417	490
12418	292
12418	490
12419	292
12419	490
12420	292
12420	490
12421	292
12421	490
12422	292
12422	490
12423	292
12423	490
12424	292
12424	490
12425	292
12425	490
12426	292
12426	490
12427	292
12427	490
12428	292
12428	490
12429	292
12429	490
12430	292
12430	490
12431	292
12431	490
12432	292
12432	490
12433	292
12433	490
12434	345
12434	348
12434	349
12435	345
12435	348
12435	349
12436	345
12436	348
12436	349
12437	345
12437	348
12437	349
12438	345
12438	348
12438	349
12439	345
12439	348
12439	349
12440	345
12440	348
12440	349
12441	345
12441	348
12441	349
12442	345
12442	348
12442	349
12443	345
12443	348
12443	349
12444	345
12444	348
12444	349
12445	345
12445	348
12445	349
12446	345
12446	348
12446	349
12447	345
12447	348
12447	349
12448	345
12448	348
12448	349
12449	345
12449	348
12449	349
12450	345
12450	348
12450	349
12451	345
12451	348
12451	349
12452	345
12452	348
12452	349
12453	345
12453	348
12453	349
12454	345
12454	348
12454	349
12455	345
12455	348
12455	349
12456	345
12456	348
12456	349
12457	345
12457	348
12457	349
12458	345
12458	348
12458	349
12459	345
12459	348
12459	349
12460	345
12460	348
12460	349
12461	345
12461	348
12461	349
12462	345
12462	348
12462	349
12463	345
12463	348
12463	349
12464	345
12464	348
12464	349
12465	345
12465	348
12465	349
12466	345
12466	348
12466	349
12467	345
12467	348
12467	349
12468	345
12468	348
12468	349
12469	345
12469	348
12469	349
12470	345
12470	348
12470	349
12471	345
12471	348
12471	349
12472	345
12472	348
12472	349
12473	345
12473	348
12473	349
12474	345
12474	348
12474	349
12475	345
12475	348
12475	349
12476	345
12476	348
12476	349
12477	345
12477	348
12477	349
12478	345
12478	348
12478	349
12479	345
12479	348
12479	349
12480	345
12480	348
12480	349
12481	345
12481	348
12481	349
12482	345
12482	348
12482	349
12483	345
12483	348
12483	349
12484	345
12484	348
12484	349
12485	345
12485	348
12485	349
12486	345
12486	348
12486	349
12487	345
12487	348
12487	349
12488	345
12488	348
12488	349
12489	345
12489	348
12489	349
12490	345
12490	348
12490	349
12491	345
12491	348
12491	349
12492	345
12492	348
12492	349
12493	345
12493	348
12493	349
12494	345
12494	348
12494	349
12495	345
12495	348
12495	349
12496	345
12496	348
12496	349
12497	345
12497	348
12497	349
12498	345
12498	348
12498	349
12499	345
12499	348
12499	349
12500	345
12500	348
12500	349
12501	345
12501	348
12501	349
12502	345
12502	348
12502	349
12503	345
12503	348
12503	349
12504	345
12504	348
12504	349
12505	345
12505	348
12505	349
12506	345
12506	348
12506	349
12507	345
12507	348
12507	349
12508	345
12508	348
12508	349
12509	345
12509	348
12509	349
12510	345
12510	348
12510	349
12511	345
12511	348
12511	349
12512	345
12512	348
12512	349
12513	345
12513	348
12513	349
12514	345
12514	348
12514	349
12515	345
12515	348
12515	349
12516	345
12516	348
12516	349
12517	345
12517	348
12517	349
12518	345
12518	348
12518	349
12519	345
12519	348
12519	349
12520	345
12520	348
12520	349
12521	345
12521	348
12521	349
12522	345
12522	348
12522	349
12523	345
12523	348
12523	349
12524	345
12524	348
12524	349
12525	345
12525	348
12525	349
12527	345
12527	348
12527	349
12528	345
12528	348
12528	349
12529	345
12529	348
12529	349
12530	345
12530	348
12530	349
12532	345
12532	348
12532	349
12534	345
12534	348
12534	349
12535	345
12535	348
12535	349
12536	345
12536	348
12536	349
12537	345
12537	348
12537	349
12538	345
12538	348
12538	349
12540	345
12540	348
12540	349
12541	345
12541	348
12541	349
12542	345
12542	348
12542	349
12543	345
12543	348
12543	349
12544	345
12544	348
12544	349
12545	345
12545	348
12545	349
12546	345
12546	348
12546	349
12547	345
12547	348
12547	349
12548	345
12548	348
12548	349
12549	345
12549	348
12549	349
12550	345
12550	348
12550	349
12551	345
12551	348
12551	349
12552	345
12552	348
12552	349
12553	345
12553	348
12553	349
12554	345
12554	348
12554	349
12555	345
12555	348
12555	349
12556	345
12556	348
12556	349
12557	345
12557	348
12557	349
12558	345
12558	348
12558	349
12559	345
12559	348
12559	349
12560	345
12560	348
12560	349
12561	345
12561	348
12561	349
12562	345
12562	348
12562	349
12563	345
12563	348
12563	349
12564	345
12564	348
12564	349
12565	345
12565	348
12565	349
12566	345
12566	348
12566	349
12567	345
12567	348
12567	349
12568	345
12568	348
12568	349
12569	345
12569	348
12569	349
12570	345
12570	348
12570	349
12571	345
12571	348
12571	349
12572	345
12572	348
12572	349
12573	345
12573	348
12573	349
12574	345
12574	348
12574	349
12575	345
12575	348
12575	349
12576	345
12576	348
12576	349
12577	345
12577	348
12577	349
12578	345
12578	348
12578	349
12579	345
12579	348
12579	349
12580	345
12580	348
12580	349
12581	345
12581	348
12581	349
12582	345
12582	348
12582	349
12583	345
12583	348
12583	349
12584	345
12584	348
12584	349
12585	345
12585	348
12585	349
12586	345
12586	348
12586	349
12588	345
12588	348
12588	349
12589	345
12589	348
12589	349
12590	345
12590	348
12590	349
12591	345
12591	348
12591	349
12592	345
12592	348
12592	349
12593	345
12593	348
12593	349
12594	345
12594	348
12594	349
12595	345
12595	348
12595	349
12596	345
12596	348
12596	349
12597	345
12597	348
12597	349
12598	345
12598	348
12598	349
12599	345
12599	348
12599	349
12600	345
12600	348
12600	349
12601	345
12601	348
12601	349
12602	345
12602	348
12602	349
12603	345
12603	348
12603	349
12604	345
12604	348
12604	349
12605	345
12605	348
12605	349
12606	345
12606	348
12606	349
12607	345
12607	348
12607	349
12608	345
12608	348
12608	349
12609	345
12609	348
12609	349
12610	345
12610	348
12610	349
12611	345
12611	348
12611	349
12612	345
12612	348
12612	349
12613	345
12613	348
12613	349
12614	345
12614	348
12614	349
12615	345
12615	348
12615	349
12616	345
12616	348
12616	349
12617	345
12617	348
12617	349
12618	345
12618	348
12618	349
12619	345
12619	348
12619	349
12620	345
12620	348
12620	349
12621	345
12621	348
12621	349
12622	345
12622	348
12622	349
12623	345
12623	348
12623	349
12624	345
12624	348
12624	349
12625	345
12625	348
12625	349
12626	345
12626	348
12626	349
12627	345
12627	348
12627	349
12628	345
12628	348
12628	349
12629	345
12629	348
12629	349
13218	535
13218	632
13219	345
13219	348
13219	351
13220	345
13220	348
13220	351
13221	345
13221	348
13221	351
13222	345
13222	348
13222	351
13223	345
13223	348
13223	351
13224	345
13224	348
13224	351
13225	345
13225	348
13225	351
13226	345
13226	348
13226	351
13227	345
13227	348
13227	351
13228	345
13228	348
13228	351
13229	345
13229	348
13229	351
13230	345
13230	348
13230	351
13231	345
13231	348
13231	351
13232	345
13232	348
13232	351
13233	345
13233	348
13233	351
13234	345
13234	348
13234	351
13235	345
13235	348
13235	351
13236	345
13236	348
13236	351
13237	345
13237	348
13237	351
13238	345
13238	348
13238	351
13239	345
13239	348
13239	351
13240	345
13240	348
13240	351
13241	345
13241	348
13241	351
13242	345
13242	348
13242	351
13243	345
13243	348
13243	351
13244	345
13244	348
13244	351
13245	345
13245	348
13245	351
13246	345
13246	348
13246	351
13247	345
13247	348
13247	351
13248	345
13248	348
13248	351
13249	345
13249	348
13249	351
13250	345
13250	348
13250	351
13251	345
13251	348
13251	351
13252	345
13252	348
13252	351
13253	345
13253	348
13253	351
13254	345
13254	348
13254	351
13255	345
13255	348
13255	351
13256	345
13256	348
13256	351
13257	345
13257	348
13257	351
13258	345
13258	348
13258	351
13259	345
13259	348
13259	351
13260	345
13260	348
13260	351
13261	345
13261	348
13261	351
13262	345
13262	348
13262	351
13263	345
13263	348
13263	351
13264	345
13264	348
13264	351
13265	345
13265	348
13265	351
13266	345
13266	348
13266	351
13267	345
13267	348
13267	351
13268	345
13268	348
13268	351
13269	345
13269	348
13269	351
13270	345
13270	348
13270	351
13271	345
13271	348
13271	351
13272	345
13272	348
13272	351
13273	345
13273	348
13273	351
13274	345
13274	348
13274	351
13275	345
13275	348
13275	351
13276	345
13276	348
13276	351
13277	345
13277	348
13277	351
13278	345
13278	348
13278	351
13279	345
13279	348
13279	351
13280	345
13280	348
13280	351
13281	345
13281	348
13281	351
13282	345
13282	348
13282	351
13411	535
13411	632
13414	82
13414	631
14287	146
14287	502
14287	518
14288	146
14288	502
14288	518
14289	146
14289	502
14289	518
14290	146
14290	502
14290	518
14291	146
14291	502
14291	518
14292	146
14292	502
14292	518
14293	146
14293	502
14293	518
14294	146
14294	502
14294	518
14295	146
14295	502
14295	518
14296	146
14296	502
14296	518
14297	146
14297	502
14297	518
14298	146
14298	502
14298	518
14299	146
14299	502
14299	518
14300	146
14300	502
14300	518
14301	146
14301	502
14301	518
14302	146
14302	502
14302	518
14303	146
14303	502
14303	518
14304	146
14304	502
14304	518
14305	146
14305	502
14305	518
14306	146
14306	502
14306	518
14307	146
14307	502
14307	518
14308	146
14308	502
14308	518
14309	146
14309	502
14309	518
14310	146
14310	502
14310	518
14311	146
14311	502
14311	518
14312	146
14312	502
14312	518
14313	146
14313	502
14313	518
14314	146
14314	502
14314	518
14315	146
14315	502
14315	518
14316	146
14316	502
14316	518
14317	146
14317	502
14317	518
14318	146
14318	502
14318	518
14319	146
14319	502
14319	518
14320	146
14320	502
14320	518
14321	146
14321	502
14321	518
14322	146
14322	502
14322	518
14323	146
14323	502
14323	518
14324	146
14324	502
14324	518
14325	146
14325	502
14325	518
14326	146
14326	502
14326	518
14327	146
14327	502
14327	518
14328	146
14328	502
14328	518
14329	146
14329	502
14329	518
14330	146
14330	502
14330	518
14331	146
14331	502
14331	518
14332	146
14332	502
14332	518
14333	146
14333	502
14333	518
14334	146
14334	502
14334	518
14335	146
14335	502
14335	518
14336	146
14336	502
14336	518
14337	146
14337	502
14337	518
14338	146
14338	502
14338	518
14339	146
14339	502
14339	518
14340	146
14340	502
14340	518
14341	146
14341	502
14341	518
14342	146
14342	502
14342	518
14343	146
14343	502
14343	518
14344	146
14344	502
14344	518
14345	146
14345	502
14345	518
14346	146
14346	502
14346	518
14347	146
14347	502
14347	518
14348	146
14348	502
14348	518
14349	146
14349	502
14349	518
14350	146
14350	502
14350	518
14351	146
14351	502
14351	518
14352	146
14352	502
14352	518
14353	146
14353	502
14353	518
14354	146
14354	502
14354	518
14355	146
14355	502
14355	518
14356	146
14356	502
14356	518
14357	146
14357	502
14357	518
14358	146
14358	502
14358	518
14359	146
14359	502
14359	518
14360	146
14360	502
14360	518
14361	146
14361	502
14361	518
14362	146
14362	502
14362	518
14363	146
14363	502
14363	518
14364	146
14364	502
14364	518
14365	146
14365	502
14365	518
14366	146
14366	502
14366	518
14367	146
14367	502
14367	518
14368	146
14368	502
14368	518
14369	146
14369	502
14369	518
14370	146
14370	502
14370	518
14371	146
14371	502
14371	518
14372	146
14372	502
14372	518
14373	146
14373	502
14373	518
14374	146
14374	502
14374	518
14375	146
14375	502
14375	518
14376	146
14376	502
14376	518
14377	146
14377	502
14377	518
14378	146
14378	502
14378	518
14379	146
14379	502
14379	518
14380	146
14380	502
14380	518
14381	146
14381	502
14381	518
14382	146
14382	502
14382	518
14383	146
14383	502
14383	518
14384	146
14384	502
14384	518
14385	146
14385	502
14385	518
14386	146
14386	502
14386	518
14387	146
14387	502
14387	518
14388	146
14388	502
14388	518
14389	146
14389	502
14389	518
14390	146
14390	502
14390	518
14391	146
14391	502
14391	518
14392	146
14392	502
14392	518
14393	146
14393	502
14393	518
14394	146
14394	502
14394	518
14395	146
14395	502
14395	518
14396	146
14396	502
14396	518
14397	146
14397	502
14397	518
14398	146
14398	502
14398	518
14399	146
14399	502
14399	518
14400	146
14400	502
14400	518
14401	146
14401	502
14401	518
14402	146
14402	502
14402	518
14403	146
14403	502
14403	518
14404	146
14404	502
14404	518
14405	146
14405	502
14405	518
14406	146
14406	502
14406	518
14407	146
14407	502
14407	518
14408	146
14408	502
14408	518
14409	146
14409	502
14409	518
14410	146
14410	502
14410	518
14411	146
14411	502
14411	518
14412	146
14412	502
14412	518
14413	146
14413	502
14413	518
14414	146
14414	502
14414	518
14415	146
14415	502
14415	518
14416	146
14416	502
14416	518
14417	146
14417	502
14417	518
14418	146
14418	502
14418	518
14419	146
14419	502
14419	518
14420	146
14420	502
14420	518
14421	146
14421	502
14421	518
14422	146
14422	502
14422	518
14423	146
14423	502
14423	518
14424	146
14424	502
14424	518
14425	146
14425	502
14425	518
14426	146
14426	502
14426	518
14427	146
14427	502
14427	518
14428	146
14428	502
14428	518
14429	146
14429	502
14429	518
14430	146
14430	502
14430	518
14431	146
14431	502
14431	518
14432	146
14432	502
14432	518
14433	146
14433	502
14433	518
17827	42
17827	45
17946	146
17946	502
17946	506
17947	146
17947	502
17947	506
17948	146
17948	502
17948	506
17949	146
17949	502
17949	506
17950	146
17950	502
17950	506
17951	146
17951	502
17951	506
17952	146
17952	502
17952	506
17953	146
17953	502
17953	506
17954	146
17954	502
17954	506
17955	146
17955	502
17955	506
17956	146
17956	502
17956	506
17957	146
17957	502
17957	506
17958	146
17958	502
17958	506
17959	146
17959	502
17959	506
17960	146
17960	502
17960	506
17961	146
17961	502
17961	506
17962	146
17962	502
17962	506
17963	146
17963	502
17963	506
17964	146
17964	502
17964	506
17965	146
17965	502
17965	506
17966	146
17966	502
17966	506
17967	146
17967	502
17967	506
17968	146
17968	502
17968	506
17969	146
17969	502
17969	506
17970	146
17970	502
17970	506
17971	146
17971	502
17971	506
17972	146
17972	502
17972	506
17973	146
17973	502
17973	506
17974	146
17974	502
17974	506
17975	146
17975	502
17975	506
17976	146
17976	502
17976	506
18008	146
18008	502
18008	514
18009	146
18009	502
18009	514
18010	146
18010	502
18010	514
18011	146
18011	502
18011	514
18012	146
18012	502
18012	514
18013	146
18013	502
18013	514
18014	146
18014	502
18014	514
18015	146
18015	502
18015	514
18016	146
18016	502
18016	514
18017	146
18017	502
18017	514
18018	146
18018	502
18018	514
18019	146
18019	502
18019	514
18020	146
18020	322
18020	502
18021	146
18021	502
18021	514
18022	146
18022	502
18022	514
18023	146
18023	502
18023	514
18024	146
18024	502
18024	514
18025	146
18025	502
18025	514
18026	146
18026	502
18026	514
18027	146
18027	502
18027	514
18028	146
18028	502
18028	514
18029	146
18029	502
18029	514
18030	146
18030	502
18030	514
18031	146
18031	502
18031	514
18032	146
18032	502
18032	514
18033	146
18033	502
18033	514
18034	146
18034	502
18034	514
18035	146
18035	502
18035	514
18036	146
18036	502
18036	514
18037	146
18037	502
18037	514
18038	146
18038	502
18038	514
18039	146
18039	502
18039	514
18040	146
18040	502
18040	514
18041	146
18041	502
18041	514
18042	146
18042	502
18042	514
18043	146
18043	502
18043	514
18044	146
18044	502
18044	514
18045	146
18045	502
18045	514
18046	146
18046	502
18046	514
18047	146
18047	502
18047	514
18048	146
18048	502
18048	514
18049	146
18049	502
18049	514
18050	146
18050	502
18050	514
18051	146
18051	502
18051	514
18052	146
18052	502
18052	514
18053	146
18053	502
18053	514
18054	146
18054	502
18054	514
18055	146
18055	502
18055	514
18056	146
18056	502
18056	514
18057	146
18057	502
18057	514
18058	146
18058	502
18058	514
18059	146
18059	502
18059	514
18060	146
18060	502
18060	514
18061	146
18061	502
18061	514
18062	146
18062	502
18062	514
18063	146
18063	502
18063	514
18064	146
18064	502
18064	514
18065	146
18065	502
18065	514
18066	146
18066	502
18066	514
18067	146
18067	502
18067	514
18068	146
18068	502
18068	514
18069	146
18069	502
18069	514
18070	146
18070	502
18070	514
18071	146
18071	502
18071	514
18072	146
18072	502
18072	514
18073	146
18073	502
18073	514
18074	146
18074	502
18074	514
18075	146
18075	502
18075	514
18076	146
18076	502
18076	514
18077	146
18077	502
18077	514
18078	146
18078	502
18078	514
18079	146
18079	502
18079	514
18080	146
18080	502
18080	514
18081	146
18081	502
18081	514
18082	146
18082	502
18082	514
18083	146
18083	502
18083	514
18084	146
18084	502
18084	514
18085	146
18085	502
18085	514
18086	146
18086	502
18086	514
18087	146
18087	502
18087	514
18088	146
18088	502
18088	514
18089	146
18089	502
18089	514
18090	146
18090	502
18090	514
18091	146
18091	502
18091	514
18092	146
18092	502
18092	514
18093	146
18093	502
18093	514
18094	146
18094	502
18094	514
18095	146
18095	502
18095	514
18096	146
18096	502
18096	514
18097	146
18097	502
18097	514
18098	146
18098	502
18098	514
18099	146
18099	502
18099	514
18100	146
18100	502
18100	514
18101	146
18101	502
18101	514
18102	146
18102	502
18102	514
18103	146
18103	502
18103	514
18104	146
18104	502
18104	514
18105	146
18105	502
18105	514
18106	146
18106	502
18106	514
18107	146
18107	502
18107	514
18108	146
18108	502
18108	514
18109	146
18109	502
18109	514
18110	146
18110	502
18110	514
18111	146
18111	502
18111	514
18112	146
18112	502
18112	514
18113	146
18113	502
18113	514
18114	146
18114	502
18114	514
18115	146
18115	502
18115	514
18116	146
18116	502
18116	514
18117	146
18117	502
18117	514
18118	146
18118	502
18118	514
18119	146
18119	502
18119	514
18120	146
18120	502
18120	514
18121	146
18121	502
18121	514
18122	146
18122	502
18122	514
18123	146
18123	502
18123	514
18963	334
18963	525
18963	649
18964	334
18964	525
18964	649
18965	334
18965	525
18965	649
18966	334
18966	525
18966	649
18967	334
18967	525
18967	649
18968	334
18968	525
18968	649
18969	334
18969	525
18969	649
18970	334
18970	525
18970	649
18971	334
18971	525
18971	649
18972	334
18972	525
18972	649
18973	334
18973	525
18973	649
18974	334
18974	525
18974	649
18975	334
18975	525
18975	649
18976	334
18976	649
18977	334
18977	525
18977	649
18978	334
18978	525
18978	649
18979	334
18979	525
18979	649
18980	334
18980	525
18980	649
18981	334
18981	525
18981	649
18982	334
18982	525
18982	649
18983	334
18983	525
18983	649
18984	334
18984	525
18984	649
18985	334
18985	525
18985	649
18986	334
18986	525
18986	649
18987	334
18987	525
18987	649
18989	334
18989	525
18989	649
18991	334
18991	525
18991	649
18993	334
18993	525
18993	649
18994	334
18994	525
18994	649
18995	334
18995	525
18995	649
18996	334
18996	525
18996	649
18997	334
18997	525
18997	649
18998	334
18998	525
18998	649
18999	334
18999	525
18999	649
19001	334
19001	525
19001	649
19002	334
19002	525
19002	649
19003	334
19003	525
19003	649
19004	334
19004	525
19004	649
19005	334
19005	525
19005	649
19006	334
19006	525
19006	649
19007	334
19007	525
19007	649
19009	334
19009	525
19009	649
19010	334
19010	525
19010	649
19011	334
19011	525
19011	649
19014	334
19014	525
19014	649
19015	334
19015	525
19015	649
19016	334
19016	525
19016	649
19017	334
19017	525
19017	649
19018	334
19018	525
19018	649
19019	334
19019	525
19019	649
19020	334
19020	525
19020	649
19021	334
19021	525
19021	649
19079	292
19079	307
19079	466
19080	292
19080	307
19080	466
19081	292
19081	307
19081	466
19082	292
19082	307
19082	466
19083	292
19083	307
19083	466
19084	292
19084	307
19084	466
19085	292
19085	307
19085	466
19086	292
19086	307
19086	466
19087	292
19087	307
19087	466
19088	292
19088	307
19088	466
19089	292
19089	300
19089	496
19090	292
19090	300
19090	496
19091	292
19091	300
19091	496
19092	292
19092	300
19092	496
19093	292
19093	300
19093	496
19094	292
19094	300
19094	496
19095	292
19095	300
19095	496
19096	292
19096	300
19096	496
19097	292
19097	300
19097	496
19098	292
19098	300
19098	496
19099	292
19099	300
19099	496
19100	292
19100	300
19100	496
19101	292
19101	300
19101	496
19102	292
19102	300
19102	496
19103	292
19103	300
19103	496
19104	292
19104	300
19104	496
19105	292
19105	300
19105	496
19106	292
19106	300
19106	496
19107	292
19107	300
19107	496
19108	292
19108	300
19108	496
19109	292
19109	300
19109	496
19110	292
19110	300
19110	496
19111	292
19111	300
19111	496
19112	292
19112	300
19112	496
19113	292
19113	300
19113	496
19114	292
19114	300
19114	496
19115	292
19115	300
19115	496
19116	292
19116	300
19116	496
19117	292
19117	300
19117	496
19118	292
19118	300
19118	496
19119	292
19119	300
19119	496
19120	292
19120	300
19120	496
19121	292
19121	300
19121	496
19122	292
19122	300
19122	496
19123	292
19123	300
19123	496
19124	292
19124	300
19124	496
19125	292
19125	300
19125	496
19126	292
19126	300
19126	496
19127	292
19127	300
19127	496
19128	292
19128	300
19128	496
19129	292
19129	300
19129	496
19130	292
19130	300
19130	496
19131	292
19131	300
19131	496
19132	292
19132	300
19132	496
19133	292
19133	300
19133	496
19134	292
19134	300
19134	496
19135	292
19135	300
19135	496
19136	292
19136	300
19136	496
19137	292
19137	300
19137	496
19138	292
19138	300
19138	496
19139	292
19139	300
19139	496
19140	292
19140	300
19140	496
19141	292
19141	300
19141	496
19142	292
19142	300
19142	496
19143	292
19143	300
19143	496
19144	292
19144	300
19144	496
19145	292
19145	300
19145	496
19146	292
19146	300
19146	496
19147	292
19147	300
19147	496
19148	292
19148	300
19148	496
19149	292
19149	300
19149	496
19150	292
19150	300
19150	496
19151	292
19151	300
19151	496
19215	341
19216	336
19217	336
19218	292
19218	306
19218	466
19219	385
19219	412
19220	146
19220	503
19220	550
19221	146
19221	503
19221	550
19222	146
19222	503
19222	550
19223	146
19223	503
19223	550
19224	146
19224	503
19224	550
19225	146
19225	503
19225	550
19226	146
19226	503
19226	550
19227	146
19227	503
19227	550
19228	146
19228	503
19228	550
19232	146
19232	503
19232	550
19233	146
19233	503
19233	550
19238	146
19238	503
19238	550
19239	146
19239	503
19239	550
19241	146
19241	503
19241	550
19243	146
19243	503
19243	550
19244	146
19244	503
19244	550
19247	146
19247	503
19247	550
19248	146
19248	503
19248	550
19249	146
19249	503
19249	550
19250	146
19250	503
19250	550
19251	146
19251	503
19251	550
19269	146
19269	503
19269	505
19270	146
19270	503
19270	505
19272	146
19272	503
19272	505
19273	146
19273	503
19273	505
19274	146
19274	503
19274	505
19275	146
19275	503
19275	505
19276	146
19276	503
19276	505
19277	146
19277	503
19277	505
19278	146
19278	503
19278	505
19279	146
19279	503
19279	505
19280	146
19280	503
19280	505
19281	146
19281	503
19281	505
19282	146
19282	503
19282	505
19283	146
19283	503
19283	505
19284	146
19284	503
19284	505
19285	146
19285	503
19285	505
19286	146
19286	503
19286	505
19287	146
19287	503
19287	505
19288	146
19288	503
19288	505
19289	146
19289	503
19289	505
19290	146
19290	503
19290	505
19291	146
19291	503
19291	505
19292	146
19292	503
19292	505
19293	146
19293	503
19293	505
19294	146
19294	503
19294	505
19295	146
19295	503
19295	505
19296	146
19296	503
19296	505
19297	146
19297	503
19297	505
19298	146
19298	503
19298	505
19299	146
19299	503
19299	505
19300	146
19300	503
19300	505
19301	146
19301	503
19301	505
19302	146
19302	503
19302	505
19303	146
19303	503
19303	505
19304	146
19304	503
19304	505
19305	146
19305	503
19305	505
19306	146
19306	503
19306	505
19307	146
19307	503
19307	505
19308	146
19308	503
19308	505
19309	146
19309	503
19309	505
19310	146
19310	503
19310	505
19311	146
19311	503
19311	505
19312	146
19312	503
19312	505
19313	146
19313	503
19313	505
19314	146
19314	503
19314	505
19315	146
19315	503
19315	505
19316	146
19316	503
19316	505
19317	146
19317	503
19317	505
19318	146
19318	503
19318	505
19319	146
19319	503
19319	505
19320	146
19320	503
19320	505
19321	146
19321	503
19321	505
19322	146
19322	503
19322	505
19323	146
19323	503
19323	505
19324	146
19324	503
19324	505
19325	146
19325	503
19325	505
19326	146
19326	503
19326	505
19327	146
19327	503
19327	505
19328	146
19328	503
19328	505
19329	146
19329	503
19329	505
19330	146
19330	503
19330	505
19331	146
19331	503
19331	505
19332	146
19332	503
19332	505
19333	146
19333	503
19333	505
19334	146
19334	503
19334	505
19335	146
19335	503
19335	505
19336	146
19336	503
19336	505
19337	146
19337	503
19337	505
19338	146
19338	503
19338	505
19339	146
19339	503
19339	505
19340	146
19340	503
19340	505
19341	146
19341	503
19341	505
19342	146
19342	503
19342	505
19343	146
19343	503
19343	505
19344	146
19344	503
19344	505
19345	146
19345	503
19345	505
19346	146
19346	503
19346	505
19347	146
19347	503
19347	505
19348	146
19348	503
19348	505
19428	146
19428	503
19428	505
19429	146
19429	503
19429	505
19430	146
19430	503
19430	505
19431	146
19431	503
19431	505
19432	146
19432	503
19432	505
19433	146
19433	503
19433	505
19434	146
19434	503
19434	505
19435	146
19435	503
19435	505
19436	146
19436	503
19436	505
19437	146
19437	503
19437	505
19438	146
19438	503
19438	505
19439	146
19439	503
19439	505
19440	146
19440	503
19440	505
19488	146
19488	503
19488	505
19489	146
19489	503
19489	505
19490	146
19490	503
19490	505
19491	146
19491	503
19491	505
19502	146
19502	503
19502	505
19503	146
19503	503
19503	505
19504	146
19504	503
19504	505
19505	146
19505	503
19505	505
19506	146
19506	503
19506	505
19507	146
19507	503
19507	505
19508	146
19508	503
19508	505
19509	146
19509	503
19509	505
19510	146
19510	503
19510	505
19511	146
19511	503
19511	505
19512	146
19512	503
19512	505
19513	146
19513	503
19513	505
19514	146
19514	503
19514	505
19515	146
19515	503
19515	505
19516	146
19516	503
19516	505
19517	146
19517	503
19517	505
19518	146
19518	503
19518	505
19519	146
19519	503
19519	505
19520	146
19520	503
19520	505
19521	146
19521	503
19521	505
19572	146
19572	503
19572	504
19572	508
19573	146
19573	503
19573	504
19573	508
19574	146
19574	503
19574	504
19574	508
19575	146
19575	503
19575	504
19575	508
19576	146
19576	503
19576	504
19576	508
19577	146
19577	503
19577	504
19577	508
19578	146
19578	503
19578	504
19578	508
19579	146
19579	503
19579	504
19579	508
19580	146
19580	503
19580	504
19580	508
19581	146
19581	503
19581	504
19581	508
19582	146
19582	503
19582	504
19582	508
19583	146
19583	503
19583	504
19583	508
19584	146
19584	503
19584	504
19584	508
19585	146
19585	503
19585	504
19585	508
19586	146
19586	503
19586	504
19586	508
19587	146
19587	503
19587	504
19587	508
19588	146
19588	503
19588	504
19588	508
19589	146
19589	503
19589	504
19589	508
19590	146
19590	503
19590	504
19590	508
19591	146
19591	503
19591	504
19591	508
19592	146
19592	503
19592	504
19592	508
19593	146
19593	503
19593	504
19593	508
19594	146
19594	503
19594	504
19594	508
19595	146
19595	503
19595	504
19595	508
19596	146
19596	503
19596	504
19596	508
19598	146
19598	503
19598	504
19598	508
19599	146
19599	503
19599	504
19599	508
19600	146
19600	503
19600	504
19600	508
19601	146
19601	503
19601	504
19601	508
19602	146
19602	503
19602	504
19602	508
19603	146
19603	503
19603	504
19603	508
19604	146
19604	503
19604	504
19604	508
19605	146
19605	503
19605	504
19605	508
19606	146
19606	503
19606	504
19606	508
19607	146
19607	503
19607	504
19607	508
19608	146
19608	503
19608	504
19608	508
19609	146
19609	503
19609	504
19609	508
19610	146
19610	503
19610	504
19610	508
19611	146
19611	503
19611	504
19611	508
19612	146
19612	503
19612	504
19612	508
19613	146
19613	503
19613	504
19613	508
19614	146
19614	503
19614	504
19614	508
19615	146
19615	503
19615	504
19615	508
19616	146
19616	503
19616	504
19616	508
19617	146
19617	503
19617	504
19617	508
19618	146
19618	503
19618	504
19618	508
19619	146
19619	503
19619	504
19619	508
19620	146
19620	503
19620	504
19620	508
19621	146
19621	503
19621	504
19621	508
19622	146
19622	503
19622	504
19622	508
19623	146
19623	503
19623	504
19623	508
19726	146
19726	503
19726	504
19726	552
19727	146
19727	503
19727	504
19727	552
19728	146
19728	503
19728	504
19728	552
19729	146
19729	503
19729	504
19729	552
19730	146
19730	503
19730	504
19730	552
19731	146
19731	503
19731	504
19731	552
19732	146
19732	503
19732	504
19732	552
19733	146
19733	503
19733	504
19733	552
19734	146
19734	503
19734	504
19734	552
19735	146
19735	503
19735	504
19735	552
19736	146
19736	503
19736	504
19736	552
19737	146
19737	503
19737	504
19737	552
19738	146
19738	503
19738	504
19738	552
19739	146
19739	503
19739	504
19739	552
19740	146
19740	503
19740	504
19740	552
19741	146
19741	503
19741	504
19741	552
19743	146
19743	503
19743	504
19743	552
19744	146
19744	503
19744	504
19744	552
19745	146
19745	503
19745	504
19745	552
19747	146
19747	503
19747	504
19747	552
19748	146
19748	504
19748	552
19749	146
19749	503
19749	504
19749	552
19750	146
19750	503
19750	504
19750	552
19751	146
19751	503
19751	504
19751	552
19753	146
19753	503
19753	504
19753	552
19754	146
19754	503
19754	504
19754	552
19755	146
19755	503
19755	504
19755	552
19756	146
19756	503
19756	504
19756	552
19757	146
19757	503
19757	504
19757	552
19758	146
19758	503
19758	504
19758	552
19759	146
19759	503
19759	504
19759	552
19760	146
19760	503
19760	504
19760	552
19761	146
19761	503
19761	504
19761	552
19763	146
19763	503
19763	504
19763	552
19764	146
19764	503
19764	504
19764	552
19765	146
19765	503
19765	504
19765	552
19766	146
19766	503
19766	504
19766	552
19767	146
19767	503
19767	504
19767	552
19768	146
19768	503
19768	504
19768	552
19769	146
19769	503
19769	504
19769	552
19770	146
19770	503
19770	504
19770	552
19771	146
19771	503
19771	504
19771	552
19772	146
19772	503
19772	504
19772	552
19773	146
19773	503
19773	504
19773	552
19774	146
19774	503
19774	504
19774	552
19775	146
19775	503
19775	504
19775	552
19776	146
19776	503
19776	504
19776	552
19777	146
19777	503
19777	504
19777	552
19778	146
19778	503
19778	504
19778	552
19779	146
19779	503
19779	504
19779	552
19780	146
19780	503
19780	504
19780	552
19781	146
19781	503
19781	504
19781	552
19782	146
19782	503
19782	504
19782	552
19783	146
19783	503
19783	504
19783	552
19784	146
19784	503
19784	504
19784	552
19785	146
19785	503
19785	504
19785	552
19786	146
19786	503
19786	504
19786	552
19787	146
19787	503
19787	504
19787	552
19788	146
19788	503
19788	504
19788	552
19789	146
19789	503
19789	504
19789	552
19790	146
19790	503
19790	504
19790	552
19791	146
19791	503
19791	504
19791	552
19792	146
19792	503
19792	504
19792	552
19793	146
19793	503
19793	504
19793	552
19794	146
19794	503
19794	504
19794	552
19795	146
19795	503
19795	504
19795	552
19796	146
19796	503
19796	504
19796	552
19797	146
19797	503
19797	504
19797	552
19798	146
19798	503
19798	504
19798	552
19799	146
19799	503
19799	504
19799	552
19800	146
19800	503
19800	504
19800	552
19801	146
19801	503
19801	504
19801	552
19802	146
19802	503
19802	504
19802	552
19803	146
19803	503
19803	504
19803	552
19804	146
19804	503
19804	504
19804	552
19805	146
19805	503
19805	504
19805	552
19962	146
19962	503
19962	504
19962	553
19963	146
19963	503
19963	504
19963	553
19964	146
19964	503
19964	504
19964	553
19965	146
19965	503
19965	504
19965	553
19966	146
19966	503
19966	504
19966	553
19967	146
19967	503
19967	504
19967	553
19968	146
19968	503
19968	504
19968	553
19969	146
19969	503
19969	504
19969	553
19970	146
19970	503
19970	504
19970	553
19971	146
19971	503
19971	504
19971	553
19972	146
19972	503
19972	504
19972	553
19973	146
19973	503
19973	504
19973	553
19974	146
19974	503
19974	504
19974	553
19975	146
19975	503
19975	504
19975	553
19976	146
19976	503
19976	504
19976	553
19977	146
19977	503
19977	504
19977	553
19978	146
19978	503
19978	504
19978	553
19979	146
19979	503
19979	504
19979	553
19980	146
19980	503
19980	504
19980	553
19981	146
19981	503
19981	504
19981	553
19982	146
19982	503
19982	504
19982	553
19983	146
19983	503
19983	504
19983	553
19984	146
19984	503
19984	504
19984	553
19984	554
19985	146
19985	503
19985	504
19985	554
19986	146
19986	503
19986	504
19986	554
19987	146
19987	503
19987	504
19987	554
19988	146
19988	503
19988	504
19988	554
19989	146
19989	503
19989	504
19989	554
19990	146
19990	503
19990	504
19990	554
19991	146
19991	503
19991	504
19991	554
19992	146
19992	503
19992	504
19992	554
19993	146
19993	503
19993	504
19993	554
19994	146
19994	503
19994	504
19994	554
19995	146
19995	503
19995	504
19995	554
19996	146
19996	503
19996	504
19996	554
19997	146
19997	503
19997	504
19997	554
19998	146
19998	503
19998	504
19998	554
19999	146
19999	503
19999	504
19999	554
20000	146
20000	503
20000	504
20000	554
20001	146
20001	503
20001	504
20001	554
20002	146
20002	503
20002	504
20002	554
20003	146
20003	503
20003	504
20003	554
20004	146
20004	503
20004	504
20004	554
20005	146
20005	503
20005	504
20005	554
20006	146
20006	503
20006	504
20006	554
20007	146
20007	503
20007	504
20007	554
20008	146
20008	503
20008	504
20008	554
20009	146
20009	503
20009	504
20009	554
20010	146
20010	503
20010	504
20010	554
20011	146
20011	503
20011	504
20011	554
20012	146
20012	503
20012	504
20012	554
20013	146
20013	503
20013	504
20013	554
20014	146
20014	503
20014	504
20014	554
20015	146
20015	503
20015	504
20015	554
20016	146
20016	503
20016	504
20016	554
20017	146
20017	503
20017	504
20017	554
20018	146
20018	503
20018	504
20018	554
20019	146
20019	503
20019	504
20019	554
20020	146
20020	503
20020	504
20020	554
20021	146
20021	503
20021	504
20021	554
20022	146
20022	503
20022	504
20022	554
20023	146
20023	503
20023	504
20023	554
20024	146
20024	503
20024	504
20024	554
20025	146
20025	503
20025	504
20025	554
20026	146
20026	503
20026	504
20026	554
20027	146
20027	503
20027	504
20027	554
20028	146
20028	503
20028	504
20028	554
20029	146
20029	503
20029	504
20029	554
20030	146
20030	503
20030	504
20030	554
20031	146
20031	503
20031	504
20031	554
20032	146
20032	503
20032	504
20032	554
20033	146
20033	503
20033	504
20033	554
20034	146
20034	503
20034	504
20034	554
20035	146
20035	503
20035	504
20035	554
20036	146
20036	503
20036	504
20036	554
20037	146
20037	503
20037	504
20037	554
20038	146
20038	503
20038	504
20038	554
20039	146
20039	503
20039	504
20039	554
20040	146
20040	503
20040	504
20040	554
20041	146
20041	503
20041	504
20041	554
20042	146
20042	503
20042	504
20042	554
20043	146
20043	503
20043	504
20043	554
20044	146
20044	503
20044	504
20044	554
20045	146
20045	503
20045	504
20045	554
20046	146
20046	503
20046	504
20046	554
20047	146
20047	503
20047	504
20047	554
20048	146
20048	503
20048	504
20048	554
20049	146
20049	503
20049	504
20049	554
20050	146
20050	503
20050	504
20050	554
20051	146
20051	503
20051	504
20051	554
20052	146
20052	503
20052	504
20052	554
20053	146
20053	503
20053	504
20053	554
20054	146
20054	503
20054	504
20054	554
20055	146
20055	503
20055	504
20055	554
20056	146
20056	503
20056	504
20056	554
20057	146
20057	503
20057	504
20057	554
20058	146
20058	503
20058	504
20058	554
20059	146
20059	503
20059	504
20059	554
20060	146
20060	503
20060	504
20060	553
20060	554
20061	146
20061	503
20061	504
20061	554
20062	146
20062	503
20062	504
20062	554
20063	146
20063	503
20063	504
20063	554
20064	146
20064	503
20064	504
20064	554
20065	146
20065	503
20065	504
20065	554
20066	146
20066	503
20066	504
20066	554
20067	146
20067	503
20067	504
20067	554
20068	146
20068	503
20068	504
20068	554
20069	146
20069	503
20069	504
20069	554
20070	146
20070	503
20070	504
20070	554
20071	146
20071	503
20071	504
20071	554
20072	146
20072	503
20072	504
20072	554
20073	146
20073	503
20073	504
20073	554
20074	146
20074	503
20074	504
20074	554
20075	146
20075	503
20075	504
20075	554
20076	146
20076	503
20076	504
20076	554
20077	146
20077	503
20077	504
20077	554
20078	146
20078	503
20078	504
20078	554
20079	146
20079	503
20079	504
20079	554
20080	146
20080	503
20080	504
20080	554
20081	146
20081	503
20081	504
20081	554
20586	146
20586	503
20586	504
20586	553
20587	146
20587	503
20587	504
20587	553
20588	146
20588	503
20588	504
20588	553
20589	146
20589	503
20589	504
20589	553
20590	146
20590	503
20590	504
20590	553
20591	146
20591	503
20591	504
20591	553
20592	146
20592	503
20592	504
20592	553
20593	146
20593	503
20593	504
20593	553
20594	146
20594	503
20594	504
20594	553
20595	146
20595	503
20595	504
20595	553
20596	146
20596	503
20596	504
20596	553
20597	146
20597	503
20597	504
20597	553
20598	146
20598	503
20598	504
20598	553
20599	146
20599	503
20599	504
20599	553
20600	146
20600	503
20600	504
20600	553
20601	146
20601	503
20601	504
20601	553
20602	146
20602	503
20602	504
20602	553
20603	146
20603	503
20603	504
20603	553
20604	146
20604	503
20604	504
20604	553
20624	146
20624	503
20624	504
20624	553
20625	146
20625	503
20625	504
20625	553
20626	75
20626	77
20627	75
20627	77
20627	655
20628	75
20628	77
20628	655
20629	146
20629	503
20629	507
20630	146
20630	503
20630	507
20631	146
20631	503
20631	507
20632	146
20632	503
20632	507
20633	146
20633	503
20633	507
20634	146
20634	503
20634	507
20635	146
20635	503
20635	507
20636	146
20636	503
20636	507
20637	146
20637	503
20637	507
20638	146
20638	503
20638	507
20639	146
20639	503
20639	507
20640	146
20640	503
20640	507
20641	146
20641	503
20641	507
20642	146
20642	503
20642	507
20643	146
20643	503
20643	507
20644	146
20644	503
20644	507
20645	146
20645	503
20645	507
20646	146
20646	503
20646	507
20647	146
20647	503
20647	507
20648	146
20648	503
20648	507
20649	146
20649	503
20649	507
20650	146
20650	503
20650	507
20651	146
20651	503
20651	507
20652	146
20652	503
20652	507
20653	146
20653	503
20653	507
20654	146
20654	503
20654	507
20655	146
20655	503
20655	507
20656	146
20656	503
20656	507
20657	146
20657	503
20657	507
20658	146
20658	503
20658	507
20659	146
20659	503
20659	507
20660	146
20660	503
20660	507
20661	146
20661	503
20661	507
20662	146
20662	503
20662	507
20663	146
20663	503
20663	507
20664	146
20664	503
20664	507
20665	146
20665	503
20665	507
20666	146
20666	503
20666	507
20667	146
20667	503
20667	507
20668	146
20668	503
20668	507
20669	146
20669	503
20669	507
20670	146
20670	503
20670	507
20671	146
20671	503
20671	507
20672	146
20672	503
20672	507
20673	146
20673	503
20673	507
20674	146
20674	503
20674	507
20675	146
20675	503
20675	507
20676	146
20676	503
20676	507
20677	146
20677	503
20677	507
20678	146
20678	503
20678	507
20679	146
20679	503
20679	507
20680	146
20680	503
20680	507
20681	146
20681	503
20681	507
20682	146
20682	503
20682	507
20683	146
20683	503
20683	507
20684	146
20684	503
20684	507
20685	146
20685	503
20685	507
20686	146
20686	503
20686	507
20687	146
20687	503
20687	507
20688	146
20688	503
20688	507
20689	146
20689	503
20689	507
20690	146
20690	503
20690	507
20691	146
20691	503
20691	507
20692	146
20692	503
20692	507
20693	146
20693	503
20693	507
20694	146
20694	503
20694	507
20695	146
20695	503
20695	507
20696	146
20696	503
20696	507
20697	146
20697	503
20697	507
20698	146
20698	503
20698	507
20699	146
20699	503
20699	507
20700	146
20700	503
20700	507
20701	146
20701	503
20701	507
20702	146
20702	503
20702	507
20703	146
20703	503
20703	507
20704	146
20704	503
20704	507
20705	146
20705	503
20705	507
20706	146
20706	503
20706	507
20707	146
20707	503
20707	507
20708	146
20708	503
20708	507
20709	146
20709	503
20709	507
20710	146
20710	503
20710	507
20711	146
20711	503
20711	507
20712	146
20712	503
20712	507
20713	146
20713	503
20713	507
20714	146
20714	503
20714	507
20715	146
20715	503
20715	507
20716	146
20716	503
20716	507
20805	292
20805	294
20805	496
20806	146
20806	503
20806	508
20807	146
20807	503
20807	508
20808	146
20808	503
20808	508
20809	146
20809	503
20809	508
20810	146
20810	503
20810	508
20811	146
20811	503
20811	508
20812	146
20812	503
20812	508
20813	146
20813	503
20813	508
20814	146
20814	503
20814	508
20815	146
20815	503
20815	508
20816	146
20816	503
20816	508
20817	146
20817	503
20817	508
20818	146
20818	503
20818	508
20819	146
20819	503
20819	508
20820	146
20820	503
20820	508
20822	146
20822	503
20822	508
20823	146
20823	503
20823	508
20824	146
20824	503
20824	508
20825	146
20825	503
20825	508
20826	146
20826	503
20826	508
20827	146
20827	503
20827	508
20828	146
20828	503
20828	508
20829	146
20829	503
20829	508
20830	146
20830	503
20830	508
20831	146
20831	503
20831	508
20832	146
20832	503
20832	508
20833	146
20833	503
20833	508
20834	146
20834	503
20834	508
20835	146
20835	503
20835	508
20836	146
20836	503
20836	508
20837	146
20837	503
20837	508
20838	146
20838	503
20838	508
20839	146
20839	503
20839	508
20840	146
20840	503
20840	508
20841	146
20841	503
20841	508
20842	146
20842	503
20842	508
20843	146
20843	503
20843	508
20844	146
20844	503
20844	508
20845	146
20845	503
20845	508
20846	146
20846	503
20846	508
20847	146
20847	503
20847	508
20848	146
20848	503
20848	508
20849	146
20849	503
20849	508
20850	146
20850	503
20850	508
20851	146
20851	503
20851	508
20852	146
20852	503
20852	508
20853	146
20853	503
20853	508
20854	146
20854	503
20854	508
20855	146
20855	503
20855	508
20856	146
20856	503
20856	508
20857	146
20857	503
20857	508
20858	146
20858	503
20858	508
20859	146
20859	503
20859	508
20860	146
20860	503
20860	508
20861	146
20861	503
20861	508
20862	146
20862	503
20862	508
20863	146
20863	503
20863	508
20864	146
20864	503
20864	508
20865	146
20865	503
20865	508
20866	146
20866	503
20866	508
20867	146
20867	503
20867	508
20868	146
20868	503
20868	508
20869	146
20869	503
20869	508
20870	146
20870	503
20870	508
20871	146
20871	503
20871	508
20872	146
20872	503
20872	508
20873	146
20873	503
20873	508
20874	146
20874	503
20874	508
20875	146
20875	503
20875	508
20876	146
20876	503
20876	508
20877	146
20877	503
20877	508
20878	146
20878	503
20878	508
20879	146
20879	503
20879	508
20880	146
20880	503
20880	508
20881	146
20881	503
20881	508
20959	334
20959	524
20959	649
20960	334
20960	524
20960	649
20961	334
20961	524
20961	649
20962	334
20962	524
20962	649
20963	334
20963	524
20963	649
20964	334
20964	524
20964	649
20965	334
20965	524
20965	649
20966	334
20966	524
20966	649
20967	334
20967	524
20967	649
20969	334
20969	524
20969	649
20970	334
20970	524
20970	649
20971	334
20971	524
20971	649
20972	334
20972	524
20972	649
20973	334
20973	524
20973	649
20974	334
20974	524
20974	649
20991	334
20991	525
20991	649
20992	334
20992	525
20992	649
20993	334
20993	525
20993	649
20994	334
20994	525
20994	649
20995	334
20995	525
20995	649
20996	334
20996	525
20996	649
20997	334
20997	525
20997	649
20998	334
20998	525
20998	649
21000	334
21000	525
21000	649
21001	334
21001	525
21001	649
21003	334
21003	525
21003	649
21004	334
21004	525
21004	649
21005	334
21005	525
21005	649
21006	334
21006	525
21006	649
21007	334
21007	525
21007	649
21008	334
21008	525
21008	649
21009	334
21009	525
21009	649
21010	334
21010	525
21010	649
21011	334
21011	525
21011	649
21014	334
21014	525
21014	649
21015	334
21015	525
21015	649
21016	334
21016	525
21016	649
21017	334
21017	525
21017	649
21018	334
21018	525
21018	649
21019	334
21019	525
21019	649
21020	334
21020	525
21020	649
21021	334
21021	525
21021	649
21022	334
21022	525
21022	649
21023	334
21023	525
21023	649
21024	334
21024	525
21024	649
21025	334
21025	525
21025	649
21026	334
21026	525
21026	649
21027	334
21027	525
21027	649
21028	334
21028	525
21028	649
21029	334
21029	525
21029	649
21030	334
21030	525
21030	649
21031	334
21031	525
21031	649
21032	334
21032	525
21032	649
21033	334
21033	525
21033	649
21034	334
21034	525
21034	649
21035	334
21035	525
21035	649
21036	334
21036	525
21036	649
21037	334
21037	525
21037	649
21038	334
21038	525
21038	649
21039	334
21039	525
21039	649
21040	334
21040	525
21040	649
21041	334
21041	525
21041	649
21042	334
21042	525
21042	649
21043	334
21043	525
21043	649
21044	334
21044	525
21044	649
21045	334
21045	525
21045	649
21046	334
21046	525
21046	649
21047	334
21047	525
21047	649
21048	334
21048	525
21048	649
21049	334
21049	525
21049	649
21050	334
21050	525
21050	649
21051	334
21051	525
21051	649
21052	334
21052	525
21052	649
21053	334
21053	525
21053	649
21054	334
21054	525
21054	649
21055	334
21055	525
21055	649
21056	334
21056	525
21056	649
21057	334
21057	525
21057	649
21058	334
21058	525
21058	649
21059	334
21059	525
21059	649
21060	334
21060	525
21060	649
21061	334
21061	525
21061	649
21062	334
21062	525
21062	649
21063	334
21063	525
21063	649
21064	334
21064	525
21064	649
21065	334
21065	525
21065	649
21066	334
21066	525
21066	649
21067	334
21067	525
21067	649
21068	334
21068	525
21068	649
21069	334
21069	525
21069	649
21070	334
21070	525
21070	649
21071	334
21071	525
21071	649
21072	334
21072	525
21072	649
21075	334
21075	525
21075	649
21076	334
21076	525
21076	649
21077	334
21077	525
21077	649
21078	334
21078	525
21078	649
21079	334
21079	525
21079	649
21080	334
21080	525
21080	649
21081	334
21081	525
21081	649
21082	334
21082	525
21082	649
21083	334
21083	525
21083	649
21084	334
21084	525
21084	649
21085	334
21085	525
21085	649
21086	334
21086	525
21086	649
21087	334
21087	525
21087	649
21088	334
21088	525
21088	649
21089	334
21089	525
21089	649
21090	334
21090	525
21090	649
21091	334
21091	525
21091	649
21092	334
21092	525
21092	649
21093	334
21093	525
21093	649
21094	334
21094	525
21094	649
21095	334
21095	525
21095	649
21096	334
21096	525
21096	649
21097	334
21097	525
21097	649
21098	334
21098	525
21098	649
21099	334
21099	525
21099	649
21100	334
21100	525
21100	649
21101	334
21101	525
21101	649
21102	334
21102	525
21102	649
21103	334
21103	525
21103	649
21104	334
21104	525
21104	649
21105	334
21105	525
21105	649
21106	334
21106	525
21106	649
21107	334
21107	525
21107	649
21225	158
21225	161
21226	158
21226	161
21227	158
21227	161
21228	158
21228	161
21229	158
21229	161
21230	158
21230	161
21231	158
21231	161
21232	158
21232	161
21235	158
21235	161
21236	158
21236	161
21237	158
21237	161
21238	158
21238	161
21239	158
21239	161
21251	158
21251	161
21252	158
21252	161
21253	158
21253	161
21254	158
21254	161
21255	158
21255	161
21256	158
21256	161
21257	158
21257	161
21258	158
21258	160
21259	158
21259	161
21260	158
21260	161
21261	158
21261	159
21262	158
21262	159
21263	158
21263	161
21264	158
21264	161
21265	158
21265	161
21266	158
21266	160
21267	158
21267	161
21268	158
21268	161
21269	158
21269	161
21270	158
21270	161
21271	158
21271	161
21272	158
21272	161
21273	158
21273	161
21274	158
21274	160
21275	158
21275	160
21276	158
21276	160
21277	158
21277	160
21278	158
21278	160
21279	158
21279	161
21280	158
21280	161
21281	158
21281	160
21282	158
21282	160
21283	158
21283	161
21284	158
21284	160
21285	158
21285	161
21286	158
21286	159
21287	158
21287	159
21288	158
21288	160
21289	158
21289	160
21290	158
21290	160
21291	158
21291	161
21292	158
21292	161
21299	52
21299	146
21301	158
21301	159
21302	158
21302	159
21303	158
21303	159
21304	158
21304	159
21305	158
21305	159
21306	158
21306	159
21307	158
21307	159
21308	158
21308	159
21309	158
21309	159
21310	158
21310	159
21311	158
21311	161
21312	158
21312	161
21313	158
21313	161
21314	34
21314	97
21315	34
21315	97
21316	34
21316	97
21317	34
21317	97
21318	34
21318	97
21319	34
21319	97
21320	34
21320	97
21321	34
21321	97
21322	34
21322	97
21323	34
21323	97
21324	34
21324	97
21325	34
21325	97
21326	34
21326	97
21327	97
21328	34
21328	97
21329	34
21329	97
21330	34
21330	97
21331	34
21331	97
21332	34
21332	97
21333	34
21333	97
21334	34
21334	97
21335	34
21335	97
21336	34
21336	97
21337	34
21337	97
21338	34
21338	97
21339	34
21339	97
21340	34
21340	97
21341	34
21341	97
21342	34
21342	97
21343	34
21343	97
21344	34
21344	97
21345	34
21345	97
21346	34
21346	97
21347	34
21347	102
21347	653
21348	102
21348	653
21349	34
21349	102
21349	653
21350	34
21350	102
21350	653
21351	34
21351	102
21351	653
21352	102
21352	653
21353	34
21353	102
21353	653
21354	34
21354	102
21354	653
21355	102
21355	653
21356	34
21356	102
21356	653
21357	102
21357	653
21358	102
21358	653
21359	34
21359	102
21359	653
21360	102
21360	653
21361	102
21361	653
21362	96
21363	96
21364	96
21365	96
21366	96
21367	96
21368	96
21369	96
21370	96
21371	96
21372	96
21373	34
21373	96
21374	96
21375	96
21376	96
21377	96
21378	96
21379	34
21379	96
21380	34
21380	96
21381	34
21381	96
21382	34
21382	96
21383	34
21383	96
21384	34
21384	96
21385	34
21385	96
21386	34
21386	96
21387	34
21387	96
21388	96
21389	96
21390	96
21391	96
21392	96
21393	96
21394	96
21395	96
21396	96
21397	96
21398	96
21399	96
21400	96
21401	96
21402	34
21402	96
21403	34
21403	96
21404	34
21404	96
21405	34
21405	96
21406	34
21406	96
21407	34
21407	96
21408	34
21408	96
21409	34
21409	96
21410	34
21410	96
21411	34
21411	96
21412	34
21412	96
21413	34
21413	96
21414	34
21414	96
21415	34
21415	96
21416	34
21416	96
21417	34
21417	96
21418	34
21418	96
21419	34
21419	96
21420	34
21420	96
21421	34
21421	96
21422	34
21422	96
21423	34
21423	96
21424	34
21424	96
21425	34
21425	96
21426	34
21426	96
21427	34
21427	96
21428	34
21428	96
21429	34
21429	96
21430	34
21430	96
21431	34
21431	96
21432	34
21432	96
21433	34
21433	96
21434	34
21434	96
21435	34
21435	96
21436	34
21436	96
21437	34
21437	96
21438	34
21438	96
21439	34
21439	96
21440	34
21440	96
21441	34
21441	96
21442	34
21442	96
21443	34
21443	96
21444	34
21444	96
21445	34
21445	96
21446	34
21446	96
21447	34
21447	96
21448	34
21448	96
21449	34
21449	96
21450	34
21450	96
21451	34
21451	96
21452	34
21452	96
21453	34
21453	96
21454	34
21454	96
21455	34
21455	96
21456	34
21456	96
21457	34
21457	96
21458	34
21458	96
21459	34
21459	96
21460	34
21460	96
21461	34
21461	96
21462	34
21462	96
21463	34
21463	96
21464	34
21464	96
21465	34
21465	96
21466	34
21466	96
21467	34
21467	96
21468	34
21468	96
21469	34
21469	96
21470	34
21470	96
21471	34
21471	96
21472	34
21472	96
21473	34
21473	96
21474	34
21474	96
21475	34
21475	96
21476	34
21476	96
21477	34
21477	96
21478	34
21478	96
21479	34
21479	96
21480	34
21480	96
21481	34
21481	96
21482	34
21482	96
21483	34
21483	96
21484	34
21484	96
21485	34
21485	96
21486	34
21486	96
21487	34
21487	96
21488	34
21488	96
21489	34
21489	96
21490	34
21490	96
21491	34
21491	96
21492	34
21492	96
21493	34
21493	96
21494	34
21494	96
21495	34
21495	96
21496	34
21496	96
21497	34
21497	96
21498	34
21498	96
21499	34
21499	96
21500	34
21500	96
21501	34
21501	96
21502	34
21502	96
21503	34
21503	96
21504	34
21504	96
21505	34
21505	96
21506	34
21506	96
21507	34
21507	96
21508	34
21508	96
21509	34
21509	96
21510	34
21510	96
21511	34
21511	96
21777	338
21778	338
21779	338
21780	338
21781	338
21782	338
21783	338
21784	338
21785	338
21786	338
21787	338
21788	338
21789	338
21790	338
21791	338
21792	338
21793	338
21794	338
21795	338
21796	338
21797	338
21798	338
21799	338
21800	338
21801	338
21802	338
21803	338
21804	338
21805	338
21806	338
21807	338
21808	338
21809	338
21810	338
21811	338
21812	338
21813	338
21814	338
21815	338
21816	338
21817	338
21818	338
21819	338
21820	338
21821	338
21822	338
21823	338
21824	338
21825	338
21826	338
21827	338
21828	338
21829	338
21830	338
21831	338
21832	337
21833	337
21834	337
21835	337
21836	337
21837	337
21838	337
21839	337
21840	337
21841	337
21842	337
21843	337
21844	337
21845	337
21846	337
21847	337
21848	337
21849	337
21850	337
21851	337
21852	337
21853	337
21854	337
21855	337
21856	337
21857	337
21858	337
21859	337
21860	337
21861	337
21862	337
21863	337
21864	337
21865	337
21866	337
21867	337
21868	337
21869	337
21870	337
21871	337
21872	337
21873	337
21874	337
21875	337
21876	337
21877	337
21878	337
21879	337
21880	337
21881	337
21882	337
21883	337
21884	337
21885	337
21886	337
21887	337
21888	337
21889	337
21890	337
21891	337
21892	337
21893	337
21894	337
21895	337
21896	337
21897	337
21898	337
21899	337
21900	337
21901	337
21902	337
21903	337
21904	337
21905	337
21906	337
21907	337
21908	337
21909	337
21910	343
22231	475
22232	475
22233	475
22234	475
22235	475
22236	475
22237	475
22238	475
22239	475
22240	475
22240	647
22241	475
22242	475
22243	475
22244	475
22245	475
22246	475
22247	475
22248	335
22249	335
22250	335
22251	335
22252	335
22253	335
22254	335
22255	335
22256	335
22257	335
22258	335
22259	335
22260	335
22261	335
22262	335
22263	335
22264	335
22265	335
22266	335
22267	335
22268	335
22269	335
22270	335
22350	478
22351	478
22352	478
22353	478
22354	478
22355	478
22356	478
22357	478
22358	478
22359	478
22360	478
22361	478
22362	478
22363	478
22364	478
22365	478
22366	478
22367	478
22368	478
22369	478
22370	478
22371	478
22372	478
22373	478
22374	478
22375	478
22376	478
22377	478
22378	478
22379	478
22380	478
22381	478
22382	478
22383	478
22384	478
22460	471
22461	471
22462	471
22463	471
22464	471
22465	471
22466	471
22467	471
22468	471
22469	471
22470	471
22471	471
22472	471
22473	471
22474	471
22475	471
22476	471
22477	471
22478	471
22479	471
22480	471
22481	471
22482	471
22483	471
22484	471
22485	471
22486	471
22487	471
22488	471
22489	471
22490	471
22491	471
22492	471
22493	471
22494	471
22495	471
22496	471
22497	471
22498	471
22499	471
22500	471
22583	343
22584	343
22585	343
22586	343
22587	337
22588	82
22588	631
22589	82
22589	631
22590	82
22590	631
22591	82
22591	631
22592	82
22592	631
22593	82
22593	631
22594	405
22594	631
22595	82
22595	631
22596	82
22596	631
22597	82
22597	631
22598	82
22598	631
22599	82
22599	631
22600	82
22600	433
22600	631
22601	82
22601	433
22601	631
22602	82
22602	433
22602	631
22603	82
22603	631
22604	82
22604	631
22605	82
22605	631
22606	82
22606	631
22607	82
22607	631
22608	82
22608	631
22609	82
22609	631
22610	82
22610	631
22611	82
22611	631
22612	82
22612	631
22613	82
22613	631
22614	82
22614	631
22615	82
22615	631
22616	82
22616	631
22617	82
22617	631
22618	82
22618	631
22619	82
22619	631
22620	82
22620	631
22621	82
22621	631
22622	82
22622	631
22623	82
22623	405
22623	631
22624	405
22624	631
22625	405
22625	631
22626	405
22626	631
22627	82
22627	631
22628	405
22628	631
22629	82
22629	631
22630	82
22630	631
22631	82
22631	631
22632	82
22632	631
22633	82
22633	631
22634	82
22634	631
22635	82
22635	631
22636	82
22636	631
22637	82
22637	631
22638	82
22638	631
22639	82
22639	631
22640	82
22640	631
22641	82
22641	631
22642	82
22642	631
24195	95
24195	650
24196	95
24196	650
24197	95
24197	650
24199	95
24199	650
24427	157
24427	465
24427	649
24429	157
24429	465
24429	649
24430	157
24430	465
24430	649
24431	157
24431	465
24431	649
24432	157
24432	465
24432	649
24433	157
24433	465
24433	649
24434	157
24434	465
24434	649
24435	157
24435	465
24435	649
24436	157
24436	465
24436	649
24437	157
24437	465
24437	649
24438	34
24438	94
24439	702
24439	705
24684	292
24685	292
24686	292
24687	292
24688	292
24688	314
24688	318
24689	292
24690	292
24690	314
24690	318
24691	292
24691	314
24691	318
24692	292
24692	314
24692	318
24693	292
24693	314
24693	318
24694	292
24694	314
24694	521
24695	292
24695	314
24695	521
24696	292
24696	314
24696	521
24697	429
24697	649
24698	314
24698	429
24699	292
24699	429
24700	292
24700	302
24701	292
24702	292
24703	292
24704	292
24705	292
24706	292
24707	292
24708	292
24709	292
24710	292
24711	292
24711	301
24712	292
24712	301
24713	292
24713	301
24714	292
24714	301
24715	292
24715	301
24716	292
24716	301
24717	292
24717	301
24718	292
24718	301
24719	292
24719	301
24720	292
24720	301
24721	292
24721	301
24722	292
24722	532
24722	567
24723	292
24723	532
24723	567
24724	292
24724	295
24724	532
24725	292
24725	295
24725	532
24726	292
24726	295
24726	532
24727	292
24727	532
24727	567
24728	292
24728	532
24728	567
24729	292
24729	532
24729	567
24730	292
24730	532
24730	567
24731	292
24731	532
24731	567
24732	292
24732	532
24732	567
24733	292
24733	532
24733	567
24734	292
24734	532
24734	567
24735	292
24735	532
24735	567
24736	292
24736	532
24736	567
24737	292
24737	532
24738	292
24738	532
24738	567
24740	292
24740	532
24740	567
24741	292
24741	532
24741	567
24742	292
24742	532
24742	567
24743	292
24743	301
24744	292
24744	301
24745	292
24746	314
24746	319
24747	292
24748	292
24749	292
24750	292
24751	292
24752	292
24753	314
24753	319
24754	292
24754	314
24754	317
24755	314
24755	319
24756	292
24756	314
24756	318
24757	292
24758	292
24759	292
24760	292
24760	314
24760	318
24761	292
24761	314
24761	318
24762	292
24763	292
24763	314
24763	317
24764	292
24764	314
24764	317
24766	292
24766	314
24766	317
24767	292
24767	314
24767	317
24768	292
24768	314
24768	317
24769	314
24769	317
24770	314
24770	317
24772	314
24772	319
24773	292
24774	292
24775	292
24776	292
24777	292
24777	302
24778	292
24779	292
24780	292
24780	314
24780	429
24781	314
24781	429
24782	292
24782	314
24782	429
24783	292
24784	292
24784	314
24784	318
24785	292
24785	314
24785	318
24786	292
24786	314
24786	318
24787	292
24787	314
24787	318
24788	292
24788	314
24788	521
24789	292
24789	314
24789	521
24790	292
24790	314
24790	521
24791	292
24791	314
24791	521
24792	292
24793	292
24794	292
24795	292
24795	314
24795	521
24796	314
24796	521
25259	34
25259	535
25259	632
25260	34
25260	535
25260	632
25261	34
25261	535
25261	632
25262	535
25262	632
25263	535
25263	632
25264	535
25264	632
25265	535
25265	632
25266	535
25266	632
25267	535
25267	632
25268	535
25268	632
25269	535
25269	632
25270	535
25270	632
25271	535
25271	632
25272	535
25272	632
25273	535
25273	632
25274	535
25274	632
25275	535
25275	632
25276	535
25276	632
25277	535
25277	632
25278	34
25278	535
25278	632
25279	34
25279	535
25279	632
25280	34
25280	535
25280	632
25281	34
25281	535
25281	632
25282	34
25282	535
25282	632
25355	292
25355	323
25356	292
25356	323
25357	292
25357	323
25358	292
25358	323
25359	292
25359	323
25360	292
25360	323
25361	292
25361	323
25362	292
25362	323
25363	292
25363	323
25364	292
25364	323
25365	292
25365	323
25366	292
25366	323
25367	292
25367	323
25368	292
25368	323
25369	292
25369	323
25370	292
25370	323
25371	292
25371	323
25372	292
25372	323
25373	292
25373	323
25374	292
25374	323
25375	292
25375	323
25376	292
25376	323
25377	292
25377	323
25378	292
25378	323
25379	292
25379	323
25380	292
25380	323
25381	292
25381	323
25382	292
25382	323
25383	292
25383	323
25384	292
25384	323
25385	292
25385	323
25386	292
25386	323
25387	292
25387	323
25388	292
25388	323
25389	292
25389	323
25390	292
25390	323
25391	292
25391	323
25392	292
25392	323
25393	292
25393	323
25394	292
25394	323
25395	292
25395	323
25396	292
25396	323
25397	292
25397	323
25398	323
25399	292
25399	323
25400	292
25400	323
25401	323
25402	292
25402	323
25403	292
25403	323
25404	292
25404	323
25405	292
25405	323
25406	292
25406	323
25407	292
25407	323
25408	292
25408	323
25409	292
25409	323
25410	292
25410	323
25411	292
25411	323
25412	292
25412	323
25413	292
25413	323
25414	292
25414	323
25415	292
25415	323
25416	292
25416	323
25417	292
25417	323
25418	292
25418	323
25419	292
25419	323
25420	292
25420	323
25421	292
25421	323
25422	292
25422	323
25423	292
25423	323
25424	292
25424	323
25425	292
25425	323
25426	292
25426	323
25427	292
25427	323
25428	292
25428	323
25429	292
25429	323
25430	292
25430	323
25431	292
25431	323
25432	292
25432	323
25433	292
25433	323
25434	292
25434	323
25435	292
25435	323
25436	292
25436	323
25437	292
25437	323
25438	292
25438	323
25439	292
25439	323
25440	292
25440	323
25441	292
25441	323
25442	292
25442	323
25443	292
25443	323
25444	292
25444	323
25445	292
25445	323
25446	292
25446	323
25447	292
25447	323
25448	292
25448	323
25449	292
25449	323
25450	292
25450	323
25451	292
25451	323
25452	292
25452	323
25453	292
25453	323
25454	292
25454	323
25455	292
25455	323
25456	292
25456	323
25457	292
25457	323
25458	292
25458	323
25459	292
25459	323
25460	292
25460	323
25461	292
25461	323
25462	292
25462	323
25463	292
25463	323
25464	292
25464	323
25465	292
25465	323
25466	292
25466	323
25467	292
25467	323
25468	292
25468	323
25469	146
25469	502
25469	515
25470	292
25470	323
25471	292
25471	323
25472	292
25472	323
25473	292
25473	323
25474	292
25474	323
25475	326
25475	574
25476	292
25476	323
25477	292
25477	323
25478	292
25478	323
25479	292
25479	323
25480	292
25480	323
25481	292
25481	323
25482	292
25482	323
25483	292
25483	323
25484	292
25484	323
25485	292
25485	323
25486	292
25486	323
25487	292
25487	323
25488	292
25488	323
25489	292
25489	323
25490	292
25490	323
25491	292
25491	323
25492	292
25492	323
25493	292
25493	323
25494	292
25494	323
25495	292
25495	323
25496	292
25496	323
25497	292
25497	323
25498	292
25498	323
25499	292
25499	323
25500	292
25500	323
25501	292
25501	323
25502	292
25502	323
25503	292
25503	323
25504	292
25504	323
25505	292
25505	323
25506	292
25506	323
25507	292
25507	323
25508	292
25508	323
25509	326
25509	574
25510	292
25510	323
25511	292
25511	323
25512	292
25512	323
25513	292
25513	323
25514	292
25514	323
25515	292
25515	323
25516	292
25516	323
25517	323
25518	292
25518	323
25519	292
25519	323
25520	292
25520	323
25521	292
25521	323
25522	292
25522	323
25523	292
25523	323
25524	292
25524	323
25525	292
25525	323
25526	292
25526	323
25527	292
25527	323
25528	292
25528	323
25529	292
25529	323
25530	292
25530	323
25531	292
25531	323
25532	292
25532	323
25533	292
25533	323
25534	292
25534	323
25535	292
25535	323
25536	292
25536	323
25537	292
25537	323
25538	292
25538	323
25539	292
25539	323
25540	292
25540	323
25541	292
25541	323
25542	292
25542	323
25543	292
25543	323
25544	292
25544	323
25545	292
25545	323
25546	292
25546	323
25547	292
25547	323
25548	292
25548	323
25549	292
25549	323
25550	292
25550	323
25551	292
25551	323
25552	292
25552	323
25553	292
25553	323
25554	292
25554	323
25555	292
25555	323
25556	292
25556	323
25557	292
25557	323
25558	292
25558	323
25559	292
25559	323
25560	292
25560	323
25561	292
25561	323
25562	292
25562	323
25563	292
25563	323
25564	292
25564	323
25565	292
25565	323
25566	292
25566	323
25567	292
25567	323
25568	292
25568	323
25569	292
25569	323
25570	292
25570	323
25571	292
25571	323
25572	292
25572	323
25573	292
25573	323
25574	292
25574	323
25575	292
25575	323
25576	292
25576	323
25577	292
25577	323
25578	292
25578	323
25579	292
25579	323
25580	292
25580	323
25581	292
25581	323
25582	292
25582	323
25583	292
25583	323
25584	292
25584	323
25585	292
25585	323
25586	292
25586	323
25587	292
25587	323
25588	292
25588	323
25589	146
25589	502
25589	515
25590	292
25590	323
25591	292
25591	323
25592	292
25592	323
25593	292
25593	323
25594	292
25594	323
25595	292
25595	323
25596	292
25596	323
25597	292
25597	323
25598	292
25598	323
25599	292
25599	323
25600	292
25600	323
25601	292
25601	323
25602	292
25602	323
25603	292
25603	323
25604	292
25604	323
25605	292
25605	323
25606	292
25606	323
25607	292
25607	323
25608	292
25608	323
25609	292
25609	323
25610	292
25610	323
25611	292
25611	323
25612	292
25612	323
25613	292
25613	323
25614	292
25614	323
25615	292
25615	323
25616	292
25616	323
25617	292
25617	323
25618	292
25618	323
25619	292
25619	323
25620	292
25620	323
25621	292
25621	323
25622	292
25622	323
25623	292
25623	323
25624	292
25624	323
25625	292
25625	323
25626	292
25626	323
25627	292
25627	323
25628	292
25628	323
25629	292
25629	323
25630	292
25630	323
25631	292
25631	323
25632	292
25632	323
25633	292
25633	323
25634	292
25634	323
25635	292
25635	323
25636	292
25636	323
25637	292
25637	323
25638	292
25638	323
25639	292
25639	323
25640	292
25640	323
25641	292
25641	323
25642	292
25642	323
25643	292
25643	323
25644	292
25644	323
25645	292
25645	323
25646	292
25646	323
25647	292
25647	323
25648	292
25648	323
25649	292
25649	323
25650	292
25650	323
25651	292
25651	323
25652	292
25652	323
25653	292
25653	323
25654	292
25654	323
25655	292
25655	323
25656	292
25656	323
25657	292
25657	323
25658	292
25658	323
25659	292
25659	323
25660	292
25660	323
25661	292
25661	323
25662	292
25662	323
25663	292
25663	323
25664	292
25664	323
25665	292
25665	323
25666	323
25667	292
25667	323
25668	292
25668	323
25669	292
25669	323
25670	292
25670	323
25671	292
25671	323
25672	292
25672	323
25673	292
25673	323
25674	292
25674	323
25675	292
25675	323
25676	292
25676	323
25677	292
25677	323
25678	292
25678	323
25679	292
25679	323
25680	292
25680	323
25681	292
25681	323
25682	292
25682	323
25683	292
25683	323
25684	292
25684	323
25685	292
25685	323
25686	292
25686	323
25687	292
25687	323
25688	292
25688	323
25689	292
25689	323
25690	292
25690	323
25691	292
25691	323
25692	292
25692	323
25693	292
25693	323
25694	292
25694	323
25695	292
25695	323
25696	292
25696	323
25697	292
25697	323
25698	323
25699	292
25699	323
25700	292
25700	323
25701	292
25701	323
25702	292
25702	323
25703	292
25703	323
25704	292
25704	323
25705	292
25705	323
25706	292
25706	323
25707	292
25707	323
25708	292
25708	323
25709	292
25709	323
25710	292
25710	323
25711	292
25711	323
25712	292
25712	323
25713	292
25713	323
25714	292
25714	323
25715	292
25715	323
25716	292
25716	323
25717	292
25717	323
25718	292
25718	323
25719	292
25719	323
25720	292
25720	323
25721	292
25721	323
25722	292
25722	323
25723	292
25723	323
25724	292
25724	323
25725	292
25725	323
25726	292
25726	323
25727	292
25727	323
25728	292
25728	323
25729	292
25729	323
25730	292
25730	323
25731	292
25731	323
25732	292
25732	323
25733	292
25733	323
25734	292
25734	323
25735	292
25735	323
25736	292
25736	323
25737	292
25737	323
25738	292
25738	323
25739	292
25739	323
25740	292
25740	323
25741	292
25741	323
25742	292
25742	323
25743	292
25743	323
25744	292
25744	323
25745	292
25745	323
25746	292
25746	323
25747	292
25747	323
25748	292
25748	323
25749	292
25749	323
25750	292
25750	323
25751	292
25751	323
25752	292
25752	323
25753	292
25753	323
25758	292
25758	323
25759	292
25759	323
25760	292
25760	323
25992	98
25992	653
26004	98
26004	653
26006	34
26006	86
26518	34
26518	85
26519	34
26519	85
26520	34
26520	85
26521	34
26521	85
26522	34
26522	85
26523	34
26523	85
26524	34
26524	85
26525	34
26525	85
26526	34
26526	85
26527	34
26527	85
26528	34
26528	85
26529	34
26529	85
26530	34
26530	85
26531	34
26531	85
26532	34
26532	85
26533	34
26533	85
26534	34
26534	85
26535	34
26535	85
26536	34
26536	85
26537	34
26537	85
26538	34
26538	85
26539	34
26539	85
26540	34
26540	85
26541	34
26541	85
26542	34
26542	85
26543	34
26543	85
26544	34
26544	85
26545	34
26545	85
26546	34
26546	85
26547	34
26547	85
26548	34
26548	85
26549	34
26549	85
26550	34
26550	85
26551	34
26551	85
26552	34
26552	85
26553	34
26553	85
26554	34
26554	85
26555	34
26555	85
26556	34
26556	85
26557	34
26557	85
26853	292
26853	314
26853	429
26978	535
26978	632
27856	292
27856	484
27856	610
27857	292
27857	484
27857	610
27858	292
27858	484
27858	610
27859	292
27859	484
27859	610
27860	292
27860	484
27860	610
27861	292
27861	484
27861	610
27862	292
27862	484
27862	610
27863	292
27863	484
27863	610
27864	292
27864	484
27864	610
27865	292
27865	484
27865	610
27965	292
27965	474
27966	292
27966	474
27967	292
27967	474
27968	292
27968	474
27969	292
27969	474
27970	292
27970	474
27971	292
27971	474
27972	292
27972	474
27973	292
27973	474
27974	292
27974	474
27975	292
27975	474
27976	292
27976	474
27977	292
27977	474
27978	292
27978	474
27979	292
27979	474
27980	292
27980	474
27981	292
27981	474
27982	292
27982	474
27983	292
27983	474
27984	292
27984	474
27985	292
27985	474
27986	292
27986	474
27987	292
27987	474
27988	292
27988	474
27989	292
27989	474
27990	292
27990	474
27991	292
27991	474
27992	292
27992	474
27993	292
27993	474
27994	292
27994	474
27995	292
27995	474
27996	292
27996	474
27997	292
27997	474
27998	292
27998	474
27999	292
27999	474
28000	292
28000	474
28001	292
28001	474
28002	292
28002	474
28003	292
28003	474
28004	292
28004	474
28005	292
28005	474
28006	292
28006	474
28007	292
28007	474
28008	292
28008	474
28009	292
28009	474
28010	292
28010	474
28011	292
28011	474
28012	292
28012	474
28013	292
28013	474
28014	292
28014	474
28015	555
28016	555
28016	650
28017	555
28017	650
28018	555
28019	555
28019	650
28020	34
28020	555
28020	650
28021	555
28021	650
28022	555
28022	650
28023	555
28023	650
28024	555
28024	650
28025	555
28025	650
28026	555
28026	650
28027	555
28027	650
28028	555
28028	650
28029	555
28029	650
28030	555
28030	650
28031	34
28031	555
28031	650
28133	556
28134	556
28135	556
28136	556
28137	556
28138	556
28139	556
28140	556
28141	556
28142	556
28143	556
28144	556
28145	556
28146	556
28147	341
28148	341
28149	341
28150	341
28151	341
28152	341
28153	341
28154	341
28155	341
28156	341
28157	341
28158	341
28159	341
28160	341
28161	341
28162	341
28163	341
28164	341
28165	341
28166	341
28167	341
28168	341
28169	341
28170	341
28171	341
28172	341
28173	341
28174	341
28175	341
28176	341
28177	341
28178	341
28179	341
28180	341
28181	341
28182	341
28183	341
28184	341
28185	341
28186	488
28187	341
28188	341
28189	488
28190	341
28191	341
28192	343
28193	341
28194	341
28195	341
28196	343
28197	341
28198	341
28199	341
28200	341
28201	343
28202	343
28203	341
28204	341
28205	341
28206	341
28207	343
28208	341
28209	341
28210	343
28211	341
28212	343
28213	343
28214	341
28215	341
28216	341
28244	146
28244	558
28244	559
28245	146
28245	558
28245	559
28246	146
28246	558
28246	559
28247	146
28247	558
28247	559
28248	146
28248	558
28248	559
28249	146
28249	558
28249	559
28250	146
28250	558
28250	559
28251	146
28251	558
28251	559
28252	146
28252	558
28252	559
28253	146
28253	558
28253	559
28254	146
28254	558
28254	559
28255	146
28255	558
28255	559
28256	146
28256	558
28256	559
28257	146
28257	558
28257	559
28258	146
28258	558
28258	559
28259	146
28259	558
28259	559
28260	146
28260	558
28260	559
28261	146
28261	558
28261	559
28262	146
28262	558
28262	559
28263	146
28263	558
28263	559
28264	146
28264	558
28264	559
28265	146
28265	558
28265	559
28266	146
28266	558
28266	559
28267	146
28267	558
28267	559
28268	146
28268	558
28268	559
28269	146
28269	558
28269	559
28270	146
28270	558
28270	559
28271	146
28271	558
28271	559
28272	146
28272	558
28272	559
28273	146
28273	558
28273	559
28274	146
28274	558
28274	559
28275	146
28275	558
28275	559
28276	146
28276	558
28276	559
28277	146
28277	558
28277	559
28278	146
28278	558
28278	559
28279	146
28279	558
28279	559
28280	146
28280	558
28280	559
28281	146
28281	558
28281	559
28282	146
28282	558
28282	559
28283	146
28283	558
28283	559
28284	146
28284	558
28284	559
28285	146
28285	558
28285	559
28286	146
28286	558
28286	559
28287	146
28287	558
28287	559
28288	146
28288	558
28288	559
28289	146
28289	558
28289	559
28290	146
28290	558
28290	559
28291	146
28291	558
28291	559
28292	146
28292	558
28292	559
28293	146
28293	558
28293	559
28294	146
28294	558
28294	559
28295	146
28295	558
28295	559
28296	146
28296	558
28296	559
28297	146
28297	558
28297	559
28298	146
28298	558
28298	559
28299	146
28299	558
28299	559
28300	146
28300	558
28300	559
28301	146
28301	558
28301	559
28302	146
28302	558
28302	559
28303	146
28303	558
28303	559
28304	146
28304	558
28304	559
28305	146
28305	558
28305	559
28306	146
28306	558
28306	559
28307	146
28307	558
28307	559
28308	146
28308	558
28308	559
28309	146
28309	558
28309	559
28310	146
28310	558
28310	559
28311	146
28311	558
28311	559
28312	146
28312	558
28312	559
28313	146
28313	558
28313	559
28314	146
28314	558
28314	559
28315	146
28315	558
28315	559
28316	146
28316	558
28316	559
28317	146
28317	558
28317	559
28318	146
28318	558
28318	559
28319	146
28319	558
28319	559
28320	146
28320	558
28320	559
28321	146
28321	558
28321	559
28322	146
28322	558
28322	559
28323	146
28323	558
28323	559
28324	146
28324	558
28324	559
28325	146
28325	558
28325	559
28326	146
28326	558
28326	559
28327	146
28327	558
28327	559
28328	146
28328	558
28328	559
28329	146
28329	558
28329	559
28330	146
28330	558
28330	559
28331	146
28331	558
28331	559
28332	146
28332	558
28332	559
28333	146
28333	558
28333	559
28334	146
28334	558
28334	559
28335	146
28335	558
28335	559
28336	146
28336	558
28336	559
28337	146
28337	558
28337	559
28338	146
28338	558
28338	559
28339	146
28339	558
28339	559
28340	146
28340	558
28340	559
28341	146
28341	558
28341	559
28342	146
28342	558
28342	559
28343	146
28343	558
28343	559
28344	146
28344	558
28344	559
28345	146
28345	558
28345	559
28346	146
28346	558
28346	559
28347	146
28347	558
28347	559
28348	146
28348	558
28348	559
28349	146
28349	558
28349	559
28350	146
28350	558
28350	559
28351	146
28351	558
28351	559
28352	146
28352	558
28352	559
28353	146
28353	558
28353	559
28354	146
28354	558
28354	559
28355	146
28355	558
28355	559
28356	146
28356	558
28356	559
28357	146
28357	558
28357	559
28358	146
28358	558
28358	559
28359	146
28359	558
28359	559
28360	146
28360	558
28360	559
28361	146
28361	558
28361	559
28362	146
28362	558
28362	559
28363	146
28363	558
28363	559
28364	146
28364	558
28364	559
28365	146
28365	558
28365	559
28366	146
28366	558
28366	559
28367	146
28367	558
28367	559
28368	146
28368	558
28368	559
28369	146
28369	558
28369	559
28370	146
28370	558
28370	559
28371	146
28371	558
28371	559
28372	146
28372	558
28372	559
28373	146
28373	558
28373	559
28374	146
28374	558
28374	559
28375	146
28375	558
28375	559
28376	146
28376	558
28376	559
28377	146
28377	558
28377	559
28378	146
28378	558
28378	559
28379	146
28379	558
28379	559
28380	146
28380	558
28380	559
28381	146
28381	558
28381	559
28382	146
28382	558
28382	559
28383	146
28383	558
28383	559
28384	146
28384	558
28384	559
28385	146
28385	558
28385	559
28386	146
28386	558
28386	559
28387	146
28387	558
28387	559
28388	146
28388	558
28388	559
28389	146
28389	558
28389	559
28390	146
28390	558
28390	559
28391	146
28391	558
28391	559
28392	146
28392	558
28392	559
28393	146
28393	558
28393	559
28394	146
28394	558
28394	559
28395	146
28395	558
28395	559
28396	146
28396	558
28396	559
28397	146
28397	558
28397	559
28398	146
28398	558
28398	559
28399	146
28399	558
28399	559
28400	146
28400	558
28400	559
28401	146
28401	558
28401	559
28402	146
28402	558
28402	559
28403	146
28403	558
28403	559
28404	146
28404	558
28404	559
28405	146
28405	558
28405	559
28406	146
28406	558
28406	559
28407	146
28407	558
28407	559
28408	146
28408	558
28408	559
28409	146
28409	558
28409	559
28410	146
28410	558
28410	559
28411	146
28411	558
28411	559
28412	146
28412	558
28412	559
28413	146
28413	558
28413	559
28414	146
28414	558
28414	559
28415	146
28415	558
28415	559
28416	146
28416	558
28416	559
28417	146
28417	558
28417	559
28418	146
28418	558
28418	559
28419	146
28419	558
28419	559
28420	146
28420	558
28420	559
28421	146
28421	558
28421	559
28422	146
28422	558
28422	559
28423	146
28423	558
28423	559
28424	146
28424	558
28424	559
28425	146
28425	558
28425	559
28426	146
28426	558
28426	559
28427	146
28427	558
28427	559
28428	146
28428	558
28428	559
28429	146
28429	558
28429	559
28430	146
28430	558
28430	559
28431	146
28431	558
28431	559
28432	146
28432	558
28432	559
28433	146
28433	558
28433	559
28434	146
28434	558
28434	559
28435	146
28435	558
28435	559
28436	146
28436	558
28436	559
28437	146
28437	558
28437	559
28438	146
28438	558
28438	559
28439	146
28439	558
28439	559
28440	146
28440	558
28440	559
28441	146
28441	558
28441	559
28442	146
28442	558
28442	559
28443	146
28443	558
28443	559
28444	146
28444	558
28444	559
28445	146
28445	558
28445	559
28446	146
28446	558
28446	559
28447	146
28447	558
28447	559
28448	146
28448	558
28448	559
28449	146
28449	558
28449	559
28450	146
28450	558
28450	559
28451	146
28451	558
28451	559
28452	146
28452	558
28452	559
28453	146
28453	558
28453	559
28454	146
28454	558
28454	559
28455	146
28455	558
28455	559
28456	146
28456	558
28456	559
28457	146
28457	558
28457	559
28458	146
28458	558
28458	559
28459	146
28459	558
28459	559
28460	146
28460	558
28460	559
28461	146
28461	558
28461	559
28462	146
28462	558
28462	559
28463	146
28463	558
28463	559
28464	146
28464	558
28464	559
28907	146
28907	557
28908	146
28908	557
28909	146
28909	557
28910	146
28910	557
28911	146
28911	557
28912	146
28912	557
28913	146
28913	557
28914	146
28914	557
28915	146
28915	557
28916	146
28916	557
28917	146
28917	557
28918	146
28918	557
28919	146
28919	557
28920	146
28920	557
28921	146
28921	557
28922	146
28922	557
28923	146
28923	557
28924	146
28924	557
28925	146
28925	557
28926	146
28926	557
28927	146
28927	557
28928	146
28928	557
28929	146
28929	557
28930	146
28930	557
28931	146
28931	557
28932	146
28932	557
28933	146
28933	557
28934	146
28934	557
28935	146
28935	557
28936	146
28936	557
28937	146
28937	557
28938	146
28938	557
28939	146
28939	557
28940	146
28940	557
28941	146
28941	557
28942	146
28942	557
28943	146
28943	557
28944	146
28944	557
28945	146
28945	557
28946	146
28946	557
28947	146
28947	557
28948	146
28948	557
28949	146
28949	557
28950	146
28950	557
28951	146
28951	557
28952	146
28952	557
28953	146
28953	557
28954	146
28954	557
28955	146
28955	557
28956	146
28956	557
28957	146
28957	557
28958	146
28958	557
28959	146
28959	557
28960	146
28960	557
28961	146
28961	557
28962	146
28962	557
28963	146
28963	557
28964	146
28964	557
28965	146
28965	557
28966	146
28966	557
28967	146
28967	557
28968	146
28968	557
28969	146
28969	557
28970	146
28970	557
28971	146
28971	557
28972	146
28972	557
28973	146
28973	557
28974	146
28974	557
28975	146
28975	557
28976	146
28976	557
28977	146
28977	557
28978	146
28978	557
28979	146
28979	557
28980	146
28980	557
28981	146
28981	557
28982	146
28982	557
28983	146
28983	557
28984	146
28984	557
28985	146
28985	557
28986	146
28986	557
28987	146
28987	557
28988	146
28988	557
28989	146
28989	557
28990	146
28990	557
28991	146
28991	557
28992	146
28992	557
28993	146
28993	557
28994	146
28994	557
28995	146
28995	557
28996	146
28996	557
28997	146
28997	557
28998	146
28998	557
28999	146
28999	557
29000	146
29000	557
29001	146
29001	557
29002	146
29002	557
29003	146
29003	557
29004	146
29004	557
29005	146
29005	557
29006	146
29006	557
29007	146
29007	557
29008	146
29008	557
29009	146
29009	557
29010	146
29010	557
29011	146
29011	557
29012	146
29012	557
29013	146
29013	557
29014	146
29014	557
29015	146
29015	557
29016	146
29016	557
29017	146
29017	557
29018	146
29018	557
29019	146
29019	557
29020	146
29020	557
29021	146
29021	557
29022	146
29022	557
29023	146
29023	557
29024	146
29024	557
29025	146
29025	557
29026	146
29026	557
29027	146
29027	557
29028	146
29028	557
29029	146
29029	557
29030	146
29030	557
29031	146
29031	557
29032	146
29032	557
29033	146
29033	557
29034	146
29034	557
29035	146
29035	557
29036	146
29036	557
29037	146
29037	557
29038	146
29038	557
29039	146
29039	557
29040	146
29040	557
29041	146
29041	557
29042	146
29042	557
29043	146
29043	557
29044	146
29044	557
29045	146
29045	557
29046	146
29046	557
29047	146
29047	557
29048	146
29048	557
29049	146
29049	557
29050	146
29050	557
29051	146
29051	557
29052	146
29052	557
29053	146
29053	557
29054	146
29054	557
29055	146
29055	557
29056	146
29056	557
29057	146
29057	557
29058	146
29058	557
29059	146
29059	557
29060	146
29060	557
29061	146
29061	557
29062	146
29062	557
29063	146
29063	557
29064	146
29064	557
29065	146
29065	557
29066	146
29066	557
29067	146
29067	557
29068	146
29068	557
29069	146
29069	557
29070	146
29070	557
29071	146
29071	557
29072	146
29072	557
29073	146
29073	557
29074	146
29074	557
29075	146
29075	557
29076	146
29076	557
29077	146
29077	557
29078	146
29078	557
29079	146
29079	557
29080	146
29080	557
29081	146
29081	557
29082	146
29082	557
29083	146
29083	557
29084	146
29084	557
29085	146
29085	557
29086	146
29086	557
29087	146
29087	557
29088	146
29088	557
29089	146
29089	557
29090	146
29090	557
29091	146
29091	557
29092	146
29092	557
29093	146
29093	557
29094	146
29094	557
29095	146
29095	557
29096	146
29096	557
29097	146
29097	557
29098	146
29098	557
29099	146
29099	557
29100	146
29100	557
29101	146
29101	557
29102	146
29102	557
29103	146
29103	557
29104	146
29104	557
29105	146
29105	557
29106	146
29106	557
29107	146
29107	557
29108	146
29108	557
29109	146
29109	557
29110	146
29110	557
29111	146
29111	557
29112	146
29112	557
29113	146
29113	557
29114	146
29114	557
29115	146
29115	557
29116	146
29116	557
29117	146
29117	557
29118	146
29118	557
29119	146
29119	557
29120	146
29120	557
29121	146
29121	557
29122	146
29122	557
29123	146
29123	557
29124	146
29124	557
29125	146
29125	557
29126	146
29126	557
29127	146
29127	557
29128	146
29128	557
29129	146
29129	557
29130	146
29130	557
29131	146
29131	557
29132	146
29132	557
29133	146
29133	557
29134	146
29134	557
29135	146
29135	557
29136	146
29136	557
29137	146
29137	557
29138	146
29138	557
29139	146
29139	557
29140	146
29140	557
29141	146
29141	557
29142	146
29142	557
29143	146
29143	557
29144	146
29144	557
29145	146
29145	557
29146	146
29146	557
29147	146
29147	557
29148	146
29148	557
29149	146
29149	557
29150	146
29150	557
29151	146
29151	557
29152	146
29152	557
29153	146
29153	557
29154	146
29154	557
29155	146
29155	557
29156	146
29156	557
29157	146
29157	557
29158	146
29158	557
29159	146
29159	557
29160	146
29160	557
29161	146
29161	557
29162	146
29162	557
29163	146
29163	557
29164	146
29164	557
29165	146
29165	557
29166	146
29166	557
29167	146
29167	557
29168	146
29168	557
29169	146
29169	557
29170	146
29170	557
29171	146
29171	557
29172	146
29172	557
29173	146
29173	557
29174	146
29174	557
29175	146
29175	557
29176	146
29176	557
29177	146
29177	557
29178	146
29178	557
29179	146
29179	557
29180	146
29180	557
29181	146
29181	557
29182	146
29182	557
29183	146
29183	557
29184	146
29184	557
29185	146
29185	557
29186	146
29186	557
29187	146
29187	557
29188	146
29188	557
29189	146
29189	557
29190	146
29190	557
29191	146
29191	557
29192	146
29192	557
29765	235
29765	258
29765	266
29766	235
29766	258
29766	266
29767	258
29767	266
29768	326
29768	389
29768	390
29769	326
29769	389
29769	390
29770	326
29770	389
29770	390
29771	326
29771	389
29771	390
29772	326
29772	389
29772	390
29773	326
29773	389
29773	390
29774	326
29774	389
29774	390
29775	326
29775	389
29775	390
29776	326
29776	389
29776	390
29777	326
29777	389
29777	390
29778	326
29778	389
29778	390
29779	326
29779	389
29779	390
29780	326
29780	389
29780	390
29781	326
29781	389
29781	390
29782	326
29782	389
29782	390
29783	326
29783	389
29783	390
29784	326
29784	389
29784	390
29785	326
29785	389
29785	390
29786	326
29786	389
29786	390
29787	326
29787	389
29787	390
29788	326
29788	389
29788	390
29789	326
29789	389
29789	390
29790	326
29790	389
29790	390
29791	326
29791	389
29791	390
29792	326
29792	389
29792	390
29793	326
29793	389
29793	390
29794	326
29794	389
29794	390
29795	326
29795	389
29795	390
29796	326
29796	389
29796	390
29797	326
29797	389
29797	390
29798	326
29798	389
29798	390
29799	326
29799	389
29799	390
29800	326
29800	389
29800	390
29801	326
29801	389
29801	390
29802	326
29802	389
29802	390
29803	326
29803	389
29803	390
29804	326
29804	389
29804	390
29805	326
29805	389
29805	390
29806	326
29806	389
29806	390
29807	326
29807	389
29807	390
29808	326
29808	389
29808	390
29809	326
29809	389
29809	390
29810	326
29810	389
29810	390
29811	326
29811	389
29811	390
29812	326
29812	389
29812	390
29813	326
29813	389
29813	390
29814	326
29814	389
29814	390
29815	326
29815	389
29815	390
29816	326
29816	389
29816	390
29817	326
29817	389
29817	390
29818	326
29818	389
29818	390
29819	326
29819	389
29819	390
29820	326
29820	389
29820	390
29821	326
29821	389
29821	390
29822	326
29822	389
29822	390
29823	326
29823	389
29823	390
29824	326
29824	389
29824	390
29825	326
29825	389
29825	390
29826	326
29826	389
29826	390
29827	326
29827	389
29827	390
29828	326
29828	389
29828	390
29829	326
29829	389
29829	390
29830	326
29830	389
29830	390
29831	326
29831	389
29831	390
29832	326
29832	389
29832	390
29833	326
29833	389
29833	390
29834	326
29834	389
29834	390
29835	326
29835	389
29835	390
29836	326
29836	389
29836	390
29837	326
29837	389
29837	390
29838	326
29838	389
29838	390
29839	326
29839	389
29839	390
29840	326
29840	389
29840	390
29841	326
29841	389
29841	390
29842	326
29842	389
29842	390
29843	326
29843	389
29843	390
29844	326
29844	389
29844	390
29845	326
29845	389
29845	390
29846	326
29846	389
29846	390
29847	326
29847	389
29847	390
29848	326
29848	389
29848	390
29849	326
29849	389
29849	390
29850	326
29850	389
29850	390
29851	326
29851	389
29851	390
29852	326
29852	389
29852	390
29853	326
29853	389
29853	390
29854	326
29854	389
29854	390
29855	326
29855	389
29855	390
29856	326
29856	389
29856	390
29857	326
29857	389
29857	390
29858	326
29858	389
29858	390
29859	326
29859	389
29859	390
29860	326
29860	389
29860	390
29861	326
29861	389
29861	390
29862	326
29862	389
29862	390
29863	326
29863	389
29863	390
29864	326
29864	389
29864	390
29865	326
29865	389
29865	390
29866	326
29866	389
29866	390
29867	326
29867	389
29867	390
29868	326
29868	389
29868	390
29869	326
29869	389
29869	390
29870	326
29870	389
29870	390
29871	326
29871	389
29871	390
29872	326
29872	389
29872	390
29873	326
29873	389
29873	390
29874	326
29874	389
29874	390
29875	326
29875	389
29875	390
29876	326
29876	389
29876	390
29877	326
29877	389
29877	390
29878	326
29878	389
29878	390
29879	326
29879	389
29879	390
29880	326
29880	389
29880	390
29881	326
29881	389
29881	390
29882	326
29882	389
29882	390
29883	326
29883	389
29883	390
29884	326
29884	389
29884	390
29885	326
29885	389
29885	390
29886	326
29886	389
29886	390
29887	326
29887	389
29887	390
29888	326
29888	389
29888	390
29889	326
29889	389
29889	390
29890	326
29890	389
29890	390
29891	326
29891	389
29891	390
29892	326
29892	389
29892	390
29893	326
29893	389
29893	390
29894	326
29894	389
29894	390
29895	326
29895	389
29895	390
29896	326
29896	389
29896	390
29897	326
29897	389
29897	390
29898	326
29898	389
29898	390
29899	326
29899	389
29899	390
29900	326
29900	389
29900	390
29901	326
29901	389
29901	390
29902	326
29902	389
29902	390
29903	326
29903	389
29903	390
29904	326
29904	389
29904	390
29905	326
29905	389
29905	390
29906	326
29906	389
29906	390
29907	326
29907	389
29907	390
30048	326
30048	389
30048	391
30049	326
30049	389
30049	391
30050	326
30050	389
30050	391
30051	326
30051	389
30051	391
30052	326
30052	389
30052	391
30053	326
30053	389
30053	391
30054	326
30054	389
30054	391
30055	326
30055	389
30055	391
30056	326
30056	389
30056	391
30057	326
30057	389
30057	391
30058	326
30058	389
30058	391
30059	326
30059	389
30059	391
30060	326
30060	389
30060	391
30061	326
30061	389
30061	391
30062	326
30062	389
30062	391
30063	326
30063	389
30063	391
30064	326
30064	389
30064	391
30065	326
30065	389
30065	391
30066	326
30066	389
30066	391
30067	326
30067	389
30067	391
30068	326
30068	389
30068	391
30069	326
30069	389
30069	391
30070	326
30070	389
30070	391
30071	326
30071	389
30071	391
30072	326
30072	389
30072	391
30073	326
30073	389
30073	391
30074	326
30074	389
30074	391
30075	326
30075	389
30075	391
30076	326
30076	389
30076	391
30077	326
30077	389
30077	391
30078	326
30078	389
30078	391
30079	326
30079	389
30079	391
30080	326
30080	389
30080	391
30081	326
30081	389
30081	391
30082	326
30082	389
30082	398
30082	561
30083	326
30083	389
30083	398
30083	561
30084	326
30084	389
30084	398
30084	561
30085	326
30085	389
30085	398
30085	561
30086	326
30086	389
30086	398
30086	561
30087	326
30087	389
30087	398
30087	561
30088	326
30088	389
30088	398
30088	561
30089	326
30089	389
30089	398
30089	561
30090	326
30090	389
30090	398
30090	561
30091	326
30091	389
30091	398
30091	561
30092	326
30092	389
30092	398
30092	561
30093	326
30093	389
30093	398
30093	561
30094	326
30094	389
30094	398
30094	561
30095	326
30095	389
30095	398
30095	561
30096	326
30096	389
30096	398
30096	561
30097	326
30097	389
30097	398
30097	561
30098	326
30098	389
30098	398
30098	561
30099	326
30099	389
30099	398
30099	561
30100	326
30100	389
30100	398
30100	561
30101	326
30101	389
30101	398
30101	561
30102	326
30102	389
30102	398
30102	561
30103	326
30103	389
30103	398
30103	561
30104	326
30104	389
30104	398
30104	561
30105	326
30105	389
30105	398
30105	561
30106	326
30106	389
30106	398
30106	561
30107	326
30107	389
30107	398
30107	561
30108	326
30108	389
30108	398
30108	561
30109	326
30109	389
30109	398
30109	561
30110	326
30110	389
30110	398
30110	561
30111	326
30111	389
30111	398
30111	561
30112	326
30112	389
30112	398
30112	561
30113	326
30113	389
30113	398
30113	561
30114	326
30114	389
30114	398
30114	561
30115	326
30115	389
30115	398
30115	561
30116	326
30116	389
30116	398
30116	561
30117	326
30117	389
30117	398
30117	561
30118	326
30118	389
30118	398
30118	561
30119	326
30119	389
30119	398
30119	561
30120	326
30120	389
30120	398
30120	561
30121	326
30121	389
30121	398
30121	561
30123	326
30123	389
30123	398
30123	561
30125	326
30125	389
30125	398
30125	561
30126	326
30126	389
30126	398
30126	561
30127	326
30127	389
30127	398
30127	561
30128	326
30128	389
30128	398
30128	561
30129	326
30129	389
30129	398
30129	561
30130	326
30130	389
30130	398
30130	561
30131	326
30131	389
30131	398
30131	561
30132	326
30132	389
30132	398
30132	561
30133	326
30133	389
30133	398
30133	561
30134	326
30134	389
30134	398
30134	561
30135	326
30135	389
30135	398
30135	561
30136	326
30136	389
30136	398
30136	561
30137	326
30137	389
30137	398
30137	561
30138	326
30138	389
30138	398
30138	561
30139	326
30139	389
30139	398
30139	561
30140	326
30140	389
30140	398
30140	561
30141	326
30141	389
30141	398
30141	561
30142	326
30142	389
30142	398
30142	561
30143	326
30143	389
30143	398
30143	561
30144	326
30144	389
30144	398
30144	561
30145	326
30145	389
30145	398
30145	561
30146	326
30146	389
30146	398
30146	561
30147	326
30147	389
30147	398
30147	561
30148	326
30148	389
30148	398
30148	561
30149	326
30149	389
30149	398
30149	561
30150	326
30150	389
30150	398
30150	561
30151	326
30151	389
30151	398
30151	561
30152	326
30152	389
30152	398
30152	561
30153	326
30153	389
30153	398
30153	561
30154	326
30154	389
30154	398
30154	564
30155	326
30155	389
30155	398
30155	564
30156	326
30156	389
30156	398
30156	564
30157	326
30157	389
30157	398
30157	564
30158	326
30158	389
30158	398
30158	564
30159	326
30159	389
30159	398
30159	564
30160	326
30160	389
30160	398
30160	564
30161	326
30161	389
30161	398
30161	564
30162	326
30162	389
30162	398
30162	564
30163	326
30163	389
30163	398
30163	564
30164	326
30164	389
30164	398
30164	564
30165	326
30165	389
30165	398
30165	564
30166	326
30166	389
30166	398
30166	564
30167	326
30167	389
30167	398
30167	564
30168	326
30168	389
30168	398
30168	564
30169	326
30169	389
30169	398
30169	564
30170	326
30170	389
30170	398
30170	564
30171	326
30171	389
30171	398
30171	564
30172	326
30172	389
30172	398
30172	564
30173	326
30173	389
30173	398
30173	564
30174	326
30174	389
30174	398
30174	564
30175	326
30175	389
30175	398
30175	564
30176	326
30176	389
30176	398
30176	564
30177	326
30177	389
30177	398
30177	564
30178	326
30178	389
30178	398
30178	564
30179	326
30179	389
30179	398
30179	564
30180	326
30180	389
30180	398
30180	564
30181	326
30181	389
30181	398
30181	564
30182	326
30182	389
30182	398
30182	564
30183	326
30183	389
30183	398
30183	564
30184	326
30184	389
30184	398
30184	564
30185	326
30185	389
30185	398
30185	564
30186	326
30186	389
30186	398
30186	564
30187	326
30187	389
30187	398
30187	564
30188	326
30188	389
30188	398
30188	564
30189	326
30189	389
30189	398
30189	564
30190	326
30190	389
30190	398
30190	564
30191	326
30191	389
30191	398
30191	564
30192	326
30192	389
30192	398
30192	564
30193	326
30193	389
30193	398
30193	564
30194	326
30194	389
30194	398
30194	564
30195	326
30195	389
30195	398
30195	564
30196	326
30196	389
30196	398
30196	564
30197	326
30197	389
30197	398
30197	564
30198	326
30198	389
30198	398
30198	564
30199	326
30199	389
30199	398
30199	564
30200	326
30200	389
30200	398
30200	564
30201	326
30201	389
30201	398
30201	564
30202	326
30202	389
30202	398
30202	564
30203	326
30203	389
30203	398
30203	564
30204	326
30204	389
30204	398
30204	564
30205	326
30205	389
30205	398
30205	564
30206	326
30206	389
30206	398
30206	564
30207	326
30207	389
30207	398
30207	564
30208	326
30208	389
30208	398
30208	564
30209	326
30209	389
30209	398
30209	564
30210	326
30210	389
30210	398
30210	564
30211	326
30211	389
30211	398
30211	564
30212	326
30212	389
30212	398
30212	564
30213	326
30213	389
30213	398
30213	564
30214	326
30214	389
30214	398
30214	564
30215	326
30215	389
30215	398
30215	564
30216	326
30216	389
30216	398
30216	564
30217	326
30217	389
30217	398
30217	564
30218	326
30218	389
30218	398
30218	564
30219	326
30219	389
30219	398
30219	564
30220	326
30220	389
30220	398
30220	564
30221	326
30221	389
30221	398
30221	564
30222	326
30222	389
30222	398
30222	566
30223	326
30223	389
30223	398
30223	566
30224	326
30224	389
30224	398
30224	566
30225	326
30225	389
30225	398
30225	566
30226	326
30226	389
30226	398
30226	566
30227	326
30227	389
30227	398
30227	566
30228	326
30228	389
30228	398
30228	566
30229	326
30229	389
30229	398
30229	566
30230	326
30230	389
30230	398
30230	566
30231	326
30231	389
30231	398
30231	566
30232	326
30232	389
30232	398
30232	566
30233	326
30233	389
30233	398
30233	566
30234	326
30234	389
30234	398
30234	566
30235	326
30235	389
30235	398
30235	566
30236	326
30236	389
30236	398
30236	566
30237	326
30237	389
30237	398
30237	566
30238	326
30238	389
30238	398
30238	566
30239	326
30239	389
30239	398
30239	566
30240	326
30240	389
30240	398
30240	566
30241	326
30241	389
30241	398
30241	566
30242	326
30242	389
30242	398
30242	566
30243	326
30243	389
30243	398
30243	566
30244	326
30244	389
30244	398
30244	566
30245	326
30245	389
30245	398
30245	566
30246	326
30246	389
30246	398
30246	566
30247	326
30247	389
30247	398
30247	566
30248	326
30248	389
30248	398
30248	566
30249	326
30249	389
30249	398
30249	566
30250	326
30250	389
30250	398
30250	566
30251	326
30251	389
30251	398
30251	566
30252	326
30252	389
30252	398
30252	566
30253	326
30253	389
30253	398
30253	566
30254	326
30254	389
30254	398
30254	566
30255	326
30255	389
30255	398
30255	566
30256	326
30256	389
30256	398
30256	566
30257	326
30257	389
30257	398
30257	566
30258	326
30258	389
30258	398
30258	566
30259	326
30259	389
30259	398
30259	566
30260	326
30260	389
30260	398
30260	566
30261	326
30261	389
30261	398
30261	566
30262	326
30262	389
30262	398
30262	566
30263	326
30263	389
30263	398
30263	566
30264	326
30264	389
30264	398
30264	566
30265	326
30265	389
30265	398
30265	566
30266	326
30266	389
30266	398
30266	566
30267	326
30267	389
30267	398
30267	566
30268	326
30268	389
30268	398
30268	566
30269	326
30269	389
30269	398
30269	566
30270	326
30270	389
30270	398
30270	566
30271	326
30271	389
30271	398
30271	566
30272	326
30272	389
30272	398
30272	566
30273	326
30273	389
30273	398
30273	566
30274	326
30274	389
30274	398
30274	563
30275	326
30275	389
30275	398
30275	563
30276	326
30276	389
30276	398
30276	563
30277	326
30277	389
30277	398
30277	563
30278	326
30278	389
30278	398
30278	563
30279	326
30279	389
30279	398
30279	563
30280	326
30280	389
30280	398
30280	563
30281	326
30281	389
30281	398
30281	563
30282	326
30282	389
30282	398
30282	563
30283	326
30283	389
30283	398
30283	563
30284	326
30284	389
30284	398
30284	563
30285	326
30285	389
30285	398
30285	563
30286	326
30286	389
30286	398
30286	563
30287	326
30287	389
30287	398
30287	563
30288	326
30288	389
30288	398
30288	563
30289	326
30289	389
30289	398
30289	563
30290	326
30290	389
30290	398
30290	563
30291	326
30291	389
30291	398
30291	563
30292	326
30292	389
30292	398
30292	563
30293	326
30293	389
30293	398
30293	563
30294	326
30294	389
30294	398
30294	563
30295	326
30295	389
30295	398
30295	563
30296	326
30296	389
30296	398
30296	563
30297	326
30297	389
30297	398
30297	563
30298	326
30298	389
30298	398
30298	563
30299	326
30299	389
30299	398
30299	563
30300	326
30300	389
30300	398
30300	563
30301	326
30301	389
30301	398
30301	563
30302	326
30302	389
30302	398
30302	563
30303	326
30303	389
30303	398
30303	563
30304	326
30304	389
30304	398
30304	563
30305	326
30305	389
30305	398
30305	563
30306	326
30306	389
30306	398
30306	563
30307	326
30307	389
30307	398
30307	563
30308	326
30308	389
30308	398
30308	563
30309	326
30309	389
30309	398
30309	563
30310	326
30310	389
30310	398
30310	563
30311	326
30311	389
30311	398
30311	563
30312	326
30312	389
30312	398
30312	563
30313	326
30313	389
30313	398
30313	563
30314	326
30314	389
30314	398
30314	563
30315	326
30315	389
30315	398
30315	563
30316	326
30316	389
30316	398
30316	563
30317	326
30317	389
30317	398
30317	563
30318	326
30318	389
30318	398
30318	563
30319	326
30319	389
30319	398
30319	563
30320	326
30320	389
30320	398
30320	563
30321	326
30321	389
30321	398
30321	563
30322	326
30322	389
30322	398
30322	563
30323	326
30323	389
30323	398
30323	563
30324	326
30324	389
30324	398
30324	563
30325	326
30325	389
30325	398
30325	563
30326	326
30326	389
30326	398
30326	563
30327	326
30327	389
30327	398
30327	563
30328	389
30328	398
30328	563
30329	326
30329	389
30329	398
30329	563
30330	326
30330	389
30330	398
30330	563
30331	326
30331	389
30331	398
30331	563
30332	326
30332	389
30332	398
30332	563
30333	326
30333	389
30333	398
30333	563
30334	326
30334	389
30334	398
30334	563
30335	326
30335	389
30335	398
30335	563
30336	326
30336	389
30336	398
30336	563
30337	326
30337	389
30337	398
30337	563
30338	326
30338	389
30338	398
30338	563
30339	326
30339	389
30339	398
30339	563
30340	326
30340	389
30340	398
30340	563
30341	326
30341	389
30341	398
30341	563
30342	326
30342	389
30342	398
30342	563
30343	326
30343	389
30343	398
30343	563
30344	326
30344	389
30344	398
30344	563
30345	326
30345	389
30345	398
30345	563
30346	326
30346	389
30346	398
30346	563
30347	326
30347	389
30347	398
30347	563
30348	326
30348	389
30348	398
30348	563
30349	326
30349	389
30349	398
30349	563
30350	326
30350	389
30350	398
30350	563
30351	326
30351	389
30351	398
30351	563
30352	326
30352	389
30352	398
30352	563
30353	326
30353	389
30353	398
30353	563
30354	326
30354	389
30354	398
30354	563
30355	326
30355	389
30355	398
30355	563
30356	326
30356	389
30356	398
30356	563
30357	326
30357	389
30357	398
30357	563
30358	326
30358	389
30358	398
30358	563
30359	326
30359	389
30359	398
30359	563
30360	326
30360	389
30360	398
30360	563
30361	326
30361	389
30361	398
30361	563
30362	326
30362	389
30362	398
30362	563
30363	326
30363	389
30363	398
30363	562
30364	326
30364	389
30364	398
30364	562
30365	326
30365	389
30365	398
30365	562
30366	326
30366	389
30366	398
30366	562
30367	326
30367	389
30367	398
30367	562
30368	326
30368	389
30368	398
30368	562
30369	326
30369	389
30369	398
30369	562
30370	326
30370	389
30370	398
30370	562
30371	326
30371	389
30371	398
30371	562
30372	326
30372	389
30372	398
30372	562
30373	326
30373	389
30373	398
30373	562
30374	326
30374	389
30374	398
30374	562
30375	326
30375	389
30375	398
30375	562
30376	326
30376	389
30376	398
30376	562
30377	326
30377	389
30377	398
30377	562
30378	326
30378	389
30378	398
30378	562
30379	326
30379	389
30379	398
30379	562
30380	326
30380	389
30380	398
30380	562
30381	326
30381	389
30381	398
30381	562
30382	326
30382	389
30382	398
30382	562
30383	326
30383	389
30383	398
30383	562
30384	326
30384	389
30384	398
30384	562
30385	326
30385	389
30385	398
30385	562
30386	326
30386	389
30386	398
30386	562
30387	326
30387	389
30387	398
30387	562
30388	326
30388	389
30388	398
30388	562
30389	326
30389	389
30389	398
30389	562
30390	326
30390	389
30390	398
30390	562
30391	326
30391	389
30391	398
30391	562
30392	326
30392	389
30392	398
30392	562
30393	326
30393	389
30393	398
30393	562
30394	326
30394	389
30394	398
30394	562
30395	326
30395	389
30395	398
30395	562
30396	326
30396	389
30396	398
30396	562
30397	326
30397	389
30397	398
30397	562
30398	326
30398	389
30398	398
30398	562
30399	326
30399	389
30399	398
30399	562
30400	326
30400	389
30400	398
30400	562
30401	326
30401	389
30401	398
30401	562
30402	326
30402	389
30402	398
30402	562
30403	326
30403	389
30403	398
30403	562
30404	326
30404	389
30404	398
30404	562
30405	326
30405	389
30405	398
30405	562
30406	326
30406	389
30406	398
30406	562
30407	326
30407	389
30407	398
30407	562
30408	326
30408	389
30408	398
30408	562
30409	326
30409	389
30409	398
30409	563
30410	326
30410	389
30410	398
30410	562
30411	326
30411	389
30411	398
30411	562
30412	326
30412	389
30412	398
30412	562
30413	326
30413	389
30413	398
30413	562
30414	326
30414	389
30414	398
30414	562
30415	326
30415	389
30415	398
30415	562
30416	326
30416	389
30416	398
30416	562
30417	326
30417	389
30417	398
30417	562
30418	326
30418	389
30418	398
30418	562
30419	326
30419	389
30419	398
30419	562
30420	326
30420	389
30420	398
30420	562
30421	326
30421	389
30421	398
30421	562
30422	326
30422	389
30422	398
30422	562
30423	326
30423	389
30423	398
30423	562
30424	326
30424	389
30424	398
30424	562
30425	326
30425	389
30425	398
30425	562
30426	326
30426	389
30426	398
30426	562
30427	326
30427	389
30427	398
30427	562
30694	146
30694	503
30694	504
30694	554
30695	146
30695	503
30695	504
30695	554
30696	146
30696	503
30696	504
30696	554
30697	146
30697	503
30697	504
30697	554
30698	146
30698	503
30698	504
30698	554
30811	702
30811	703
30812	702
30812	703
30813	702
30813	703
30814	326
30814	389
30814	392
30815	326
30815	389
30815	392
30816	326
30816	389
30816	392
30817	326
30817	389
30817	392
30818	326
30818	389
30818	392
30819	326
30819	389
30819	392
30820	326
30820	389
30820	397
30821	326
30821	389
30821	397
30822	326
30822	389
30822	397
30823	326
30823	389
30823	397
30824	326
30824	389
30824	397
30825	326
30825	389
30825	397
30826	326
30826	389
30826	397
30827	326
30827	389
30827	397
30828	326
30828	389
30828	397
30829	326
30829	389
30829	397
30830	326
30830	389
30830	397
30831	326
30831	389
30831	397
30832	326
30832	389
30832	397
30833	326
30833	389
30833	397
30834	326
30834	389
30834	397
30835	326
30835	389
30835	397
30836	326
30836	389
30836	397
30837	326
30837	389
30837	397
30838	326
30838	389
30838	397
30839	326
30839	389
30839	397
30840	326
30840	389
30840	397
30841	326
30841	389
30841	397
30842	326
30842	389
30842	397
30843	326
30843	389
30843	397
30844	326
30844	389
30844	397
30845	326
30845	389
30845	397
30846	326
30846	389
30846	397
30847	326
30847	389
30847	397
30848	326
30848	389
30848	397
30849	326
30849	389
30849	397
30850	326
30850	389
30850	397
30851	326
30851	389
30851	397
30852	326
30852	389
30852	397
30853	326
30853	389
30853	397
30854	326
30854	389
30854	397
30855	326
30855	389
30855	397
30856	326
30856	389
30856	397
30857	326
30857	389
30857	397
30858	326
30858	389
30858	397
30859	326
30859	389
30859	397
30860	326
30860	389
30860	397
30861	326
30861	389
30861	397
30862	326
30862	389
30862	397
30863	326
30863	389
30863	397
30864	326
30864	389
30864	397
30865	326
30865	389
30865	397
30866	326
30866	389
30866	397
30867	326
30867	389
30867	397
30868	326
30868	389
30868	397
30869	326
30869	389
30869	397
30870	326
30870	389
30870	397
30871	326
30871	389
30871	397
30872	326
30872	389
30872	397
30873	326
30873	389
30873	397
30874	326
30874	389
30874	397
30875	326
30875	389
30875	397
30876	326
30876	389
30876	397
30877	326
30877	389
30877	397
30878	326
30878	389
30878	397
30879	326
30879	389
30879	397
30880	326
30880	389
30880	397
30881	326
30881	389
30881	397
30882	326
30882	389
30882	397
30883	326
30883	389
30883	397
30884	326
30884	389
30884	397
30885	326
30885	389
30885	397
30952	326
30952	389
30952	393
30953	326
30953	389
30953	393
30954	326
30954	389
30954	393
30955	326
30955	389
30955	396
30956	326
30956	389
30956	396
30957	326
30957	389
30957	396
30958	326
30958	389
30958	396
30959	326
30959	389
30959	396
30960	326
30960	389
30960	396
30961	326
30961	389
30961	396
30962	326
30962	389
30962	396
31045	326
31045	389
31045	394
31046	326
31046	389
31046	394
31047	326
31047	389
31047	394
31048	326
31048	389
31048	394
31049	326
31049	389
31049	394
31050	326
31050	389
31050	394
31051	326
31051	389
31051	394
31052	326
31052	389
31052	394
31053	326
31053	389
31053	394
31054	326
31054	389
31054	394
31055	326
31055	389
31055	394
31056	326
31056	389
31056	394
31057	326
31057	389
31057	394
31058	326
31058	389
31058	394
31059	326
31059	389
31059	394
31060	326
31060	389
31060	394
31061	326
31061	389
31061	394
31062	326
31062	389
31062	394
31063	326
31063	389
31063	394
31064	326
31064	389
31064	394
31065	326
31065	389
31065	394
31066	326
31066	389
31066	394
31067	326
31067	389
31067	394
31068	326
31068	389
31068	394
31069	326
31069	389
31069	394
31070	326
31070	389
31070	394
31071	326
31071	389
31071	394
31072	326
31072	389
31072	394
31073	326
31073	389
31073	394
31074	326
31074	389
31074	394
31075	326
31075	389
31075	394
31076	326
31076	389
31076	394
31077	326
31077	389
31077	394
31078	326
31078	389
31078	394
31079	326
31079	389
31079	394
31080	326
31080	389
31080	394
31081	326
31081	389
31081	394
31082	326
31082	389
31082	394
31083	326
31083	389
31083	394
31084	326
31084	389
31084	394
31085	326
31085	389
31085	394
31086	326
31086	389
31086	394
31087	326
31087	389
31087	394
31088	326
31088	389
31088	394
31089	326
31089	389
31089	394
31135	326
31135	389
31135	401
31136	326
31136	389
31136	401
31137	326
31137	389
31137	401
31138	326
31138	389
31138	401
31139	326
31139	389
31139	401
31140	326
31140	389
31140	401
31141	326
31141	389
31141	401
31142	326
31142	389
31142	401
31143	326
31143	389
31143	401
31144	326
31144	389
31144	401
31145	326
31145	389
31145	401
31146	326
31146	389
31146	401
31147	326
31147	389
31147	401
31148	326
31148	389
31148	401
31149	326
31149	389
31149	401
31150	326
31150	389
31150	401
31151	326
31151	389
31151	401
31152	326
31152	389
31152	401
31153	326
31153	389
31153	401
31154	326
31154	389
31154	401
31155	326
31155	389
31155	401
31156	326
31156	389
31156	401
31157	326
31157	389
31157	401
31158	326
31158	389
31158	401
31159	326
31159	389
31159	401
31160	326
31160	389
31160	401
31161	326
31161	389
31161	401
31162	326
31162	389
31162	401
31163	326
31163	389
31163	401
31164	326
31164	389
31164	401
31165	326
31165	389
31165	401
31166	326
31166	389
31166	401
31167	326
31167	389
31167	401
31168	326
31168	389
31168	401
31169	326
31169	389
31169	401
31170	326
31170	389
31170	401
31171	326
31171	389
31171	401
31172	326
31172	389
31172	401
31173	326
31173	389
31173	401
31174	326
31174	389
31174	401
31175	326
31175	389
31175	401
31176	326
31176	389
31176	401
31177	326
31177	389
31177	401
31178	326
31178	389
31178	401
31179	326
31179	389
31179	401
31180	326
31180	389
31180	401
31181	326
31181	389
31181	401
31182	326
31182	389
31182	401
31183	326
31183	389
31183	401
31184	326
31184	389
31184	401
31185	326
31185	389
31185	401
31186	326
31186	389
31186	401
31187	326
31187	389
31187	401
31188	326
31188	389
31188	401
31189	326
31189	389
31189	401
31245	326
31245	389
31245	395
31246	326
31246	389
31246	395
31247	326
31247	389
31247	395
31248	326
31248	389
31248	395
31249	326
31249	389
31249	395
31250	326
31250	389
31250	395
31251	326
31251	389
31251	395
31252	326
31252	389
31252	395
31253	326
31253	389
31253	395
31254	326
31254	389
31254	395
31255	326
31255	389
31255	395
31256	326
31256	389
31256	395
31257	326
31257	389
31257	395
31258	326
31258	389
31258	395
31259	326
31259	389
31259	395
31260	326
31260	389
31260	395
31261	326
31261	389
31261	395
31262	326
31262	389
31262	395
31263	326
31263	389
31263	395
31264	326
31264	389
31264	395
31265	326
31265	389
31265	395
31266	326
31266	389
31266	395
31267	326
31267	389
31267	395
31268	326
31268	389
31268	395
31269	326
31269	389
31269	395
31270	326
31270	389
31270	395
31271	326
31271	389
31271	395
31272	326
31272	389
31272	395
31273	326
31273	389
31273	395
31274	326
31274	389
31274	395
31275	326
31275	389
31275	395
31276	326
31276	389
31276	395
31277	326
31277	389
31277	395
31278	326
31278	389
31278	395
31279	326
31279	389
31279	395
31280	326
31280	389
31280	395
31281	326
31281	389
31281	395
31282	326
31282	389
31282	395
31283	326
31283	389
31283	395
31284	326
31284	389
31284	395
31285	326
31285	389
31285	395
31286	326
31286	389
31286	395
31287	323
31287	326
31287	389
31288	323
31288	326
31288	389
31289	326
31289	389
31289	395
31290	326
31290	389
31290	395
31291	326
31291	389
31291	395
31292	326
31292	389
31292	395
31293	389
31293	395
31294	326
31294	389
31294	395
31295	326
31295	389
31295	395
31296	326
31296	389
31296	395
31297	326
31297	389
31297	395
31298	326
31298	389
31298	395
31337	326
31337	389
31337	400
31338	326
31338	389
31338	400
31339	326
31339	389
31339	400
31340	326
31340	389
31340	400
31341	326
31341	389
31341	400
31342	326
31342	389
31342	400
31343	146
31343	502
31343	519
31344	146
31344	502
31344	519
31345	146
31345	502
31345	519
31346	146
31346	502
31346	519
31347	146
31347	502
31347	519
31348	146
31348	502
31348	519
31349	146
31349	502
31349	519
31350	146
31350	502
31350	519
31351	146
31351	502
31351	519
31352	146
31352	502
31352	519
31353	146
31353	502
31353	519
31354	146
31354	502
31354	519
31355	146
31355	502
31355	519
31356	146
31356	502
31356	519
31357	146
31357	502
31357	519
31358	146
31358	322
31358	502
31359	146
31359	502
31359	519
31360	146
31360	502
31360	519
31361	146
31361	502
31361	519
31362	146
31362	502
31362	519
31363	146
31363	502
31363	519
31364	146
31364	502
31364	519
31365	146
31365	502
31365	519
31366	146
31366	502
31366	519
31367	146
31367	502
31367	519
31368	146
31368	502
31368	519
31369	146
31369	502
31369	519
31370	146
31370	502
31370	519
31371	146
31371	502
31371	519
31372	146
31372	502
31372	519
31373	146
31373	502
31373	519
31374	146
31374	502
31374	519
31375	146
31375	502
31375	519
31376	146
31376	502
31376	519
31377	146
31377	502
31377	519
31378	146
31378	502
31378	519
31379	146
31379	502
31379	519
31380	146
31380	502
31380	519
31381	146
31381	502
31381	519
31382	146
31382	502
31382	519
31383	146
31383	502
31383	519
31384	146
31384	502
31384	519
31385	146
31385	502
31385	519
31386	146
31386	502
31386	519
31387	146
31387	502
31387	519
31388	146
31388	502
31388	519
31389	146
31389	502
31389	519
31390	146
31390	502
31390	519
31391	146
31391	502
31391	519
31392	146
31392	502
31392	519
31393	146
31393	502
31393	519
31394	146
31394	502
31394	519
31395	146
31395	502
31395	519
31396	146
31396	502
31396	519
31397	146
31397	502
31397	519
31398	146
31398	502
31398	519
31399	146
31399	502
31399	519
31400	146
31400	502
31400	519
31401	146
31401	502
31401	519
31402	146
31402	502
31402	519
32305	146
32305	502
32305	513
32306	146
32306	502
32306	513
32307	146
32307	502
32307	513
32308	146
32308	502
32308	513
32309	146
32309	502
32309	513
32310	146
32310	502
32310	513
32311	146
32311	502
32311	513
32312	146
32312	502
32312	513
32313	146
32313	502
32313	513
32314	146
32314	502
32314	513
32315	146
32315	502
32315	513
32316	146
32316	502
32316	513
32317	146
32317	502
32317	513
32318	146
32318	502
32318	513
32319	146
32319	502
32319	513
32320	146
32320	502
32320	513
32321	146
32321	502
32321	513
32322	146
32322	502
32322	513
32323	146
32323	502
32323	513
32324	146
32324	502
32324	513
32325	146
32325	502
32325	513
32326	146
32326	502
32326	513
32327	146
32327	502
32327	513
32328	146
32328	502
32328	513
32329	146
32329	502
32329	513
32330	146
32330	502
32330	513
32331	146
32331	502
32331	513
32332	146
32332	502
32332	513
32333	146
32333	502
32333	513
32334	146
32334	502
32334	513
32335	146
32335	502
32335	513
32336	146
32336	502
32336	513
32337	146
32337	502
32337	513
32338	146
32338	502
32338	513
32339	146
32339	502
32339	513
32340	146
32340	502
32340	513
32341	146
32341	502
32341	513
32342	146
32342	502
32342	513
32343	146
32343	502
32343	513
32344	146
32344	502
32344	513
32345	146
32345	502
32345	513
32346	146
32346	502
32346	513
32347	146
32347	502
32347	513
32348	146
32348	502
32348	513
32349	146
32349	502
32349	513
32350	146
32350	502
32350	513
32351	146
32351	502
32351	513
32352	146
32352	502
32352	513
32353	146
32353	502
32353	513
32354	146
32354	502
32354	513
32355	146
32355	502
32355	513
32356	146
32356	502
32356	513
32357	146
32357	502
32357	513
32358	146
32358	502
32358	513
32359	146
32359	502
32359	513
32360	146
32360	502
32360	513
32361	146
32361	502
32361	513
32362	146
32362	502
32362	513
32363	146
32363	502
32363	513
32364	146
32364	502
32364	513
32365	146
32365	502
32365	513
32366	146
32366	502
32366	513
32367	146
32367	502
32367	513
32368	146
32368	502
32368	513
32369	146
32369	502
32369	513
32370	146
32370	322
32370	502
32371	146
32371	502
32371	513
32372	146
32372	502
32372	513
32373	146
32373	502
32373	513
32374	146
32374	502
32374	513
32375	146
32375	502
32375	513
32376	146
32376	502
32376	513
32377	146
32377	502
32377	513
32378	146
32378	502
32378	513
32379	146
32379	502
32379	513
32380	146
32380	502
32380	513
32381	146
32381	502
32381	513
32382	146
32382	502
32382	513
32383	146
32383	502
32383	513
32384	146
32384	502
32384	513
32385	146
32385	502
32385	513
32386	146
32386	502
32386	513
32387	146
32387	502
32387	513
32388	146
32388	502
32388	513
32389	146
32389	502
32389	513
32390	146
32390	502
32390	513
32391	146
32391	502
32391	513
32392	146
32392	502
32392	513
32393	146
32393	502
32393	513
32394	146
32394	502
32394	513
32395	146
32395	502
32395	513
32396	146
32396	502
32396	513
32397	146
32397	502
32397	513
32486	326
32486	574
32487	342
32488	342
32489	342
32490	342
32491	342
32492	342
32493	342
32494	342
32495	342
32496	342
32497	342
32498	475
32499	475
32500	339
32501	477
32502	477
32503	477
32504	477
32505	477
32506	477
32507	477
32508	477
32509	477
32510	477
32511	477
32512	477
32513	477
32514	477
32515	477
32516	477
32517	477
32518	477
32519	477
32520	477
32521	480
32522	480
32523	480
32524	480
32525	480
32526	480
32527	480
32528	480
32529	480
32530	480
32531	480
32532	480
32533	480
32534	480
32535	480
32536	480
32537	480
32538	480
32539	480
32540	480
32559	488
32560	488
32561	488
32562	488
32563	488
32564	488
32565	488
32566	488
32567	488
32568	488
32569	488
32570	488
32571	488
32572	488
32573	488
32574	488
32575	488
32576	488
32577	488
32578	344
32579	344
32580	344
32581	344
32582	344
32583	344
32584	344
32585	344
32586	344
32587	344
32588	344
32589	344
32602	146
32602	502
32602	514
32603	146
32603	502
32603	514
32604	146
32604	502
32604	514
32605	146
32605	502
32605	509
32606	517
32607	146
32607	502
32607	509
32608	146
32608	502
32608	509
32609	146
32609	322
32609	502
32610	146
32610	322
32610	502
32611	146
32611	322
32611	502
32612	146
32612	322
32612	502
32613	146
32613	322
32613	502
32614	146
32614	322
32614	502
32615	146
32615	322
32615	502
32616	146
32616	322
32616	502
32617	517
32617	649
32618	292
32618	302
32619	292
32619	302
32620	292
32620	302
32621	292
32621	302
32622	292
32622	302
32623	292
32623	302
32624	292
32624	302
32625	292
32625	302
32626	292
32626	302
32627	292
32627	302
32628	292
32628	302
32629	292
32629	302
32630	292
32630	302
32631	292
32631	302
32632	292
32632	302
32634	292
32634	302
32636	292
32636	302
32637	292
32637	302
32638	292
32638	302
32639	292
32639	302
32640	292
32640	302
32641	292
32641	302
32642	302
32642	314
32642	317
32643	292
32643	302
32644	292
32644	302
32645	292
32645	302
32646	292
32646	302
32647	292
32647	302
32648	292
32648	302
32649	292
32649	302
32650	292
32650	302
32651	292
32651	302
32652	292
32652	302
32653	292
32653	302
32654	292
32654	302
32655	292
32655	302
32656	292
32656	302
32657	292
32657	302
32658	292
32658	302
32659	292
32659	302
32660	292
32660	302
32663	292
32663	302
32664	292
32664	302
32665	292
32665	302
32666	292
32666	302
32667	292
32667	302
32668	292
32668	302
32669	292
32669	302
32670	292
32670	302
32671	292
32671	302
32672	292
32672	302
32673	292
32673	302
32674	292
32674	302
32675	292
32675	302
32676	292
32676	302
32677	292
32677	302
32678	292
32678	302
32679	292
32679	302
32680	292
32680	302
32681	292
32681	302
32682	292
32682	302
32683	292
32683	302
32684	292
32684	302
32685	292
32685	302
32686	292
32686	302
32687	292
32687	302
32688	292
32688	302
32689	292
32689	302
32690	292
32690	302
32691	292
32691	302
32692	292
32692	302
32693	292
32693	302
32694	292
32694	302
32695	292
32695	302
32696	292
32696	302
32697	292
32697	302
32698	292
32698	302
32699	292
32699	302
32700	292
32700	302
32701	292
32701	302
32702	292
32702	302
32703	292
32703	302
32704	292
32704	302
32705	292
32705	302
32706	292
32706	302
32707	292
32707	302
32708	292
32708	302
32709	292
32709	302
32710	292
32710	302
32711	292
32711	302
32712	292
32712	302
32713	292
32713	302
32714	292
32714	302
32715	292
32715	302
32716	292
32716	302
32717	292
32717	302
32718	292
32718	302
32719	292
32719	302
32720	292
32720	302
32721	292
32721	302
32822	292
32822	324
32822	466
32823	292
32823	324
32823	466
32824	292
32824	324
32824	466
32825	292
32825	324
32825	466
32826	292
32826	324
32826	466
32827	292
32827	324
32827	466
32828	292
32828	324
32828	466
32829	292
32829	324
32829	466
32830	292
32830	324
32830	466
32831	292
32831	324
32831	466
32832	292
32832	324
32832	466
32833	292
32833	324
32833	466
32834	292
32834	324
32834	466
32835	292
32835	324
32835	466
32836	292
32836	325
32836	466
32837	292
32837	325
32837	466
32838	292
32838	325
32838	466
32839	292
32839	325
32839	466
32840	292
32840	325
32840	466
32841	292
32841	325
32841	466
32842	292
32842	325
32842	466
32843	292
32843	325
32843	466
32844	292
32844	325
32844	466
32845	292
32845	325
32845	466
32846	292
32846	325
32846	466
32847	292
32847	325
32847	466
32848	292
32848	325
32848	466
32849	292
32849	325
32849	466
32850	292
32850	325
32850	466
32851	292
32851	325
32851	466
32852	292
32852	325
32852	466
32853	292
32853	325
32853	466
32854	292
32854	325
32854	466
32855	292
32855	325
32855	466
32856	292
32856	325
32856	466
32857	292
32857	325
32857	466
32858	292
32858	325
32858	466
32859	292
32859	325
32859	466
32860	292
32860	325
32860	466
32861	292
32861	325
32861	466
32862	292
32862	325
32862	466
32863	292
32863	325
32863	466
32864	292
32864	325
32864	466
32865	292
32865	325
32865	466
32866	292
32866	325
32866	466
32867	292
32867	325
32867	466
32868	292
32868	325
32868	466
32869	292
32869	325
32869	466
32870	292
32870	325
32870	466
32871	292
32871	325
32871	466
32872	292
32872	325
32872	466
32873	292
32873	325
32873	466
32874	292
32874	325
32874	466
32875	292
32875	325
32875	466
32876	292
32876	325
32876	466
32877	292
32877	325
32877	466
32878	292
32878	325
32878	466
32879	292
32879	325
32879	466
32880	292
32880	325
32880	466
32881	292
32881	325
32881	466
32882	292
32882	325
32882	466
32883	292
32883	325
32883	466
32884	292
32884	325
32884	466
32885	292
32885	325
32885	466
32886	292
32886	325
32886	466
32887	292
32887	325
32887	466
32888	292
32888	325
32888	466
32889	292
32889	325
32889	466
32890	292
32890	325
32890	466
32891	292
32891	325
32891	466
32892	292
32892	325
32892	466
32893	292
32893	325
32893	466
32894	292
32894	325
32894	466
32895	292
32895	325
32895	466
32896	292
32896	325
32896	466
32897	292
32897	325
32897	466
32898	292
32898	325
32898	466
32899	292
32899	325
32899	466
32900	292
32900	325
32900	466
32901	292
32901	325
32901	466
32902	292
32902	325
32902	466
32903	292
32903	325
32903	466
32904	292
32904	325
32904	466
32905	292
32905	325
32905	466
32906	292
32906	325
32906	466
32907	292
32907	325
32907	466
32908	292
32908	325
32908	466
32909	292
32909	325
32909	466
32910	292
32910	325
32910	466
32911	292
32911	325
32911	466
32912	292
32912	325
32912	466
32913	292
32913	325
32913	466
32914	292
32914	325
32914	466
32915	292
32915	325
32915	466
32916	292
32916	325
32916	466
32917	292
32917	325
32917	466
32918	292
32918	325
32918	466
32919	292
32919	325
32919	466
32920	292
32920	325
32920	466
32921	292
32921	325
32921	466
32922	292
32922	325
32922	466
32923	292
32923	325
32923	466
32924	292
32924	325
32924	466
32925	292
32925	325
32925	466
32926	292
32926	325
32926	466
32927	292
32927	325
32927	466
32928	292
32928	325
32928	466
32929	292
32929	325
32929	466
32930	292
32930	325
32930	466
32931	292
32931	325
32931	466
32932	292
32932	325
32932	466
32933	292
32933	325
32933	466
32934	292
32934	325
32934	466
32935	292
32935	325
32935	466
32936	292
32936	325
32936	466
32937	292
32937	325
32937	466
33029	326
33029	389
33029	568
33029	569
33030	326
33030	389
33030	568
33030	569
33031	326
33031	389
33031	568
33031	569
33032	326
33032	389
33032	568
33032	569
33033	326
33033	389
33033	568
33033	569
33034	326
33034	389
33034	568
33034	569
33035	326
33035	389
33035	568
33035	569
33036	326
33036	389
33036	568
33036	569
33037	326
33037	389
33037	568
33037	570
33038	326
33038	389
33038	568
33038	569
33039	326
33039	389
33039	568
33039	569
33040	326
33040	389
33040	568
33040	569
33041	326
33041	389
33041	568
33041	569
33042	326
33042	389
33042	568
33042	569
33043	326
33043	389
33043	568
33043	569
33044	326
33044	389
33044	568
33044	569
33045	326
33045	389
33045	568
33045	569
33046	326
33046	389
33046	568
33046	569
33047	326
33047	389
33047	568
33047	570
33048	326
33048	389
33048	568
33048	570
33049	326
33049	389
33049	568
33049	569
33050	326
33050	389
33050	568
33050	570
33051	326
33051	389
33051	568
33051	570
33052	326
33052	389
33052	568
33052	570
33053	326
33053	389
33053	568
33053	569
33054	326
33054	389
33054	568
33054	570
33055	326
33055	389
33055	568
33055	569
33056	326
33056	389
33056	568
33056	569
33057	326
33057	389
33057	568
33057	569
33058	326
33058	389
33058	568
33058	569
33059	326
33059	389
33059	568
33059	569
33060	326
33060	389
33060	568
33060	569
33061	326
33061	389
33061	568
33061	569
33062	326
33062	389
33062	568
33062	569
33063	326
33063	389
33063	568
33063	569
33064	326
33064	389
33064	568
33064	569
33065	326
33065	389
33065	568
33065	569
33066	326
33066	389
33066	568
33066	569
33067	326
33067	389
33067	568
33067	569
33068	326
33068	389
33068	568
33068	569
33069	326
33069	389
33069	568
33069	569
33070	326
33070	389
33070	568
33070	569
33071	326
33071	389
33071	568
33071	569
33072	326
33072	389
33072	568
33072	569
33073	326
33073	389
33073	568
33073	569
33074	326
33074	389
33074	568
33074	569
33075	535
33075	632
33076	82
33076	631
33109	326
33109	389
33109	568
33109	571
33110	326
33110	389
33110	568
33110	571
33111	326
33111	389
33111	568
33111	571
33112	326
33112	389
33112	568
33112	571
33113	326
33113	389
33113	568
33113	571
33114	326
33114	389
33114	568
33114	571
33115	326
33115	389
33115	568
33115	571
33116	326
33116	389
33116	568
33116	571
33117	326
33117	389
33117	568
33117	571
33118	326
33118	389
33118	568
33118	571
33119	326
33119	389
33119	568
33119	571
33120	326
33120	389
33120	568
33120	571
33121	326
33121	389
33121	568
33121	571
33122	326
33122	389
33122	568
33122	571
33123	326
33123	389
33123	568
33123	571
33124	326
33124	389
33124	568
33124	571
33125	326
33125	389
33125	568
33125	571
33126	326
33126	389
33126	568
33126	571
33127	326
33127	389
33127	568
33127	571
33128	326
33128	389
33128	568
33128	571
33129	326
33129	389
33129	568
33129	571
33130	326
33130	389
33130	568
33130	571
33131	326
33131	389
33131	568
33131	571
33132	326
33132	389
33132	568
33132	571
33133	326
33133	389
33133	568
33133	571
33134	326
33134	389
33134	568
33134	571
33135	326
33135	389
33135	568
33135	571
33136	326
33136	389
33136	568
33136	571
33137	326
33137	389
33137	568
33137	571
33138	326
33138	389
33138	568
33138	571
33139	326
33139	389
33139	568
33139	571
33140	326
33140	389
33140	568
33140	570
33141	326
33141	389
33141	568
33141	571
33142	326
33142	389
33142	568
33142	571
33143	326
33143	389
33143	568
33143	571
33144	326
33144	389
33144	568
33144	571
33145	326
33145	389
33145	568
33145	571
33146	326
33146	389
33146	568
33146	571
33147	326
33147	389
33147	568
33147	571
33148	326
33148	389
33148	568
33148	571
33149	326
33149	389
33149	568
33149	571
33150	326
33150	389
33150	568
33150	571
33151	326
33151	389
33151	568
33151	571
33152	326
33152	389
33152	568
33152	571
33153	326
33153	389
33153	568
33153	571
33154	326
33154	389
33154	568
33154	571
33155	326
33155	389
33155	568
33155	571
33156	326
33156	389
33156	568
33156	571
33157	326
33157	389
33157	568
33157	571
33158	326
33158	389
33158	568
33158	571
33159	326
33159	389
33159	568
33159	571
33160	326
33160	389
33160	568
33160	571
33161	326
33161	389
33161	568
33161	571
33162	326
33162	389
33162	568
33162	571
33163	326
33163	389
33163	568
33163	571
33164	326
33164	389
33164	568
33164	571
33165	326
33165	389
33165	568
33165	571
33166	326
33166	389
33166	568
33166	571
33167	326
33167	389
33167	568
33167	571
33168	326
33168	389
33168	568
33168	571
33169	326
33169	389
33169	568
33169	571
33170	326
33170	389
33170	568
33170	571
33171	326
33171	389
33171	568
33171	571
33172	326
33172	389
33172	568
33172	571
33173	326
33173	389
33173	568
33173	571
33174	326
33174	389
33174	568
33174	571
33175	326
33175	389
33175	568
33175	571
33176	326
33176	389
33176	568
33176	571
33177	326
33177	389
33177	568
33177	571
33178	326
33178	389
33178	568
33178	571
33179	326
33179	389
33179	568
33179	571
33180	326
33180	389
33180	568
33180	571
33181	326
33181	389
33181	568
33181	571
33182	326
33182	389
33182	568
33182	571
33183	326
33183	389
33183	568
33183	571
33184	326
33184	389
33184	568
33184	571
33185	326
33185	389
33185	568
33185	571
33186	326
33186	389
33186	568
33186	571
33187	326
33187	389
33187	568
33187	571
33188	326
33188	389
33188	568
33188	571
33189	326
33189	389
33189	568
33189	571
33190	326
33190	389
33190	568
33190	571
33191	326
33191	389
33191	568
33191	571
33192	326
33192	389
33192	568
33192	571
33193	326
33193	389
33193	568
33193	571
33194	326
33194	389
33194	568
33194	571
33195	326
33195	389
33195	568
33195	571
33196	326
33196	389
33196	568
33196	571
33197	326
33197	389
33197	568
33197	571
33198	326
33198	389
33198	568
33198	571
33199	326
33199	389
33199	568
33199	571
33200	326
33200	389
33200	568
33200	571
33201	326
33201	389
33201	568
33201	571
33202	326
33202	389
33202	568
33202	571
33203	326
33203	389
33203	568
33203	571
33204	326
33204	389
33204	568
33204	571
33205	326
33205	389
33205	568
33205	571
33206	326
33206	389
33206	568
33206	571
33207	326
33207	389
33207	568
33207	571
33208	326
33208	389
33208	568
33208	571
33209	326
33209	389
33209	568
33209	571
33210	326
33210	389
33210	568
33210	571
33211	326
33211	389
33211	568
33211	571
33212	326
33212	389
33212	568
33212	571
33213	326
33213	389
33213	568
33213	571
33215	326
33215	389
33215	568
33215	571
33216	326
33216	389
33216	568
33216	571
33217	326
33217	389
33217	568
33217	571
33218	326
33218	389
33218	568
33218	571
33219	326
33219	389
33219	568
33219	571
33220	326
33220	389
33220	568
33220	571
33221	326
33221	389
33221	568
33221	571
33222	326
33222	389
33222	568
33222	571
33223	326
33223	389
33223	568
33223	571
33224	326
33224	389
33224	568
33224	571
33225	326
33225	389
33225	568
33225	571
33226	326
33226	389
33226	568
33226	571
33227	326
33227	389
33227	568
33227	571
33228	326
33228	389
33228	568
33228	571
33229	326
33229	389
33229	568
33229	571
33230	326
33230	389
33230	568
33230	571
33231	326
33231	389
33231	568
33231	571
33232	326
33232	389
33232	568
33232	571
33233	326
33233	389
33233	568
33233	571
33234	326
33234	389
33234	568
33234	571
33235	326
33235	389
33235	568
33235	571
33236	326
33236	389
33236	568
33236	571
33237	326
33237	389
33237	568
33237	571
33238	326
33238	389
33238	568
33238	571
33239	326
33239	389
33239	568
33239	571
33240	326
33240	389
33240	568
33240	571
33241	326
33241	389
33241	568
33241	571
33242	326
33242	389
33242	568
33242	571
33243	326
33243	389
33243	568
33243	571
33244	326
33244	389
33244	568
33244	571
33245	326
33245	389
33245	568
33245	571
33246	326
33246	389
33246	568
33246	571
33247	326
33247	389
33247	568
33247	571
33248	326
33248	389
33248	568
33248	571
33249	326
33249	389
33249	568
33249	571
33250	326
33250	389
33250	568
33250	571
33251	326
33251	389
33251	568
33251	571
33252	326
33252	389
33252	568
33252	571
33253	326
33253	389
33253	568
33253	571
33254	326
33254	389
33254	568
33254	571
33255	326
33255	389
33255	568
33255	571
33256	326
33256	389
33256	568
33256	571
33257	326
33257	389
33257	568
33257	571
33258	326
33258	389
33258	568
33258	571
33259	326
33259	389
33259	568
33259	571
33260	326
33260	389
33260	568
33260	571
33261	326
33261	389
33261	568
33261	571
33262	326
33262	389
33262	568
33262	571
33263	326
33263	389
33263	568
33263	571
33264	326
33264	389
33264	568
33264	571
33265	326
33265	389
33265	568
33265	571
33266	326
33266	389
33266	568
33266	571
33267	326
33267	389
33267	568
33267	571
33268	326
33268	389
33268	568
33268	571
33269	326
33269	389
33269	568
33269	571
33270	326
33270	389
33270	568
33270	571
33271	326
33271	389
33271	568
33271	571
33272	326
33272	389
33272	568
33272	571
33273	326
33273	389
33273	568
33273	571
33274	326
33274	389
33274	568
33274	571
33275	326
33275	389
33275	568
33275	571
33276	326
33276	389
33276	568
33276	571
33277	326
33277	389
33277	568
33277	571
33278	326
33278	389
33278	568
33278	571
33279	326
33279	389
33279	568
33279	571
33280	326
33280	389
33280	568
33280	571
33281	326
33281	389
33281	568
33281	571
33282	326
33282	389
33282	568
33282	571
33283	326
33283	389
33283	568
33283	571
33284	326
33284	389
33284	568
33284	571
33285	326
33285	389
33285	568
33285	571
33286	326
33286	389
33286	568
33286	571
33287	326
33287	389
33287	568
33287	571
33288	326
33288	389
33288	568
33288	571
33289	326
33289	389
33289	568
33289	571
33290	326
33290	389
33290	568
33290	571
33291	326
33291	389
33291	568
33291	571
33292	326
33292	389
33292	568
33292	571
33293	326
33293	389
33293	568
33293	571
33294	326
33294	389
33294	568
33294	571
33295	326
33295	389
33295	568
33295	571
33296	326
33296	389
33296	568
33296	571
33297	326
33297	389
33297	568
33297	571
33298	326
33298	389
33298	568
33298	571
33299	326
33299	389
33299	568
33299	571
33300	326
33300	389
33300	568
33300	571
33301	326
33301	389
33301	568
33301	571
33302	326
33302	389
33302	568
33302	571
33303	326
33303	389
33303	568
33303	571
33304	326
33304	389
33304	568
33304	571
33305	326
33305	389
33305	568
33305	571
33306	326
33306	389
33306	568
33306	571
33307	326
33307	389
33307	568
33307	571
33308	326
33308	389
33308	568
33308	571
33309	326
33309	389
33309	568
33309	571
33310	326
33310	389
33310	568
33310	571
33311	326
33311	389
33311	568
33311	571
33312	326
33312	389
33312	568
33312	571
33313	326
33313	389
33313	568
33313	571
33314	326
33314	389
33314	568
33314	571
33315	326
33315	389
33315	568
33315	571
33316	326
33316	389
33316	568
33316	571
33317	326
33317	389
33317	568
33317	571
33318	326
33318	389
33318	568
33318	571
33319	326
33319	389
33319	568
33319	571
33320	326
33320	389
33320	568
33320	571
33321	326
33321	389
33321	568
33321	571
33322	326
33322	389
33322	568
33322	571
33323	326
33323	389
33323	568
33323	571
33324	326
33324	389
33324	568
33324	571
33325	326
33325	389
33325	568
33325	571
33326	326
33326	389
33326	568
33326	571
33327	326
33327	389
33327	568
33327	571
33328	326
33328	389
33328	568
33328	571
33329	326
33329	389
33329	568
33329	571
33330	326
33330	389
33330	568
33330	571
33331	326
33331	389
33331	568
33331	571
33332	326
33332	389
33332	568
33332	571
33333	326
33333	389
33333	568
33333	571
33334	326
33334	389
33334	568
33334	571
33335	326
33335	389
33335	568
33335	571
33336	326
33336	389
33336	568
33336	571
33337	326
33337	389
33337	568
33337	571
33338	326
33338	389
33338	568
33338	571
33339	326
33339	389
33339	568
33339	571
33340	326
33340	389
33340	568
33340	571
33341	326
33341	389
33341	568
33341	571
33342	326
33342	389
33342	568
33342	571
33343	326
33343	389
33343	568
33343	571
33344	326
33344	389
33344	568
33344	571
33345	326
33345	389
33345	568
33345	571
33346	326
33346	389
33346	568
33346	571
33347	326
33347	389
33347	568
33347	571
33348	326
33348	389
33348	568
33348	571
33349	326
33349	389
33349	568
33349	571
33350	326
33350	389
33350	568
33350	571
33351	326
33351	389
33351	568
33351	571
33352	326
33352	389
33352	568
33352	571
33353	326
33353	389
33353	568
33353	571
33354	326
33354	389
33354	568
33354	571
33355	326
33355	389
33355	568
33355	571
33356	326
33356	389
33356	568
33356	571
33357	326
33357	389
33357	568
33357	571
33358	326
33358	389
33358	568
33358	571
33359	326
33359	389
33359	568
33359	571
33360	326
33360	389
33360	568
33360	571
33361	326
33361	389
33361	568
33361	571
33362	326
33362	389
33362	568
33362	571
33363	326
33363	389
33363	568
33363	571
33364	326
33364	389
33364	568
33364	571
33365	326
33365	389
33365	568
33365	571
33366	326
33366	389
33366	568
33366	571
33367	326
33367	389
33367	568
33367	571
33368	326
33368	389
33368	568
33368	571
33369	326
33369	389
33369	568
33369	571
33370	326
33370	389
33370	568
33370	571
33371	326
33371	389
33371	568
33371	571
33372	326
33372	389
33372	568
33372	571
33373	326
33373	389
33373	568
33373	571
33374	326
33374	389
33374	568
33374	571
33375	326
33375	389
33375	568
33375	571
33376	326
33376	389
33376	568
33376	571
33377	326
33377	389
33377	568
33377	571
33378	326
33378	389
33378	568
33378	571
33379	326
33379	389
33379	568
33379	571
33380	326
33380	389
33380	568
33380	571
33381	326
33381	389
33381	568
33381	571
33382	326
33382	389
33382	568
33382	571
33383	326
33383	389
33383	568
33383	571
33384	326
33384	389
33384	568
33384	571
33385	326
33385	389
33385	568
33385	571
33386	326
33386	389
33386	568
33386	571
33387	326
33387	389
33387	568
33387	571
33388	326
33388	389
33388	568
33388	571
33389	326
33389	389
33389	568
33389	571
33390	326
33390	389
33390	568
33390	571
33391	326
33391	389
33391	568
33391	571
33392	326
33392	389
33392	568
33392	571
33393	326
33393	389
33393	568
33393	571
33394	326
33394	389
33394	568
33394	571
33395	326
33395	389
33395	568
33395	571
33396	326
33396	389
33396	568
33396	571
33397	326
33397	389
33397	568
33397	571
33398	326
33398	389
33398	568
33398	571
33399	326
33399	389
33399	568
33399	571
33400	326
33400	389
33400	568
33400	571
33401	326
33401	389
33401	568
33401	571
33402	326
33402	389
33402	568
33402	571
33403	326
33403	389
33403	568
33403	571
33404	326
33404	389
33404	568
33404	571
33405	326
33405	389
33405	568
33405	571
33406	326
33406	389
33406	568
33406	571
33407	326
33407	389
33407	568
33407	571
33408	326
33408	389
33408	568
33408	571
33409	326
33409	389
33409	568
33409	571
33410	326
33410	389
33410	568
33410	571
33411	326
33411	389
33411	568
33411	571
33412	326
33412	389
33412	568
33412	571
33413	326
33413	389
33413	568
33413	571
33414	326
33414	389
33414	568
33414	571
33415	326
33415	389
33415	568
33415	571
33416	326
33416	389
33416	568
33416	571
33417	326
33417	389
33417	568
33417	571
33418	326
33418	389
33418	568
33418	571
33419	326
33419	389
33419	568
33419	571
33420	326
33420	389
33420	568
33420	571
33421	326
33421	389
33421	568
33421	571
33422	326
33422	389
33422	568
33422	571
33423	326
33423	389
33423	568
33423	571
33424	326
33424	389
33424	568
33424	571
33425	326
33425	389
33425	568
33425	571
33426	326
33426	389
33426	568
33426	571
33427	326
33427	389
33427	568
33427	571
33428	326
33428	389
33428	568
33428	571
33429	326
33429	389
33429	568
33429	571
33430	326
33430	389
33430	568
33430	571
33431	326
33431	389
33431	568
33431	571
33432	326
33432	389
33432	568
33432	571
33433	326
33433	389
33433	568
33433	571
33434	326
33434	389
33434	568
33434	571
33435	326
33435	389
33435	568
33435	571
33436	326
33436	389
33436	568
33436	571
33437	326
33437	389
33437	568
33437	571
33438	326
33438	389
33438	568
33438	571
33439	326
33439	389
33439	568
33439	571
33440	326
33440	389
33440	568
33440	571
33441	326
33441	389
33441	568
33441	571
33442	326
33442	389
33442	568
33442	571
33443	326
33443	389
33443	568
33443	571
33444	326
33444	389
33444	568
33444	571
33445	326
33445	389
33445	568
33445	571
33446	326
33446	389
33446	568
33446	571
33447	326
33447	389
33447	568
33447	571
33448	326
33448	389
33448	568
33448	571
33449	326
33449	389
33449	568
33449	571
33450	326
33450	389
33450	568
33450	571
33451	326
33451	389
33451	568
33451	571
33452	326
33452	389
33452	568
33452	571
33453	326
33453	389
33453	568
33453	571
33454	326
33454	389
33454	568
33454	571
33455	326
33455	389
33455	568
33455	571
33456	326
33456	389
33456	568
33456	571
33457	326
33457	389
33457	568
33457	571
33458	326
33458	389
33458	568
33458	571
33459	326
33459	389
33459	568
33459	571
33460	326
33460	389
33460	568
33460	571
33461	326
33461	389
33461	568
33461	571
33462	326
33462	389
33462	568
33462	571
33463	326
33463	389
33463	568
33463	571
33464	326
33464	389
33464	568
33464	571
33465	326
33465	389
33465	568
33465	571
33466	326
33466	389
33466	568
33466	571
33467	326
33467	389
33467	568
33467	571
33468	326
33468	389
33468	568
33468	571
33469	326
33469	389
33469	568
33469	571
33470	326
33470	389
33470	568
33470	571
33471	326
33471	389
33471	568
33471	571
33472	326
33472	389
33472	568
33472	571
33473	326
33473	389
33473	568
33473	571
33474	326
33474	389
33474	568
33474	571
33475	326
33475	389
33475	568
33475	571
33476	326
33476	389
33476	568
33476	571
33477	326
33477	389
33477	568
33477	571
33478	326
33478	389
33478	568
33478	571
33479	326
33479	389
33479	568
33479	571
33480	326
33480	389
33480	568
33480	571
33481	326
33481	389
33481	568
33481	571
33482	326
33482	389
33482	568
33482	571
33483	326
33483	389
33483	568
33483	571
33484	326
33484	389
33484	568
33484	571
33485	326
33485	389
33485	568
33485	571
33486	326
33486	389
33486	568
33486	571
33487	326
33487	389
33487	568
33487	571
33488	326
33488	389
33488	568
33488	571
33489	326
33489	389
33489	568
33489	571
33490	326
33490	389
33490	568
33490	571
33491	326
33491	389
33491	568
33491	571
33492	326
33492	389
33492	568
33492	571
33493	326
33493	389
33493	568
33493	571
33494	326
33494	389
33494	568
33494	571
33495	326
33495	389
33495	568
33495	571
33496	326
33496	389
33496	568
33496	571
33497	326
33497	389
33497	568
33497	571
33498	326
33498	389
33498	568
33498	571
33499	326
33499	389
33499	568
33499	571
33500	326
33500	389
33500	568
33500	571
33501	326
33501	389
33501	568
33501	571
33502	326
33502	389
33502	568
33502	571
33503	326
33503	389
33503	568
33503	571
33504	326
33504	389
33504	568
33504	571
33505	326
33505	389
33505	568
33505	571
33506	326
33506	389
33506	568
33506	571
33507	326
33507	389
33507	568
33507	571
33508	326
33508	389
33508	568
33508	571
33509	326
33509	389
33509	568
33509	571
33510	326
33510	389
33510	568
33510	571
33511	326
33511	389
33511	568
33511	571
33512	326
33512	389
33512	568
33512	571
33513	326
33513	389
33513	568
33513	571
33514	326
33514	389
33514	568
33514	571
33515	326
33515	389
33515	568
33515	571
33516	326
33516	389
33516	568
33516	571
33517	326
33517	389
33517	568
33517	571
33518	326
33518	389
33518	568
33518	571
33519	326
33519	389
33519	568
33519	571
33520	326
33520	389
33520	568
33520	571
33521	326
33521	389
33521	568
33521	571
33522	326
33522	389
33522	568
33522	571
33523	326
33523	389
33523	568
33523	571
33524	326
33524	389
33524	568
33524	571
33525	326
33525	389
33525	568
33525	571
33526	326
33526	389
33526	568
33526	571
33527	326
33527	389
33527	568
33527	571
33528	326
33528	389
33528	568
33528	571
33529	326
33529	389
33529	568
33529	571
33530	326
33530	389
33530	568
33530	571
33531	326
33531	389
33531	568
33531	571
33532	326
33532	389
33532	568
33532	571
33533	326
33533	389
33533	568
33533	571
33534	326
33534	389
33534	568
33534	571
33535	326
33535	389
33535	568
33535	571
33536	326
33536	389
33536	568
33536	571
33537	326
33537	389
33537	568
33537	571
33538	326
33538	389
33538	568
33538	571
33539	326
33539	389
33539	568
33539	571
33540	326
33540	389
33540	568
33540	571
33541	326
33541	389
33541	568
33541	571
33542	326
33542	389
33542	568
33542	571
33543	326
33543	389
33543	568
33543	571
33544	326
33544	389
33544	568
33544	571
33545	326
33545	389
33545	568
33545	571
33546	326
33546	389
33546	568
33546	571
33547	326
33547	389
33547	568
33547	571
33548	326
33548	389
33548	568
33548	571
33549	326
33549	389
33549	568
33549	571
33550	326
33550	389
33550	568
33550	571
33551	326
33551	389
33551	568
33551	571
33552	326
33552	389
33552	568
33552	571
33553	326
33553	389
33553	568
33553	571
33554	326
33554	389
33554	568
33554	571
33555	326
33555	389
33555	568
33555	571
33556	326
33556	389
33556	568
33556	571
33557	326
33557	389
33557	568
33557	571
33558	326
33558	389
33558	568
33558	571
33559	326
33559	389
33559	568
33559	571
33560	326
33560	389
33560	568
33560	571
33561	326
33561	389
33561	568
33561	571
33562	326
33562	389
33562	568
33562	571
33563	326
33563	389
33563	568
33563	571
33564	326
33564	389
33564	568
33564	571
33565	326
33565	389
33565	568
33565	571
33566	326
33566	389
33566	568
33566	571
33567	326
33567	389
33567	568
33567	571
33568	326
33568	389
33568	568
33568	571
33569	326
33569	389
33569	568
33569	571
33570	326
33570	389
33570	568
33570	571
33571	326
33571	389
33571	568
33571	571
33572	326
33572	389
33572	568
33572	571
33573	326
33573	389
33573	568
33573	571
33574	326
33574	389
33574	568
33574	571
33575	326
33575	389
33575	568
33575	571
33576	326
33576	389
33576	568
33576	571
33577	326
33577	389
33577	568
33577	571
33578	326
33578	389
33578	568
33578	571
33579	326
33579	389
33579	568
33579	571
33580	326
33580	389
33580	568
33580	571
33581	326
33581	389
33581	568
33581	571
33582	326
33582	389
33582	568
33582	571
33583	326
33583	389
33583	568
33583	571
33584	326
33584	389
33584	568
33584	571
33585	326
33585	389
33585	568
33585	571
33586	326
33586	389
33586	568
33586	571
33587	326
33587	389
33587	568
33587	571
33588	326
33588	389
33588	568
33588	571
33589	326
33589	389
33589	568
33589	571
33590	326
33590	389
33590	568
33590	571
33591	326
33591	389
33591	568
33591	571
33592	326
33592	389
33592	568
33592	571
33593	326
33593	389
33593	568
33593	571
33594	326
33594	389
33594	568
33594	571
33595	326
33595	389
33595	568
33595	571
33596	326
33596	389
33596	568
33596	571
33597	326
33597	389
33597	568
33597	571
33598	326
33598	389
33598	568
33598	571
33599	326
33599	389
33599	568
33599	571
33600	326
33600	389
33600	568
33600	571
33601	326
33601	389
33601	568
33601	571
33602	326
33602	389
33602	568
33602	571
33603	326
33603	389
33603	568
33603	571
33604	326
33604	389
33604	568
33604	571
33605	326
33605	389
33605	568
33605	571
33606	326
33606	389
33606	568
33606	571
33607	326
33607	389
33607	568
33607	571
33608	326
33608	389
33608	568
33608	571
33609	326
33609	389
33609	568
33609	571
33610	326
33610	389
33610	568
33610	571
33611	326
33611	389
33611	568
33611	571
33612	326
33612	389
33612	568
33612	571
33613	326
33613	389
33613	568
33613	571
33614	326
33614	389
33614	568
33614	571
33615	326
33615	389
33615	568
33615	571
33616	326
33616	389
33616	568
33616	571
33617	326
33617	389
33617	568
33617	571
33618	326
33618	389
33618	568
33618	571
33619	326
33619	389
33619	568
33619	571
33620	326
33620	389
33620	568
33620	571
33621	326
33621	389
33621	568
33621	571
33622	326
33622	389
33622	568
33622	571
33623	326
33623	389
33623	568
33623	571
33624	326
33624	389
33624	568
33624	571
33625	326
33625	389
33625	568
33625	571
33626	326
33626	389
33626	568
33626	571
33627	326
33627	389
33627	568
33627	571
33628	326
33628	389
33628	568
33628	571
33629	326
33629	389
33629	568
33629	571
33630	326
33630	389
33630	568
33630	571
33631	326
33631	389
33631	568
33631	571
33632	326
33632	389
33632	568
33632	571
33633	326
33633	389
33633	568
33633	571
33634	326
33634	389
33634	568
33634	571
33635	326
33635	389
33635	568
33635	571
33636	326
33636	389
33636	568
33636	571
33637	326
33637	389
33637	568
33637	571
33638	326
33638	389
33638	568
33638	571
33639	326
33639	389
33639	568
33639	571
33640	326
33640	389
33640	568
33640	571
33641	326
33641	389
33641	568
33641	571
33642	326
33642	389
33642	568
33642	571
33643	326
33643	389
33643	568
33643	571
33644	326
33644	389
33644	568
33644	571
33645	326
33645	389
33645	568
33645	572
33646	326
33646	389
33646	568
33646	572
33647	326
33647	389
33647	568
33647	572
33648	326
33648	389
33648	568
33648	572
33649	326
33649	389
33649	568
33649	572
33650	326
33650	389
33650	568
33650	572
33651	326
33651	389
33651	568
33651	572
33652	326
33652	389
33652	568
33652	572
33653	326
33653	389
33653	568
33653	572
33654	326
33654	389
33654	568
33654	572
33655	326
33655	389
33655	568
33655	572
33656	326
33656	389
33656	568
33656	572
33657	326
33657	389
33657	568
33657	572
33658	389
33658	568
33658	572
33659	326
33659	389
33659	568
33659	572
33660	326
33660	389
33660	568
33660	572
33661	326
33661	389
33661	568
33661	572
33662	326
33662	389
33662	568
33662	572
33663	326
33663	389
33663	568
33663	572
33664	326
33664	389
33664	568
33664	572
33665	326
33665	389
33665	568
33665	572
33666	326
33666	389
33666	568
33666	572
33667	326
33667	389
33667	573
33668	326
33668	389
33668	573
33669	326
33669	389
33669	573
33670	326
33670	389
33670	573
33671	326
33671	389
33671	573
34206	326
34206	574
34206	575
34207	326
34207	574
34207	575
34208	326
34208	574
34208	575
34209	326
34209	574
34209	575
34210	326
34210	574
34210	575
34211	326
34211	574
34211	575
34212	326
34212	574
34212	575
34213	326
34213	574
34213	575
34214	326
34214	574
34214	575
34215	326
34215	574
34215	575
34216	326
34216	574
34216	575
34217	326
34217	574
34217	575
34218	326
34218	574
34218	575
34219	326
34219	574
34219	575
34220	326
34220	574
34220	575
34221	326
34221	574
34221	575
34222	326
34222	574
34222	575
34223	326
34223	574
34223	575
34224	326
34224	574
34224	575
34225	326
34225	574
34225	575
34226	326
34226	574
34226	575
34227	326
34227	574
34227	575
34228	326
34228	574
34228	575
34229	326
34229	574
34229	575
34230	326
34230	574
34230	575
34231	326
34231	574
34231	575
34232	326
34232	574
34232	575
34233	326
34233	574
34233	575
34234	326
34234	574
34234	575
34235	326
34235	574
34235	575
34236	326
34236	574
34236	575
34237	326
34237	574
34237	575
34238	326
34238	574
34238	575
34239	326
34239	574
34239	575
34240	326
34240	574
34240	575
34241	326
34241	574
34241	575
34242	326
34242	574
34242	575
34243	326
34243	574
34243	575
34244	326
34244	574
34244	575
34245	326
34245	574
34245	575
34246	326
34246	574
34246	575
34247	326
34247	574
34247	575
34248	326
34248	574
34248	575
34249	326
34249	574
34249	575
34250	326
34250	574
34250	575
34251	326
34251	574
34251	575
34252	326
34252	574
34252	575
34253	326
34253	574
34253	575
34254	326
34254	574
34254	575
34255	326
34255	574
34255	575
34256	326
34256	574
34256	575
34257	326
34257	574
34257	575
34258	326
34258	574
34258	575
34259	326
34259	574
34259	575
34260	326
34260	574
34260	575
34261	326
34261	574
34261	575
34262	326
34262	574
34262	575
34263	326
34263	574
34263	575
34264	326
34264	574
34264	575
34265	326
34265	574
34265	575
34266	326
34266	574
34266	575
34267	326
34267	574
34267	575
34268	326
34268	574
34268	575
34269	326
34269	574
34269	575
34270	326
34270	574
34270	575
34271	326
34271	574
34271	575
34272	326
34272	574
34272	575
34273	326
34273	574
34273	575
34274	326
34274	574
34274	575
34275	326
34275	574
34275	575
34276	326
34276	574
34276	575
34277	326
34277	574
34277	575
34278	326
34278	574
34278	575
34279	574
34279	575
34280	326
34280	574
34280	575
34281	326
34281	574
34281	575
34282	326
34282	574
34282	575
34283	326
34283	574
34283	575
34284	326
34284	574
34284	575
34285	326
34285	574
34285	575
34286	326
34286	574
34286	575
34287	326
34287	574
34287	575
34288	326
34288	574
34288	575
34289	326
34289	574
34289	575
34290	326
34290	574
34290	575
34291	326
34291	574
34291	575
34292	574
34292	575
34293	574
34293	575
34294	574
34294	575
34295	326
34295	574
34295	575
34296	574
34296	575
34297	326
34297	574
34297	575
34298	326
34298	574
34298	575
34299	574
34299	575
34300	326
34300	574
34300	575
34301	326
34301	574
34301	575
34302	326
34302	574
34302	575
34303	326
34303	574
34303	575
34304	326
34304	574
34304	575
34305	326
34305	574
34305	575
34306	326
34306	574
34306	575
34307	326
34307	574
34307	575
34308	574
34308	575
34309	326
34309	574
34309	575
34310	326
34310	574
34310	575
34311	326
34311	574
34311	575
34312	326
34312	574
34312	575
34313	326
34313	574
34313	575
34314	326
34314	574
34314	575
34315	326
34315	574
34315	575
34316	326
34316	574
34316	575
34317	326
34317	574
34317	575
34318	326
34318	574
34318	575
34319	326
34319	574
34319	575
34320	326
34320	574
34320	575
34321	326
34321	574
34321	575
34322	326
34322	574
34322	575
34323	326
34323	574
34323	575
34324	326
34324	574
34324	575
34325	326
34325	574
34325	575
34326	326
34326	574
34326	575
34327	326
34327	574
34327	575
34328	326
34328	574
34328	575
34329	326
34329	574
34329	575
34330	326
34330	574
34330	575
34331	326
34331	574
34331	575
34332	326
34332	574
34332	575
34333	326
34333	574
34333	575
34334	326
34334	574
34334	575
34335	326
34335	574
34335	575
34336	326
34336	574
34336	575
34337	326
34337	574
34337	575
34338	326
34338	574
34338	575
34339	326
34339	574
34339	575
34340	326
34340	574
34340	575
34341	326
34341	574
34341	575
34342	326
34342	574
34342	575
34343	326
34343	574
34343	575
34344	326
34344	574
34344	575
34345	326
34345	574
34345	575
34346	326
34346	574
34346	575
34347	326
34347	574
34347	575
34349	326
34349	574
34350	326
34350	574
34350	575
34351	326
34351	574
34351	575
34352	326
34352	574
34352	575
34353	326
34353	574
34353	575
34354	326
34354	574
34354	575
34355	326
34355	574
34355	575
34356	574
34356	575
34357	326
34357	574
34357	575
34358	574
34358	575
34359	326
34359	574
34359	575
34360	326
34360	574
34360	575
34361	574
34361	575
34362	326
34362	574
34362	575
34363	326
34363	574
34363	575
34364	574
34364	575
34365	326
34365	574
34365	575
34366	326
34366	574
34366	575
34367	326
34367	574
34367	575
34368	326
34368	574
34368	575
34369	326
34369	574
34369	575
34370	326
34370	574
34370	575
34371	326
34371	574
34371	575
34372	326
34372	574
34372	575
34373	326
34373	574
34373	575
34374	326
34374	574
34374	575
34375	326
34375	574
34375	575
34376	326
34376	574
34376	575
34377	326
34377	574
34377	575
34378	326
34378	574
34378	575
34379	326
34379	574
34379	575
34380	326
34380	574
34380	575
34381	326
34381	574
34381	575
34382	326
34382	574
34382	575
34383	326
34383	574
34383	575
34384	326
34384	574
34384	575
34385	326
34385	574
34385	575
34386	326
34386	574
34386	575
34387	326
34387	574
34387	575
34388	326
34388	574
34388	575
34389	326
34389	574
34389	575
34390	326
34390	574
34390	575
34391	326
34391	574
34391	575
34392	326
34392	574
34392	575
34393	326
34393	574
34393	575
34394	326
34394	574
34394	575
34395	326
34395	574
34395	575
34396	326
34396	574
34396	575
34397	326
34397	574
34397	575
34398	326
34398	574
34398	575
34399	326
34399	574
34399	575
34400	326
34400	574
34400	575
34401	326
34401	574
34401	575
34402	326
34402	574
34402	575
34403	326
34403	574
34403	575
34404	326
34404	574
34404	575
34405	326
34405	574
34405	575
34406	326
34406	574
34406	575
34407	326
34407	574
34407	575
34408	326
34408	574
34408	575
34409	326
34409	574
34409	575
34410	326
34410	574
34410	575
34411	326
34411	574
34411	575
34412	326
34412	574
34412	575
34413	326
34413	574
34413	575
34414	326
34414	574
34414	575
34415	326
34415	574
34415	575
34416	326
34416	574
34416	575
34417	326
34417	574
34417	575
34418	326
34418	574
34418	575
34419	326
34419	574
34419	575
34420	326
34420	574
34420	575
34421	326
34421	574
34421	575
34422	326
34422	574
34422	575
34423	326
34423	574
34423	575
34424	326
34424	574
34424	575
34425	326
34425	574
34425	575
34426	326
34426	574
34426	575
34427	326
34427	574
34427	575
34428	326
34428	574
34428	575
34429	326
34429	574
34429	575
34430	326
34430	574
34430	575
34431	326
34431	574
34431	575
34432	326
34432	574
34432	575
34433	326
34433	574
34433	575
34434	326
34434	574
34434	575
34435	326
34435	574
34435	575
34436	326
34436	574
34436	576
34437	326
34437	574
34437	576
34438	326
34438	574
34438	576
34439	326
34439	574
34439	576
34440	326
34440	574
34440	576
34441	326
34441	574
34441	576
34442	326
34442	574
34442	576
34443	326
34443	574
34443	576
34444	326
34444	574
34444	576
34445	326
34445	574
34445	576
34446	326
34446	574
34446	576
34447	326
34447	574
34447	576
34448	326
34448	574
34448	576
34449	326
34449	574
34449	576
34450	326
34450	574
34451	326
34451	574
34452	326
34452	574
34453	326
34453	574
34454	326
34454	574
34455	326
34455	574
34456	326
34456	574
34457	326
34457	574
34458	326
34458	574
34459	326
34459	574
34460	326
34460	574
34461	326
34461	574
34462	326
34462	574
34463	326
34463	574
34464	326
34464	574
34465	326
34465	574
34466	326
34466	574
34467	326
34467	574
34468	326
34468	574
34469	326
34469	574
34470	326
34470	574
34471	326
34471	574
34472	326
34472	574
34473	326
34473	574
34474	326
34474	574
34475	326
34475	574
34476	326
34476	574
34477	326
34477	574
34478	326
34478	574
34479	326
34479	574
34480	326
34480	574
34481	326
34481	574
34482	326
34482	574
34483	326
34483	574
34484	326
34484	574
34485	326
34485	574
34486	326
34486	574
34487	326
34487	574
34488	326
34488	574
34489	326
34489	574
34490	326
34490	574
34491	326
34491	574
34492	326
34492	574
34493	326
34493	574
34494	326
34494	574
34495	326
34495	574
34496	326
34496	574
34497	326
34497	574
34498	326
34498	574
34499	326
34499	574
34500	326
34500	574
34501	326
34501	574
34502	326
34502	574
34503	326
34503	574
34504	326
34504	574
34505	326
34505	574
34506	326
34506	574
34507	326
34507	574
34508	326
34508	574
34509	326
34509	574
34510	326
34510	574
34511	53
34511	55
34512	326
34512	574
34513	326
34513	574
34514	326
34514	574
34515	326
34515	574
34516	326
34516	574
34517	326
34517	574
34518	326
34518	574
34519	326
34519	574
34520	326
34520	574
34521	326
34521	574
34522	326
34522	574
34523	326
34523	574
34524	326
34524	574
34525	326
34525	574
34526	326
34526	574
34527	326
34527	574
34528	326
34528	574
34529	326
34529	574
34530	326
34530	574
34531	326
34531	574
34532	326
34532	574
34533	326
34533	574
34534	326
34534	574
34535	326
34535	574
34536	326
34536	574
34537	326
34537	574
34538	326
34538	574
34539	326
34539	574
34540	326
34540	574
34541	326
34541	574
34542	326
34542	574
34543	326
34543	574
34544	326
34544	574
34545	326
34545	574
34546	326
34546	574
34547	326
34547	574
34548	326
34548	574
34549	326
34549	574
34550	326
34550	574
34551	326
34551	574
34552	326
34552	574
34553	326
34553	574
34554	326
34554	574
34555	326
34555	574
34556	326
34556	574
34557	326
34557	574
34558	326
34558	574
34559	326
34559	574
34560	326
34560	574
34561	326
34561	574
34562	326
34562	574
34563	326
34563	574
34564	326
34564	574
34565	326
34565	574
34566	326
34566	574
34567	326
34567	574
34568	326
34568	574
34569	326
34569	574
34570	326
34570	574
34571	326
34571	574
34572	326
34572	574
34573	326
34573	574
34574	326
34574	574
34575	326
34575	574
34576	326
34576	574
34577	326
34577	574
34578	326
34578	574
34579	326
34579	574
34580	326
34580	574
34581	326
34581	574
34582	326
34582	574
34583	326
34583	574
34584	326
34584	574
34585	326
34585	574
34586	326
34586	574
34587	326
34587	574
34588	326
34588	574
34589	326
34589	574
34590	326
34590	574
34591	326
34591	574
34592	326
34592	574
34593	326
34593	574
34594	326
34594	574
34595	326
34595	574
34596	326
34596	574
34597	326
34597	574
34598	326
34598	574
34599	326
34599	574
34600	326
34600	574
34601	326
34601	574
34602	326
34602	574
34603	326
34603	574
34604	326
34604	574
34605	326
34605	574
34606	326
34606	574
34607	326
34607	574
34608	326
34608	574
34609	326
34609	574
34610	326
34610	574
34611	326
34611	574
34612	326
34612	574
34613	326
34613	574
34614	326
34614	574
34615	326
34615	574
34616	326
34616	574
34618	326
34618	574
34619	326
34619	574
34620	326
34620	574
34621	326
34621	574
34622	326
34622	574
34623	326
34623	574
34624	326
34624	574
34625	326
34625	574
34626	326
34626	574
34627	326
34627	574
34628	326
34628	574
34629	326
34629	574
34630	326
34630	574
34631	326
34631	574
34632	326
34632	574
34633	326
34633	574
34634	326
34634	574
34635	326
34635	574
34636	326
34636	574
34637	326
34637	574
34638	326
34638	574
34639	326
34639	574
34640	326
34640	574
34641	326
34641	574
34642	326
34642	574
34643	326
34643	574
34644	326
34644	574
34645	326
34645	574
34646	326
34646	574
34647	326
34647	574
34648	326
34648	574
34649	326
34649	574
34650	326
34650	574
34651	326
34651	574
34652	326
34652	574
34653	326
34653	574
34654	326
34654	574
34655	326
34655	574
34656	326
34656	574
34657	326
34657	574
34658	326
34658	574
34659	326
34659	574
34660	326
34660	574
34661	326
34661	574
34662	326
34662	574
34663	326
34663	574
34664	326
34664	574
34665	326
34665	574
34666	326
34666	574
34667	326
34667	574
34668	326
34668	574
34669	326
34669	574
34670	326
34670	574
34671	326
34671	574
34672	326
34672	574
34673	326
34673	574
34674	326
34674	574
34675	326
34675	574
34676	326
34676	574
34677	326
34677	574
34678	326
34678	574
34679	326
34679	574
34680	326
34680	574
34681	326
34681	574
34682	326
34682	574
34683	326
34683	574
34684	326
34684	574
34685	326
34685	574
34686	326
34686	574
34687	326
34687	574
34688	326
34688	574
34689	326
34689	574
34690	326
34690	574
34691	326
34691	574
34692	326
34692	574
34693	326
34693	574
34694	326
34694	574
34695	326
34695	574
34696	326
34696	574
34697	326
34697	574
34698	326
34698	574
34699	326
34699	574
34700	326
34700	574
34701	326
34701	574
34702	326
34702	574
34703	574
34704	326
34704	574
34705	326
34705	574
34706	326
34706	574
34707	326
34707	574
34708	326
34708	574
34709	326
34709	574
34710	326
34710	574
34711	326
34711	574
34712	326
34712	574
34713	326
34713	574
34714	326
34714	574
34715	326
34715	574
34716	326
34716	574
34717	326
34717	574
34718	326
34718	574
34719	326
34719	574
34720	326
34720	574
34721	326
34721	574
34722	326
34722	574
34723	326
34723	574
34724	326
34724	574
34725	326
34725	574
34726	326
34726	574
34727	326
34727	574
34728	326
34728	574
34729	326
34729	574
34730	326
34730	574
34731	326
34731	574
34732	326
34732	574
34733	326
34733	574
34734	326
34734	574
34735	326
34735	574
34736	326
34736	574
34737	326
34737	574
34738	326
34738	574
34739	326
34739	574
34740	326
34740	574
34741	326
34741	574
34742	326
34742	574
34743	326
34743	574
34744	326
34744	574
34745	326
34745	574
34746	326
34746	574
34747	326
34747	574
34748	326
34748	574
34749	326
34749	574
34750	326
34750	574
34751	326
34751	574
34752	326
34752	574
35290	326
35290	574
35291	326
35291	574
35292	326
35292	574
35293	326
35293	574
35294	326
35294	574
35295	326
35295	574
35296	326
35296	574
35297	326
35297	574
35298	326
35298	574
35299	326
35299	574
35300	326
35300	574
35301	326
35301	574
35302	326
35302	574
35303	326
35303	574
35304	326
35304	574
35305	326
35305	574
35306	326
35306	574
35307	326
35307	574
35308	326
35308	574
35309	326
35309	574
35310	326
35310	574
35311	326
35311	574
35312	326
35312	574
35313	326
35313	574
35314	326
35314	574
35315	326
35315	574
35316	326
35316	574
35317	326
35317	574
35318	326
35318	574
35319	326
35319	574
35320	326
35320	574
35321	326
35321	574
35322	326
35322	574
35323	326
35323	574
35324	326
35324	574
35325	326
35325	574
35326	326
35326	574
35327	326
35327	574
35328	326
35328	574
35329	326
35329	574
35330	326
35330	574
35331	326
35331	574
35332	326
35332	574
35333	326
35333	574
35334	326
35334	574
35335	326
35335	574
35336	326
35336	574
35337	326
35337	574
35338	326
35338	574
35339	326
35339	574
35340	326
35340	574
35341	326
35341	574
35342	326
35342	574
35343	326
35343	574
35344	326
35344	574
35345	326
35345	574
35346	326
35346	574
35347	326
35347	574
35348	326
35348	574
35349	326
35349	574
35350	326
35350	574
35351	326
35351	574
35352	326
35352	574
35353	326
35353	574
35354	326
35354	574
35355	326
35355	574
35356	292
35356	474
35357	292
35357	326
35357	474
35357	574
35358	292
35358	326
35358	474
35358	574
35359	292
35359	326
35359	474
35359	574
35360	292
35360	326
35360	474
35360	574
35361	292
35361	326
35361	474
35361	574
35362	292
35362	474
35363	292
35363	474
35364	292
35364	474
35365	292
35365	474
35366	292
35366	474
35436	146
35436	579
35437	146
35437	579
35438	146
35438	579
35439	146
35439	579
35440	146
35440	579
35441	146
35441	579
35442	146
35442	579
35443	146
35443	579
35444	146
35444	579
35445	146
35445	579
35446	146
35446	579
35447	146
35447	579
35448	146
35448	579
35449	146
35449	579
35450	146
35450	579
35451	146
35451	579
35452	146
35452	579
35453	146
35453	579
35454	146
35454	579
35455	146
35455	579
35456	146
35456	579
35457	146
35457	579
35458	146
35458	579
35459	146
35459	579
35460	146
35460	579
35461	146
35461	579
35462	146
35462	579
35463	146
35463	579
35464	146
35464	579
35465	146
35465	579
35466	146
35466	579
35467	146
35467	579
35468	146
35468	579
35469	146
35469	579
35470	146
35470	579
35471	146
35471	579
35472	146
35472	579
35473	146
35473	579
35474	146
35474	579
35475	146
35475	579
35476	146
35476	579
35477	146
35477	579
35478	146
35478	579
35479	146
35479	579
35480	146
35480	579
35481	146
35481	579
35482	146
35482	579
35483	146
35483	579
35484	146
35484	579
35485	146
35485	579
35486	146
35486	579
35487	146
35487	579
35488	146
35488	579
35489	146
35489	579
35490	146
35490	579
35491	146
35491	579
35492	146
35492	579
35493	146
35493	579
35494	146
35494	579
35495	146
35495	579
35496	146
35496	579
35497	146
35497	579
35498	146
35498	579
35499	146
35499	579
35500	146
35500	579
35501	146
35501	579
35502	146
35502	579
35503	146
35503	579
35504	146
35504	579
35505	146
35505	579
35506	146
35506	579
35507	146
35507	579
35508	146
35508	579
35509	146
35509	579
35510	146
35510	579
35511	146
35511	579
35512	146
35512	579
35513	146
35513	579
35514	146
35514	579
35515	146
35515	579
35516	146
35516	579
35517	146
35517	579
35518	146
35518	579
35519	146
35519	579
35520	146
35520	579
35521	146
35521	579
35522	146
35522	579
35523	146
35523	579
35524	146
35524	579
35525	146
35525	579
35526	146
35526	579
35527	146
35527	579
35528	146
35528	579
35529	146
35529	579
35530	146
35530	579
35531	146
35531	579
35532	146
35532	579
35533	146
35533	579
35534	146
35534	579
35535	146
35535	579
35536	146
35536	579
35537	146
35537	579
35538	146
35538	579
35539	146
35539	579
35540	146
35540	579
35541	146
35541	579
35542	146
35542	579
35543	146
35543	579
35544	146
35544	579
35545	146
35545	579
35546	146
35546	579
35547	146
35547	579
35548	146
35548	579
35549	146
35549	579
35550	146
35550	579
35551	146
35551	579
35552	146
35552	579
35553	146
35553	579
35554	146
35554	579
35674	146
35674	579
35674	580
35675	146
35675	579
35675	580
35676	146
35676	579
35676	580
35677	146
35677	579
35677	580
35678	146
35678	579
35678	580
35679	146
35679	579
35679	580
35680	146
35680	579
35680	580
35681	146
35681	579
35681	580
35682	146
35682	579
35682	580
35683	146
35683	579
35683	580
35684	146
35684	579
35684	580
35685	146
35685	579
35685	580
35686	146
35686	579
35686	580
35687	146
35687	579
35687	580
35688	146
35688	579
35688	580
35689	146
35689	579
35689	580
35690	146
35690	579
35690	580
35691	146
35691	579
35691	580
35692	146
35692	579
35692	580
35693	146
35693	579
35693	580
35694	146
35694	579
35694	580
35695	146
35695	579
35695	580
35696	146
35696	579
35696	580
35697	146
35697	579
35697	580
35698	146
35698	579
35698	580
35699	146
35699	579
35699	580
35700	146
35700	579
35700	580
35701	146
35701	579
35701	580
35702	146
35702	579
35702	580
35703	146
35703	579
35703	580
35704	146
35704	579
35704	580
35705	146
35705	579
35705	580
35706	146
35706	579
35706	580
35707	146
35707	579
35707	580
35708	146
35708	579
35708	580
35709	146
35709	579
35709	580
35710	146
35710	579
35710	580
35711	146
35711	579
35711	580
35712	146
35712	579
35712	580
35713	146
35713	579
35713	580
35714	146
35714	579
35714	580
35715	146
35715	579
35715	580
35716	146
35716	579
35716	580
35717	146
35717	579
35717	580
35718	146
35718	579
35718	580
35719	146
35719	579
35719	580
35720	146
35720	579
35720	580
35768	146
35768	502
35768	515
35769	146
35769	502
35769	515
35770	146
35770	502
35770	515
35771	146
35771	502
35771	515
35772	146
35772	502
35772	515
35773	146
35773	502
35773	515
35774	146
35774	502
35774	515
35775	146
35775	502
35775	515
35776	146
35776	502
35776	515
35777	146
35777	502
35777	515
35778	146
35778	502
35778	515
35779	146
35779	502
35779	515
35780	146
35780	502
35780	515
35781	146
35781	502
35781	515
35782	146
35782	502
35782	515
35783	146
35783	502
35783	515
35784	146
35784	502
35784	515
35785	146
35785	502
35785	515
35786	146
35786	502
35786	515
35787	146
35787	502
35787	515
35788	146
35788	502
35788	515
35789	146
35789	502
35789	515
35790	146
35790	502
35790	515
35791	146
35791	502
35791	515
35792	146
35792	502
35792	515
35793	146
35793	502
35793	515
35794	146
35794	502
35794	515
35795	146
35795	502
35795	515
35796	146
35796	502
35796	515
35797	146
35797	502
35797	515
35798	146
35798	502
35798	515
35799	146
35799	502
35799	515
35800	146
35800	502
35800	515
35801	146
35801	502
35801	515
35802	146
35802	502
35802	515
35803	146
35803	502
35803	515
35804	146
35804	502
35804	515
35805	146
35805	502
35805	515
35806	146
35806	502
35806	515
35807	146
35807	502
35807	515
35808	146
35808	502
35808	515
35809	146
35809	502
35809	515
35810	146
35810	502
35810	515
35811	146
35811	502
35811	515
35812	146
35812	502
35812	515
35813	146
35813	502
35813	515
35814	146
35814	502
35814	515
35815	146
35815	502
35815	515
35816	146
35816	502
35816	515
35817	146
35817	502
35817	515
35818	146
35818	502
35818	515
35819	146
35819	502
35819	515
35820	146
35820	502
35820	515
35821	146
35821	502
35821	515
35822	146
35822	502
35822	515
35823	146
35823	502
35823	515
35824	146
35824	502
35824	515
35825	146
35825	502
35825	515
35826	146
35826	502
35826	515
35827	146
35827	502
35827	515
35828	146
35828	502
35828	515
35829	146
35829	502
35829	515
35830	146
35830	502
35830	515
35831	146
35831	502
35831	515
35832	146
35832	502
35832	515
35833	146
35833	502
35833	515
35834	146
35834	502
35834	515
35835	146
35835	502
35835	515
35836	146
35836	502
35836	515
35837	146
35837	502
35837	515
35838	146
35838	502
35838	515
35839	146
35839	502
35839	515
35840	146
35840	502
35840	515
35841	146
35841	502
35841	515
35842	146
35842	502
35842	515
35843	146
35843	502
35843	515
35844	146
35844	502
35844	515
35845	146
35845	502
35845	515
35846	146
35846	502
35846	515
35847	146
35847	502
35847	515
35848	146
35848	502
35848	515
35849	146
35849	502
35849	515
35850	146
35850	502
35850	515
35851	146
35851	502
35851	515
35852	146
35852	502
35852	515
35853	146
35853	502
35853	515
35854	146
35854	502
35854	515
35855	146
35855	502
35855	515
35856	146
35856	502
35856	515
35857	146
35857	502
35857	515
35858	146
35858	502
35858	515
35859	146
35859	502
35859	515
35860	146
35860	502
35860	515
35861	146
35861	502
35861	515
35862	146
35862	502
35862	515
35863	146
35863	502
35863	515
35864	146
35864	502
35864	515
35865	146
35865	502
35865	515
35866	146
35866	502
35866	515
35867	146
35867	502
35867	515
35868	146
35868	502
35868	515
35869	146
35869	502
35869	515
35870	146
35870	502
35870	515
35871	146
35871	502
35871	515
35872	146
35872	502
35872	515
35873	146
35873	502
35873	515
35874	146
35874	502
35874	515
35875	146
35875	502
35875	515
35876	146
35876	502
35876	515
35877	146
35877	502
35877	515
35878	146
35878	502
35878	515
35879	146
35879	502
35879	515
35880	146
35880	502
35880	515
35881	146
35881	502
35881	515
35882	146
35882	502
35882	515
35883	146
35883	502
35883	515
35884	146
35884	502
35884	515
35885	146
35885	502
35885	515
35886	146
35886	502
35886	515
35887	146
35887	502
35887	515
35888	146
35888	502
35888	515
35889	146
35889	502
35889	515
35890	146
35890	502
35890	515
35891	146
35891	502
35891	515
35892	146
35892	502
35892	515
35893	146
35893	502
35893	515
35894	146
35894	502
35894	515
35895	146
35895	502
35895	515
35896	146
35896	502
35896	515
35897	146
35897	502
35897	515
35898	146
35898	502
35898	515
35899	146
35899	502
35899	515
35900	146
35900	502
35900	515
35901	146
35901	502
35901	515
35902	146
35902	502
35902	515
35903	146
35903	502
35903	515
35904	146
35904	502
35904	515
35905	146
35905	502
35905	515
35906	146
35906	502
35906	515
35907	146
35907	502
35907	515
35908	146
35908	502
35908	515
35909	146
35909	502
35909	515
35910	146
35910	502
35910	515
35911	146
35911	502
35911	515
35912	146
35912	502
35912	515
35913	146
35913	502
35913	515
35914	146
35914	502
35914	515
35915	146
35915	502
35915	515
35916	146
35916	502
35916	515
36067	146
36067	502
36067	581
36068	146
36068	502
36068	581
36069	146
36069	502
36069	581
36070	146
36070	502
36070	581
36071	146
36071	502
36071	581
36072	146
36072	502
36072	581
36073	146
36073	502
36073	581
36074	146
36074	502
36074	581
36075	146
36075	502
36075	581
36076	146
36076	502
36076	581
36077	146
36077	502
36077	581
36078	146
36078	502
36078	581
36079	146
36079	502
36079	581
36080	146
36080	502
36080	581
36081	146
36081	502
36081	581
36082	146
36082	502
36082	581
36083	146
36083	502
36083	581
36084	146
36084	502
36084	581
36085	146
36085	502
36085	581
36086	146
36086	502
36086	581
36087	146
36087	502
36087	581
36088	146
36088	502
36088	581
36089	146
36089	502
36089	581
36090	146
36090	502
36090	581
36091	146
36091	502
36091	581
36092	146
36092	502
36092	581
36093	146
36093	502
36093	581
36094	146
36094	502
36094	581
36095	146
36095	502
36095	581
36096	146
36096	502
36096	581
36097	146
36097	502
36097	581
36098	146
36098	502
36098	581
36099	146
36099	502
36099	581
36100	146
36100	502
36100	581
36101	146
36101	502
36101	581
36102	146
36102	502
36102	581
36103	146
36103	502
36103	581
36104	146
36104	502
36104	581
36105	146
36105	502
36105	581
36106	146
36106	502
36106	581
36107	146
36107	502
36107	581
36108	146
36108	502
36108	581
36109	146
36109	502
36109	581
36110	146
36110	502
36110	581
36111	146
36111	502
36111	581
36112	146
36112	502
36112	581
36113	146
36113	502
36113	581
36114	146
36114	502
36114	581
36115	146
36115	502
36115	581
36116	146
36116	502
36116	581
36117	146
36117	502
36117	581
36118	146
36118	502
36118	581
36119	146
36119	502
36119	581
36120	146
36120	502
36120	581
36121	146
36121	502
36121	581
36122	146
36122	502
36122	581
36123	146
36123	502
36123	581
36124	146
36124	502
36124	581
36125	146
36125	502
36125	581
36126	146
36126	502
36126	581
36127	146
36127	502
36127	581
36128	146
36128	502
36128	581
36129	146
36129	502
36129	581
36130	146
36130	502
36130	581
36131	146
36131	502
36131	581
36132	146
36132	502
36132	581
36133	146
36133	502
36133	581
36134	146
36134	502
36134	581
36135	146
36135	502
36135	581
36136	146
36136	502
36136	581
36137	146
36137	502
36137	581
36138	146
36138	502
36138	581
36139	146
36139	502
36139	581
36140	146
36140	502
36140	581
36141	146
36141	502
36141	581
36142	146
36142	502
36142	581
36143	146
36143	502
36143	581
36144	146
36144	502
36144	581
36145	146
36145	502
36145	581
36146	146
36146	502
36146	581
36227	292
36227	301
36228	582
36229	582
36230	582
36231	582
36232	583
36233	583
36234	583
36235	583
36236	583
36237	583
36238	583
36239	583
36240	583
36241	583
36242	583
36243	583
36244	583
36245	583
36246	583
36247	583
36248	583
36249	583
36250	583
36251	583
36252	583
36253	583
36276	584
36277	584
36278	584
36279	584
36280	584
36281	584
36282	339
36283	339
36284	339
36285	339
36286	339
36287	339
36288	339
36289	339
36290	339
36291	339
36292	339
36293	339
36294	339
36295	339
36296	339
36297	339
36298	339
36299	339
36300	339
36301	339
36302	339
36303	339
36304	585
36305	585
36306	480
36307	585
36308	585
36319	587
36320	587
36321	587
36322	344
36322	586
36323	344
36323	586
36324	344
36324	586
36325	344
36325	586
36326	344
36326	586
36327	344
36327	588
36328	344
36328	588
36329	344
36329	588
36330	344
36330	588
36331	344
36331	588
36332	344
36332	588
36333	344
36333	588
36334	344
36334	588
36335	335
36336	344
36336	588
36337	344
36337	589
36338	344
36338	589
36339	344
36339	589
36340	344
36340	589
36341	344
36341	589
36342	344
36342	589
36343	344
36343	589
36344	344
36344	589
36345	344
36345	589
36346	344
36346	589
36347	344
36347	589
36348	344
36348	589
36349	344
36349	589
36350	344
36350	589
36351	344
36351	589
36352	344
36352	589
36353	344
36353	589
36354	344
36354	589
36364	344
36364	590
36365	344
36365	590
36366	344
36366	590
36367	344
36367	590
36368	344
36368	590
36369	344
36369	590
36370	344
36370	590
36371	344
36371	590
36408	344
36408	591
36409	344
36409	591
36410	344
36410	591
36411	344
36411	591
36412	344
36412	591
36413	344
36413	591
36414	344
36414	591
36415	344
36415	591
36416	344
36416	591
36417	344
36417	591
36418	344
36418	591
36419	344
36419	591
36420	344
36420	590
36421	344
36421	591
36443	326
36443	481
36444	326
36444	481
36445	336
36446	336
36447	326
36447	481
36448	326
36448	481
36449	326
36449	481
36450	335
36451	326
36451	481
36452	326
36452	481
36453	336
36454	326
36454	481
36455	326
36455	481
36456	326
36456	481
36457	326
36457	481
36458	326
36458	481
36459	326
36459	481
36460	326
36460	481
36461	326
36461	481
36462	326
36462	481
36463	98
36463	653
36464	326
36464	481
36465	326
36465	481
36466	326
36466	481
36467	326
36467	481
36468	326
36468	481
36469	326
36469	481
36472	326
36472	481
36474	326
36474	481
36475	481
36482	326
36483	326
36484	326
36485	326
36486	326
36487	326
36488	336
36492	481
36494	345
36494	357
36495	336
36499	326
36500	326
36501	326
36502	326
36503	326
36504	326
36505	326
36517	702
36517	706
36519	336
36522	326
36525	326
36590	698
36590	699
36591	698
36591	699
36594	698
36594	699
36598	698
36598	699
36599	698
36599	699
36601	593
36602	593
36603	593
36604	593
36605	593
36606	593
36607	593
36608	593
36609	593
36610	593
36611	593
36612	593
36613	593
36614	593
36615	593
36616	593
36617	593
36618	593
36619	593
36652	476
36653	476
36654	476
36655	476
36656	476
36657	476
36658	476
36659	476
36660	476
36670	594
36670	595
36670	596
36671	594
36671	595
36671	596
36672	594
36672	595
36672	596
36673	594
36673	595
36673	596
36674	594
36674	595
36674	596
36675	594
36675	595
36675	596
36676	594
36676	595
36676	597
36677	594
36677	595
36677	597
36678	594
36678	595
36678	597
36679	594
36679	595
36679	597
36680	594
36680	595
36680	597
36681	594
36681	595
36681	597
36695	594
36695	595
36695	598
36696	594
36696	595
36696	598
36697	594
36697	595
36697	598
36698	594
36698	595
36698	598
36699	594
36699	595
36699	598
36700	594
36700	595
36700	598
36701	594
36701	595
36701	598
36702	594
36702	595
36702	598
36703	594
36703	595
36703	598
36704	594
36704	595
36704	598
36705	594
36705	595
36705	598
36706	594
36706	595
36706	598
36707	594
36707	595
36707	598
36708	594
36708	595
36708	598
36709	594
36709	595
36709	598
36710	594
36710	595
36710	598
36711	594
36711	595
36711	598
36712	594
36712	595
36712	598
36713	594
36713	595
36713	598
36714	594
36714	595
36714	598
36715	594
36715	595
36715	598
36716	594
36716	595
36716	598
36717	594
36717	595
36717	598
36718	594
36718	595
36718	598
36719	594
36719	595
36719	598
36720	594
36720	595
36720	598
36721	594
36721	595
36721	598
36722	594
36722	595
36722	598
36723	594
36723	595
36723	598
36724	594
36724	595
36724	598
36725	594
36725	595
36725	598
36726	594
36726	595
36726	598
36727	594
36727	595
36727	598
36728	594
36728	595
36728	598
36729	594
36729	595
36729	598
36730	594
36730	595
36730	598
36731	594
36731	595
36731	598
36732	594
36732	595
36732	598
36733	594
36733	595
36733	598
36734	594
36734	595
36734	598
36735	594
36735	595
36735	598
36736	594
36736	595
36736	598
36737	594
36737	595
36737	598
36738	594
36738	595
36738	598
36739	594
36739	595
36739	598
36740	594
36740	595
36740	598
36741	594
36741	595
36741	598
36742	594
36742	595
36742	598
36743	594
36743	595
36743	598
36744	594
36744	595
36744	599
36745	594
36745	595
36745	599
36746	594
36746	595
36746	599
36747	594
36747	595
36747	599
36748	594
36748	595
36748	599
36749	594
36749	595
36749	598
36750	594
36750	595
36750	598
36751	594
36751	595
36751	598
36752	594
36752	595
36752	598
36753	594
36753	595
36753	599
36754	594
36754	595
36754	600
36818	594
36818	595
36818	603
36819	594
36819	595
36819	603
36820	594
36820	595
36820	603
36821	594
36821	595
36821	603
36822	594
36822	601
36822	602
36823	594
36823	601
36823	602
36824	594
36824	601
36824	602
36825	594
36825	601
36825	602
36826	594
36826	601
36826	602
36827	594
36827	601
36827	602
36828	594
36828	601
36828	602
36829	594
36829	601
36829	602
36830	594
36830	601
36830	602
36831	594
36831	601
36831	604
36832	594
36832	601
36832	604
36833	594
36833	601
36833	604
36834	594
36834	601
36834	604
36835	594
36835	601
36835	604
36836	594
36836	601
36836	604
36837	594
36837	601
36837	604
36838	594
36838	601
36838	604
36839	594
36839	601
36839	604
36840	594
36840	601
36840	604
36841	594
36841	601
36841	604
36842	594
36842	598
36842	601
36843	594
36843	601
36843	604
36844	594
36844	601
36844	604
36845	594
36845	601
36845	604
36855	594
36855	601
36855	606
36856	594
36856	601
36856	606
36857	594
36857	601
36857	606
36858	594
36858	601
36858	606
36859	594
36859	601
36859	606
36860	594
36860	601
36860	606
36861	594
36861	605
36862	594
36862	605
36863	594
36863	605
36864	594
36864	605
36865	594
36865	605
36866	594
36866	605
36867	594
36867	605
36868	594
36868	605
36869	594
36869	605
36870	594
36870	605
36871	594
36871	605
36872	594
36872	605
36873	594
36873	605
36874	594
36874	605
36875	594
36875	605
36876	594
36876	605
36877	594
36877	605
36878	594
36878	605
36879	594
36879	605
36880	594
36880	605
36881	594
36881	605
36882	594
36882	605
36883	594
36883	605
36884	594
36884	605
36885	594
36885	605
36886	594
36886	605
36887	594
36887	605
36888	594
36888	605
36889	594
36889	605
36890	594
36890	605
36891	594
36891	605
36892	594
36892	605
36893	594
36893	605
36894	594
36894	605
36895	594
36895	605
36896	594
36896	605
36897	594
36897	605
36898	594
36898	605
36899	594
36899	605
36900	594
36900	605
36901	594
36901	605
36902	594
36902	605
36903	594
36903	605
36904	594
36904	605
36905	594
36905	605
36906	594
36906	605
36907	594
36907	605
36908	594
36908	605
36909	594
36909	605
36910	594
36910	605
36911	594
36911	605
36912	594
36912	605
36913	594
36913	605
36914	594
36914	605
36915	594
36915	605
36916	594
36916	605
36917	594
36917	605
36918	594
36918	605
36919	594
36919	605
36920	594
36920	605
36921	594
36921	605
36922	594
36922	605
36923	594
36923	605
36924	594
36924	605
36925	594
36925	605
36926	594
36926	605
36927	594
36927	605
36928	594
36928	605
36929	594
36929	605
36930	594
36930	605
36931	594
36931	605
36932	594
36932	605
36933	594
36933	605
36934	594
36934	605
36935	594
36935	605
36936	594
36936	605
36937	594
36937	605
36938	594
36938	605
36939	594
36939	605
36940	594
36940	605
36941	594
36941	605
36942	594
36942	605
36943	594
36943	605
36944	594
36944	605
36945	594
36945	605
36946	594
36946	605
36947	594
36947	605
36948	594
36948	605
36949	594
36949	605
36950	594
36950	605
36951	594
36951	605
36952	594
36952	605
36953	594
36953	605
36954	594
36954	605
36955	594
36955	605
36956	594
36956	605
36957	594
36957	605
36958	594
36958	605
36959	594
36959	605
36960	594
36960	605
36961	594
36961	605
36962	594
36962	605
36963	594
36963	605
36964	594
36964	605
36965	594
36965	605
36966	594
36966	605
36967	594
36967	605
36968	594
36968	605
36969	594
36969	605
36970	594
36970	605
36971	594
36971	605
36972	594
36972	605
36973	594
36973	605
36974	594
36974	605
36975	594
36975	605
36976	594
36976	605
36977	594
36977	605
36978	594
36978	605
36979	594
36979	605
36980	594
36980	605
36981	594
36981	605
36982	594
36982	605
36983	594
36983	605
36984	594
36984	605
36985	594
36985	605
36986	594
36986	605
36987	594
36987	605
36988	594
36988	605
36989	594
36989	605
36990	594
36990	605
36991	594
36991	605
36992	594
36992	605
36993	594
36993	605
36994	594
36994	605
36995	594
36995	605
36996	594
36996	605
36997	594
36997	605
36998	594
36998	605
36999	594
36999	605
37000	594
37000	605
37001	594
37001	605
37002	594
37002	605
37003	594
37003	605
37004	594
37004	605
37005	594
37005	605
37006	594
37006	605
37007	594
37007	605
37008	594
37008	605
37009	594
37009	605
37010	594
37010	605
37011	594
37011	605
37012	594
37012	605
37013	594
37013	605
37014	594
37014	605
37015	594
37015	605
37016	594
37016	605
37017	594
37017	605
37018	594
37018	605
37019	594
37019	605
37020	594
37020	605
37021	594
37021	605
37022	594
37022	605
37023	594
37023	605
37024	594
37024	605
37025	594
37025	605
37026	594
37026	605
37027	594
37027	605
37028	594
37028	605
37029	594
37029	605
37030	594
37030	605
37031	594
37031	605
37032	594
37032	605
37033	594
37033	605
37034	594
37034	605
37035	594
37035	605
37036	594
37036	605
37037	594
37037	605
37038	594
37038	605
37039	594
37039	605
37040	594
37040	605
37041	594
37041	605
37042	594
37042	605
37043	594
37043	605
37044	594
37044	605
37045	594
37045	605
37046	594
37046	605
37047	594
37047	605
37048	594
37048	605
37049	594
37049	605
37050	594
37050	605
37051	594
37051	605
37052	594
37052	605
37053	594
37053	605
37054	594
37054	605
37055	594
37055	605
37056	594
37056	605
37057	594
37057	605
37058	594
37058	605
37059	594
37059	605
37060	594
37060	605
37061	594
37061	605
37062	594
37062	605
37063	594
37063	605
37064	594
37064	605
37065	594
37065	605
37066	594
37066	605
37067	594
37067	605
37305	594
37305	607
37306	594
37306	607
37307	594
37307	607
37308	594
37308	607
37309	594
37309	607
37310	594
37310	607
37311	594
37311	607
37312	594
37312	607
37313	594
37313	607
37314	594
37314	607
37315	594
37315	607
37316	594
37316	607
37317	594
37317	607
37318	594
37318	607
37319	594
37319	607
37320	594
37320	607
37321	594
37321	607
37322	594
37322	607
37323	594
37323	607
37324	594
37324	607
37325	594
37325	607
37326	594
37326	607
37327	594
37327	607
37328	594
37328	607
37329	594
37329	607
37330	594
37330	607
37331	594
37331	607
37332	594
37332	607
37333	594
37333	607
37334	594
37334	607
37335	594
37335	607
37336	594
37336	607
37337	594
37337	607
37338	594
37338	607
37339	594
37339	607
37340	594
37340	607
37341	594
37341	607
37342	594
37342	607
37343	594
37343	607
37344	594
37344	607
37345	594
37345	607
37346	594
37346	607
37347	594
37347	607
37348	594
37348	607
37349	594
37349	607
37350	594
37350	607
37351	594
37351	607
37352	594
37352	607
37353	594
37353	607
37354	594
37354	607
37355	594
37355	607
37356	594
37356	607
37357	594
37357	607
37358	594
37358	607
37359	594
37359	607
37360	594
37360	607
37361	594
37361	607
37362	594
37362	607
37363	594
37363	607
37364	594
37364	607
37365	594
37365	607
37366	594
37366	607
37367	594
37367	607
37368	594
37368	607
37369	594
37369	607
37370	594
37370	607
37371	594
37371	607
37372	594
37372	607
37373	594
37373	607
37374	594
37374	607
37375	594
37375	607
37376	594
37376	607
37377	594
37377	607
37378	594
37378	607
37379	594
37379	607
37380	594
37380	607
37381	594
37381	607
37382	594
37382	607
37383	594
37383	607
37384	594
37384	607
37385	594
37385	607
37386	594
37386	607
37387	594
37387	607
37388	594
37388	607
37389	594
37389	607
37390	594
37390	607
37391	594
37391	607
37392	594
37392	607
37393	594
37393	607
37394	594
37394	607
37395	594
37395	607
37396	594
37396	607
37397	594
37397	607
37398	594
37398	607
37399	594
37399	607
37400	594
37400	607
37401	594
37401	607
37402	594
37402	607
37403	594
37403	607
37404	594
37404	607
37405	594
37405	607
37406	594
37406	607
37407	594
37407	607
37408	594
37408	607
37409	594
37409	607
37410	594
37410	607
37411	594
37411	607
37412	594
37412	607
37413	594
37413	607
37414	594
37414	607
37415	594
37415	607
37416	594
37416	607
37417	594
37417	607
37418	594
37418	607
37419	594
37419	607
37420	594
37420	607
37421	594
37421	607
37422	594
37422	607
37423	594
37423	607
37424	594
37424	607
37425	594
37425	607
37426	594
37426	607
37427	594
37427	607
37428	594
37428	607
37429	594
37429	607
37430	594
37430	607
37431	594
37431	607
37432	594
37432	607
37433	594
37433	607
37434	594
37434	607
37435	594
37435	607
37436	594
37436	607
37437	594
37437	607
37438	594
37438	607
37439	594
37439	607
37440	594
37440	607
37441	594
37441	607
37442	594
37442	607
37443	594
37443	607
37444	594
37444	607
37445	594
37445	607
37446	594
37446	607
37447	594
37447	607
37448	594
37448	607
37449	594
37449	607
37450	594
37450	607
37451	594
37451	607
37452	594
37452	607
37453	594
37453	607
37454	594
37454	607
37455	594
37455	607
37456	594
37456	607
37457	594
37457	607
37458	594
37458	607
37459	594
37459	607
37460	594
37460	607
37461	594
37461	607
37462	594
37462	607
37463	594
37463	607
37464	594
37464	607
37465	594
37465	607
37466	594
37466	607
37467	594
37467	607
37468	594
37468	607
37469	594
37469	607
37470	594
37470	607
37471	594
37471	607
37472	594
37472	607
37473	594
37473	607
37474	594
37474	607
37475	594
37475	607
37476	594
37476	607
37477	594
37477	607
37478	594
37478	607
37479	594
37479	607
37480	594
37480	607
37481	594
37481	607
37482	594
37482	607
37483	594
37483	607
37484	594
37484	607
37485	594
37485	607
37486	594
37486	607
37487	594
37487	607
37488	594
37488	607
37489	594
37489	607
37490	594
37490	607
37491	594
37491	607
37492	594
37492	607
37493	594
37493	607
37689	594
37689	608
37689	609
37690	594
37690	608
37690	609
37691	594
37691	608
37691	609
37692	594
37692	608
37692	609
37693	594
37693	608
37693	609
37694	594
37694	608
37694	609
37695	594
37695	608
37695	609
37696	594
37696	608
37696	609
37697	594
37697	608
37697	609
37698	594
37698	608
37698	609
37699	594
37699	608
37699	609
37700	594
37700	608
37700	609
37701	594
37701	608
37701	609
37702	594
37702	608
37702	609
37703	594
37703	608
37703	609
37704	594
37704	608
37704	609
37705	594
37705	608
37705	609
37706	594
37706	608
37706	609
37707	594
37707	608
37707	609
37708	594
37708	608
37708	609
37709	594
37709	608
37709	609
37710	594
37710	608
37710	609
37711	594
37711	608
37711	609
37712	594
37712	608
37712	609
37713	594
37713	608
37713	609
37714	594
37714	608
37714	609
37715	594
37715	608
37715	609
37716	594
37716	608
37716	609
37717	594
37717	608
37717	609
37718	594
37718	608
37718	609
37719	594
37719	608
37719	609
37720	594
37720	608
37720	609
37721	594
37721	608
37721	609
37722	594
37722	608
37722	609
37723	594
37723	608
37723	609
37724	594
37724	608
37724	609
37725	594
37725	608
37725	609
37726	594
37726	608
37726	609
37727	594
37727	608
37727	609
37728	594
37728	608
37728	609
37729	594
37729	608
37729	609
37730	594
37730	608
37730	609
37731	594
37731	608
37731	609
37732	594
37732	608
37732	609
37733	594
37733	608
37733	609
37734	594
37734	608
37734	609
37735	594
37735	608
37735	609
37736	594
37736	608
37736	609
37737	594
37737	608
37737	609
37738	594
37738	608
37738	609
37739	594
37739	608
37739	609
37740	594
37740	608
37740	609
37741	594
37741	608
37741	609
37742	594
37742	608
37742	609
37743	594
37743	608
37743	609
37744	594
37744	608
37744	609
37745	594
37745	608
37745	609
37746	594
37746	608
37746	609
37747	594
37747	608
37747	609
37748	594
37748	608
37748	609
37749	594
37749	608
37749	609
37750	594
37750	608
37750	609
37751	594
37751	608
37751	609
37752	594
37752	608
37752	609
37753	594
37753	608
37753	609
37754	594
37754	608
37754	609
37755	594
37755	608
37755	609
37756	594
37756	608
37756	609
37757	594
37757	608
37757	609
37758	724
37759	594
37759	608
37759	609
37760	594
37760	608
37760	609
37761	594
37761	608
37761	609
37762	594
37762	608
37762	609
37763	594
37763	608
37763	609
37764	594
37764	608
37764	609
37765	594
37765	608
37765	609
37766	594
37766	608
37766	609
37767	594
37767	608
37767	609
37768	594
37768	608
37768	609
37769	594
37769	608
37769	609
37770	594
37770	608
37770	609
37771	594
37771	608
37771	609
37772	594
37772	608
37772	609
37773	594
37773	608
37773	609
37774	594
37774	608
37774	609
37775	594
37775	608
37775	609
37776	594
37776	608
37776	609
37777	594
37777	608
37777	609
37778	594
37778	608
37778	609
37779	594
37779	608
37779	609
37780	594
37780	608
37780	609
37781	594
37781	608
37781	609
37782	594
37782	608
37782	609
38305	157
38305	465
38305	649
38349	691
38349	692
38350	691
38350	692
38351	691
38351	692
38352	691
38352	692
38353	691
38353	692
38354	93
38355	93
38356	691
38356	692
38357	691
38357	692
38358	93
38359	93
38360	93
38361	691
38361	692
38362	691
38362	692
38363	691
38363	692
38364	93
38365	691
38365	692
38366	691
38366	692
38367	88
38367	93
38368	691
38368	692
38369	88
38369	93
38476	292
38476	532
38476	610
38477	292
38477	532
38477	610
38478	292
38478	532
38478	567
38479	292
38479	532
38479	567
38481	702
38481	704
38482	702
38482	704
38483	702
38483	704
38484	702
38484	704
38485	702
38485	704
38504	38
38504	108
38504	691
38505	38
38505	108
38505	691
38506	38
38506	108
38506	691
38519	53
38519	57
38521	57
38523	53
38523	57
38525	57
38530	53
38530	57
38531	53
38531	57
38532	57
38533	57
38534	57
38536	57
38554	53
38555	53
38557	53
38559	53
38559	611
38561	53
38561	611
38562	53
38562	611
38568	702
38568	712
38569	702
38569	712
38570	702
38570	712
38571	702
38571	712
38572	702
38572	712
38583	292
38583	295
38583	496
38583	532
38584	292
38584	295
38584	496
38584	532
38585	292
38585	314
38585	315
38586	292
38586	301
38587	292
38587	301
38588	314
38588	318
38589	314
38589	429
38590	314
38590	317
38591	292
38591	314
38591	315
38592	292
38592	532
38592	567
38593	292
38593	532
38593	567
38594	314
38594	638
38598	38
38598	108
38599	38
38599	108
38601	38
38601	108
38603	38
38603	108
38604	38
38604	108
38605	38
38605	108
38608	38
38608	108
38612	38
38612	108
38618	530
38618	715
38619	530
38619	715
38620	530
38620	715
38621	530
38621	715
38622	702
38622	703
38623	702
38623	703
38624	702
38624	704
38625	702
38625	704
38626	702
38626	704
38627	702
38627	704
38629	702
38629	703
38634	702
38634	703
38639	702
38639	703
38641	702
38641	703
38642	702
38642	703
38643	702
38643	703
38644	702
38644	703
38645	702
38645	703
38646	702
38646	703
38647	702
38647	704
38648	702
38648	704
38649	38
38649	110
38649	111
38652	702
38652	704
38653	702
38653	704
38654	702
38654	704
38655	702
38655	704
38658	702
38658	704
38659	702
38659	704
38661	702
38661	704
38699	702
38699	707
38700	702
38700	707
38702	702
38702	707
38703	702
38703	707
38704	702
38704	707
38719	723
38719	725
38720	723
38720	725
38721	723
38721	725
38722	723
38722	725
38723	723
38723	725
38724	702
38724	709
38725	702
38725	709
38726	38
38726	119
38727	38
38727	119
38728	38
38728	119
38729	38
38729	119
38730	38
38730	119
38737	385
38737	411
38737	646
38738	385
38738	411
38738	646
38739	385
38739	411
38739	646
38740	385
38740	411
38740	646
38741	385
38741	411
38741	646
38743	385
38743	411
38743	646
38744	385
38744	411
38744	646
38745	385
38745	411
38745	646
38746	385
38746	411
38746	646
38748	385
38748	411
38748	646
38750	385
38750	411
38750	646
38753	385
38753	419
38753	646
38754	385
38754	419
38754	646
38755	385
38755	419
38755	646
38756	385
38756	419
38756	646
38760	385
38760	412
38760	646
38761	385
38761	412
38761	646
38762	385
38762	412
38762	646
38770	385
38770	412
38770	646
38771	385
38771	412
38771	646
38774	385
38774	412
38774	646
38776	385
38776	412
38776	646
38777	385
38777	412
38777	646
38813	702
38813	711
38814	702
38814	711
38817	702
38817	711
38818	702
38818	711
38819	702
38819	711
38820	702
38820	711
38821	702
38821	711
38824	688
38829	688
38830	688
38833	688
38834	688
38835	688
38838	688
38839	688
38843	688
38851	688
38852	688
38853	688
38856	82
38856	631
38857	98
38857	653
38907	38
38907	122
38908	38
38908	122
38909	38
38909	122
38910	38
38910	122
38911	38
38911	122
38913	38
38913	122
38914	38
38914	122
38915	38
38915	122
38916	38
38916	122
38917	38
38917	122
38919	38
38919	122
38923	38
38923	122
38925	38
38925	122
38926	38
38926	122
38927	38
38927	122
38928	38
38928	122
38929	38
38929	122
38940	702
38940	705
38942	702
38942	705
38943	702
38943	705
38945	702
38945	705
38946	702
38946	705
38947	702
38947	705
38948	702
38948	705
38949	702
38949	705
38953	702
38953	705
38976	702
38976	706
38978	702
38978	706
38979	702
38979	705
38981	702
38981	706
38982	702
38982	706
38983	702
38983	706
38986	702
38986	706
38987	702
38987	706
38988	702
38988	706
38989	702
38989	706
38990	702
38990	706
38991	702
38991	706
38993	38
38993	114
38995	38
38995	114
38996	38
38996	114
38999	38
38999	118
38999	415
39000	38
39000	118
39000	415
39001	38
39001	118
39001	415
39002	38
39002	118
39002	415
39003	38
39003	118
39003	415
39031	385
39031	406
39031	646
39032	385
39032	406
39032	646
39034	385
39034	406
39034	646
39038	38
39038	118
39039	38
39039	118
39040	38
39040	118
39042	38
39042	118
39043	38
39043	118
39044	38
39044	118
39046	38
39046	118
39047	38
39047	118
39048	38
39048	118
39049	38
39049	118
39054	148
39057	148
39058	698
39058	699
39059	698
39059	699
39060	148
39061	698
39061	699
39062	148
39064	148
39065	148
39066	148
39075	698
39075	700
39076	698
39076	700
39079	698
39079	700
39087	698
39087	700
39090	698
39090	700
39096	149
39097	149
39105	149
39108	149
39160	98
39160	653
39163	98
39163	653
39164	98
39164	653
39165	98
39165	653
39166	98
39166	653
39167	98
39167	653
39169	98
39169	653
39170	98
39170	653
39171	98
39171	653
39175	98
39175	653
39179	98
39179	653
39209	717
39209	718
39210	717
39210	718
39211	717
39211	718
39212	717
39212	718
39221	38
39221	122
39221	713
39222	38
39222	122
39222	713
39223	38
39223	122
39223	713
39224	38
39224	122
39224	713
39225	38
39225	122
39225	713
39226	38
39226	122
39226	713
39227	38
39227	122
39227	713
39228	38
39228	122
39228	713
39245	702
39245	707
39246	702
39246	707
39247	702
39247	707
39266	34
39266	86
39267	34
39267	86
39268	34
39268	86
39270	34
39270	86
39271	34
39271	86
39279	34
39279	423
39279	535
39280	34
39280	85
39281	34
39281	85
39282	34
39282	85
39288	38
39288	39
39292	38
39292	39
39293	38
39293	39
39295	38
39295	39
39296	38
39296	39
39297	38
39297	39
39299	38
39299	39
39301	38
39301	39
39302	38
39302	39
39304	38
39304	39
39305	38
39305	39
39306	38
39306	39
39307	38
39307	39
39308	38
39308	39
39310	38
39310	39
39311	38
39311	39
39312	38
39312	39
39313	38
39313	39
39318	38
39318	39
39323	314
39323	429
39324	292
39324	314
39324	315
39325	292
39325	532
39325	567
39326	292
39326	532
39326	567
39327	292
39327	532
39327	567
39328	334
39328	547
39328	649
39329	38
39329	107
39330	38
39330	107
39332	292
39332	474
39333	292
39333	474
39334	292
39334	474
39361	82
39363	82
39366	82
39373	82
39381	82
39395	82
39397	82
39398	82
39447	535
39447	632
39448	535
39448	632
39454	535
39454	632
39455	535
39455	632
39456	535
39456	632
39469	535
39469	632
39474	535
39474	632
39484	345
39484	357
39545	423
39545	535
39546	423
39546	535
39547	423
39547	535
39550	42
39550	43
39551	292
39551	490
39552	292
39552	490
39553	292
39553	490
39554	292
39554	490
39561	75
39561	77
39562	75
39562	77
39565	75
39565	77
39581	385
39581	419
39581	646
39582	385
39582	419
39582	646
39586	385
39586	419
39586	646
39587	385
39587	409
39587	646
39588	385
39588	409
39588	646
39589	385
39589	409
39589	646
39590	385
39590	409
39590	646
39591	385
39591	409
39591	646
39596	385
39596	409
39596	646
39597	385
39597	409
39597	646
39598	385
39598	409
39598	646
39601	345
39601	357
39602	345
39602	357
39603	345
39603	357
39604	345
39604	357
39605	345
39605	357
39642	42
39642	43
39643	42
39643	43
39644	42
39644	43
39651	42
39651	43
39658	42
39658	43
39663	42
39663	43
39664	42
39664	43
39665	42
39665	43
39666	42
39666	43
39666	689
39667	42
39667	43
39668	42
39668	43
39669	42
39669	43
39669	689
39676	42
39676	43
39677	42
39677	43
39698	42
39698	43
39704	42
39704	43
39707	42
39707	43
39709	42
39709	43
39710	42
39710	43
39712	42
39712	43
39715	42
39715	43
39720	42
39720	43
39721	42
39721	43
39722	42
39722	43
39725	42
39725	43
39726	42
39726	43
39727	42
39727	43
39728	42
39728	43
39729	42
39729	43
39730	42
39730	43
39739	40
39739	41
39775	40
39775	41
39776	40
39776	41
39777	40
39777	41
39778	40
39778	41
39779	40
39779	41
39780	40
39780	41
39797	40
39797	41
39798	40
39798	41
39827	66
39827	548
39828	66
39828	534
39838	66
39838	69
39849	66
39849	69
39917	530
39917	715
39920	102
39920	653
39922	34
39922	102
39922	653
39923	102
39923	653
39926	34
39926	102
39926	653
39927	34
39927	102
39927	653
39931	688
39932	688
39933	143
39934	723
39934	724
39935	143
39937	143
39940	143
39944	143
39945	143
39951	143
39952	143
39955	38
39955	143
39956	38
39956	143
39957	38
39957	143
39959	38
39959	143
39960	38
39960	143
39961	38
39961	143
39962	38
39962	143
39967	38
39967	143
39973	38
39973	143
39978	53
39978	55
39987	53
39987	55
39988	53
39988	55
39999	53
39999	55
40003	53
40003	55
40004	53
40004	55
40009	53
40009	55
40011	53
40011	55
40012	53
40012	55
40013	53
40013	55
40014	53
40014	55
40016	53
40016	55
40018	53
40018	55
40019	53
40019	55
40021	53
40021	55
40022	53
40022	55
40026	53
40026	55
40050	53
40050	55
40051	53
40051	55
40055	53
40055	55
40128	53
40128	58
40131	53
40131	58
40137	53
40137	58
40138	53
40138	614
40139	53
40139	614
40140	53
40140	614
40141	53
40141	614
40142	53
40142	614
40143	53
40143	614
40144	53
40144	614
40145	53
40145	614
40146	40
40146	615
40149	40
40149	615
40150	40
40150	615
40151	40
40151	615
40152	40
40152	615
40153	40
40153	615
40158	40
40158	616
40159	40
40159	616
40164	40
40164	616
40164	617
40165	40
40165	616
40165	617
40166	40
40166	616
40166	617
40167	40
40167	616
40167	617
40168	40
40168	616
40168	617
40180	40
40180	616
40180	617
40181	40
40181	616
40181	617
40182	40
40182	616
40182	617
40183	40
40183	616
40183	617
40184	40
40184	616
40184	617
40185	40
40185	616
40185	617
40186	40
40186	618
40187	40
40187	618
40190	40
40190	618
40191	40
40191	618
40192	40
40192	618
40193	40
40193	618
40194	40
40194	618
40206	40
40206	618
40208	40
40208	618
40209	40
40209	618
40211	40
40211	618
40212	40
40212	618
40217	556
40218	556
40219	42
40219	43
40220	42
40220	43
40221	34
40221	87
40222	34
40222	87
40223	34
40223	87
40226	34
40226	87
40227	34
40227	87
40228	34
40228	87
40229	34
40229	87
40231	34
40231	87
40232	34
40232	87
40233	34
40233	87
40236	34
40236	87
40237	34
40237	87
40241	34
40241	36
40241	650
40242	34
40242	36
40242	650
40243	34
40243	36
40243	650
40244	34
40244	36
40244	650
40245	34
40245	36
40245	650
40246	34
40246	36
40246	650
40247	34
40247	36
40247	650
40248	34
40248	36
40248	650
40252	98
40252	653
40253	98
40253	653
40254	98
40254	653
40255	98
40255	653
40256	98
40256	653
40257	98
40257	653
40258	98
40258	653
40259	98
40259	653
40260	98
40260	653
40261	98
40261	653
40262	98
40262	653
40263	98
40263	653
40264	98
40264	653
40291	698
40291	700
40292	698
40292	700
40293	698
40293	700
40294	698
40294	700
40295	698
40295	700
40296	698
40296	700
40297	698
40297	700
40298	698
40298	700
40299	698
40299	700
40300	698
40300	700
40341	98
40341	653
40342	583
40343	480
40344	480
40345	480
40346	525
40347	480
40348	480
40349	480
40350	480
40351	338
40352	334
40352	525
40352	649
40353	334
40353	525
40353	649
40354	334
40354	525
40354	649
40355	334
40355	525
40355	649
40356	334
40356	525
40356	649
40357	334
40357	525
40357	649
40358	334
40358	525
40358	649
40359	582
40360	337
40361	337
40362	98
40362	653
40363	98
40363	653
40364	98
40364	653
40365	98
40365	653
40366	619
40366	653
40367	619
40367	653
40368	82
40368	631
40369	82
40369	631
40370	82
40370	631
40371	82
40371	631
40372	82
40372	631
40373	82
40373	631
40374	82
40374	631
40375	82
40375	631
40376	82
40376	631
40377	82
40377	631
40378	405
40378	631
40379	82
40379	405
40379	631
40380	82
40380	405
40380	631
40382	594
40382	620
40384	594
40384	620
40385	594
40385	620
40388	594
40388	620
40389	594
40389	620
40390	594
40390	620
40391	594
40391	620
40392	594
40392	620
40394	594
40394	620
40395	594
40395	620
40396	594
40396	620
40397	594
40397	620
40398	594
40398	620
40401	594
40401	620
40402	594
40402	620
40403	594
40403	620
40405	594
40405	620
40406	594
40406	620
40407	594
40407	620
40408	594
40408	620
40409	594
40409	620
40410	594
40410	620
40411	594
40411	620
40412	594
40412	620
40413	594
40413	620
40414	594
40414	620
40415	594
40415	620
40416	594
40416	620
40417	594
40417	620
40418	594
40418	620
40419	594
40419	620
40420	594
40420	620
40422	594
40422	620
40423	594
40423	620
40424	594
40424	620
40425	594
40425	620
40426	594
40426	620
40427	594
40427	620
40428	594
40428	620
40430	594
40430	620
40431	594
40431	620
40434	594
40434	620
40435	594
40435	620
40436	594
40436	620
40437	594
40437	620
40438	594
40438	620
40439	594
40439	620
40441	594
40441	620
40443	594
40443	620
40444	594
40444	620
40445	594
40445	620
40446	594
40446	620
40447	594
40447	620
40448	594
40448	620
40449	594
40449	620
40450	594
40450	620
40451	594
40451	620
40452	594
40452	620
40453	594
40453	605
40454	594
40454	605
40455	594
40455	605
40456	594
40456	605
40457	594
40457	605
40458	594
40458	605
40460	594
40460	605
40463	424
40463	535
40464	535
40464	632
40466	535
40466	632
40467	535
40467	632
40470	40
40470	41
40471	40
40471	41
40473	40
40473	41
40492	146
40492	413
40492	452
40492	464
40493	413
40493	452
40493	464
40494	146
40494	413
40494	452
40494	464
40495	413
40495	452
40495	464
40496	146
40496	413
40496	452
40496	464
40497	146
40497	413
40497	452
40497	464
40498	413
40498	452
40498	464
40499	146
40499	413
40499	452
40499	464
40500	146
40500	413
40500	452
40500	464
40501	146
40501	413
40501	452
40501	464
40502	146
40502	413
40502	452
40502	464
40503	146
40503	413
40503	452
40503	464
40504	146
40504	413
40504	452
40504	464
40506	690
40507	690
40508	690
40509	690
40510	690
40511	690
40512	690
40513	690
40514	690
40515	690
40516	690
40517	690
40518	690
40519	690
40520	690
40521	690
40522	690
40523	690
40524	690
40525	690
40526	690
40527	690
40528	690
40529	690
40530	690
40531	690
40532	690
40533	690
40534	690
40535	690
40536	690
40537	690
40538	690
40539	690
40540	690
40541	690
40542	690
40543	690
40544	690
40545	690
40546	690
40547	690
40548	690
40549	690
40550	690
40551	690
40552	690
40553	690
40554	690
40555	690
40556	690
40557	690
40558	690
40559	690
40560	690
40561	690
40562	690
40563	690
40564	690
40565	690
40566	690
40567	690
40568	690
40569	690
40570	690
40571	690
40572	690
40573	690
40574	690
40575	690
40576	690
40577	690
40578	690
40579	690
40580	690
40581	690
40582	690
40583	690
40584	690
40585	690
40586	690
40587	690
40588	690
40589	690
40590	690
40591	690
40592	690
40593	690
40594	690
40595	690
40596	690
40597	690
40598	690
40599	690
40600	690
40601	690
40602	690
40603	690
40604	690
40605	690
40606	690
40607	690
40608	690
40609	690
40610	690
40611	690
40612	690
40613	690
40614	690
40615	690
40616	690
40617	690
40618	690
40619	690
40620	690
40621	690
40622	690
40623	690
40624	690
40625	690
40626	690
40627	690
40628	690
40629	690
40630	690
40631	690
40632	690
40633	690
40634	690
40635	690
40636	690
40637	690
40638	690
40639	690
40640	690
40641	690
40642	690
40643	690
40644	690
40645	690
40646	690
40647	690
40648	690
40649	690
40650	690
40651	690
40652	690
40653	690
40654	690
40655	690
40656	690
40657	690
40658	690
40659	690
40660	690
40661	690
40662	690
40663	690
40664	690
40665	690
40666	690
40667	690
40668	690
40669	690
40670	690
40671	690
40672	690
40677	535
40677	632
40830	690
40831	690
40832	690
40833	690
40834	690
40835	690
40836	690
40837	690
40838	690
40839	690
40840	690
40841	690
40842	690
40843	690
40844	690
40845	690
40846	690
40847	690
40848	690
40849	690
40850	690
40851	690
40852	690
40853	690
40854	690
40855	690
40856	690
40857	690
40858	690
40859	690
40860	690
40861	690
40862	690
40863	690
40864	690
40865	690
40866	690
40867	690
40868	690
40869	690
40870	690
40871	690
40872	690
40873	690
40874	690
40875	690
40876	690
40877	690
40878	690
40879	690
40880	690
40881	690
40882	690
40883	690
40884	690
40885	690
40886	690
40887	690
40888	690
40889	690
40890	690
40891	458
40891	690
40892	690
40893	690
40894	134
40894	146
40894	459
40894	464
40894	665
40895	690
40896	690
40897	690
40898	690
40899	690
40900	690
40901	690
40902	690
40903	690
40904	690
40905	690
40906	690
40907	690
40908	690
40909	690
40910	690
40911	690
40912	690
40913	690
40914	690
40915	690
40916	690
40917	690
40918	690
40919	690
40920	690
40921	690
40922	690
40923	690
40924	690
40925	690
40926	690
40927	690
40928	690
40929	690
40930	690
40931	690
40932	690
40933	690
40934	690
40935	690
40936	690
40937	690
40938	690
40939	690
40940	690
40941	690
40942	690
40943	690
40944	690
40945	690
40946	690
40947	690
40948	690
40949	690
40950	690
40951	690
40952	690
40953	690
41070	38
41070	122
41074	38
41074	122
41076	38
41076	122
41093	702
41093	703
41094	702
41094	704
41109	688
41109	695
41110	688
41110	695
41115	688
41115	695
41118	464
41118	685
41119	464
41119	685
41120	464
41120	685
41121	464
41121	685
41122	464
41122	685
41124	464
41124	685
41129	464
41129	685
41136	464
41136	685
41137	464
41137	685
41138	685
41139	464
41139	685
41141	464
41141	685
41142	464
41142	685
41143	464
41143	685
41144	464
41144	685
41145	464
41145	685
41146	464
41146	685
41147	464
41147	685
41148	464
41148	685
41149	464
41149	685
41150	464
41150	685
41151	685
41154	464
41154	685
41155	464
41155	685
41156	685
41157	464
41157	685
41158	464
41158	685
41159	464
41159	685
41160	464
41160	685
41161	464
41161	685
41162	464
41162	685
41163	464
41163	685
41164	464
41164	685
41166	464
41166	685
41167	464
41167	685
41169	464
41169	685
41172	464
41172	685
41174	464
41174	685
41175	464
41175	685
41176	464
41176	685
41177	464
41177	685
41179	464
41179	685
41180	464
41180	685
41182	464
41182	685
41183	38
41183	108
41183	691
41184	38
41184	108
41184	691
41189	38
41189	108
41189	691
41191	38
41191	108
41191	691
41192	38
41192	108
41192	691
41193	38
41193	108
41193	691
41194	38
41194	108
41194	691
41195	38
41195	108
41195	691
41196	38
41196	108
41196	691
41197	38
41197	108
41197	691
41199	38
41199	108
41199	691
41200	38
41200	108
41200	691
41202	467
41202	468
41202	533
41225	698
41225	699
41226	698
41226	700
41435	702
41435	704
41436	702
41436	704
41437	702
41437	703
41438	702
41438	703
41439	702
41439	703
41440	702
41440	704
41441	702
41441	703
41444	702
41444	704
41445	702
41445	703
41450	702
41450	711
41451	98
41451	653
41452	702
41452	712
41453	702
41453	712
41454	702
41454	712
41455	702
41455	712
41456	702
41456	712
41457	702
41457	712
41458	38
41458	121
41459	723
41459	724
41460	535
41460	632
41493	723
41493	724
41538	235
41538	238
41538	239
41539	150
41539	530
41539	694
41540	150
41540	530
41540	694
41541	150
41541	530
41541	694
41542	150
41542	530
41542	694
41543	698
41544	698
41544	699
41545	698
41545	699
41546	698
41546	700
41547	698
41547	700
41548	154
41548	694
41549	154
41549	694
41550	146
41550	154
41550	530
41550	694
41551	698
41551	701
41552	698
41552	701
41553	698
41553	701
41554	698
41554	701
41555	698
41555	701
41558	535
41558	632
41564	535
41564	632
41565	535
41565	632
41572	535
41572	632
41573	535
41573	632
41574	535
41574	632
41576	535
41576	632
41588	146
41588	153
41588	530
41588	694
41589	146
41589	153
41589	530
41589	694
41590	146
41590	153
41590	530
41590	694
41591	698
41592	698
41592	700
41593	530
41593	694
41594	698
41594	700
41595	334
41595	525
41595	649
41596	345
41596	356
41597	344
41598	334
41598	524
41598	649
41599	334
41599	525
41599	649
41600	334
41600	525
41600	649
41601	334
41601	525
41601	649
41602	334
41602	525
41602	649
41603	334
41603	649
41604	334
41604	524
41604	649
41605	334
41605	525
41605	649
41606	150
41606	530
41606	544
41606	694
41607	146
41607	150
41607	530
41607	544
41608	150
41608	530
41608	544
41608	694
41610	235
41610	624
41613	334
41613	525
41613	649
41614	38
41614	713
41615	38
41615	122
41615	713
41616	38
41616	122
41616	713
41617	38
41617	122
41617	713
41618	38
41618	122
41618	713
41619	38
41619	122
41619	713
41620	38
41620	625
41620	713
41621	38
41621	122
41621	713
41622	38
41622	122
41622	713
41623	38
41623	122
41623	713
41624	38
41624	122
41624	713
41857	702
41857	704
42088	702
42088	707
42089	702
42089	707
42090	702
42090	707
42091	702
42091	706
42092	702
42092	706
42553	702
42553	706
42554	702
42554	706
42555	702
42555	706
42556	702
42556	706
42557	702
42557	705
42558	702
42558	703
42559	702
42559	703
42560	702
42560	703
42561	702
42561	711
42562	702
42562	711
42563	702
42563	711
42564	702
42564	711
42565	702
42565	711
42566	702
42566	711
42567	702
42567	711
42568	34
42568	108
42568	659
42568	668
42568	691
42569	34
42569	108
42569	659
42569	668
42569	691
42570	702
42570	712
42571	535
42571	632
42575	535
42575	632
42577	535
42577	632
42580	702
42580	712
42581	702
42581	712
42582	702
42582	712
42583	717
42583	719
42584	717
42584	719
42585	717
42585	719
42586	717
42586	719
42587	717
42587	719
42818	136
42818	146
42818	464
42818	665
43049	38
43049	114
43050	38
43050	114
43051	115
43052	702
43052	709
43053	691
43053	692
43054	691
43054	692
43055	691
43055	692
43056	688
43056	696
43057	385
43057	451
43057	646
43058	385
43058	451
43058	646
43059	34
43059	422
43060	34
43060	422
43061	146
43061	413
43061	464
43062	146
43062	413
43062	464
43063	146
43063	413
43063	464
43064	140
43064	146
43064	464
43065	140
43065	146
43065	464
43066	140
43066	146
43066	464
43067	140
43067	146
43067	464
43068	140
43068	146
43068	464
43069	140
43069	146
43069	464
43070	140
43070	464
43071	140
43071	146
43071	464
43072	136
43072	146
43072	464
43072	665
43072	690
43073	136
43073	146
43073	464
43073	665
43073	690
43074	136
43074	146
43074	464
43074	665
43074	690
43075	136
43075	146
43075	464
43075	665
43075	690
43076	136
43076	146
43076	464
43076	665
43076	690
43077	136
43077	146
43077	464
43077	665
43077	690
43078	134
43078	146
43078	459
43078	464
43078	664
43078	665
43078	690
43079	134
43079	146
43079	459
43079	464
43079	664
43079	665
43079	690
43080	134
43080	146
43080	459
43080	464
43080	664
43080	665
43080	690
43081	134
43081	146
43081	464
43081	664
43081	690
43082	134
43082	146
43082	464
43082	664
43082	690
43083	136
43083	146
43083	464
43083	665
43083	690
43084	136
43084	146
43084	464
43084	665
43084	690
43085	136
43085	146
43085	464
43085	665
43085	690
43086	136
43086	146
43086	464
43086	665
43086	690
43087	136
43087	146
43087	464
43087	665
43087	690
43088	134
43088	146
43088	459
43088	464
43088	664
43088	665
43088	690
43089	134
43089	146
43089	459
43089	464
43089	664
43089	665
43089	690
43971	134
43971	146
43971	459
43971	464
43971	664
43971	665
43971	690
43972	134
43972	146
43972	459
43972	464
43972	664
43972	665
43972	690
43973	134
43973	146
43973	464
43973	664
43973	690
43974	134
43974	146
43974	464
43974	664
43974	690
43975	134
43975	146
43975	464
43975	664
43975	690
44070	134
44070	146
44070	464
44070	664
44070	690
44071	134
44071	146
44071	464
44071	664
44071	690
44072	134
44072	146
44072	464
44072	664
44072	690
44264	136
44264	146
44264	464
44264	665
44264	690
44456	136
44456	146
44456	464
44456	665
44456	690
44457	135
44457	137
44457	146
44457	459
44457	464
44457	665
44457	690
44715	492
44715	626
44716	492
44716	626
44717	492
44717	626
44718	492
44718	626
44719	492
44719	626
44720	492
44720	626
44721	492
44721	626
44722	492
44722	626
44723	492
44723	626
44724	492
44724	626
44725	492
44725	626
44726	492
44726	626
44727	492
44727	626
44728	492
44728	626
44729	492
44729	626
44730	492
44730	626
44731	492
44731	626
44732	492
44732	626
44733	492
44733	626
44734	492
44734	626
44735	492
44735	626
44736	492
44736	626
44737	492
44737	626
44738	492
44738	626
44739	492
44739	626
44740	480
44741	480
44742	480
44743	480
44744	480
44745	480
44746	480
45167	698
45167	699
45168	698
45168	701
45169	334
45169	525
45169	649
45170	334
45170	525
45170	649
45171	235
45171	258
45218	334
45218	525
45218	649
45219	334
45219	525
45219	649
45220	475
45221	475
45222	337
45223	337
45224	338
45225	338
45694	338
45695	338
45696	337
45697	337
45698	343
45699	344
45699	591
45700	337
45701	146
45701	150
45701	530
45702	337
45757	292
45757	293
45757	496
45904	292
45904	293
45904	496
45905	292
45905	293
45905	496
45906	292
45906	293
45906	496
45907	292
45907	293
45907	496
45908	292
45908	293
45908	496
45909	292
45909	293
45909	496
45910	292
45910	293
45910	496
45911	292
45911	496
45911	560
45912	338
45913	338
45914	475
45915	475
45915	647
45916	475
45917	334
45917	525
45917	649
45918	583
45919	583
45920	583
45921	583
47114	723
47114	724
48849	75
48849	79
48849	655
48850	75
48850	79
48850	655
48851	75
48851	79
48851	655
48852	75
48852	79
48853	75
48853	79
48854	75
48854	79
48855	75
48855	79
48856	75
48856	79
48857	75
48857	79
48858	75
48858	79
48859	75
48859	79
48860	75
48860	79
48861	75
48861	79
48861	655
48862	75
48862	79
48862	655
48863	75
48863	79
48863	655
48864	75
48864	79
48864	655
48865	75
48865	79
48865	655
48866	75
48866	79
48867	75
48867	79
48868	75
48868	79
48868	655
48869	75
48869	79
48870	75
48870	79
48870	655
48871	75
48871	79
48871	655
48872	75
48872	79
48872	655
48873	75
48873	79
48874	75
48874	79
48874	655
48875	75
48875	79
48875	655
48876	75
48876	79
48876	655
48877	75
48877	79
48877	655
48878	75
48878	79
48878	655
48879	75
48879	79
48879	655
48880	75
48880	79
48881	75
48881	79
48882	75
48882	79
48883	75
48883	79
48884	75
48884	79
48885	75
48885	79
48885	628
48886	75
48886	79
48887	75
48887	79
48888	75
48888	79
48889	75
48889	79
48890	75
48890	79
48890	655
48891	75
48891	79
48892	75
48892	79
48892	655
48893	75
48893	79
48894	75
48894	79
48894	655
48895	75
48895	79
48895	655
48896	75
48896	79
48897	75
48897	79
48897	655
48898	75
48898	79
48899	75
48899	79
48900	75
48900	79
49371	75
49371	77
49372	75
49372	77
49373	75
49373	77
49374	75
49374	77
49375	75
49375	77
49376	75
49376	77
49377	75
49377	77
49378	75
49378	77
49379	75
49379	77
49380	75
49380	77
49380	655
49381	75
49381	77
49381	655
49382	75
49382	77
49383	75
49383	77
49384	75
49384	77
49385	75
49385	77
49386	75
49386	77
49387	75
49387	77
49388	75
49388	77
49389	75
49389	77
49390	75
49390	77
49391	75
49391	77
49392	75
49392	77
49393	75
49393	77
49394	75
49394	77
49395	75
49395	77
49396	75
49396	77
49397	75
49397	77
49397	655
49398	75
49398	77
49398	655
49399	75
49399	77
49400	75
49400	77
49400	655
49401	75
49401	77
49402	75
49402	77
49402	655
49403	75
49403	77
49403	655
49404	75
49404	77
49404	655
49405	75
49405	77
49406	75
49406	77
49406	655
49407	75
49407	77
49408	75
49408	77
49409	75
49409	77
49410	75
49410	77
49411	75
49411	77
49412	75
49412	77
49412	655
49413	75
49413	77
49414	75
49414	77
49415	75
49415	77
49416	75
49416	77
49417	75
49417	77
49418	75
49418	77
49419	75
49419	77
49420	75
49420	77
49421	75
49421	77
49422	75
49422	77
49423	75
49423	77
49424	75
49424	77
49425	75
49425	77
49426	75
49426	77
49427	75
49427	77
49428	75
49428	77
49429	75
49429	77
49430	75
49430	77
49431	75
49431	77
49432	75
49432	77
49433	75
49433	77
49434	75
49434	77
49435	75
49435	77
49436	75
49436	77
49437	75
49437	77
49438	75
49438	77
49439	75
49439	77
49440	75
49440	77
49441	75
49441	77
49442	75
49442	77
49443	75
49443	77
49444	75
49444	77
49445	75
49445	77
49446	75
49446	77
49447	75
49447	77
49448	75
49448	77
49449	75
49449	77
49450	75
49450	77
49451	75
49451	77
49452	75
49452	77
49453	75
49453	77
49454	75
49454	77
49455	75
49455	77
49456	75
49456	77
49457	75
49457	77
49458	75
49458	77
49459	75
49459	77
49460	75
49460	77
49461	75
49461	77
49462	75
49462	77
49463	75
49463	77
49464	75
49464	77
49465	75
49465	77
49466	75
49466	77
49467	75
49467	77
49468	75
49468	77
49469	75
49469	77
49470	75
49470	77
49471	75
49471	77
49472	75
49472	77
49473	75
49473	77
49474	75
49474	77
49475	75
49475	77
49476	75
49476	77
49477	75
49477	77
49478	75
49478	77
49479	75
49479	77
49480	75
49480	77
49481	75
49481	77
49482	75
49482	77
49483	75
49483	77
49484	75
49484	77
49485	75
49485	77
49486	75
49486	77
49487	75
49487	77
49488	75
49488	77
49489	75
49489	77
49490	75
49490	77
49491	75
49491	77
49492	75
49492	77
49493	75
49493	77
49494	75
49494	77
49495	75
49495	77
49496	75
49496	77
49957	235
49957	238
49957	239
49958	235
49958	238
49958	239
49959	235
49959	238
49959	239
50218	235
50218	238
50218	239
51151	314
51151	429
51152	314
51152	429
51153	292
51153	314
51153	429
51154	314
51154	429
51155	292
51155	314
51155	429
51156	314
51156	429
51157	314
51157	429
51158	292
51158	314
51158	429
51159	314
51159	429
51160	314
51160	429
51161	292
51161	314
51161	429
51162	314
51162	429
51163	314
51163	429
51164	314
51164	429
51165	314
51165	429
51166	314
51166	429
51167	292
51167	314
51167	429
51168	314
51168	429
51169	292
51169	314
51169	429
51170	314
51170	429
51171	314
51171	429
51172	314
51172	429
51173	292
51173	314
51173	429
51174	292
51174	314
51174	429
51175	292
51175	314
51175	521
51176	314
51176	521
51597	157
51597	465
51597	649
51598	157
51598	465
51598	649
51599	157
51599	465
51599	649
51600	157
51600	465
51600	649
51601	157
51601	465
51601	649
51602	157
51602	465
51602	649
51707	98
51707	653
51708	157
51708	465
51708	649
51709	157
51709	465
51709	649
51710	157
51710	465
51711	157
51711	465
51711	649
51712	157
51712	465
51712	649
51714	157
51714	465
51714	649
51715	157
51715	465
51715	649
51716	157
51716	465
51716	649
51718	42
51718	43
51719	42
51719	43
51720	42
51720	43
51721	42
51721	43
51722	42
51722	43
51723	42
51723	43
51724	42
51724	43
51725	42
51725	43
51726	42
51726	43
51727	42
51727	43
51758	75
51758	628
51759	157
51759	465
51759	649
51760	157
51760	465
51760	649
51761	157
51761	465
51761	649
52734	157
52734	465
52734	649
53495	157
53495	465
53495	649
53496	157
53496	465
53497	157
53497	465
53497	649
53498	157
53498	465
53498	649
53499	157
53499	465
53499	649
53826	157
53826	465
53826	649
54019	157
54019	465
54019	649
54020	629
54020	675
54021	629
54021	675
54022	629
54022	675
54023	629
54023	675
54024	629
54024	675
54025	629
54025	675
54026	629
54026	675
54027	629
54027	675
54028	629
54028	675
54029	629
54029	675
54030	629
54030	675
54031	629
54031	675
54032	629
54032	675
54033	629
54033	675
54034	629
54034	675
54035	629
54035	675
54036	629
54036	675
54037	629
54037	675
54038	629
54038	675
54039	146
54039	629
54040	629
54040	675
54041	629
54041	675
54042	629
54042	675
54043	629
54043	675
54044	629
54044	675
54045	629
54045	675
54046	629
54046	675
54047	629
54047	675
54048	629
54048	675
54049	629
54049	675
54050	629
54050	675
54051	629
54051	675
54052	629
54052	675
54053	629
54053	675
54054	629
54054	675
54055	629
54055	675
54056	629
54056	675
54057	629
54057	675
54058	629
54058	675
54059	629
54059	675
54060	629
54060	675
54061	629
54061	675
54062	629
54062	675
54063	629
54063	675
54064	629
54064	675
54065	629
54065	675
54066	629
54066	675
54067	629
54067	675
54068	629
54068	675
54069	629
54069	675
54070	629
54070	675
54071	629
54071	675
54072	629
54072	675
54073	629
54073	675
54074	629
54074	675
54075	629
54075	675
54076	629
54076	675
54077	629
54077	675
54078	629
54078	675
54079	629
54079	675
54080	629
54080	675
54081	629
54081	675
54082	629
54082	675
54083	629
54083	675
54084	629
54084	675
54085	629
54085	675
54086	629
54086	675
54087	629
54087	675
54088	629
54088	675
54089	629
54089	675
54090	629
54090	675
54091	629
54091	675
54092	629
54092	675
54093	629
54093	675
54094	629
54094	675
54095	629
54095	675
54096	629
54096	675
54097	629
54097	675
54098	629
54098	675
54099	629
54099	675
54100	629
54100	675
54101	629
54101	675
54102	629
54102	675
54103	629
54103	675
54104	629
54104	675
54105	629
54105	675
54106	629
54106	675
54107	629
54107	675
54108	629
54108	675
54109	629
54109	675
54110	629
54110	675
54111	629
54111	675
54112	629
54112	675
54113	629
54113	675
54114	629
54114	675
54115	629
54115	675
54116	629
54116	675
54117	629
54117	675
54118	629
54118	675
54119	629
54119	675
54120	629
54120	675
54121	629
54121	675
54122	629
54122	675
54123	629
54123	675
54124	629
54124	675
54125	629
54125	675
54129	629
54129	675
54130	629
54130	675
54131	629
54131	675
54132	629
54132	675
54133	629
54133	675
54134	629
54134	675
54135	629
54135	675
54136	629
54136	675
54137	629
54137	675
54138	629
54138	675
54139	629
54139	675
54140	629
54140	675
54141	629
54141	675
54142	629
54142	675
54143	629
54143	675
54144	629
54144	675
54145	629
54145	675
54146	629
54146	675
54147	629
54147	675
54148	629
54148	675
54149	629
54149	675
54150	629
54150	675
54151	629
54151	675
54152	629
54152	675
54153	629
54153	675
54154	629
54154	675
54155	629
54155	675
54156	629
54156	675
54157	629
54157	675
54158	629
54158	675
54159	629
54159	675
54160	629
54160	675
54161	629
54161	675
54162	629
54162	675
54163	629
54163	675
54164	629
54164	675
54166	629
54166	675
54167	629
54167	675
54168	629
54168	675
54169	629
54169	675
54170	629
54170	675
54171	629
54171	675
54172	629
54172	675
54173	629
54173	675
54174	629
54174	675
54175	629
54175	675
54176	629
54176	675
54177	629
54177	675
54178	629
54178	675
54179	629
54179	675
54180	629
54180	675
54181	629
54181	675
54182	629
54182	675
54183	629
54183	675
54184	629
54184	675
54185	629
54185	675
54186	629
54186	675
54187	629
54187	675
54188	629
54188	675
54189	629
54189	675
54190	629
54190	675
54191	629
54191	675
54192	629
54192	675
54193	629
54193	675
54194	629
54194	675
54195	629
54195	675
54196	629
54196	675
54197	629
54197	675
54198	629
54198	675
54199	629
54199	675
54200	629
54200	675
54201	629
54201	675
54202	629
54202	675
54203	629
54203	675
54204	629
54204	675
54205	629
54205	675
54206	629
54206	675
54207	629
54207	675
54208	629
54208	675
54209	629
54209	675
54210	629
54210	675
54211	629
54211	675
54212	629
54212	675
54213	629
54213	675
54214	629
54214	675
54215	629
54215	675
54216	629
54216	675
54217	629
54217	675
54218	629
54218	675
54219	629
54219	675
54220	629
54220	675
54221	629
54221	675
54222	629
54222	675
54223	629
54223	675
54224	629
54224	675
54225	629
54225	675
54226	629
54226	675
54227	629
54227	675
54228	629
54228	675
54229	629
54229	675
54230	629
54230	675
54231	629
54231	675
54232	629
54232	675
54233	629
54233	675
54234	629
54234	675
54235	629
54235	675
54236	629
54236	675
54237	629
54237	675
54238	629
54238	675
54239	629
54239	675
54240	629
54240	675
54241	629
54241	675
54242	629
54242	675
54243	629
54243	675
54244	629
54244	675
54245	629
54245	675
54246	629
54246	675
54247	629
54247	675
54248	629
54248	675
54249	629
54249	675
54250	629
54250	675
54251	629
54251	675
54252	629
54252	675
54253	629
54253	675
54254	629
54254	675
54255	629
54255	675
54256	629
54256	675
54257	629
54257	675
54258	629
54258	675
54259	629
54260	629
54260	675
54261	629
54262	629
54263	629
54263	675
54264	629
54265	629
54266	629
54266	675
54267	629
54267	675
54268	629
54268	675
54269	629
54269	675
54270	629
54270	675
54271	629
54271	675
54272	629
54272	675
54273	629
54273	675
54274	629
54274	675
54275	629
54275	675
54276	629
54276	675
54277	629
54277	675
54278	629
54278	675
54279	629
54279	675
54280	629
54280	675
54281	629
54281	675
54282	629
54282	675
54283	629
54283	675
54284	629
54284	675
54285	629
54285	675
54286	629
54286	675
54287	629
54287	675
54288	629
54288	675
54289	629
54289	675
54290	629
54290	675
54291	629
54291	675
54292	629
54292	675
54293	629
54293	675
54294	629
54294	675
54295	629
54295	675
54296	629
54296	675
54297	629
54297	675
54298	629
54298	675
54299	629
54299	675
54300	629
54300	675
54301	629
54301	675
54302	629
54302	675
54303	629
54303	675
54304	629
54304	675
54305	629
54305	675
54306	629
54306	675
54307	629
54307	675
54308	629
54308	675
54309	629
54309	675
54310	629
54310	675
54311	629
54311	675
54312	629
54312	675
54313	629
54313	675
54314	629
54314	675
54315	629
54315	675
54316	146
54316	629
54317	629
54317	675
54318	629
54318	675
54319	629
54319	675
54320	629
54320	675
54321	629
54321	675
54322	629
54322	675
54323	629
54323	675
54324	629
54324	675
54325	629
54325	675
54326	629
54326	675
54327	629
54327	675
54328	629
54328	675
54329	629
54329	675
54330	629
54330	675
54331	629
54331	675
54332	629
54332	675
54333	629
54333	675
54334	629
54334	675
54335	629
54335	675
54336	629
54336	675
54337	629
54337	675
54338	629
54338	675
54339	629
54339	675
54340	629
54340	675
54341	629
54341	675
54342	629
54342	675
54343	629
54343	675
54344	629
54344	675
54345	629
54345	675
54346	629
54346	675
54347	629
54347	675
54348	629
54348	675
54349	629
54349	675
54350	629
54350	675
54351	629
54351	675
54352	629
54352	675
54353	629
54354	629
54354	675
54355	629
54355	675
54356	629
54356	675
54357	629
54357	675
54358	629
54358	675
54359	629
54359	675
54360	629
54360	675
54361	629
54361	675
54362	629
54362	675
54363	629
54363	675
54364	629
54364	675
54365	629
54365	675
54366	629
54367	629
54367	675
54368	629
54368	675
54369	629
54369	675
54370	629
54370	675
54371	629
54371	675
54372	629
54372	675
54373	629
54373	675
54374	629
54374	675
54375	629
54375	675
54376	629
54376	675
54377	629
54377	675
54378	629
54378	675
54379	629
54379	675
54380	629
54380	675
54381	629
54381	675
54382	629
54382	675
54383	629
54383	675
54384	629
54384	675
54385	629
54385	675
54386	629
54386	675
54387	629
54387	675
54388	629
54388	675
54389	629
54389	675
54390	629
54390	675
54391	629
54391	675
54392	629
54392	675
54393	629
54393	675
54394	629
54394	675
54395	629
54395	675
54396	629
54396	675
54397	629
54397	675
54398	629
54398	675
54399	629
54400	629
54400	675
54401	629
54401	675
54402	629
54402	675
54403	629
54403	675
54404	629
54404	675
54405	629
54405	675
54406	629
54406	675
54407	629
54407	675
54408	629
54408	675
54409	629
54409	675
54410	629
54410	675
54411	629
54411	675
54412	629
54412	675
54413	629
54413	675
54414	629
54414	675
54415	629
54415	675
54416	629
54416	675
54417	629
54417	675
54418	629
54418	675
54419	629
54419	675
54420	629
54420	675
54421	629
54421	675
54422	629
54422	675
54423	629
54423	675
54424	629
54424	675
54425	146
54425	629
54426	629
54426	675
54427	629
54427	675
54429	629
54429	675
54436	629
54436	675
54437	629
54437	675
54438	629
54438	675
54439	629
54439	675
54440	629
54440	675
54442	629
54442	675
54446	629
54446	675
54451	629
54451	675
54452	629
54452	675
54455	629
54455	675
54456	629
54456	675
54457	629
54457	675
54458	629
54458	675
54460	629
54460	675
54462	629
54462	675
54464	629
54464	675
54466	629
54466	675
54467	629
54467	675
54469	629
54469	675
54476	629
54476	675
54477	629
54477	675
54478	629
54478	675
54482	629
54482	675
54485	629
54485	675
54489	629
54489	675
54490	629
54490	675
54491	629
54491	675
54494	629
54494	675
54498	629
54498	675
54502	629
54502	675
54503	629
54503	675
54504	629
54504	675
54505	629
54505	675
54506	629
54506	675
54507	629
54507	675
54508	629
54508	675
54509	629
54509	675
54512	629
54512	675
54516	629
54516	675
54519	629
54519	675
54524	629
54524	675
54526	629
54526	675
54530	629
54530	675
54533	629
54533	675
54535	629
54535	675
54537	629
54537	675
54540	629
54540	675
54541	629
54541	675
54542	629
54542	675
54543	629
54543	675
54544	629
54544	675
54545	629
54545	675
54546	629
54546	675
54547	629
54547	675
54548	629
54548	675
54549	629
54549	675
54550	629
54550	675
54551	629
54551	675
54553	629
54553	675
54554	629
54554	675
54555	629
54555	675
54556	629
54556	675
54557	629
54557	675
54558	629
54558	675
54559	629
54559	675
54560	629
54560	675
54561	629
54561	675
54562	629
54562	675
54564	629
54564	675
54565	629
54565	675
54566	629
54566	675
54567	629
54567	675
54568	629
54568	675
54569	629
54569	675
54570	629
54570	675
54571	629
54571	675
54572	629
54572	675
54573	629
54574	629
54575	629
54576	629
54576	675
54577	629
54577	675
54578	629
54579	629
54582	629
54582	675
54583	629
54583	675
54584	629
54584	675
54585	629
54585	675
54586	629
54586	675
54587	629
54587	675
54588	629
54588	675
54589	629
54589	675
54590	629
54590	675
54591	629
54591	675
54592	629
54592	675
54593	629
54593	675
54594	629
54594	675
54595	629
54595	675
54596	629
54596	675
54597	629
54597	675
54598	629
54598	675
54599	629
54599	675
54600	629
54600	675
54601	629
54601	675
54602	629
54602	675
54603	629
54603	675
54604	629
54605	629
54605	675
54611	629
54611	675
54612	629
54612	675
54615	629
54615	675
54618	629
54618	675
54620	629
54620	675
54622	629
54622	675
54624	629
54624	675
54628	629
54628	675
54631	629
54631	675
54636	629
54636	675
54638	629
54638	675
54639	629
54639	675
54640	629
54640	675
54641	629
54641	675
54642	629
54642	675
54643	629
54643	675
54644	629
54644	675
54645	629
54645	675
54646	629
54646	675
54647	629
54647	675
54648	629
54648	675
54649	629
54649	675
54650	629
54651	629
54651	675
54652	629
54652	675
54653	629
54654	629
54654	675
54655	629
54656	629
54656	675
54657	629
54657	675
54658	629
54658	675
54659	629
54659	675
54660	629
54660	675
54661	629
54661	675
54662	629
54662	675
54663	629
54663	675
54664	629
54664	675
54665	629
54665	675
54666	629
54666	675
54667	629
54667	675
54668	629
54668	675
54669	629
54669	675
54670	629
54670	675
54671	629
54671	675
54672	629
54672	675
54673	629
54673	675
54674	629
54674	675
54675	629
54675	675
54676	629
54676	675
54677	629
54677	675
54678	629
54678	675
54679	629
54679	675
54680	629
54680	675
54681	629
54681	675
54682	629
54682	675
54683	629
54683	675
54684	629
54684	675
54685	629
54685	675
54686	629
54686	675
54687	629
54687	675
54688	629
54688	675
54689	629
54689	675
54690	629
54690	675
54691	629
54691	675
54692	629
54692	675
54693	629
54693	675
54694	629
54694	675
54695	629
54695	675
54696	629
54696	675
54697	629
55794	629
55794	675
55795	629
55795	675
55796	629
55796	675
55797	629
55797	675
55798	629
55798	675
55799	629
55799	675
55800	629
55800	675
55801	629
55801	675
55802	629
55802	675
55803	629
55803	675
55804	629
55804	675
55805	629
55805	675
55806	629
55806	675
55807	629
55807	675
55808	629
55808	675
55809	629
55809	675
55810	629
55810	675
55811	629
55811	675
55812	629
55812	675
55813	629
55813	675
55814	629
55814	675
55815	629
55815	675
55816	629
55816	675
55817	629
55817	675
55818	629
55818	675
55819	629
55819	675
55820	629
55820	675
55821	629
55821	675
55822	629
55822	675
55823	146
55823	629
55824	629
55824	675
55825	629
55825	675
55826	629
55826	675
55827	629
55827	675
55828	629
55828	675
55829	629
55829	675
55830	629
55830	675
55831	629
55831	675
55832	629
55832	675
55833	629
55833	675
55834	629
55834	675
55835	629
55835	675
55836	629
55836	675
55837	629
55837	675
55838	629
55838	675
55839	629
55839	675
55840	629
55840	675
55841	629
55841	675
55842	629
55842	675
55843	629
55843	675
55844	629
55844	675
55845	629
55845	675
55846	629
55846	675
55847	629
55847	675
55848	629
55848	675
55849	629
55849	675
55850	629
55850	675
55851	629
55851	675
55852	629
55852	675
55853	629
55853	675
55854	629
55854	675
55855	629
55855	675
55856	629
55856	675
55857	629
55857	675
55858	629
55858	675
55859	629
55859	675
55860	629
55860	675
55861	629
55861	675
55862	629
55862	675
55863	629
55863	675
55864	629
55864	675
55865	629
55865	675
55866	629
55866	675
55867	629
55867	675
55868	629
55868	675
55869	629
55869	675
55870	629
55870	675
55871	629
55872	629
55872	675
55873	629
55873	675
55874	629
55874	675
55875	629
55875	675
55876	629
55876	675
55877	629
55877	675
55878	629
55878	675
55879	629
55879	675
55880	629
55880	675
55881	629
55881	675
55882	629
55882	675
55883	629
55883	675
55884	629
55884	675
55885	629
55885	675
55886	629
55886	675
55887	629
55887	675
55888	629
55889	629
55889	675
55890	629
55891	629
55891	675
55892	629
55892	675
55893	629
55893	675
55894	629
55894	675
55895	629
55896	629
55896	675
55897	629
55898	629
55899	629
55899	675
55900	629
55901	629
55901	675
55902	629
55902	675
55903	629
55904	629
55905	629
55905	675
55906	629
55906	675
55907	629
55908	629
55908	675
55909	629
55909	675
55910	629
55910	675
55911	629
55911	675
55912	629
55912	675
55913	629
55914	629
55914	675
55915	629
55915	675
55916	629
55916	675
55917	629
55917	675
55918	629
55919	629
55920	629
55920	675
55921	629
55921	675
55922	629
55923	629
55923	675
55924	629
55925	629
55925	675
55926	629
55926	675
55927	629
55927	675
55928	629
55928	675
55929	629
55929	675
55930	629
55930	675
55931	629
55931	675
55932	629
55932	675
55933	629
55933	675
55934	629
55934	675
55935	629
55935	675
55936	629
55936	675
55937	629
55937	675
55938	629
55938	675
55939	629
55939	675
55940	629
55940	675
55941	629
55941	675
55942	629
55942	675
55943	629
55943	675
55944	629
55944	675
55945	629
55945	675
55946	629
55946	675
55947	629
55947	675
55948	629
55948	675
55949	629
55949	675
55950	629
55950	675
55951	629
55951	675
55952	629
55952	675
55953	629
55953	675
55954	629
55954	675
55955	629
55955	675
55956	629
55956	675
55957	629
55957	675
55958	629
55958	675
55959	629
55959	675
55960	629
55961	629
55961	675
55962	629
55962	675
55963	629
55963	675
55964	629
55964	675
55965	629
55965	675
55966	629
55966	675
55967	629
55967	675
55968	629
55969	629
55969	675
55970	629
55970	675
55971	629
55971	675
55972	629
55972	675
55973	629
55973	675
55974	629
55974	675
55975	629
55975	675
55976	629
55976	675
55977	629
55977	675
55978	629
55978	675
55979	629
55979	675
55980	629
55980	675
55981	629
55981	675
55982	629
55982	675
55983	629
55983	675
55984	629
55984	675
55985	629
55985	675
55986	629
55986	675
55987	629
55987	675
55988	629
55988	675
55989	629
55989	675
55990	629
55990	675
55991	629
55991	675
55992	629
55992	675
55993	629
55993	675
55994	629
55994	675
55995	629
55995	675
55996	629
55996	675
55997	629
55997	675
55998	629
55998	675
55999	629
55999	675
56000	629
56000	675
56001	629
56001	675
56002	629
56002	675
56003	629
56003	675
56004	629
56004	675
56005	629
56005	675
56006	629
56006	675
56007	629
56007	675
56008	629
56008	675
56009	629
56009	675
56010	629
56010	675
56011	629
56011	675
56012	629
56012	675
56013	629
56013	675
56014	629
56014	675
56015	629
56015	675
56016	629
56016	675
56017	629
56017	675
56018	629
56018	675
56019	629
56019	675
56020	629
56020	675
56021	629
56021	675
56022	629
56022	675
56023	629
56023	675
56650	157
56650	465
56650	649
56651	157
56651	465
56651	649
56652	157
56652	465
56652	649
56653	157
56653	465
56653	649
56654	157
56654	465
56654	649
56655	157
56655	465
56655	649
56656	157
56656	465
56656	649
56657	157
56657	465
56657	649
57060	157
57060	465
57060	649
57061	157
57061	465
57061	649
57062	157
57062	465
57062	649
57063	157
57063	465
57063	649
57064	43
57477	157
57477	465
57477	649
57478	157
57478	465
57478	649
57480	146
57480	502
57480	506
57481	146
57481	502
57481	506
57482	146
57482	502
57482	506
57483	146
57483	502
57483	506
57484	146
57484	502
57484	506
57489	40
57489	41
57490	40
57490	41
57491	40
57491	41
57492	40
57492	41
57493	40
57493	41
57494	40
57494	41
57495	40
57495	41
57497	40
57497	41
57498	40
57498	41
57499	40
57499	41
57500	40
57500	41
57501	40
57501	41
57502	40
57502	41
57503	40
57503	41
57504	40
57504	41
57505	40
57505	41
57506	40
57506	41
57509	40
57509	41
57510	40
57510	41
57511	40
57511	41
57512	40
57512	41
57513	40
57513	41
57514	40
57514	41
57515	40
57515	41
57516	40
57516	41
57517	40
57517	41
57518	40
57518	41
57520	40
57520	41
57521	40
57521	41
57522	40
57522	41
57523	40
57523	41
57524	40
57524	41
57525	40
57525	41
57530	40
57530	41
57531	40
57531	41
57534	40
57534	41
57535	40
57535	41
57536	40
57536	41
57539	40
57539	41
57540	40
57540	41
57541	40
57541	41
57542	40
57542	41
57543	40
57543	41
57544	40
57544	41
57545	40
57545	41
57546	40
57546	41
57547	40
57547	41
57548	40
57548	41
57549	40
57549	41
57552	40
57552	41
57553	40
57553	41
57554	40
57554	41
57555	40
57555	41
57559	40
57559	41
57560	40
57560	41
57561	40
57561	41
57562	40
57562	41
57563	40
57563	41
57564	40
57564	41
57565	40
57565	41
57566	40
57566	41
57567	40
57567	41
57568	40
57568	41
57569	40
57569	41
57570	40
57570	41
57571	40
57571	41
57572	40
57572	41
57573	40
57573	41
57574	40
57574	41
57575	40
57575	41
57576	40
57576	41
57577	40
57577	41
57578	40
57578	41
57579	40
57579	41
57580	40
57580	41
57582	40
57582	41
57583	40
57583	41
57584	40
57584	41
57585	40
57585	41
57586	40
57586	41
57588	40
57588	41
57803	157
57803	465
57803	649
58069	157
58069	465
58069	649
58071	157
58071	465
58071	649
58072	157
58072	465
58072	649
58073	466
58073	630
58074	466
58074	532
58074	630
58075	466
58075	630
58076	292
58077	292
58077	466
58077	630
58078	292
58079	306
58079	466
58080	306
58080	466
58081	292
58082	292
58083	292
58083	532
58083	610
58084	292
58085	292
58086	292
58087	292
58088	292
58089	292
58090	292
58091	292
58092	292
58093	292
58094	292
58095	314
58095	429
58098	428
58098	435
58098	465
58098	649
58099	428
58099	435
58099	465
58099	649
58100	428
58100	435
58100	465
58100	649
58101	428
58101	435
58101	465
58101	649
58102	428
58102	435
58102	465
58102	649
58103	428
58103	435
58103	465
58103	649
58104	292
58104	532
58104	610
58105	292
58105	532
58105	567
58107	292
58107	532
58108	292
58108	532
58108	610
58109	292
58109	532
58109	610
58110	292
58110	532
58112	292
58112	532
58112	610
58368	292
58368	532
58368	610
58369	292
58369	532
58369	610
58370	292
58370	532
58370	610
58371	292
58371	532
58371	610
58372	292
58372	532
58372	567
58373	292
58373	532
58374	292
58374	532
58375	292
58375	532
58376	292
58376	532
58377	292
58377	532
58378	292
58378	532
58379	292
58379	532
58380	292
58381	292
58381	532
58382	40
58382	41
58903	154
58903	694
59684	428
59684	435
59684	465
59684	649
59685	428
59685	435
59685	465
59685	649
59686	428
59686	435
59686	465
59686	649
59687	428
59687	435
59687	465
59687	649
59688	428
59688	435
59688	465
59688	649
59689	428
59689	435
59689	465
59689	649
60092	428
60092	435
60092	465
60092	649
60093	428
60093	435
60093	465
60093	649
60094	82
60094	631
60095	428
60095	435
60095	465
60095	649
60096	428
60096	435
60096	465
60096	649
60097	428
60097	435
60097	465
60097	649
60098	428
60098	435
60098	465
60098	649
60099	465
60099	633
60099	649
60100	292
60101	292
60102	465
60102	633
60102	649
60103	292
60104	465
60104	633
60104	649
60105	235
60105	258
60105	259
60106	235
60106	258
60106	259
60107	235
60107	258
60107	259
60108	235
60108	258
60108	259
60109	292
60110	292
60111	235
60111	258
60111	259
60112	235
60112	258
60112	259
60113	292
60114	292
60115	235
60115	258
60115	259
60116	292
60117	235
60117	258
60117	259
60118	235
60118	258
60118	259
61091	157
61091	465
61091	649
61092	157
61092	465
61092	649
61093	157
61093	465
61093	649
61545	157
61545	465
61545	649
61546	157
61546	465
61546	649
62006	157
62006	465
62006	649
62007	157
62007	465
62007	649
62008	157
62008	465
62008	649
62009	82
62010	157
62010	465
62010	649
62011	292
62011	490
62012	292
62012	490
62479	292
62504	292
62553	292
62554	292
62669	292
62669	532
62669	634
62670	292
62670	532
62670	634
62671	292
62671	532
62671	634
62672	292
62672	466
62672	635
62673	292
62673	466
62673	635
62674	292
62674	466
62674	635
62675	503
62675	504
63674	102
63674	653
63675	102
63675	653
63676	102
63676	653
63677	102
63677	653
63678	102
63678	653
63679	102
63679	653
63680	102
63680	653
63681	102
63681	653
63682	102
63682	653
63683	102
63683	653
63684	102
63684	653
63685	102
63685	653
63686	102
63686	653
63687	102
63687	653
63688	102
63688	653
63689	102
63690	102
63690	653
63691	102
63691	653
63692	102
63692	653
63693	102
63693	653
63694	102
63694	653
63695	102
63695	653
63696	102
63696	653
63697	102
63697	653
63698	102
63698	653
63699	102
63699	653
63700	102
63700	653
63701	102
63701	653
63702	102
63702	653
63703	102
63703	653
63704	102
63704	653
63705	102
63705	653
63706	102
63706	653
63707	102
63707	653
63708	102
63708	653
63709	102
63709	653
63711	102
63711	653
63712	102
63712	653
63713	102
63713	653
63714	102
63714	653
63715	102
63715	653
63716	102
63716	653
63717	102
63717	653
63718	102
63718	653
63719	102
63719	653
63720	102
63720	653
63721	102
63721	653
63722	102
63722	653
63723	102
63723	653
63724	102
63724	653
63725	102
63725	653
63726	102
63726	653
63727	102
63727	653
64032	235
64032	238
64032	239
64033	235
64033	238
64033	239
64034	235
64034	238
64034	239
64035	235
64035	238
64035	239
64036	235
64036	238
64036	239
64037	235
64037	238
64037	239
64038	235
64038	238
64038	239
64143	235
64143	238
64143	239
64144	235
64144	238
64144	239
64145	235
64145	238
64145	239
64146	75
64146	79
64147	75
64147	79
64148	75
64148	79
64150	235
64150	238
64150	239
64151	75
64151	79
64152	314
64152	429
64153	314
64153	429
64154	314
64154	429
64155	314
64155	429
64156	314
64156	429
64157	314
64157	429
64158	314
64158	429
64159	314
64159	429
64160	314
64160	521
64160	636
64161	314
64161	521
64161	636
64162	314
64162	521
64162	636
64163	314
64163	521
64163	636
64164	314
64164	521
64164	636
64165	314
64165	521
64165	636
64166	314
64166	521
64166	636
64167	314
64167	521
64167	636
64168	314
64169	314
64169	521
64169	636
64170	314
64170	521
64170	636
64171	314
64171	521
64171	636
64172	314
64172	521
64172	636
64173	314
64173	521
64173	636
64174	314
64174	521
64174	636
64175	314
64175	521
64175	636
64176	314
64176	521
64176	636
64177	314
64177	521
64177	636
64178	314
64178	521
64178	636
64179	314
64179	521
64179	636
64180	314
64180	521
64180	636
64181	314
64181	521
64181	636
64182	314
64182	521
64182	636
64183	314
64183	521
64183	636
64184	314
64184	521
64184	636
64185	314
64185	521
64185	637
64186	314
64186	521
64186	637
64187	314
64187	521
64187	637
64188	314
64188	521
64188	637
64189	314
64189	521
64189	637
64190	314
64190	521
64190	637
64191	314
64191	521
64191	637
64192	314
64192	521
64192	636
64193	314
64193	521
64193	637
64194	314
64194	521
64194	637
64195	314
64195	521
64195	637
64196	314
64196	521
64196	637
64197	314
64197	521
64197	637
64198	314
64198	521
64198	637
64199	314
64199	521
64199	637
64200	314
64200	521
64200	637
64201	314
64201	521
64201	637
64202	314
64202	521
64202	637
64203	314
64203	521
64203	637
64204	314
64204	521
64204	637
64205	314
64205	521
64205	637
64206	314
64206	521
64206	637
64831	314
64831	521
64831	636
64832	314
64832	521
64832	636
64833	314
64833	521
64833	636
64834	314
64834	521
64834	636
64835	314
64835	521
64835	636
64836	314
64836	521
64836	636
64837	314
64837	521
64837	636
64838	314
64838	521
64838	636
64839	314
64839	521
64839	636
64840	314
64840	521
64840	636
64841	314
64841	521
64841	636
64842	314
64842	521
64842	636
64843	314
64843	521
64843	636
64844	314
64844	521
64844	636
64845	314
64845	521
64845	636
64884	235
64884	258
64884	259
64885	235
64885	258
64885	259
64886	235
64886	258
64886	259
64889	235
64889	258
64889	259
64891	235
64891	258
64891	259
64892	235
64892	258
64892	259
64893	235
64893	258
64893	259
64894	235
64894	258
64894	259
64977	314
64977	319
64978	314
64978	319
64979	314
64979	319
64980	314
64980	319
64981	314
64981	319
64982	314
64982	319
64983	314
64983	319
64984	314
64984	319
64985	314
64985	319
64986	314
64986	319
64987	314
64987	319
64988	314
64988	319
64989	314
64989	319
64990	314
64990	319
64991	314
64991	319
64992	314
64992	319
64993	314
64993	319
64994	314
64994	319
64995	314
64995	319
64996	314
64996	319
64997	314
64997	319
64998	75
64998	77
64998	79
64998	655
65041	314
65041	638
65042	314
65042	638
65043	314
65043	638
65044	314
65044	638
65045	314
65045	638
65046	314
65046	638
65047	314
65047	638
65048	314
65048	638
65049	314
65049	638
65050	314
65050	638
65051	314
65051	638
65052	314
65052	638
65053	314
65053	638
65054	314
65054	638
65055	314
65055	638
65056	314
65056	638
65185	66
65185	69
65185	75
65186	292
65186	490
65187	292
65187	490
65188	292
65188	490
65189	292
65189	490
65190	292
65190	490
65191	292
65191	490
65192	292
65192	490
65196	292
65196	484
65196	610
65197	292
65197	484
65197	610
65198	292
65198	302
65199	292
65199	484
65199	610
65200	292
65200	484
65200	610
65201	292
65201	484
65201	610
65202	292
65202	484
65202	610
65203	292
65203	484
65203	610
65204	292
65204	484
65204	610
65205	292
65205	484
65205	610
65206	292
65206	484
65206	610
65207	292
65207	484
65207	610
65658	292
65658	490
65659	292
65659	490
65660	292
65660	490
65661	292
65661	490
65662	292
65662	490
65663	292
65663	490
65664	292
65664	490
65665	292
65665	490
65666	292
65666	490
65667	292
65667	490
65668	292
65668	490
65669	292
65669	490
65670	292
65670	490
65671	292
65671	490
65672	292
65672	490
65673	292
65673	490
65674	292
65674	490
65675	292
65675	490
65676	292
65676	490
65927	292
65927	532
65927	567
65928	292
65928	532
65928	567
65929	292
65929	532
65929	567
65930	292
65930	532
65930	567
65931	292
65931	532
65931	567
65932	292
65932	532
65932	567
65933	292
65933	532
65933	567
65934	292
65934	532
65934	567
65935	292
65935	532
65935	567
65936	292
65936	532
65936	567
65937	292
65937	532
65937	567
65938	292
65938	532
65938	567
65939	292
65939	532
65939	567
65940	292
65940	532
65940	567
65941	292
65941	532
65941	567
65942	292
65942	532
65942	567
65943	292
65943	532
65943	567
65944	292
65944	532
65944	567
65945	292
65945	532
65945	567
65946	292
65946	532
65946	567
65947	292
65947	532
65947	567
65948	292
65948	532
65948	567
65949	292
65949	532
65949	567
65950	292
65950	532
65950	567
65951	292
65951	532
65951	567
65952	292
65952	532
65952	567
65953	292
65953	532
65953	567
65954	292
65954	532
65954	567
65955	292
65955	532
65955	567
65956	292
65956	532
65956	567
65957	292
65957	532
65957	567
65958	292
65958	532
65958	567
65959	292
65959	532
65959	567
65960	292
65960	532
65960	567
65961	292
65961	295
65961	532
65962	292
65962	295
65962	532
65963	292
65963	295
65963	532
65964	292
65964	295
65964	532
65965	292
65965	295
65965	532
65966	292
65966	295
65966	532
66133	292
66133	532
66134	292
66134	301
66135	292
66135	532
66135	567
66136	292
66136	302
66137	292
66137	302
66138	292
66138	302
66139	292
66139	302
66140	292
66140	294
66140	496
66141	146
66141	502
66141	519
66142	146
66142	502
66142	519
66143	146
66143	502
66143	519
66144	146
66144	502
66144	519
66145	146
66145	502
66145	519
66146	146
66146	502
66146	519
66147	146
66147	502
66147	519
66148	146
66148	502
66148	519
66149	146
66149	502
66149	519
66150	146
66150	502
66150	519
66151	146
66151	502
66151	519
66152	146
66152	502
66152	519
66153	146
66153	502
66153	519
66154	146
66154	502
66154	519
66155	146
66155	502
66155	519
66156	146
66156	502
66156	519
66157	146
66157	502
66157	519
66158	146
66158	502
66158	519
66159	146
66159	502
66159	519
66160	146
66160	502
66160	519
66161	146
66161	502
66161	519
66162	146
66162	502
66162	519
66163	146
66163	502
66163	519
66164	146
66164	502
66164	519
66165	146
66165	502
66165	519
66166	146
66166	502
66166	519
66167	146
66167	502
66167	519
66168	146
66168	502
66168	519
66169	146
66169	502
66169	519
66170	146
66170	502
66170	519
66171	146
66171	502
66171	519
66172	146
66172	502
66172	519
66173	146
66173	502
66173	519
66174	146
66174	502
66174	519
66175	146
66175	502
66175	519
66176	146
66176	502
66176	519
66177	146
66177	502
66177	519
66178	146
66178	502
66178	519
66179	146
66179	502
66179	519
66180	146
66180	502
66180	519
66181	146
66181	502
66181	519
66182	146
66182	502
66182	519
66183	146
66183	502
66183	519
66184	146
66184	502
66184	519
66185	146
66185	502
66185	519
66186	146
66186	502
66186	519
66187	146
66187	502
66187	519
66188	146
66188	502
66188	519
66189	146
66189	502
66189	519
66190	146
66190	502
66190	519
66191	146
66191	502
66191	519
66192	146
66192	502
66192	519
66193	146
66193	502
66193	519
66194	146
66194	502
66194	519
66195	146
66195	502
66195	519
66196	146
66196	502
66196	519
66197	146
66197	502
66197	519
66198	146
66198	502
66198	519
66199	146
66199	502
66199	519
66200	146
66200	502
66200	519
66201	146
66201	502
66201	519
66202	146
66202	502
66202	519
66203	146
66203	502
66203	519
66204	146
66204	502
66204	519
66205	146
66205	502
66205	519
66206	146
66206	502
66206	519
66207	235
66207	258
66207	266
66208	235
66208	258
66208	266
66209	235
66209	258
66209	266
66210	235
66210	258
66210	266
66211	235
66211	258
66211	266
66212	235
66212	258
66212	266
66343	235
66343	258
66343	266
66344	235
66344	258
66344	266
66345	235
66345	258
66345	266
66346	235
66346	258
66346	266
66347	235
66347	258
66347	266
66348	146
66348	502
66348	518
66349	146
66349	502
66349	518
66350	146
66350	502
66350	518
66351	146
66351	502
66351	518
66352	146
66352	502
66352	518
66353	146
66353	502
66353	518
66354	146
66354	502
66354	518
66355	146
66355	502
66355	518
66356	146
66356	502
66356	518
66357	146
66357	502
66357	518
66358	146
66358	502
66358	518
66359	146
66359	502
66359	518
66360	146
66360	502
66360	518
66361	146
66361	502
66361	518
66362	146
66362	502
66362	518
66363	146
66363	502
66363	518
66364	146
66364	502
66364	518
66365	146
66365	502
66365	518
66366	146
66366	502
66366	518
66367	146
66367	502
66367	581
66368	146
66368	502
66368	581
66369	146
66369	502
66369	581
66370	146
66370	502
66370	581
66371	146
66371	502
66371	581
66372	146
66372	502
66372	581
66373	146
66373	502
66373	581
66374	146
66374	502
66374	581
66375	146
66375	502
66375	581
66376	146
66376	502
66376	581
66377	146
66377	502
66377	581
66378	146
66378	502
66378	581
66379	146
66379	502
66379	581
66380	146
66380	502
66380	581
66381	146
66381	502
66381	581
66382	146
66382	502
66382	581
66383	146
66383	502
66383	581
66384	146
66384	502
66384	581
66385	146
66385	502
66385	581
66386	146
66386	502
66386	581
66387	146
66387	502
66387	581
66388	146
66388	502
66388	581
66389	146
66389	502
66389	581
66428	146
66428	502
66428	514
66429	146
66429	502
66429	514
66430	146
66430	322
66430	502
66431	146
66431	502
66431	514
66432	146
66432	502
66432	514
66433	146
66433	502
66433	514
66434	146
66434	502
66434	514
66959	526
66959	527
66959	649
66960	526
66960	527
66960	649
66961	526
66961	527
66961	649
66962	526
66962	527
66962	649
66963	526
66963	527
66963	649
66964	526
66964	527
66964	649
66965	526
66965	527
66965	649
66966	526
66966	527
66966	649
66967	526
66967	527
66967	649
66968	526
66968	527
66968	649
66969	526
66969	527
66969	649
67390	146
67390	503
67390	505
67392	146
67392	503
67392	505
67393	146
67393	503
67393	505
67394	146
67394	503
67394	505
67395	146
67395	503
67395	505
67396	146
67396	503
67396	505
67397	146
67397	503
67397	505
67398	146
67398	503
67398	505
67399	146
67399	503
67399	505
67400	146
67400	503
67400	505
67401	146
67401	503
67401	505
67402	146
67402	503
67402	505
67403	306
67403	466
67404	306
67404	466
67631	292
67631	294
67631	496
67632	75
67632	79
67632	655
67633	98
67633	653
67634	492
67634	624
67635	492
67635	624
67636	98
67636	653
67637	98
67637	653
67638	98
67638	653
67639	98
67639	653
67640	98
67640	653
67641	98
67641	653
67642	98
67642	653
67643	98
67643	653
67856	98
67856	653
67857	98
67857	653
68726	235
68726	238
68726	240
68727	235
68727	240
68728	235
68728	238
68728	240
68729	235
68729	240
68730	235
68730	240
68894	235
68894	240
68895	292
68895	294
68895	496
68896	292
68896	294
68896	496
68897	235
68897	240
68898	292
68898	294
68898	496
68900	292
68900	293
68900	496
68901	235
68901	240
68902	292
68902	293
68902	496
68903	235
68903	240
68904	235
68904	238
68904	240
68905	292
68905	293
68905	496
68906	235
68906	240
68907	292
68907	293
68907	496
68908	292
68908	293
68908	496
68909	235
68909	240
68910	292
68910	293
68910	496
68911	235
68911	240
68912	292
68912	293
68912	496
68913	235
68913	240
68914	292
68914	293
68914	496
68915	292
68915	293
68915	496
68916	292
68916	293
68916	496
69569	503
69569	504
69569	552
69570	503
69570	504
69570	552
69571	503
69571	504
69571	552
69572	503
69572	504
69572	552
69573	503
69573	504
69573	552
69574	503
69574	504
69574	552
69575	503
69575	504
69575	552
69632	503
69632	504
69632	553
69633	503
69633	504
69633	553
69634	503
69634	504
69634	553
69635	503
69635	504
69635	554
70298	235
70298	492
70298	626
70299	235
70299	492
70299	626
70300	235
70300	492
70300	626
70301	235
70301	492
70301	626
70302	235
70302	492
70302	626
70303	235
70303	492
70303	626
70304	235
70304	492
70304	626
70305	235
70305	492
70305	626
70306	235
70306	492
70306	626
70307	235
70307	492
70307	626
70308	235
70308	492
70308	626
70309	235
70309	492
70309	626
70310	235
70310	492
70310	626
70311	235
70311	492
70311	626
70312	235
70312	492
70312	626
70313	235
70313	492
70313	626
70314	235
70314	492
70314	626
70315	235
70315	492
70315	626
70316	235
70316	492
70316	626
70317	235
70317	492
70317	626
70318	235
70318	492
70318	626
70319	235
70319	492
70319	626
70320	235
70320	492
70320	626
70321	235
70321	492
70321	626
70322	235
70322	492
70322	626
70323	235
70323	492
70323	626
70324	235
70324	492
70324	626
70325	235
70325	492
70325	626
70326	235
70326	492
70326	626
70327	235
70327	492
70327	626
70328	235
70328	492
70328	626
70329	235
70329	492
70329	626
70330	235
70330	492
70330	626
70331	235
70331	492
70331	626
70332	235
70332	492
70332	626
70333	235
70333	492
70333	626
70334	235
70334	492
70334	626
70335	235
70335	492
70335	626
70336	235
70336	492
70336	626
70337	235
70337	492
70337	626
70338	235
70338	492
70338	626
70339	235
70339	492
70339	626
70340	235
70340	492
70340	626
70341	235
70341	492
70341	626
70342	235
70342	492
70342	626
71306	235
71306	238
71306	239
71306	639
71306	641
71307	235
71307	238
71307	239
71307	639
71307	641
71308	235
71308	238
71308	239
71308	639
71308	641
71309	235
71309	238
71309	239
71310	235
71310	238
71310	239
71311	235
71311	238
71311	239
71312	235
71312	238
71312	239
71313	235
71313	238
71313	239
71314	235
71314	238
71314	239
71315	235
71315	238
71315	239
71316	235
71316	238
71316	239
71317	235
71317	238
71317	239
71318	235
71318	238
71318	239
71319	235
71319	238
71319	239
71320	235
71320	238
71320	239
71321	235
71321	238
71321	239
71322	235
71322	238
71322	239
71323	235
71323	238
71323	239
71324	235
71324	238
71324	239
71325	235
71325	238
71325	239
71326	235
71326	238
71326	239
71327	235
71327	238
71327	239
71328	235
71328	238
71328	239
71329	235
71329	238
71329	239
71330	235
71330	238
71330	239
71331	235
71331	238
71331	239
71332	235
71332	238
71332	239
71333	235
71333	238
71333	239
71334	235
71334	238
71334	239
71335	235
71335	238
71335	239
71336	235
71336	238
71336	239
71337	235
71337	238
71337	239
71338	235
71338	238
71338	239
71605	235
71605	238
71605	240
71606	235
71606	238
71606	240
71607	235
71607	238
71607	240
71608	235
71608	240
71609	235
71609	238
71609	240
71610	235
71610	238
71610	240
71611	235
71611	238
71611	240
71612	235
71612	238
71612	240
71613	235
71613	238
71613	240
71614	235
71614	238
71614	240
71615	235
71615	238
71615	240
71616	235
71616	238
71616	240
71641	292
71641	302
71642	292
71642	302
71643	292
71643	302
71644	292
71644	302
71645	292
71645	302
71646	292
71646	302
71647	292
71647	302
71648	292
71648	302
71666	146
71666	503
71666	504
71666	554
71667	146
71667	503
71667	504
71667	554
71668	146
71668	503
71668	504
71668	554
71669	146
71669	503
71669	504
71669	554
71670	146
71670	503
71670	504
71670	554
71671	146
71671	503
71671	504
71671	554
71672	235
71672	492
71672	626
71673	235
71673	492
71673	626
71674	235
71674	492
71674	626
71675	235
71675	492
71675	626
71676	235
71676	492
71676	626
71677	235
71677	492
71677	626
71678	235
71678	492
71678	626
71679	235
71679	492
71679	626
71680	235
71680	492
71680	626
71681	235
71681	492
71681	626
71682	235
71682	492
71682	626
71683	235
71683	492
71683	626
71684	235
71684	492
71684	626
71685	235
71685	492
71685	626
71686	235
71686	492
71686	626
71687	235
71687	492
71687	626
71688	235
71688	492
71688	626
71689	235
71689	492
71689	626
71690	235
71690	492
71690	626
71691	235
71691	492
71691	626
71692	235
71692	492
71692	626
71693	235
71693	492
71693	626
71694	235
71694	492
71694	626
71695	235
71695	492
71695	626
71994	639
71994	640
71995	639
71995	640
71996	639
71996	640
71997	639
71997	640
71998	639
71998	640
72384	639
72384	641
72385	639
72385	641
72386	639
72386	641
72387	639
72387	641
72388	639
72388	641
72389	639
72389	641
72390	639
72390	641
72391	639
72391	641
72392	639
72392	641
72393	639
72393	641
72394	639
72394	641
72395	639
72395	641
72396	639
72396	641
72397	639
72397	641
72870	639
72870	642
72871	639
72871	642
72872	639
72872	642
72873	639
72873	642
72874	639
72874	642
72875	639
72875	642
73030	639
73030	643
73031	639
73031	643
73032	639
73032	643
73033	639
73033	643
73034	639
73034	643
73035	639
73035	643
73036	639
73036	643
73037	639
73037	643
73038	639
73038	643
73039	639
73039	643
73040	639
73040	643
73041	639
73041	643
73042	639
73042	643
73043	639
73043	643
73044	639
73044	643
73045	639
73045	643
73046	639
73046	643
73047	639
73047	643
73048	639
73048	643
73049	639
73049	643
73050	639
73050	643
73051	639
73051	643
73052	639
73052	643
73053	639
73053	643
73054	639
73054	643
73055	639
73055	643
73056	639
73056	643
73057	639
73057	643
73058	639
73058	643
73059	639
73059	643
73060	639
73060	643
73061	639
73061	643
73062	639
73062	643
73063	639
73063	643
73064	639
73064	643
73065	639
73065	643
73066	639
73066	643
73067	639
73067	643
73068	639
73068	643
73069	639
73069	643
73070	639
73070	643
73071	639
73071	643
73072	639
73072	643
73073	639
73073	643
73074	639
73074	643
73075	639
73075	643
73076	639
73076	643
73077	639
73077	643
73078	639
73078	643
73079	639
73079	643
73181	146
73181	644
73181	671
73182	146
73182	644
73182	671
73183	146
73183	644
73183	671
73184	146
73184	644
73184	671
73185	146
73185	644
73185	671
73186	146
73186	644
73186	671
73187	146
73187	644
73187	671
73188	146
73188	644
73188	671
73189	146
73189	644
73189	671
73190	146
73190	644
73190	671
73191	146
73191	644
73191	671
73192	146
73192	644
73192	671
73193	146
73193	644
73193	671
73194	146
73194	644
73194	671
73195	146
73195	644
73195	671
73196	146
73196	644
73196	671
73197	146
73197	644
73197	671
73198	146
73198	644
73198	671
73235	292
73235	294
73235	496
73236	292
73236	294
73236	496
73237	292
73237	294
73237	496
73238	292
73238	294
73238	496
73239	292
73239	294
73239	496
73240	292
73240	294
73240	496
73241	292
73241	294
73241	496
73242	292
73242	294
73242	496
73243	292
73243	294
73243	496
73244	292
73244	294
73244	496
73245	292
73245	294
73245	496
73246	292
73246	294
73246	496
73247	292
73247	294
73247	496
73287	292
73287	301
73288	292
73288	301
73289	292
73289	301
73290	292
73290	301
73291	292
73291	301
73292	292
73292	301
73293	292
73293	301
73294	292
73294	301
73295	292
73295	301
73296	292
73296	301
73297	292
73297	301
73320	314
73320	429
73321	314
73321	429
73322	314
73322	429
73323	314
73323	429
73734	314
73734	319
73735	314
73735	319
73736	314
73736	319
73737	314
73737	319
73746	75
73746	628
73747	75
73747	628
73748	75
73748	628
73775	628
73776	75
73776	628
73777	629
73777	675
73778	629
73778	675
73779	629
73779	675
73780	629
73780	675
73781	629
73781	675
73782	629
73782	675
73783	629
73783	675
73784	629
73784	675
73785	629
73785	675
73786	629
73786	675
73787	629
73787	675
73788	629
73788	675
73789	629
73789	675
73790	629
73790	675
73791	629
73791	675
73792	629
73792	675
73793	629
73793	675
73794	629
73794	675
73795	629
73795	675
73796	629
73796	675
73797	629
73797	675
73798	629
73798	675
73799	629
73799	675
73800	629
73800	675
73801	629
73801	675
73802	629
73802	675
73803	629
73803	675
73804	629
73804	675
73805	629
73805	675
73806	629
73806	675
73807	629
73807	675
73808	629
73808	675
73809	629
73809	675
73810	629
73810	675
73811	629
73811	675
73812	629
73812	675
73813	629
73813	675
73814	629
73814	675
73815	629
73815	675
73816	629
73816	675
73817	629
73817	675
73818	629
73818	675
73819	629
73819	675
73820	629
73820	675
73821	629
73821	675
73822	629
73822	675
73823	629
73823	675
73824	629
73824	675
73825	629
73825	675
73826	629
73826	675
73827	629
73827	675
73828	629
73828	675
73829	629
73829	675
73830	629
73830	675
73831	629
73831	675
73832	629
73832	675
73833	629
73833	675
73834	629
73834	675
73835	629
73835	675
73836	629
73836	675
73837	629
73837	675
73838	629
73838	675
73839	629
73839	675
73840	629
73840	675
73841	629
73841	675
73842	629
73842	675
73843	629
73843	675
73844	629
73844	675
73845	629
73845	675
73846	629
73846	675
73847	629
73847	675
73848	629
73848	675
73849	629
73849	675
73850	629
73850	675
73851	629
73851	675
73852	629
73852	675
73853	629
73853	675
73854	629
73854	675
73855	629
73855	675
73856	629
73856	675
73857	629
73857	675
73858	629
73858	675
73859	629
73859	675
73860	629
73860	675
73861	629
73861	675
73862	629
73862	675
73863	629
73863	675
73864	629
73864	675
73865	629
73865	675
73866	629
73866	675
73867	629
73867	675
73868	629
73868	675
73869	629
73869	675
73870	629
73870	675
73871	629
73871	675
73872	629
73872	675
73873	629
73873	675
73874	629
73874	675
73875	629
73875	675
73876	629
73876	675
73877	629
73877	675
73878	629
73878	675
74083	34
74083	88
74083	89
74084	34
74084	88
74084	92
74085	34
74085	88
74085	92
74278	34
74278	88
74278	92
75713	639
75713	640
75714	639
75714	640
75715	639
75715	640
75716	639
75716	640
75717	639
75717	640
75718	639
75718	640
75719	639
75719	640
75720	639
75720	640
75721	639
75721	640
76250	98
76250	653
76287	442
76287	649
76288	98
76288	653
76431	98
76431	653
76882	98
76882	653
77584	314
77584	429
77585	314
77585	429
77587	314
77587	429
77588	314
77588	429
77589	314
77589	429
77590	314
77590	429
77591	314
77591	429
77592	314
77592	429
77593	314
77593	429
77594	314
77594	429
77737	292
77737	301
77737	314
77737	429
77738	292
77738	301
77738	314
77738	429
77739	292
77739	301
77739	314
77739	429
77740	292
77740	301
77740	314
77740	429
77741	292
77741	301
77741	314
77741	429
77742	292
77742	301
77742	314
77742	429
77743	292
77743	301
77743	314
77743	429
77744	292
77744	301
77744	314
77744	429
77745	292
77745	301
77745	314
77745	429
77746	292
77746	301
77746	314
77746	429
77747	292
77747	301
77747	314
77747	429
77748	292
77748	301
77748	314
77748	429
77773	292
77773	302
77773	314
77773	429
77774	292
77774	302
77774	314
77774	429
77775	292
77775	302
77775	314
77775	429
77776	292
77776	302
77776	314
77776	429
77777	292
77777	302
77777	314
77777	429
77778	292
77778	302
77778	314
77778	429
77779	292
77779	302
77779	314
77779	429
78202	292
78202	302
78203	314
78203	429
78204	314
78204	429
78205	314
78205	429
78608	314
78608	429
78609	314
78609	429
88769	66
88769	548
89622	314
89622	429
89623	314
89623	318
89624	314
89624	318
89625	314
89625	318
89626	314
89626	318
89627	314
89627	318
89628	314
89628	318
89629	314
89629	318
89630	314
89630	318
89631	314
89631	318
89632	314
89632	318
89633	314
89633	318
89634	314
89634	318
89635	314
89635	318
89636	314
89636	318
89637	314
89637	318
89638	314
89638	318
89639	314
89639	318
89640	314
89640	318
89641	314
89641	318
89642	314
89642	318
89643	314
89643	318
89644	314
89644	318
89645	314
89645	318
89646	314
89646	318
89647	314
89647	318
89648	314
89648	318
89649	314
89649	318
89650	314
89650	318
89651	314
89651	318
89652	314
89652	318
89653	314
89653	318
89694	302
89695	302
89696	302
89697	302
89698	302
89699	294
89700	302
89701	302
89702	302
89703	302
89704	302
89705	302
89706	302
89707	302
89708	302
89709	302
89710	302
89711	302
89712	302
89713	302
89714	294
89715	294
89716	302
89717	302
89718	294
89719	302
89720	314
89720	317
89720	649
89721	302
89722	302
89723	302
89724	302
89725	294
89726	302
89727	302
89728	294
89729	294
89730	302
89731	294
89732	302
89733	302
89734	302
89735	302
89736	302
89737	302
89738	302
89739	302
89740	302
89741	294
89742	294
89743	294
89744	294
89745	302
89746	294
89747	314
89747	317
89747	649
89748	294
89749	294
89750	314
89750	317
89750	649
89751	294
89752	294
89753	294
89754	302
89755	302
89756	302
89757	302
89758	302
89759	294
89760	302
89761	302
89762	302
89763	302
89764	294
89765	302
89766	302
89767	302
89768	302
89769	302
89770	302
89771	302
89772	314
89772	317
89772	649
89773	302
89774	302
89775	302
89776	302
89777	302
89778	302
89779	302
89780	302
89781	302
89782	302
89783	302
89784	302
89785	302
89786	302
89787	302
89787	314
89787	317
89787	649
89788	302
89789	302
89790	302
89791	294
89792	294
89793	314
89793	318
90794	66
90794	534
90795	534
90796	534
90797	534
90798	534
90799	534
90800	534
90801	534
90802	534
90803	534
90804	534
90805	534
90806	66
90806	534
90807	534
90808	534
90809	534
90811	534
90812	534
90813	534
90814	534
90815	534
90816	534
90817	534
90818	534
90819	534
90820	534
90821	534
90822	534
90823	534
90824	534
90825	534
90826	534
90827	66
90828	66
90829	66
93378	314
93378	429
93379	314
93379	429
93380	98
93380	653
93631	98
93631	653
94032	98
94032	653
94033	98
94033	653
94034	98
94034	653
96114	535
96114	632
96115	535
96115	632
96116	535
96116	632
99343	98
99343	653
101124	34
101124	108
101124	659
101124	668
101124	691
101125	235
101126	235
101126	238
101126	239
101127	428
101127	465
101128	66
101128	534
101130	466
101130	630
101131	466
101131	630
121605	98
121605	653
131915	66
131915	534
131916	66
139375	66
139375	534
139376	66
139376	534
139377	66
139377	534
139378	66
139378	534
139379	66
139379	534
139380	66
139380	534
139381	66
139381	534
139383	66
139383	534
139384	66
139384	534
142203	42
142203	43
142204	42
142204	43
142205	42
142205	43
142206	42
142206	43
142207	42
142207	43
142208	42
142208	43
142209	42
142209	43
142210	42
142210	43
142211	42
142211	43
142212	42
142212	43
142213	42
142213	43
142214	42
142214	43
142215	42
142215	43
142216	42
142216	43
142217	42
142217	43
142218	42
142218	43
142219	42
142219	43
142220	42
142220	43
142221	42
142221	43
142222	42
142222	43
142223	42
142223	43
142224	42
142224	43
142225	42
142225	43
142226	42
142226	43
142227	42
142227	43
142228	42
142228	43
142229	42
142229	43
142230	42
142230	43
142231	42
142231	43
142232	42
142232	43
142233	42
142233	43
142234	42
142234	43
142235	42
142235	43
142236	42
142236	43
142237	42
142237	43
142238	42
142238	43
142239	42
142239	43
142240	42
142240	43
142241	42
142241	43
142242	42
142242	43
142243	42
142243	43
142244	42
142244	43
142245	42
142245	43
142246	42
142246	43
142247	42
142247	43
142248	42
142248	43
142249	42
142249	43
142250	42
142250	43
142251	42
142251	43
142252	42
142252	43
142253	42
142253	43
142254	42
142254	43
142255	42
142255	43
142256	42
142256	43
142257	42
142257	43
142258	42
142258	43
142259	42
142259	43
142260	42
142260	43
142260	689
142262	42
142262	43
142263	42
142263	43
142264	42
142264	43
142265	42
142265	43
142265	689
142266	42
142266	43
142266	689
142267	42
142267	43
142268	42
142268	43
142269	42
142269	43
142269	689
142270	42
142270	43
142270	689
142271	42
142271	43
142272	42
142272	43
142273	42
142273	43
142274	42
142274	43
142275	42
142275	43
142276	42
142276	43
142277	42
142277	43
142278	42
142278	43
142279	42
142279	43
142280	42
142280	43
142281	42
142281	43
142282	42
142282	43
142283	42
142283	43
142284	42
142284	43
142285	42
142285	43
142286	42
142286	43
142287	42
142287	43
142288	42
142288	43
142289	42
142289	43
142290	42
142290	43
142291	42
142291	43
142292	42
142292	43
142294	42
142294	43
142295	42
142295	43
142296	42
142296	43
142297	42
142297	43
142298	42
142298	43
142298	689
142299	42
142299	43
142300	42
142300	43
142300	689
142301	42
142301	43
142302	42
142302	43
142305	42
142305	43
142305	689
142306	42
142306	43
142307	42
142307	43
142308	42
142308	43
148371	42
148371	43
157833	34
157833	87
163341	723
163341	724
163342	723
163342	724
163389	36
163389	650
163390	235
163390	238
163390	240
163391	36
163391	650
163392	36
163392	650
163393	292
163439	292
163439	490
163440	292
163440	490
163441	292
163441	490
163442	292
163442	490
163443	292
163444	292
163489	53
163489	75
163489	689
163489	726
163490	53
163490	75
163490	689
163490	726
163523	53
163523	75
163523	689
163523	726
163525	53
163525	75
163525	689
163525	726
163552	53
163552	75
163552	689
163552	726
163553	53
163553	75
163553	689
163553	726
163554	53
163554	75
163554	726
163555	53
163555	75
163555	689
163555	726
163558	53
163558	75
163558	726
163561	53
163561	75
163561	689
163561	726
163563	53
163563	75
163563	689
163563	726
163582	53
163582	75
163582	689
163582	726
163586	53
163586	75
163586	689
163586	726
163589	727
163589	728
163590	727
163590	728
163591	727
163591	728
163592	727
163592	728
163593	727
163593	728
163594	727
163594	728
163595	727
163595	728
163596	727
163596	728
163597	727
163597	728
163598	727
163598	728
163686	235
163686	238
163686	240
163687	727
163687	728
163688	727
163688	728
163689	727
163689	728
163690	727
163690	728
163691	727
163691	728
163692	727
163692	728
163693	727
163693	728
163694	727
163694	728
163695	727
163695	728
163696	727
163696	728
163697	727
163697	728
163698	727
163698	728
163699	727
163699	728
163700	727
163700	728
163701	727
163701	728
163702	727
163702	728
163703	727
163703	728
