product_id	start_price	final_price	deal_type
12460	420.00	690.00	installment
13789	1145.00	2100.00	installment
474	1490.00	2780.00	installment
12990	764.00	1660.00	installment
11751	294.00	520.00	installment
13591	368.00	620.00	installment
11751	294.00	520.00	installment
15074	708.00	1160.00	installment
3856	535.00	880.00	installment
14998	125.00	300.00	installment
15117	89.00	150.00	installment
15246	2883.00	4860.00	installment
4871	770.00	1320.00	installment
11751	294.00	520.00	installment
11788	591.00	970.00	installment
15270	510.00	850.00	installment
14104	495.00	850.00	installment
15269	1212.00	2120.00	installment
799	235.00	450.00	installment
13877	650.00	1090.00	installment
721	185.00	340.00	installment
15021	455.00	850.00	installment
13087	125.00	210.00	installment
14785	70.00	160.00	installment
14396	919.00	1520.00	installment
15269	1294.00	2120.00	installment
15290	1580.00	2660.00	installment
13703	737.00	1420.00	installment
12250	82.00	160.00	installment
15374	230.00	490.00	installment
14779	1765.00	2900.00	installment
4411	550.00	970.00	installment
14976	42.00	90.00	installment
15299	1580.00	2660.00	installment
13065	850.00	1390.00	installment
9227	325.00	680.00	installment
5004	615.00	1090.00	installment
11968	930.00	1530.00	installment
7460	307.00	570.00	installment
9290	790.00	1420.00	installment
9154	350.00	580.00	installment
15304	391.00	640.00	installment
10200	799.00	1570.00	installment
8577	238.00	450.00	installment
11781	650.00	1090.00	installment
15312	1700.00	2780.00	installment
14632	2895.00	4730.00	installment
1700	895.00	1570.00	installment
13767	1130.00	1850.00	installment
9735	975.00	1480.00	installment
9773	730.00	1090.00	installment
13878	686.00	1210.00	installment
13213	600.00	920.00	installment
7323	745.00	1220.00	installment
9685	499.00	820.00	installment
9685	499.00	820.00	installment
11781	599.00	1090.00	installment
14612	919.00	1530.00	installment
14898	305.00	520.00	installment
12267	532.00	980.00	installment
4448	640.00	1070.00	installment
14396	915.00	1520.00	installment
15420	274.00	530.00	installment
5312	70.00	150.00	installment
6806	70.00	140.00	installment
8412	106.00	220.00	installment
8413	127.00	260.00	installment
8601	106.00	220.00	installment
11668	239.00	460.00	installment
14379	275.00	490.00	installment
15324	197.00	350.00	installment
9154	350.00	580.00	installment
13779	790.00	1290.00	installment
13608	500.00	890.00	installment
12799	251.00	410.00	installment
14310	870.00	1430.00	installment
13273	460.00	790.00	installment
13380	840.00	1440.00	installment
13481	368.00	620.00	installment
10914	145.00	240.00	installment
12413	420.00	710.00	installment
3706	870.00	1440.00	installment
5701	799.00	1330.00	installment
12514	440.00	750.00	installment
12251	719.00	1450.00	installment
6892	966.00	1580.00	installment
7412	745.00	1270.00	installment
15104	1230.00	2055.00	installment
10439	2495.00	4070.00	installment
13877	650.00	1090.00	installment
10462	1265.00	2170.00	installment
8197	1045.00	1940.00	installment
1700	895.00	1570.00	installment
12432	190.00	320.00	installment
11758	294.00	490.00	installment
3699	640.00	1060.00	installment
12713	1179.00	1935.00	installment
13691	127.00	220.00	installment
15330	375.00	670.00	installment
14678	1050.00	1720.00	installment
13926	198.00	360.00	installment
12715	1119.00	1930.00	installment
11788	599.00	970.00	installment
13249	159.00	300.00	installment
14698	160.00	300.00	installment
13509	1100.00	1810.00	installment
13937	154.00	280.00	installment
14826	298.00	590.00	installment
950	470.00	850.00	installment
4324	1280.00	2180.00	installment
11781	650.00	1090.00	installment
15133	923.00	1510.00	installment
7806	1150.00	1890.00	installment
7015	900.00	1620.00	installment
6656	590.00	965.00	installment
13020	660.00	1210.00	installment
3510	655.00	1080.00	installment
5629	713.00	1170.00	installment
6745	945.00	1550.00	installment
12085	425.00	760.00	installment
13665	58.00	110.00	installment
14367	51.00	110.00	installment
15118	40.00	90.00	installment
7322	719.00	1450.00	installment
8204	960.00	1570.00	installment
11732	896.00	1480.00	installment
13973	295.00	490.00	installment
12843	275.00	460.00	installment
15124	780.00	1330.00	installment
14326	1550.00	2540.00	installment
8432	960.00	1570.00	installment
12567	420.00	690.00	installment
4062	100.00	210.00	installment
13801	47.00	110.00	installment
9440	480.00	790.00	installment
7916	99.00	180.00	installment
11377	62.00	200.00	installment
1345	55.00	100.00	installment
4939	37.00	90.00	installment
11330	52.00	100.00	installment
13244	48.00	90.00	installment
15287	89.00	150.00	installment
14558	275.00	490.00	installment
13033	1078.00	1820.00	installment
14167	690.00	1450.00	installment
15275	1294.00	2120.00	installment
4353	138.00	240.00	installment
15359	110.00	180.00	installment
7065	1380.00	2260.00	installment
14815	240.00	430.00	installment
1563	350.00	670.00	installment
4834	145.00	250.00	installment
5512	35.00	90.00	installment
3245	72.00	140.00	installment
10485	23.00	75.00	installment
15231	190.00	370.00	installment
13314	1660.00	2720.00	installment
3334	185.00	340.00	installment
13535	584.00	980.00	installment
13201	899.00	1690.00	installment
9439	350.00	650.00	installment
3706	870.00	1440.00	installment
14544	170.00	360.00	installment
12963	285.00	485.00	installment
13937	154.00	280.00	installment
14849	75.00	180.00	installment
13020	690.00	1210.00	installment
11849	425.00	730.00	installment
9072	580.00	970.00	installment
9072	580.00	960.00	installment
4738	560.00	950.00	installment
15345	301.00	480.00	installment
15346	199.00	330.00	installment
15382	599.00	1090.00	installment
15383	458.00	750.00	installment
3687	515.00	850.00	installment
14536	399.00	760.00	installment
13937	154.00	280.00	installment
12413	430.00	720.00	installment
5322	320.00	530.00	installment
13685	36.00	100.00	installment
5413	720.00	1190.00	installment
15455	1700.00	2780.00	installment
14104	495.00	850.00	installment
9448	790.00	1420.00	installment
2092	635.00	1040.00	installment
83	625.00	1070.00	installment
15446	638.00	1210.00	installment
14698	160.00	305.00	installment
13769	1650.00	2690.00	installment
3973	555.00	990.00	installment
12413	430.00	720.00	installment
12717	70.00	245.00	installment
13269	179.00	340.00	installment
15413	608.00	965.00	installment
15414	125.00	205.00	installment
10437	1930.00	3395.00	installment
15399	419.00	690.00	installment
15230	734.00	1420.00	installment
15462	192.00	330.00	installment
12575	420.00	690.00	installment
11781	650.00	1090.00	installment
632	164.00	320.00	installment
11751	294.00	490.00	installment
467	770.00	1320.00	installment
14541	1700.00	2780.00	installment
13749	130.00	250.00	installment
13749	130.00	250.00	installment
4634	399.00	700.00	installment
15408	105.00	270.00	installment
12129	2348.00	3870.00	installment
3999	119.00	230.00	installment
15409	449.00	810.00	installment
15411	214.00	350.00	installment
12474	420.00	720.00	installment
12713	1119.00	1930.00	installment
13296	615.00	1090.00	installment
11716	940.00	1540.00	installment
5266	530.00	870.00	installment
4787	155.00	290.00	installment
14664	39.00	100.00	installment
15427	65.00	120.00	installment
12575	420.00	690.00	installment
13060	160.00	340.00	installment
15415	185.00	320.00	installment
150	550.00	970.00	installment
14039	130.00	250.00	installment
15476	295.00	490.00	installment
14006	240.00	430.00	installment
12772	1930.00	3150.00	installment
6617	1020.00	1740.00	installment
9852	552.00	830.00	installment
12903	29.00	80.00	installment
14647	29.00	60.00	installment
14657	50.00	100.00	installment
13458	329.00	610.00	installment
12477	464.00	800.00	installment
12514	450.00	750.00	installment
14612	919.00	1530.00	installment
14310	870.00	1430.00	installment
13314	1660.00	2720.00	installment
12528	1329.00	2180.00	installment
3699	640.00	1060.00	installment
9064	580.00	960.00	installment
12514	450.00	750.00	installment
15423	1580.00	2590.00	installment
6096	680.00	1100.00	installment
4029	640.00	1070.00	installment
6078	680.00	1100.00	installment
15440	375.00	620.00	installment
7005	1099.00	1940.00	installment
13292	620.00	1220.00	installment
15429	895.00	1570.00	installment
8538	413.00	750.00	installment
9218	580.00	960.00	installment
11758	294.00	490.00	installment
13120	311.00	550.00	installment
7374	297.00	580.00	installment
11334	480.00	790.00	installment
15435	431.00	720.00	installment
15436	550.00	910.00	installment
14015	1116.00	2060.00	installment
13929	154.00	280.00	installment
13877	650.00	1090.00	installment
11751	294.00	490.00	installment
14384	375.00	670.00	installment
15438	1100.00	1810.00	installment
12567	420.00	690.00	installment
13895	500.00	820.00	installment
9440	480.00	790.00	installment
7644	635.00	1040.00	installment
14097	154.00	280.00	installment
12268	133.00	280.00	installment
13278	1.00	530.00	installment
14066	188.00	330.00	installment
15445	274.00	540.00	installment
14310	870.00	1430.00	installment
13574	791.00	1360.00	installment
14612	915.00	1525.00	installment
14027	990.00	1620.00	installment
5579	231.00	430.00	installment
15448	906.00	1770.00	installment
12474	430.00	720.00	installment
12794	865.00	1420.00	installment
14828	775.00	1270.00	installment
12787	990.00	1620.00	installment
9154	350.00	580.00	installment
11101	400.00	670.00	installment
15454	1580.00	2590.00	installment
13323	1264.00	2060.00	installment
12521	450.00	750.00	installment
9723	880.00	1480.00	installment
13784	1100.00	1810.00	installment
4733	690.00	1150.00	installment
13373	490.00	880.00	installment
15460	285.00	300.00	single
13273	460.00	790.00	installment
3698	560.00	950.00	installment
15480	295.00	570.00	installment
13256	450.00	750.00	installment
6084	995.00	1630.00	installment
14271	719.00	1330.00	installment
14767	1147.00	2060.00	installment
15464	250.00	490.00	installment
14989	160.00	270.00	installment
4634	399.00	700.00	installment
13877	650.00	1090.00	installment
11912	800.00	1320.00	installment
14326	1550.00	2540.00	installment
7644	635.00	1040.00	installment
14759	1765.00	2900.00	installment
15468	385.00	620.00	installment
15469	69.00	250.00	installment
3741	720.00	1210.00	installment
11503	650.00	1090.00	installment
12460	420.00	820.00	installment
9704	520.00	860.00	installment
13329	999.00	1630.00	installment
15425	799.00	1330.00	installment
3943	85.00	170.00	installment
8412	106.00	220.00	installment
8601	106.00	220.00	installment
14296	30.00	60.00	installment
14323	56.00	140.00	installment
14797	120.00	250.00	installment
14826	299.00	600.00	installment
721	185.00	340.00	installment
15478	11.00	5300.00	installment
14473	1550.00	2540.00	installment
15465	380.00	690.00	installment
4976	160.00	270.00	installment
14006	240.00	430.00	installment
14325	1335.00	2300.00	installment
15476	299.00	490.00	installment
15484	1280.00	2090.00	installment
13020	690.00	1210.00	installment
11374	290.00	560.00	installment
15487	170.00	290.00	installment
5033	465.00	820.00	installment
13273	460.00	790.00	installment
3698	560.00	940.00	installment
9290	790.00	1420.00	installment
15230	790.00	1420.00	installment
12413	430.00	720.00	installment
11882	770.00	1270.00	installment
12801	170.00	370.00	installment
15577	942.00	1570.00	installment
3775	465.00	760.00	installment
11904	95.00	160.00	installment
15495	110.00	180.00	installment
13444	1550.00	2540.00	installment
15500	690.00	1210.00	installment
11188	400.00	670.00	installment
14930	235.00	490.00	installment
13248	980.00	1610.00	installment
6096	680.00	1100.00	installment
6534	980.00	1610.00	installment
6063	720.00	1190.00	installment
9218	580.00	960.00	installment
15505	893.00	1460.00	installment
161	830.00	1370.00	installment
14097	154.00	280.00	installment
15508	880.00	1440.00	installment
15505	893.00	1460.00	installment
6535	945.00	1550.00	installment
6329	109.00	210.00	installment
15517	126.00	220.00	installment
12110	47.00	100.00	installment
13300	89.00	180.00	installment
13740	580.00	1020.00	installment
13806	51.00	110.00	installment
15525	210.00	370.00	installment
15526	224.00	380.00	installment
14828	775.00	1270.00	installment
6060	1100.00	1910.00	installment
15524	231.00	390.00	installment
3506	450.00	740.00	installment
12206	1810.00	3020.00	installment
12528	1320.00	2180.00	installment
15505	893.00	1460.00	installment
12155	619.00	1090.00	installment
3982	86.00	160.00	installment
10233	72.00	150.00	installment
14921	99.00	180.00	installment
15536	89.00	180.00	installment
15537	106.00	220.00	installment
15538	67.00	140.00	installment
15540	56.00	120.00	installment
15583	91.00	150.00	installment
4392	260.00	440.00	installment
9518	490.00	810.00	installment
15542	510.00	840.00	installment
13972	638.00	1210.00	installment
1700	895.00	1570.00	installment
6063	720.00	1190.00	installment
11334	480.00	790.00	installment
2092	635.00	1040.00	installment
13091	1775.00	2900.00	installment
14060	1100.00	1820.00	installment
9499	334.00	610.00	installment
13518	674.00	1110.00	installment
15185	975.00	1690.00	installment
15203	237.00	410.00	installment
15546	925.00	1570.00	installment
4247	1020.00	1670.00	installment
13248	980.00	1610.00	installment
1632	116.00	220.00	installment
12073	67.00	120.00	installment
15425	799.00	1330.00	installment
15553	1080.00	1770.00	installment
14046	950.00	1750.00	installment
13373	490.00	880.00	installment
14104	495.00	850.00	installment
762	252.00	440.00	installment
8228	250.00	490.00	installment
15558	134.00	240.00	installment
13929	154.00	280.00	installment
15562	132.00	270.00	installment
15563	106.00	200.00	installment
3502	495.00	810.00	installment
13330	329.00	499.00	single
13662	172.00	290.00	installment
15592	95.00	200.00	installment
15592	95.00	200.00	installment
3944	799.00	1330.00	installment
15569	680.00	1110.00	installment
15062	180.00	330.00	installment
4718	950.00	1560.00	installment
14788	129.00	160.00	installment
15578	96.00	220.00	installment
15586	180.00	330.00	installment
13020	660.00	1210.00	installment
12770	299.00	490.00	installment
15228	217.00	350.00	installment
9252	65.00	300.00	installment
15420	274.00	530.00	installment
9645	1400.00	2210.00	installment
4781	775.00	1270.00	installment
15444	819.00	1630.00	installment
9218	580.00	960.00	installment
12477	430.00	800.00	installment
15442	790.00	1630.00	installment
12589	539.00	890.00	installment
784	299.00	570.00	installment
9072	580.00	960.00	installment
14695	343.00	550.00	installment
8579	960.00	1570.00	installment
5453	530.00	880.00	installment
6026	1120.00	1840.00	installment
14006	240.00	430.00	installment
14771	125.00	210.00	installment
15689	380.00	610.00	installment
9327	1680.00	2740.00	installment
14086	122.00	210.00	installment
12514	450.00	750.00	installment
149	570.00	970.00	installment
3977	156.00	290.00	installment
6423	120.00	210.00	installment
6423	120.00	210.00	installment
14097	154.00	280.00	installment
9664	600.00	990.00	installment
9664	600.00	990.00	installment
8228	250.00	330.00	installment
13248	980.00	1610.00	installment
9290	790.00	1420.00	installment
14587	320.00	610.00	installment
12569	720.00	1190.00	installment
12892	800.00	1330.00	installment
12892	800.00	1330.00	installment
15225	398.00	760.00	installment
13929	154.00	280.00	installment
14097	154.00	280.00	installment
7293	745.00	1270.00	installment
12795	730.00	1210.00	installment
13134	440.00	730.00	installment
15602	544.00	930.00	installment
11968	930.00	1520.00	installment
14133	176.00	300.00	installment
14709	117.00	200.00	installment
12569	720.00	1190.00	installment
12569	720.00	1190.00	installment
11798	740.00	1210.00	installment
14422	840.00	1380.00	installment
13929	154.00	280.00	installment
12569	720.00	1190.00	installment
12043	650.00	1070.00	installment
9664	600.00	990.00	installment
10083	139.00	250.00	installment
12568	720.00	1190.00	installment
13929	154.00	280.00	installment
12569	720.00	1190.00	installment
6523	49.00	90.00	installment
14713	160.00	270.00	installment
5442	640.00	1050.00	installment
1273	82.00	160.00	installment
1345	55.00	100.00	installment
4673	71.00	140.00	installment
14583	75.00	180.00	installment
14972	29.00	60.00	installment
15623	41.00	100.00	installment
9652	600.00	990.00	installment
11095	400.00	670.00	installment
15714	342.00	610.00	installment
6893	635.00	1040.00	installment
12914	230.00	490.00	installment
14384	412.00	680.00	installment
6576	745.00	1220.00	installment
113	455.00	750.00	installment
15628	600.00	990.00	installment
12474	430.00	720.00	installment
15673	289.00	490.00	installment
15632	249.00	490.00	installment
9958	450.00	750.00	installment
3510	655.00	1080.00	installment
13541	947.00	1790.00	installment
2077	4150.00	5950.00	installment
14303	1000.00	1690.00	installment
13946	495.00	850.00	installment
15124	774.00	1330.00	installment
14638	919.00	1550.00	installment
13575	674.00	1110.00	installment
14828	745.00	1270.00	installment
6156	980.00	1610.00	installment
6523	49.00	90.00	installment
12444	83.00	150.00	installment
14559	53.00	140.00	installment
15630	900.00	1480.00	installment
13929	154.00	280.00	installment
3687	505.00	850.00	installment
15646	379.00	650.00	installment
11099	1250.00	2040.00	installment
15545	265.00	450.00	installment
15424	70.00	160.00	installment
15648	86.00	200.00	installment
15653	285.00	490.00	installment
15653	285.00	490.00	installment
13946	495.00	850.00	installment
13937	154.00	280.00	installment
15057	60.00	110.00	installment
724	284.00	520.00	installment
6964	1326.00	2440.00	installment
14052	879.00	1570.00	installment
5848	640.00	1050.00	installment
15655	289.00	490.00	installment
15076	235.00	490.00	installment
15664	970.00	1600.00	installment
15417	248.00	440.00	installment
15420	274.00	530.00	installment
13877	625.00	1070.00	installment
7223	608.00	1100.00	installment
15665	270.00	450.00	installment
15670	970.00	1600.00	installment
3566	195.00	340.00	installment
3777	134.00	240.00	installment
4810	60.00	110.00	installment
4966	66.00	120.00	installment
12914	230.00	490.00	installment
14035	700.00	1150.00	installment
14097	154.00	280.00	installment
15547	270.00	450.00	installment
15674	1263.00	2180.00	installment
13295	460.00	790.00	installment
15258	134.00	240.00	installment
9652	600.00	990.00	installment
15039	259.00	440.00	installment
15651	970.00	1600.00	installment
15760	2070.00	3380.00	installment
14930	235.00	490.00	installment
15686	76.00	150.00	installment
15651	970.00	1600.00	installment
15616	385.00	640.00	installment
15655	289.00	490.00	installment
15671	970.00	1600.00	installment
15465	418.00	690.00	installment
15691	155.00	330.00	installment
15692	312.00	550.00	installment
15670	970.00	1600.00	installment
3982	86.00	160.00	installment
14695	374.00	620.00	installment
15696	170.00	330.00	installment
15697	131.00	290.00	installment
15280	312.00	550.00	installment
15670	970.00	1600.00	installment
12621	440.00	730.00	installment
15505	893.00	1460.00	installment
11751	294.00	490.00	installment
15673	289.00	490.00	installment
15698	1997.00	3280.00	installment
15673	289.00	490.00	installment
15574	159.00	310.00	installment
13769	1650.00	2700.00	installment
15560	995.00	1740.00	installment
13080	595.00	980.00	installment
13990	495.00	850.00	installment
13866	390.00	640.00	installment
15739	970.00	1600.00	installment
1350	86.00	170.00	installment
14490	262.00	440.00	installment
15670	970.00	1600.00	installment
11095	400.00	670.00	installment
15670	970.00	1600.00	installment
13934	155.00	299.00	single
15673	289.00	490.00	installment
11128	1250.00	2040.00	installment
13588	831.00	1450.00	installment
13986	155.00	219.00	single
13986	155.00	219.00	single
13986	155.00	219.00	single
8369	61.00	120.00	installment
13569	69.00	140.00	installment
15670	970.00	1600.00	installment
15715	970.00	1600.00	installment
15715	970.00	1600.00	installment
3687	505.00	850.00	installment
12914	230.00	490.00	installment
15707	965.00	1670.00	installment
11847	425.00	760.00	installment
14609	255.00	430.00	installment
14248	950.00	1570.00	installment
15133	1026.00	1800.00	installment
15727	970.00	1600.00	installment
15673	289.00	490.00	installment
14620	303.00	590.00	installment
11221	600.00	990.00	installment
12536	420.00	690.00	installment
14930	235.00	490.00	installment
15732	35.00	100.00	installment
11975	650.00	1070.00	installment
3943	85.00	170.00	installment
4867	82.00	170.00	installment
5997	56.00	120.00	installment
8564	132.00	270.00	installment
11298	106.00	220.00	installment
11482	95.00	200.00	installment
14824	90.00	180.00	installment
15733	163.00	280.00	installment
13662	172.00	290.00	installment
14415	262.00	440.00	installment
14998	159.00	300.00	installment
15016	40.00	840.00	installment
15446	686.00	1210.00	installment
15673	289.00	490.00	installment
9691	880.00	1440.00	installment
11469	4150.00	5950.00	installment
10465	2050.00	2780.00	installment
15739	970.00	1600.00	installment
15739	970.00	1600.00	installment
15346	180.00	330.00	installment
13024	491.00	910.00	installment
7005	1090.00	1930.00	installment
11751	294.00	490.00	installment
15744	289.00	490.00	installment
2092	635.00	1040.00	installment
12099	197.00	350.00	installment
13300	89.00	180.00	installment
13942	44.00	100.00	installment
150	550.00	970.00	installment
14221	605.00	990.00	installment
15750	970.00	1600.00	installment
14244	1450.00	2440.00	installment
15754	970.00	1600.00	installment
14097	154.00	280.00	installment
15739	970.00	1600.00	installment
10465	1680.00	2780.00	installment
5112	609.00	1010.00	installment
13444	1550.00	2540.00	installment
15762	289.00	490.00	installment
2079	1110.00	1180.00	single
14396	919.00	1040.00	single
12460	420.00	690.00	installment
13273	445.00	790.00	installment
13946	515.00	850.00	installment
13694	831.00	1450.00	installment
13295	460.00	790.00	installment
14370	899.00	1570.00	installment
9064	580.00	960.00	installment
15707	970.00	1600.00	installment
15752	2057.00	3380.00	installment
14303	1000.00	1690.00	installment
7588	1325.00	2170.00	installment
15125	941.00	1570.00	installment
15638	168.00	310.00	installment
15755	190.00	370.00	installment
12646	254.00	430.00	installment
14395	187.00	320.00	installment
14699	85.00	250.00	installment
15727	970.00	1600.00	installment
146	385.00	670.00	installment
13273	445.00	790.00	installment
15720	970.00	1600.00	installment
13295	460.00	790.00	installment
13949	500.00	820.00	installment
13535	599.00	1090.00	installment
12876	730.00	1240.00	installment
6079	1120.00	1840.00	installment
9067	278.00	510.00	installment
15737	2449.00	3890.00	installment
6227	260.00	440.00	installment
14759	1990.00	3380.00	installment
8380	735.00	1210.00	installment
14299	960.00	1570.00	installment
15795	86.00	200.00	installment
13769	1550.00	2700.00	installment
14104	495.00	850.00	installment
4866	260.00	440.00	installment
15747	1470.00	2400.00	installment
14253	950.00	1570.00	installment
14311	1000.00	1670.00	installment
8204	960.00	1570.00	installment
14805	165.00	370.00	installment
10463	1270.00	2180.00	installment
7406	615.00	1070.00	installment
12109	1000.00	1690.00	installment
721	185.00	340.00	installment
13411	620.00	1020.00	installment
15793	111.00	460.00	installment
14331	1230.00	2060.00	installment
5127	550.00	910.00	installment
11751	294.00	490.00	installment
8581	680.00	1110.00	installment
14331	1230.00	2060.00	installment
15857	290.00	490.00	installment
13199	699.00	1210.00	installment
4849	155.00	290.00	installment
15795	109.00	200.00	installment
15811	175.00	340.00	installment
15715	970.00	1600.00	installment
9783	770.00	1270.00	installment
15452	120.00	210.00	installment
13410	320.00	610.00	installment
15792	289.00	490.00	installment
3698	660.00	940.00	installment
15230	734.00	1420.00	installment
15813	970.00	1600.00	installment
12885	570.00	870.00	installment
4136	71.00	160.00	installment
5880	45.00	100.00	installment
14976	42.00	90.00	installment
15259	76.00	140.00	installment
15260	104.00	180.00	installment
15638	168.00	300.00	installment
15230	734.00	1420.00	installment
15814	289.00	490.00	installment
13895	500.00	820.00	installment
6156	980.00	1610.00	installment
15727	970.00	1600.00	installment
6486	286.00	490.00	installment
12082	355.00	590.00	installment
15707	11.00	1600.00	installment
13431	700.00	1150.00	installment
15727	970.00	1600.00	installment
15739	970.00	1600.00	installment
10463	1515.00	2180.00	installment
6986	900.00	1550.00	installment
15822	1150.00	1930.00	installment
14538	412.00	680.00	installment
9958	450.00	750.00	installment
15841	322.00	530.00	installment
15769	2070.00	3360.00	installment
14311	1000.00	1690.00	installment
15673	322.00	530.00	installment
13929	154.00	230.00	single
2068	2120.00	2430.00	single
15720	970.00	1600.00	installment
13066	1000.00	1390.00	installment
11781	650.00	1090.00	installment
15811	175.00	340.00	installment
13529	959.00	1690.00	installment
15739	970.00	1600.00	installment
3502	480.00	800.00	installment
14132	1007.00	1750.00	installment
4630	185.00	310.00	installment
13937	154.00	280.00	installment
13779	790.00	1290.00	installment
11758	294.00	490.00	installment
15707	970.00	1600.00	installment
12738	255.00	450.00	installment
14325	1335.00	2300.00	installment
13913	625.00	1090.00	installment
3967	1270.00	2175.00	installment
8380	735.00	1210.00	installment
3587	65.00	155.00	installment
14559	53.00	135.00	installment
12885	530.00	870.00	installment
15739	970.00	1600.00	installment
14253	950.00	1570.00	installment
15720	970.00	1600.00	installment
15739	970.00	1270.00	installment
14756	230.00	390.00	installment
15759	970.00	1600.00	installment
468	1100.00	1810.00	installment
9743	1100.00	1440.00	installment
12428	570.00	940.00	installment
14669	1320.00	2540.00	installment
14097	154.00	280.00	installment
7005	1100.00	1940.00	installment
14320	1450.00	2440.00	installment
13929	154.00	280.00	installment
15747	1470.00	2410.00	installment
15594	925.00	1570.00	installment
15254	975.00	1690.00	installment
13144	970.00	1600.00	installment
401	870.00	1430.00	installment
8889	320.00	530.00	installment
12474	430.00	720.00	installment
252	93.00	170.00	installment
14805	165.00	360.00	installment
11904	97.00	170.00	installment
15845	81.00	210.00	installment
15739	970.00	1600.00	installment
15735	2380.00	3890.00	installment
15858	289.00	490.00	installment
15856	650.00	1090.00	installment
15797	2068.00	3360.00	installment
15727	970.00	1600.00	installment
15864	197.00	350.00	installment
15739	970.00	1600.00	installment
15739	970.00	1600.00	installment
15079	181.00	330.00	installment
15861	119.00	210.00	installment
15727	970.00	1600.00	installment
12267	592.00	980.00	installment
15752	2070.00	3890.00	installment
15727	970.00	1600.00	installment
13351	254.00	430.00	installment
14110	202.00	340.00	installment
14415	262.00	430.00	installment
15841	322.00	540.00	installment
3775	465.00	760.00	installment
14035	700.00	1150.00	installment
13091	1775.00	2900.00	installment
1635	85.00	200.00	installment
7611	130.00	220.00	installment
10914	145.00	240.00	installment
13300	75.00	180.00	installment
13835	122.00	210.00	installment
15865	25.00	60.00	installment
15866	130.00	220.00	installment
5127	550.00	910.00	installment
13769	1550.00	2700.00	installment
15739	970.00	1600.00	installment
13913	635.00	1090.00	installment
9958	450.00	750.00	installment
15876	360.00	640.00	installment
15878	970.00	1600.00	installment
13608	500.00	820.00	installment
13392	1120.00	1870.00	installment
163	1090.00	1790.00	installment
13213	600.00	1030.00	installment
13835	122.00	170.00	single
13166	585.00	980.00	installment
15841	376.00	620.00	installment
9958	450.00	750.00	installment
15841	376.00	620.00	installment
14396	945.00	1550.00	installment
8596	680.00	1100.00	installment
15891	670.00	1100.00	installment
4022	240.00	260.00	single
7399	440.00	470.00	single
8581	680.00	720.00	single
15739	970.00	1600.00	installment
12885	530.00	870.00	installment
15895	376.00	620.00	installment
9072	580.00	960.00	installment
4892	300.00	500.00	installment
15894	220.00	370.00	installment
7	75.00	180.00	installment
6078	680.00	1100.00	installment
12841	111.00	220.00	installment
13929	154.00	280.00	installment
15901	460.00	760.00	installment
15895	376.00	620.00	installment
9412	675.00	1110.00	installment
9206	1000.00	1640.00	installment
4309	575.00	870.00	installment
15858	330.00	550.00	installment
14436	1130.00	1850.00	installment
13986	155.00	270.00	installment
15904	330.00	550.00	installment
15895	376.00	620.00	installment
112	465.00	820.00	installment
3862	360.00	530.00	installment
5713	315.00	520.00	installment
15919	148.00	290.00	installment
15919	148.00	290.00	installment
15914	970.00	1600.00	installment
13608	500.00	820.00	installment
15843	940.00	1540.00	installment
14248	950.00	1570.00	installment
4247	1020.00	1670.00	installment
15760	2057.00	3360.00	installment
13820	30.00	80.00	installment
15968	400.00	730.00	installment
15969	95.00	200.00	installment
15969	95.00	200.00	installment
15969	95.00	200.00	installment
15969	95.00	200.00	installment
15970	15.00	40.00	installment
15971	156.00	270.00	installment
1618	50.00	100.00	installment
1635	85.00	190.00	installment
15920	185.00	350.00	installment
13529	945.00	1690.00	installment
7849	825.00	1370.00	installment
15895	376.00	620.00	installment
15927	1600.00	2720.00	installment
15727	970.00	1600.00	installment
9685	560.00	920.00	installment
7806	1150.00	1890.00	installment
15895	376.00	620.00	installment
11975	650.00	1070.00	installment
15925	1150.00	1930.00	installment
9154	350.00	580.00	installment
15727	970.00	1600.00	installment
15739	970.00	1600.00	installment
4053	555.00	960.00	installment
9619	710.00	1160.00	installment
15927	1600.00	2720.00	installment
15727	970.00	1600.00	installment
15932	376.00	620.00	installment
4705	93.00	170.00	installment
5226	37.00	90.00	installment
15010	25.00	60.00	installment
13351	135.00	430.00	installment
15892	376.00	620.00	installment
11847	435.00	760.00	installment
631	72.00	140.00	installment
11612	319.00	620.00	installment
12974	223.00	410.00	installment
15369	135.00	370.00	installment
6971	1380.00	2260.00	installment
15892	376.00	620.00	installment
15727	970.00	1600.00	installment
15727	970.00	1600.00	installment
15712	995.00	1740.00	installment
15254	975.00	1690.00	installment
14097	154.00	280.00	installment
14209	760.00	1390.00	installment
9704	520.00	860.00	installment
15948	123.00	280.00	installment
3972	560.00	950.00	installment
13814	240.00	430.00	installment
15961	85.00	240.00	installment
11751	294.00	490.00	installment
15895	376.00	620.00	installment
15570	820.00	1340.00	installment
13528	899.00	1900.00	installment
15964	879.00	1720.00	installment
15895	376.00	620.00	installment
15972	859.00	1440.00	installment
15974	263.00	460.00	installment
15974	263.00	460.00	installment
15974	263.00	460.00	installment
15974	263.00	460.00	installment
11751	294.00	490.00	installment
13835	122.00	210.00	installment
15858	330.00	550.00	installment
1629	156.00	290.00	installment
13937	154.00	280.00	installment
15858	330.00	550.00	installment
11334	480.00	790.00	installment
15987	2100.00	3570.00	installment
9544	710.00	1160.00	installment
15269	1263.00	2270.00	installment
15230	790.00	1420.00	installment
15858	330.00	550.00	installment
10449	2350.00	4020.00	installment
15981	970.00	1600.00	installment
15988	255.00	450.00	installment
15720	970.00	1670.00	installment
13196	1721.00	3260.00	installment
14325	1335.00	2400.00	installment
4540	99.00	180.00	installment
15995	276.00	520.00	installment
13020	740.00	1210.00	installment
15895	376.00	650.00	installment
15996	374.00	620.00	installment
13192	1050.00	1810.00	installment
158	400.00	700.00	installment
15858	330.00	550.00	installment
15895	376.00	620.00	installment
15739	966.00	1600.00	installment
15715	970.00	1600.00	installment
15707	966.00	1600.00	installment
15759	966.00	1600.00	installment
12711	1600.00	2720.00	installment
2098	1250.00	2060.00	installment
13411	620.00	1020.00	installment
15998	880.00	1440.00	installment
9072	580.00	960.00	installment
12528	1320.00	2180.00	installment
6468	680.00	1100.00	installment
15997	460.00	760.00	installment
8378	1150.00	1890.00	installment
15999	920.00	1510.00	installment
16000	970.00	1580.00	installment
16002	710.00	1300.00	installment
3698	560.00	940.00	installment
9154	350.00	580.00	installment
15739	966.00	1600.00	installment
11234	268.00	520.00	installment
13248	980.00	1610.00	installment
15739	970.00	1600.00	installment
1028	90.00	180.00	installment
12514	450.00	750.00	installment
15574	159.00	300.00	installment
16008	145.00	250.00	installment
15481	820.00	1340.00	installment
11168	400.00	670.00	installment
15892	376.00	650.00	installment
9556	465.00	860.00	installment
11343	1099.00	2020.00	installment
12621	440.00	760.00	installment
15720	970.00	1670.00	installment
16013	1000.00	1720.00	installment
9619	710.00	1210.00	installment
15739	966.00	1670.00	installment
6079	1120.00	1920.00	installment
15230	790.00	1470.00	installment
15858	328.00	570.00	installment
14103	650.00	1130.00	installment
15858	328.00	570.00	installment
15895	376.00	650.00	installment
15739	966.00	1670.00	installment
3179	180.00	320.00	installment
6060	1095.00	2020.00	installment
15164	410.00	730.00	installment
16022	510.00	870.00	installment
3648	950.00	1630.00	installment
15989	328.00	570.00	installment
4411	550.00	1010.00	installment
5454	240.00	980.00	installment
12223	650.00	1140.00	installment
13898	950.00	1770.00	installment
6555	735.00	1260.00	installment
6755	1400.00	2400.00	installment
3428	225.00	400.00	installment
16036	155.00	380.00	installment
15104	1230.00	2150.00	installment
16035	375.00	650.00	installment
6771	1099.00	2020.00	installment
13986	155.00	280.00	installment
13295	445.00	820.00	installment
15739	966.00	1670.00	installment
14205	240.00	510.00	installment
1348	189.00	365.00	installment
7806	1060.00	1378.00	installment
9164	970.00	1260.00	installment
9164	970.00	1260.00	installment
12868	1290.00	1677.00	installment
16043	1725.00	2240.00	installment
16044	1500.00	1950.00	installment
12140	111.00	2220.00	installment
15895	376.00	670.00	installment
163	1090.00	1870.00	installment
16008	145.00	260.00	installment
16048	36.00	90.00	installment
15895	375.00	650.00	installment
16050	1290.00	2270.00	installment
15720	965.00	1670.00	installment
13877	635.00	1140.00	installment
13041	630.00	1210.00	installment
13929	154.00	290.00	installment
6576	745.00	1280.00	installment
16051	375.00	670.00	installment
8492	735.00	1260.00	installment
15892	375.00	650.00	installment
16057	1110.00	1890.00	installment
6096	680.00	1150.00	installment
16055	445.00	770.00	installment
11289	640.00	1100.00	installment
14812	283.00	510.00	installment
15727	965.00	1670.00	installment
12099	197.00	370.00	installment
3506	460.00	800.00	installment
11751	294.00	510.00	installment
14303	995.00	1770.00	installment
3953	220.00	450.00	installment
15906	799.00	1540.00	installment
15895	375.00	650.00	installment
5585	690.00	1200.00	installment
16078	445.00	770.00	installment
5454	240.00	420.00	installment
16078	445.00	770.00	installment
4834	145.00	250.00	installment
10057	120.00	220.00	installment
11751	294.00	510.00	installment
16085	925.00	1770.00	installment
9589	1250.00	2130.00	installment
15858	328.00	570.00	installment
16081	247.00	430.00	installment
12514	450.00	780.00	installment
16078	445.00	770.00	installment
11719	319.00	650.00	installment
7509	279.00	560.00	installment
16096	221.00	430.00	installment
7636	466.00	950.00	installment
16102	250.00	460.00	installment
15739	965.00	1670.00	installment
14331	1230.00	2150.00	installment
15895	375.00	650.00	installment
16082	445.00	770.00	installment
13404	445.00	820.00	installment
16081	221.00	430.00	installment
16019	219.00	410.00	installment
12413	430.00	750.00	installment
9334	465.00	860.00	installment
13475	115.00	200.00	installment
16116	98.00	210.00	installment
2092	635.00	1090.00	installment
15739	965.00	1670.00	installment
3784	591.00	829.00	single
16120	118.00	154.00	installment
16121	169.00	220.00	installment
12514	450.00	780.00	installment
16047	460.00	800.00	installment
11732	900.00	1830.00	installment
1332	57.00	120.00	installment
4834	145.00	250.00	installment
12004	77.00	200.00	installment
13332	275.00	480.00	installment
13790	171.00	300.00	installment
13942	44.00	100.00	installment
9765	480.00	820.00	installment
15892	375.00	650.00	installment
16070	445.00	770.00	installment
16078	445.00	770.00	installment
15892	375.00	650.00	installment
16078	445.00	770.00	installment
16082	445.00	770.00	installment
13535	580.00	1140.00	installment
16134	150.00	270.00	installment
16353	610.00	1050.00	installment
9058	365.00	660.00	installment
11751	294.00	510.00	installment
16078	445.00	770.00	installment
16081	221.00	430.00	installment
3473	115.00	220.00	installment
16144	145.00	250.00	installment
16151	65.00	130.00	installment
14515	155.00	380.00	installment
16150	170.00	320.00	installment
3502	490.00	850.00	installment
151	575.00	1070.00	installment
15739	965.00	1670.00	installment
14097	154.00	290.00	installment
16153	1100.00	1880.00	installment
13929	154.00	290.00	installment
14998	158.00	320.00	installment
16078	445.00	770.00	installment
15739	965.00	1670.00	installment
7806	1150.00	1970.00	installment
15570	820.00	1400.00	installment
16166	245.00	430.00	installment
16166	245.00	430.00	installment
16166	245.00	430.00	installment
16166	245.00	430.00	installment
3698	560.00	990.00	installment
15739	965.00	1670.00	installment
16165	221.00	430.00	installment
15858	327.00	570.00	installment
16173	1373.00	2350.00	installment
4392	260.00	460.00	installment
6956	1240.00	2120.00	installment
12043	650.00	1110.00	installment
13465	580.00	1140.00	installment
14328	150.00	280.00	installment
15739	965.00	1660.00	installment
16175	650.00	1110.00	installment
15727	965.00	1670.00	installment
13392	1115.00	1950.00	installment
16081	211.00	430.00	installment
16081	211.00	430.00	installment
16181	964.00	1670.00	installment
163	1090.00	1870.00	installment
12514	450.00	780.00	installment
3637	70.00	140.00	installment
13970	25.00	50.00	installment
14663	80.00	140.00	installment
14712	29.00	70.00	installment
16183	38.00	80.00	installment
16184	46.00	90.00	installment
16185	21.00	50.00	installment
7806	1150.00	1970.00	installment
13568	195.00	340.00	installment
15570	820.00	1400.00	installment
14258	635.00	1000.00	installment
14551	1335.00	2050.00	installment
15720	964.00	1670.00	installment
16083	445.00	770.00	installment
12394	205.00	360.00	installment
13295	445.00	820.00	installment
15739	964.00	1670.00	installment
16091	420.00	720.00	installment
16078	445.00	770.00	installment
15715	964.00	1670.00	installment
16056	375.00	650.00	installment
15546	920.00	1640.00	installment
16083	445.00	770.00	installment
15739	964.00	1670.00	installment
16214	964.00	1670.00	installment
13054	799.00	1560.00	installment
9958	450.00	780.00	installment
15720	970.00	1670.00	installment
16165	221.00	420.00	installment
4633	715.00	1230.00	installment
7376	600.00	1040.00	installment
16055	445.00	770.00	installment
13312	445.00	840.00	installment
12514	450.00	780.00	installment
16165	221.00	430.00	installment
16081	221.00	430.00	installment
12994	1026.00	1850.00	installment
16051	375.00	650.00	installment
401	890.00	1490.00	installment
13330	329.00	630.00	installment
13234	430.00	750.00	installment
15036	86.00	190.00	installment
13262	680.00	1160.00	installment
15895	375.00	650.00	installment
16239	1595.00	2720.00	installment
11781	650.00	1140.00	installment
16316	970.00	1650.00	installment
16242	400.00	700.00	installment
13499	680.00	1160.00	installment
15827	245.00	490.00	installment
3699	640.00	1110.00	installment
7956	1035.00	1770.00	installment
16245	964.00	1670.00	installment
8441	130.00	230.00	installment
15394	329.00	630.00	installment
14363	1335.00	2390.00	installment
8492	735.00	1260.00	installment
5445	619.00	1060.00	installment
12474	430.00	740.00	installment
16165	211.00	430.00	installment
16248	1743.00	2900.00	installment
7482	545.00	1000.00	installment
13256	450.00	780.00	installment
163	1090.00	1870.00	installment
15739	964.00	1670.00	installment
16361	540.00	860.00	installment
4705	93.00	180.00	installment
6029	522.00	830.00	installment
14998	158.00	320.00	installment
14998	400.00	760.00	installment
12691	1050.00	1830.00	installment
15895	375.00	650.00	installment
399	545.00	940.00	installment
16165	221.00	430.00	installment
5033	465.00	860.00	installment
16078	445.00	770.00	installment
16255	964.00	1670.00	installment
16050	1290.00	2270.00	installment
16083	445.00	770.00	installment
16083	444.00	770.00	installment
16165	221.00	430.00	installment
15164	410.00	730.00	installment
16292	150.00	280.00	installment
14244	1450.00	2470.00	installment
15895	375.00	650.00	installment
13504	1100.00	1890.00	installment
16051	375.00	650.00	installment
16036	155.00	380.00	installment
16122	444.00	770.00	installment
9154	350.00	610.00	installment
4201	755.00	1340.00	installment
8544	893.00	1530.00	installment
158	399.00	680.00	installment
3687	515.00	880.00	installment
3699	640.00	1110.00	installment
12043	650.00	1110.00	installment
11751	294.00	510.00	installment
16083	445.00	770.00	installment
15739	964.00	1660.00	installment
9072	580.00	1000.00	installment
13025	160.00	350.00	installment
15739	964.00	1660.00	installment
16283	455.00	790.00	installment
16300	152.00	290.00	installment
5186	334.00	630.00	installment
16127	118.00	220.00	installment
12636	735.00	1260.00	installment
16284	210.00	390.00	installment
12198	215.00	420.00	installment
15892	375.00	650.00	installment
16165	221.00	430.00	installment
15739	963.00	1670.00	installment
14365	1219.00	2080.00	installment
9154	350.00	610.00	installment
16295	963.00	1670.00	installment
8581	680.00	1160.00	installment
16299	963.00	1670.00	installment
5058	83.00	180.00	installment
5058	87.00	190.00	installment
5325	54.00	120.00	installment
11087	66.00	140.00	installment
15344	1600.00	3010.00	installment
15720	966.00	1670.00	installment
12567	420.00	720.00	installment
16313	221.00	430.00	installment
10464	1580.00	2700.00	installment
8936	940.00	1640.00	installment
16321	963.00	1670.00	installment
16165	247.00	430.00	installment
16055	444.00	770.00	installment
1647	35.00	90.00	installment
15795	86.00	210.00	installment
15808	86.00	210.00	installment
9201	350.00	610.00	installment
13606	1020.00	1740.00	installment
3178	222.00	420.00	installment
15792	327.00	510.00	installment
15394	329.00	630.00	installment
15712	995.00	1700.00	installment
16083	444.00	770.00	installment
16336	374.00	650.00	installment
16083	444.00	770.00	installment
3691	920.00	1580.00	installment
3775	465.00	800.00	installment
149	570.00	990.00	installment
3334	185.00	360.00	installment
16055	444.00	770.00	installment
11847	435.00	750.00	installment
13248	980.00	1680.00	installment
16078	444.00	770.00	installment
13330	329.00	630.00	installment
10342	443.00	780.00	installment
11751	294.00	510.00	installment
16082	444.00	770.00	installment
15831	735.00	1260.00	installment
16372	114.00	200.00	installment
147	360.00	710.00	installment
3843	415.00	760.00	installment
8065	1150.00	1970.00	installment
16165	221.00	430.00	installment
12621	440.00	760.00	installment
3687	515.00	880.00	installment
3502	490.00	850.00	installment
4630	185.00	360.00	installment
12413	430.00	750.00	installment
12918	829.00	1510.00	installment
12514	450.00	780.00	installment
15857	327.00	570.00	installment
3157	555.00	960.00	installment
16388	585.00	1000.00	installment
16083	444.00	770.00	installment
16051	374.00	650.00	installment
15739	963.00	1670.00	installment
3518	260.00	460.00	installment
16040	570.00	1010.00	installment
16376	405.00	710.00	installment
14209	760.00	1450.00	installment
16055	444.00	770.00	installment
15560	995.00	1700.00	installment
15230	790.00	1480.00	installment
6751	745.00	1280.00	installment
16380	175.00	370.00	installment
15739	963.00	1670.00	installment
16384	240.00	420.00	installment
16386	324.00	560.00	installment
15666	1580.00	2700.00	installment
9072	580.00	1000.00	installment
15857	327.00	570.00	installment
15739	963.00	1670.00	installment
9072	580.00	1000.00	installment
6087	465.00	800.00	installment
9556	465.00	860.00	installment
16392	153.00	330.00	installment
11334	480.00	820.00	installment
12460	420.00	720.00	installment
14581	235.00	510.00	installment
16082	444.00	770.00	installment
795	49.00	100.00	installment
12652	59.00	120.00	installment
13181	29.00	50.00	installment
8380	735.00	1260.00	installment
15739	963.00	1670.00	installment
15715	964.00	1670.00	installment
4950	600.00	1030.00	installment
15707	963.00	1670.00	installment
8369	61.00	130.00	installment
10043	370.00	650.00	installment
4990	189.00	370.00	installment
5319	56.00	110.00	installment
13265	178.00	360.00	installment
14626	170.00	320.00	installment
15609	31.00	70.00	installment
5413	720.00	1230.00	installment
5989	38.00	80.00	installment
16406	68.00	170.00	installment
15895	374.00	650.00	installment
16401	1070.00	1890.00	installment
9091	297.00	610.00	installment
15739	963.00	1670.00	installment
16083	444.00	770.00	installment
16082	444.00	770.00	installment
16056	374.00	650.00	installment
16408	963.00	1670.00	installment
45	119.00	240.00	installment
12898	90.00	170.00	installment
13986	155.00	280.00	installment
11847	435.00	750.00	installment
12121	1075.00	1840.00	installment
12895	539.00	1150.00	installment
16410	296.00	510.00	installment
12528	1320.00	1390.00	single
12528	1320.00	1390.00	single
12528	1320.00	1390.00	single
12528	1320.00	1390.00	single
12528	1320.00	1390.00	single
12528	1320.00	1390.00	single
12528	1320.00	1390.00	single
12528	1320.00	1390.00	single
4634	399.00	680.00	installment
7079	550.00	950.00	installment
13684	364.00	760.00	installment
14937	388.00	570.00	installment
16082	444.00	770.00	installment
16083	444.00	770.00	installment
14246	594.00	1070.00	installment
11168	400.00	690.00	installment
11751	294.00	510.00	installment
16083	445.00	770.00	installment
16087	444.00	770.00	installment
15895	374.00	650.00	installment
626	106.00	200.00	installment
1718	130.00	230.00	installment
4019	140.00	240.00	installment
16425	148.00	220.00	installment
16083	444.00	770.00	installment
15715	963.00	1670.00	installment
4029	640.00	1110.00	installment
16426	372.00	700.00	installment
13529	945.00	1770.00	installment
12573	280.00	540.00	installment
16416	133.00	250.00	installment
9064	580.00	1000.00	installment
15715	964.00	1670.00	installment
16165	228.00	430.00	installment
9836	640.00	1100.00	installment
16078	444.00	770.00	installment
3698	560.00	990.00	installment
13946	485.00	880.00	installment
13027	82.00	170.00	installment
16083	444.00	770.00	installment
14248	970.00	1640.00	installment
16431	1021.00	1740.00	installment
16433	587.00	1010.00	installment
12514	450.00	780.00	installment
13814	240.00	440.00	installment
16482	677.00	1360.00	installment
16437	1021.00	1740.00	installment
16430	964.00	1670.00	installment
16426	372.00	700.00	installment
2100	1020.00	1740.00	installment
16446	540.00	860.00	installment
16448	699.00	1200.00	installment
16055	445.00	770.00	installment
16451	918.00	1570.00	installment
2092	635.00	1080.00	installment
16019	170.00	410.00	installment
16460	918.00	1570.00	installment
15857	327.00	570.00	installment
4724	220.00	460.00	installment
16456	699.00	1200.00	installment
15904	327.00	570.00	installment
235	180.00	380.00	installment
13041	690.00	1210.00	installment
16078	445.00	770.00	installment
15739	964.00	1570.00	installment
16443	699.00	1200.00	installment
16664	155.00	320.00	installment
16667	329.00	570.00	installment
7183	1650.00	2860.00	installment
15892	375.00	650.00	installment
149	570.00	990.00	installment
13949	500.00	860.00	installment
16462	529.00	1060.00	installment
14542	1007.00	2140.00	installment
12621	440.00	760.00	installment
16438	587.00	1010.00	installment
16456	699.00	1200.00	installment
16456	699.00	1200.00	installment
16165	221.00	430.00	installment
16471	699.00	1200.00	installment
16476	603.00	1040.00	installment
8623	300.00	560.00	installment
16475	918.00	1570.00	installment
1700	945.00	1640.00	installment
158	399.00	680.00	installment
16490	221.00	430.00	installment
16423	964.00	1670.00	installment
16520	680.00	1150.00	installment
13535	580.00	1140.00	installment
16442	918.00	1570.00	installment
16426	372.00	700.00	installment
14396	929.00	1620.00	installment
14244	1450.00	2470.00	installment
7770	220.00	460.00	installment
3179	180.00	320.00	installment
3280	138.00	250.00	installment
9439	455.00	610.00	installment
16136	159.00	290.00	installment
16423	992.00	1670.00	installment
13946	485.00	880.00	installment
14698	158.00	320.00	installment
16471	719.00	1200.00	installment
16514	372.00	700.00	installment
16558	529.00	1180.00	installment
16457	918.00	1560.00	installment
16517	615.00	1110.00	installment
15895	377.00	650.00	installment
16165	226.00	430.00	installment
16527	587.00	1010.00	installment
11414	680.00	1160.00	installment
15333	1999.00	3400.00	installment
16532	744.00	1640.00	installment
16542	603.00	1030.00	installment
1350	86.00	180.00	installment
16460	918.00	1560.00	installment
16538	918.00	1570.00	installment
3699	640.00	1110.00	installment
16571	235.00	540.00	installment
16430	964.00	1670.00	installment
15895	377.00	650.00	installment
16546	603.00	1030.00	installment
9288	790.00	1480.00	installment
15076	235.00	510.00	installment
16555	603.00	1030.00	installment
12413	430.00	750.00	installment
14529	580.00	1060.00	installment
16556	419.00	760.00	installment
16556	419.00	760.00	installment
16561	733.00	1470.00	installment
3502	490.00	850.00	installment
13714	1100.00	1890.00	installment
16460	945.00	1570.00	installment
16556	419.00	760.00	installment
782	268.00	510.00	installment
16460	923.00	1570.00	installment
13091	1729.00	3020.00	installment
9679	810.00	1430.00	installment
14006	220.00	440.00	installment
14702	1300.00	2380.00	installment
13488	1480.00	2520.00	installment
16443	719.00	1200.00	installment
16082	458.00	770.00	installment
16498	719.00	1200.00	installment
16240	395.00	730.00	installment
4366	720.00	1260.00	installment
14019	48.00	130.00	installment
14745	163.00	320.00	installment
15047	143.00	440.00	installment
11333	960.00	1640.00	installment
16471	719.00	1200.00	installment
16585	621.00	1040.00	installment
16165	222.00	430.00	installment
16083	458.00	770.00	installment
16596	530.00	910.00	installment
12568	640.00	1240.00	installment
16542	618.00	1040.00	installment
12799	135.00	440.00	installment
15866	130.00	230.00	installment
16605	58.00	130.00	installment
7051	840.00	1490.00	installment
16240	395.00	730.00	installment
16606	255.00	510.00	installment
16126	227.00	430.00	installment
16430	992.00	1670.00	installment
7376	570.00	1040.00	installment
16431	1051.00	1750.00	installment
3518	260.00	460.00	installment
16498	716.00	1200.00	installment
16078	456.00	770.00	installment
16087	458.00	770.00	installment
16430	992.00	1670.00	installment
16438	605.00	1010.00	installment
12397	1034.00	2020.00	installment
13570	239.00	440.00	installment
13588	683.00	1510.00	installment
16153	960.00	1640.00	installment
14964	374.00	650.00	installment
16087	458.00	770.00	installment
10057	120.00	220.00	installment
13988	66.00	130.00	installment
16637	55.00	150.00	installment
12994	1026.00	1850.00	single
13460	960.00	1100.00	single
15355	1385.00	2900.00	installment
16040	500.00	880.00	installment
4633	715.00	1220.00	installment
13295	445.00	820.00	installment
15524	233.00	490.00	installment
13410	335.00	630.00	installment
3698	560.00	960.00	installment
3775	465.00	800.00	installment
10043	385.00	650.00	installment
13144	970.00	1670.00	installment
16641	945.00	1570.00	installment
16442	942.00	1560.00	installment
16056	386.00	505.00	installment
9873	335.00	580.00	installment
14098	150.00	320.00	installment
16650	580.00	1000.00	installment
16443	719.00	1200.00	installment
9154	320.00	550.00	installment
4228	775.00	1390.00	installment
16654	662.00	1340.00	installment
16655	394.00	530.00	installment
4152	645.00	1110.00	installment
11654	187.00	490.00	installment
16122	455.00	770.00	installment
16389	160.00	280.00	installment
16661	247.00	420.00	installment
16083	456.00	770.00	installment
9652	600.00	1040.00	installment
16082	455.00	770.00	installment
16663	227.00	430.00	installment
11751	294.00	510.00	installment
15692	318.00	570.00	installment
400	645.00	1110.00	installment
16670	420.00	579.00	single
16679	773.00	1340.00	installment
3699	640.00	1110.00	installment
13295	445.00	820.00	installment
15478	4074.00	5300.00	installment
15895	384.00	650.00	installment
158	399.00	680.00	installment
16688	2184.00	3630.00	installment
6113	680.00	1150.00	installment
13779	790.00	1350.00	installment
13574	804.00	1510.00	installment
14860	110.00	200.00	installment
14695	374.00	650.00	installment
9698	520.00	900.00	installment
16542	618.00	1040.00	installment
16815	487.02	880.00	installment
112	465.00	860.00	installment
16705	835.00	1530.00	installment
12413	430.00	750.00	installment
16892	800.00	1380.00	installment
16126	227.00	430.00	installment
14581	235.00	510.00	installment
13213	600.00	1070.00	installment
15895	384.00	650.00	installment
15892	384.00	650.00	installment
3428	225.00	410.00	installment
12935	700.00	1290.00	installment
16384	246.00	420.00	installment
6469	2230.00	3910.00	installment
633	555.00	990.00	installment
16429	1046.00	1750.00	installment
12514	450.00	750.00	installment
15895	391.00	620.00	installment
7806	1040.00	1780.00	installment
12957	1550.00	2650.00	installment
14221	605.00	1040.00	installment
8413	127.00	270.00	installment
14839	54.00	140.00	installment
16716	940.00	1570.00	installment
5038	310.00	590.00	installment
11128	1250.00	2130.00	installment
12872	720.00	1240.00	installment
13817	197.00	420.00	installment
16409	800.00	1380.00	installment
14365	1159.00	2110.00	installment
14490	258.00	460.00	installment
15714	350.00	590.00	installment
16430	987.00	1670.00	installment
16722	514.00	860.00	installment
16732	1046.00	1750.00	installment
15617	1120.00	1920.00	installment
7347	60.00	120.00	installment
16246	355.00	620.00	installment
13910	735.00	1260.00	installment
16740	1044.00	1790.00	installment
16744	226.00	430.00	installment
10	23.00	80.00	installment
642	155.00	270.00	installment
14409	815.00	1570.00	installment
16460	943.00	1570.00	installment
11847	435.00	750.00	installment
16013	950.00	1630.00	installment
16083	454.00	770.00	installment
14248	970.00	1470.00	installment
12536	420.00	720.00	installment
15076	235.00	510.00	installment
16645	1046.00	1750.00	installment
16771	879.00	1640.00	installment
14415	258.00	460.00	installment
4202	515.00	880.00	installment
12514	450.00	780.00	installment
14859	1169.00	2650.00	installment
2093	530.00	860.00	installment
4718	950.00	1630.00	installment
15560	995.00	1700.00	installment
3502	490.00	850.00	installment
15895	385.00	650.00	installment
15895	385.00	650.00	installment
15895	385.00	650.00	installment
14206	419.00	780.00	installment
16781	944.00	1570.00	installment
13014	1020.00	1950.00	installment
16062	227.00	430.00	installment
16784	111.00	240.00	installment
13330	335.00	630.00	installment
14221	605.00	1030.00	installment
16786	192.00	205.00	single
16759	3092.00	3250.00	single
3428	225.00	410.00	installment
16480	718.00	1200.00	installment
12413	430.00	750.00	installment
8758	110.00	190.00	installment
16787	135.00	290.00	installment
16787	135.00	290.00	installment
16789	944.00	1570.00	installment
14951	110.00	340.00	installment
13812	300.00	560.00	installment
16430	991.00	1670.00	installment
16443	717.00	1200.00	installment
16542	620.00	1030.00	installment
16153	960.00	1640.00	installment
10143	500.00	525.00	single
14348	1120.00	1840.00	installment
16165	227.00	470.00	installment
12206	1570.00	2690.00	installment
3733	860.00	1490.00	installment
6893	635.00	1090.00	installment
3634	575.00	1010.00	installment
13292	595.00	1060.00	installment
15284	119.00	200.00	installment
401	890.00	1490.00	installment
16813	645.00	1670.00	installment
13779	790.00	1350.00	installment
1719	175.00	320.00	installment
14248	970.00	1640.00	installment
16803	550.00	950.00	installment
16645	1049.00	1750.00	installment
16431	1049.00	1750.00	installment
15895	391.00	650.00	installment
13066	825.00	1450.00	installment
16126	227.00	430.00	installment
5322	300.00	560.00	installment
16639	943.00	1570.00	installment
151	575.00	1070.00	installment
16083	457.00	770.00	installment
6060	1095.00	2020.00	installment
8936	940.00	1640.00	installment
11751	294.00	510.00	installment
16126	226.00	430.00	installment
16811	943.00	1620.00	installment
7347	60.00	120.00	installment
12259	125.00	230.00	installment
14930	235.00	510.00	installment
16812	759.00	1440.00	installment
4871	770.00	1380.00	installment
4922	53.00	120.00	installment
4973	49.00	100.00	installment
14449	45.00	100.00	installment
12521	450.00	780.00	installment
16442	938.00	1620.00	installment
163	1090.00	1870.00	installment
16154	170.00	320.00	installment
15857	375.00	650.00	installment
15167	595.00	1060.00	installment
15230	790.00	1480.00	installment
13295	445.00	820.00	installment
15739	990.00	1580.00	installment
12789	1700.00	2900.00	installment
16040	500.00	880.00	installment
15739	990.00	1620.00	installment
8004	1571.00	2680.00	installment
14035	700.00	1200.00	installment
16655	453.00	870.00	installment
3698	560.00	960.00	installment
15742	215.00	460.00	installment
15857	374.00	650.00	installment
16542	617.00	1060.00	installment
16498	714.00	1240.00	installment
11751	294.00	510.00	installment
15167	595.00	1060.00	installment
13262	680.00	1160.00	installment
401	890.00	1640.00	installment
16165	226.00	430.00	installment
5190	45.00	120.00	installment
14620	305.00	580.00	installment
16081	226.00	430.00	installment
16823	562.00	1010.00	installment
14815	220.00	380.00	installment
16828	226.00	430.00	installment
15892	389.00	670.00	installment
16446	500.00	860.00	installment
16832	1044.00	1790.00	installment
5826	1100.00	1880.00	installment
14104	485.00	880.00	installment
16083	454.00	780.00	installment
16911	215.00	410.00	installment
16443	714.00	1240.00	installment
16083	454.00	780.00	installment
16823	562.00	740.00	installment
15892	389.00	670.00	installment
112	465.00	860.00	installment
16841	1049.00	1790.00	installment
16846	963.00	1650.00	installment
16843	3148.00	5440.00	installment
14244	1450.00	2470.00	installment
15998	879.00	1500.00	installment
15857	373.00	650.00	installment
16443	714.00	1240.00	installment
6593	2043.00	3650.00	installment
2092	600.00	1090.00	installment
16443	714.00	1240.00	installment
15394	335.00	630.00	installment
16460	937.00	1620.00	installment
1350	86.00	180.00	installment
10057	120.00	220.00	installment
13967	660.00	1200.00	installment
14972	29.00	70.00	installment
15527	317.00	590.00	installment
15811	172.00	360.00	installment
16850	226.00	430.00	installment
13330	335.00	630.00	installment
16083	455.00	780.00	installment
7559	145.00	250.00	installment
402	1145.00	1960.00	installment
16429	1049.00	1790.00	installment
12536	420.00	720.00	installment
13262	680.00	1160.00	installment
13877	650.00	1140.00	installment
16460	939.00	1620.00	installment
16083	454.00	780.00	installment
16443	714.00	1240.00	installment
16867	226.00	430.00	installment
16359	373.00	650.00	installment
16456	712.00	1240.00	installment
16480	712.00	1240.00	installment
16869	1650.00	2810.00	installment
16082	454.00	780.00	installment
14930	235.00	520.00	installment
15446	686.00	1260.00	installment
16902	290.00	510.00	installment
16874	970.00	1650.00	installment
3428	225.00	410.00	installment
7824	99.00	190.00	installment
16877	226.00	430.00	installment
16083	454.00	780.00	installment
16083	454.00	780.00	installment
17019	748.00	1290.00	installment
16880	762.00	1390.00	installment
15968	400.00	700.00	installment
16897	963.00	1650.00	installment
16889	251.00	430.00	installment
16846	963.00	1650.00	installment
15570	820.00	1400.00	installment
16900	170.00	320.00	installment
16655	446.00	870.00	installment
13286	1161.00	2020.00	installment
16905	438.00	760.00	installment
16897	963.00	1650.00	installment
16909	963.00	1650.00	installment
16083	454.00	780.00	installment
15857	373.00	650.00	installment
9690	800.00	1390.00	installment
17006	203.00	510.00	installment
14747	397.00	700.00	installment
16918	416.00	800.00	installment
6084	1115.00	1920.00	installment
7647	139.00	250.00	installment
15857	373.00	650.00	installment
16920	963.00	1650.00	installment
12514	450.00	780.00	installment
13330	335.00	630.00	installment
12478	1395.00	2400.00	installment
15895	389.00	670.00	installment
3706	860.00	1500.00	installment
3687	515.00	890.00	installment
16927	446.00	870.00	installment
16927	446.00	870.00	installment
16939	1317.00	2250.00	installment
15355	1259.00	2900.00	installment
12064	650.00	1110.00	installment
16476	616.00	1060.00	installment
16941	616.00	1060.00	installment
3698	560.00	960.00	installment
13585	127.00	230.00	installment
6892	966.00	1650.00	installment
16384	278.00	420.00	installment
16443	714.00	1240.00	installment
16227	520.00	900.00	installment
9119	640.00	1100.00	installment
11751	294.00	510.00	installment
5449	185.00	360.00	installment
16082	454.00	780.00	installment
14436	1130.00	1890.00	installment
9556	465.00	860.00	installment
16960	285.00	510.00	installment
16961	215.00	410.00	installment
16962	173.00	340.00	installment
7588	1325.00	2260.00	installment
16968	716.00	1240.00	installment
15076	235.00	510.00	installment
12738	255.00	470.00	installment
16977	135.00	250.00	installment
16977	135.00	250.00	installment
16977	135.00	250.00	installment
16977	135.00	250.00	installment
16405	863.00	1670.00	installment
1299	23.00	60.00	installment
15683	135.00	240.00	installment
16086	260.00	460.00	installment
16980	1025.00	1950.00	installment
9873	335.00	580.00	installment
9873	335.00	580.00	installment
15665	270.00	470.00	installment
17019	748.00	1290.00	installment
237	240.00	420.00	installment
16991	716.00	1240.00	installment
3152	222.00	420.00	installment
14761	1890.00	3530.00	installment
11288	640.00	1100.00	installment
13933	1600.00	2700.00	installment
3178	222.00	420.00	installment
16999	69.00	140.00	installment
14044	591.00	1020.00	installment
17001	301.00	520.00	installment
16456	716.00	1240.00	installment
11847	435.00	750.00	installment
13295	445.00	790.00	installment
16482	746.00	1450.00	installment
17005	797.00	1360.00	installment
7509	279.00	560.00	installment
17009	935.00	1620.00	installment
13273	455.00	820.00	installment
16443	711.00	1240.00	installment
6576	745.00	1280.00	installment
16135	500.00	880.00	installment
16688	1994.00	3530.00	installment
16835	712.00	1240.00	installment
17014	671.00	1150.00	installment
7219	55.00	100.00	installment
14226	149.00	310.00	installment
15739	974.00	1670.00	installment
15527	317.00	600.00	installment
8292	218.00	430.00	installment
11080	479.00	850.00	installment
17022	295.00	570.00	installment
16040	500.00	880.00	installment
16376	405.00	710.00	installment
16639	935.00	1620.00	installment
4019	140.00	240.00	installment
16896	948.00	1640.00	installment
15895	388.00	670.00	installment
16961	215.00	410.00	installment
17028	155.00	320.00	installment
17033	285.00	510.00	installment
15745	2384.00	4060.00	installment
12990	798.00	1930.00	installment
14828	740.00	1330.00	installment
17034	600.00	1040.00	installment
3576	330.00	570.00	installment
7376	570.00	990.00	installment
15281	190.00	330.00	installment
16292	150.00	280.00	installment
11912	800.00	1380.00	installment
13755	890.00	1620.00	installment
16460	935.00	1620.00	installment
16961	215.00	410.00	installment
3698	560.00	960.00	installment
16083	452.00	780.00	installment
12536	420.00	720.00	installment
17045	119.00	250.00	installment
14620	304.00	580.00	installment
5112	609.00	1050.00	installment
8380	735.00	1260.00	installment
16980	1020.00	1970.00	installment
16471	711.00	1240.00	installment
3506	460.00	800.00	installment
188	299.00	560.00	installment
14035	700.00	1200.00	installment
163	1090.00	1870.00	installment
15486	779.00	1700.00	installment
16153	960.00	1640.00	installment
16307	890.00	1530.00	installment
16083	454.00	780.00	installment
16639	934.00	1620.00	installment
15927	1600.00	2840.00	installment
7417	1104.00	2770.00	installment
15895	388.00	670.00	installment
16498	711.00	1240.00	installment
3791	1132.00	1930.00	installment
12536	420.00	720.00	installment
16359	373.00	650.00	installment
16903	299.00	520.00	installment
3775	465.00	800.00	installment
17074	255.00	470.00	installment
17081	530.00	970.00	installment
15857	372.00	650.00	installment
15857	372.00	650.00	installment
16771	879.00	1640.00	installment
3706	860.00	1500.00	installment
16443	711.00	1240.00	installment
27	129.00	240.00	installment
13814	220.00	440.00	installment
17088	118.40	190.00	installment
15892	389.00	670.00	installment
16896	950.00	1640.00	installment
237	240.00	420.00	installment
13367	1200.00	2060.00	installment
17040	798.00	1930.00	installment
3502	490.00	850.00	installment
10113	66.00	140.00	installment
15243	278.00	530.00	installment
13295	445.00	820.00	installment
16443	713.00	1240.00	installment
16896	950.00	1640.00	installment
17095	319.20	560.00	installment
17033	285.00	510.00	installment
17091	713.00	1240.00	installment
15895	389.00	670.00	installment
11781	650.00	1140.00	installment
11847	435.00	750.00	installment
16316	970.00	1650.00	installment
12140	1300.00	2220.00	installment
15230	790.00	1480.00	installment
17052	300.00	520.00	installment
3775	465.00	800.00	installment
13332	275.00	480.00	installment
17174	325.00	560.00	installment
13608	500.00	860.00	installment
15442	779.00	1530.00	installment
9072	560.00	960.00	installment
13348	250.00	470.00	installment
16056	389.00	670.00	installment
7777	235.00	420.00	installment
9154	320.00	610.00	installment
15964	1035.00	1640.00	installment
17110	758.90	1450.00	installment
16836	712.00	1240.00	installment
784	305.00	590.00	installment
13244	48.00	90.00	installment
15666	1580.00	2700.00	installment
4928	159.00	300.00	installment
13608	500.00	860.00	installment
16896	948.00	1640.00	installment
16443	713.00	1240.00	installment
14340	719.00	1350.00	installment
16931	499.80	930.00	installment
17123	185.00	360.00	installment
13330	335.00	630.00	installment
17108	395.00	560.00	installment
402	1145.00	1960.00	installment
12885	530.00	910.00	installment
6329	109.00	220.00	installment
17114	102.00	220.00	installment
17692	716.00	1300.00	installment
13814	220.00	380.00	installment
17121	119.00	220.00	installment
15895	388.00	670.00	installment
12042	1104.00	2410.00	installment
13094	892.00	1840.00	installment
14348	1009.00	1920.00	installment
16460	935.00	1620.00	installment
7824	99.00	190.00	installment
16618	29.00	60.00	installment
17134	560.00	960.00	installment
16932	1083.00	2060.00	installment
17130	920.00	1580.00	installment
16361	500.00	860.00	installment
6603	1325.00	2260.00	installment
12790	224.00	540.00	installment
16083	453.00	780.00	installment
17131	3868.00	5030.00	installment
16897	961.00	1650.00	installment
16897	961.00	1650.00	installment
12063	930.00	1590.00	installment
15570	820.00	1400.00	installment
5033	465.00	860.00	installment
15279	900.00	1540.00	installment
11847	435.00	750.00	installment
3691	920.00	1580.00	installment
15858	370.00	650.00	installment
12460	420.00	720.00	installment
15527	317.00	590.00	installment
17144	709.00	1220.00	installment
14221	605.00	1040.00	installment
16639	935.00	1620.00	installment
15442	779.00	1530.00	installment
17155	103.55	220.00	installment
17157	157.52	330.00	installment
17158	146.78	250.00	installment
16846	961.00	1650.00	installment
17007	948.00	1640.00	installment
17210	520.00	940.00	installment
6078	680.00	1150.00	installment
15901	460.00	800.00	installment
16655	453.80	870.00	installment
17161	225.00	430.00	installment
16153	960.00	1640.00	installment
16153	960.00	1640.00	installment
16523	1200.00	2060.00	installment
15895	388.00	670.00	installment
6113	680.00	1150.00	installment
16539	401.00	700.00	installment
16384	277.00	540.00	installment
14340	720.00	1340.00	installment
17237	594.00	1020.00	installment
15230	790.00	1480.00	installment
3502	490.00	850.00	installment
16539	403.00	700.00	installment
16471	712.00	1240.00	installment
16539	403.00	700.00	installment
17173	1439.00	2460.00	installment
16539	401.00	700.00	installment
17007	948.00	1640.00	installment
16126	251.00	430.00	installment
16443	712.00	1240.00	installment
13262	680.00	1160.00	installment
13330	335.00	630.00	installment
16539	403.00	690.00	installment
17052	299.00	520.00	installment
17052	299.00	520.00	installment
17208	145.00	270.00	installment
802	85.00	180.00	installment
11676	83.00	170.00	installment
13817	197.00	420.00	installment
14408	88.00	150.00	installment
17052	297.00	520.00	installment
147	360.00	710.00	installment
6603	1325.00	2260.00	installment
801	334.00	630.00	installment
16083	453.00	780.00	installment
6893	635.00	1090.00	installment
8623	300.00	560.00	installment
13877	650.00	1140.00	installment
16443	712.00	1240.00	installment
147	345.00	710.00	installment
3733	840.00	1490.00	installment
9579	735.00	1260.00	installment
12587	1000.00	1770.00	installment
4201	755.00	1340.00	installment
17214	145.00	250.00	installment
16846	961.00	1650.00	installment
5033	465.00	860.00	installment
15133	899.00	1880.00	installment
3699	640.00	1110.00	installment
17112	157.52	330.00	installment
16083	453.00	780.00	installment
3650	118.00	220.00	installment
5989	38.00	80.00	installment
14589	237.00	460.00	installment
16897	961.00	1650.00	installment
3435	615.00	1140.00	installment
12636	735.00	1260.00	installment
12528	1319.00	2770.00	installment
11751	294.00	510.00	installment
16897	961.00	1650.00	installment
17234	127.00	230.00	installment
3192	37.00	80.00	installment
3334	185.00	360.00	installment
15665	270.00	470.00	installment
16571	235.00	540.00	installment
16539	403.00	700.00	installment
6893	635.00	1090.00	installment
12514	450.00	780.00	installment
17226	594.00	1020.00	installment
17226	594.00	1020.00	installment
17246	891.00	1640.00	installment
16443	708.00	1240.00	installment
6576	745.00	1270.00	installment
3699	640.00	1110.00	installment
16443	710.00	1240.00	installment
15446	686.00	1260.00	installment
16539	403.00	700.00	installment
12587	1000.00	1770.00	installment
16083	453.00	780.00	installment
16846	961.00	1650.00	installment
15895	388.00	670.00	installment
13262	680.00	1160.00	installment
15895	388.00	670.00	installment
9873	335.00	580.00	installment
17289	631.00	1200.00	installment
11847	435.00	750.00	installment
12490	120.00	230.00	installment
17158	146.78	250.00	installment
16442	928.00	1620.00	installment
17162	446.25	750.00	installment
3777	134.00	250.00	installment
16616	186.00	330.00	installment
4633	715.00	1220.00	installment
3518	260.00	275.00	single
3721	1160.00	1220.00	single
8467	865.00	910.00	single
12893	1230.00	1300.00	single
16040	500.00	530.00	single
16091	420.00	445.00	single
17134	590.00	620.00	single
6893	635.00	1090.00	installment
3680	557.00	585.00	single
16353	590.00	665.00	single
782	273.00	510.00	installment
11863	168.00	280.00	installment
14365	1159.00	2110.00	installment
16443	712.00	1240.00	installment
15858	371.00	650.00	installment
14436	1110.00	1890.00	installment
146	360.00	700.00	installment
188	299.00	560.00	installment
16846	959.00	1650.00	installment
16083	452.00	780.00	installment
15895	386.00	670.00	installment
13569	69.00	140.00	installment
13585	127.00	230.00	installment
14598	103.00	190.00	installment
15535	106.00	230.00	installment
17252	90.00	190.00	installment
13084	239.00	420.00	installment
3691	920.00	1580.00	installment
3733	840.00	1490.00	installment
7824	99.00	190.00	installment
10118	245.00	420.00	installment
16498	707.00	1240.00	installment
16980	1020.00	1960.00	installment
17272	360.00	620.00	installment
16897	959.00	1650.00	installment
17162	446.25	870.00	installment
15895	388.00	670.00	installment
15524	231.00	490.00	installment
14199	829.00	1450.00	installment
1632	116.00	230.00	installment
3192	37.00	80.00	installment
17126	159.00	310.00	installment
12939	44.00	90.00	installment
13084	239.00	420.00	installment
13595	36.58	100.00	installment
14351	3080.00	5290.00	installment
13946	485.00	880.00	installment
14340	719.00	1350.00	installment
16083	451.00	780.00	installment
15895	388.00	670.00	installment
14365	1230.00	1910.00	installment
15858	370.00	620.00	installment
16813	862.50	1670.00	installment
14340	719.00	1350.00	installment
4019	140.00	240.00	installment
7043	140.00	240.00	installment
17274	370.00	660.00	installment
8767	1228.00	2090.00	installment
17275	145.00	190.00	single
17327	719.00	1260.00	installment
16539	401.00	700.00	installment
17281	1220.84	2260.00	installment
17006	203.00	360.00	installment
13946	485.00	880.00	installment
17052	297.00	520.00	installment
6319	1020.00	1960.00	installment
17034	600.00	1040.00	installment
7376	570.00	990.00	installment
15442	779.00	1530.00	installment
17156	158.00	330.00	installment
16165	249.00	430.00	installment
16539	401.00	700.00	installment
1272	59.00	120.00	installment
15712	995.00	1700.00	installment
17302	868.00	1500.00	installment
16314	103.55	220.00	installment
17300	158.00	330.00	installment
8369	63.00	130.00	installment
13848	107.00	200.00	installment
13094	869.00	1840.00	installment
15525	185.00	340.00	installment
15894	220.00	380.00	installment
17121	119.00	220.00	installment
3687	515.00	880.00	installment
12536	420.00	720.00	installment
3416	279.00	460.00	installment
15739	992.00	1670.00	installment
14629	53.00	130.00	installment
14770	145.00	320.00	installment
16961	215.00	410.00	installment
17266	237.00	410.00	installment
17554	650.00	1210.00	installment
8204	930.00	1660.00	installment
17310	135.59	250.00	installment
17158	146.78	250.00	installment
17296	401.00	700.00	installment
13518	467.00	810.00	installment
12621	440.00	760.00	installment
5112	609.00	1050.00	installment
16426	400.00	700.00	installment
15739	975.00	1670.00	installment
9589	1250.00	2130.00	installment
16897	954.00	1650.00	installment
17157	158.00	330.00	installment
17331	568.00	1110.00	installment
14396	899.00	1540.00	installment
17172	430.00	750.00	installment
1361	42.00	90.00	installment
17234	127.00	230.00	installment
16165	249.00	430.00	installment
16897	954.00	1650.00	installment
16846	953.00	1650.00	installment
16897	953.00	1650.00	installment
17157	147.25	330.00	installment
17342	237.00	410.00	installment
15230	790.00	1480.00	installment
6078	680.00	1150.00	installment
17174	460.00	1040.00	installment
9103	216.00	470.00	installment
17309	237.00	420.00	installment
15167	595.00	1060.00	installment
8380	735.00	1260.00	installment
11080	479.00	760.00	installment
3699	640.00	1110.00	installment
17019	650.00	1210.00	installment
16539	400.00	700.00	installment
638	80.00	210.00	installment
17344	251.00	510.00	installment
6235	1080.00	1820.00	installment
17174	460.00	800.00	installment
17157	147.25	330.00	installment
17158	146.78	260.00	installment
17347	501.00	660.00	installment
16846	954.00	1650.00	installment
17162	476.00	870.00	installment
5112	609.00	1050.00	installment
1272	59.00	120.00	installment
11931	281.00	480.00	installment
17348	74.52	100.00	installment
17350	145.00	190.00	installment
17351	117.00	160.00	installment
17352	229.08	300.00	installment
17353	220.00	300.00	installment
158	375.00	680.00	installment
14800	190.00	380.00	installment
1273	82.00	180.00	installment
12138	236.00	370.00	installment
2058	635.00	1090.00	installment
14812	286.00	510.00	installment
16558	664.00	1210.00	installment
15374	230.00	510.00	installment
17367	195.00	340.00	installment
16081	249.00	430.00	installment
401	890.00	1640.00	installment
13295	445.00	770.00	installment
13535	580.00	1020.00	installment
17157	147.25	330.00	installment
9873	335.00	580.00	installment
13301	391.00	670.00	installment
15160	365.00	660.00	installment
15281	190.00	330.00	installment
13380	835.00	1500.00	installment
16460	928.00	1620.00	installment
11912	800.00	1380.00	installment
16471	707.00	1240.00	installment
14389	892.00	1550.00	installment
10149	220.00	380.00	installment
16081	249.00	430.00	installment
15895	385.00	670.00	installment
17002	941.00	1640.00	installment
11975	650.00	1110.00	installment
12636	735.00	1260.00	installment
16153	960.00	1640.00	installment
10111	53.00	100.00	installment
16019	160.00	280.00	installment
15857	369.00	650.00	installment
15858	369.00	650.00	installment
15857	369.00	650.00	installment
13295	445.00	770.00	installment
17342	199.00	410.00	installment
4447	940.00	1770.00	installment
13608	500.00	860.00	installment
17395	255.00	470.00	installment
163	1020.00	1870.00	installment
16384	275.00	540.00	installment
15739	974.00	1670.00	installment
3473	115.00	220.00	installment
10229	127.00	270.00	installment
15562	132.00	280.00	installment
15563	106.00	225.00	installment
17347	501.00	860.00	installment
13013	778.00	1510.00	installment
17411	386.00	760.00	installment
771	230.00	410.00	installment
4062	99.00	220.00	installment
150	530.00	950.00	installment
17412	1280.00	2180.00	installment
17347	501.00	860.00	installment
16512	400.00	700.00	installment
3502	490.00	850.00	installment
16846	952.00	1650.00	installment
17019	650.00	845.00	installment
13091	1730.00	3030.00	installment
14221	605.00	1030.00	installment
3162	278.00	530.00	installment
7806	1040.00	1970.00	installment
13569	69.00	140.00	installment
13953	185.00	330.00	installment
17266	237.00	340.00	installment
17390	120.00	230.00	installment
16083	449.00	780.00	installment
14061	1795.00	2890.00	installment
16846	953.00	1650.00	installment
17421	87.00	190.00	installment
17421	87.00	190.00	installment
17421	87.00	190.00	installment
16460	928.00	1620.00	installment
17427	827.00	1510.00	installment
9046	600.00	1040.00	installment
17347	501.00	860.00	installment
17466	498.00	880.00	installment
15857	369.00	650.00	installment
16083	449.00	780.00	installment
15892	385.00	670.00	installment
16083	502.00	860.00	installment
13273	455.00	820.00	installment
16443	749.00	1290.00	installment
13394	632.00	1140.00	installment
3280	138.00	250.00	installment
3699	640.00	1110.00	installment
17462	1523.72	2900.00	installment
16165	312.00	540.00	installment
5127	550.00	950.00	installment
15594	980.00	1680.00	installment
17347	587.00	1010.00	installment
11080	479.00	850.00	installment
15797	2070.00	3540.00	installment
16846	953.00	1650.00	installment
8735	350.00	630.00	installment
16980	1020.00	1940.00	installment
6113	680.00	1150.00	installment
16571	235.00	415.00	installment
13703	868.00	1480.00	installment
16081	311.00	540.00	installment
762	252.00	460.00	installment
238	295.00	510.00	installment
12691	1050.00	1830.00	installment
17747	325.00	560.00	installment
15795	87.00	210.00	installment
17475	109.00	240.00	installment
3733	840.00	1690.00	installment
5627	266.00	510.00	installment
3691	920.00	1580.00	installment
17154	147.25	330.00	installment
17033	285.00	510.00	installment
16897	953.00	1650.00	installment
16542	689.00	1190.00	installment
12636	735.00	1260.00	installment
17007	931.00	1640.00	installment
17477	190.00	330.00	installment
3687	515.00	880.00	installment
16921	111.00	240.00	installment
3698	560.00	840.00	installment
3698	560.00	970.00	installment
467	770.00	1380.00	installment
16897	953.00	1650.00	installment
15525	185.00	340.00	installment
3698	560.00	960.00	installment
17340	486.43	880.00	installment
16460	927.00	1620.00	installment
16571	235.00	420.00	installment
17502	53.00	100.00	installment
16498	749.00	1290.00	installment
16443	748.00	1290.00	installment
16897	953.00	1650.00	installment
17007	941.00	1640.00	installment
10452	1795.00	2890.00	installment
146	360.00	700.00	installment
147	345.00	710.00	installment
467	770.00	1380.00	installment
3687	515.00	880.00	installment
17088	109.00	220.00	installment
17158	149.00	260.00	installment
17523	600.00	1040.00	installment
15374	230.00	510.00	installment
17529	258.00	460.00	installment
17530	155.00	280.00	installment
17531	210.00	390.00	installment
17532	170.00	320.00	installment
17533	234.00	420.00	installment
17534	1673.00	2940.00	installment
17535	680.00	1150.00	installment
17536	671.00	1150.00	installment
17537	153.90	360.00	installment
17538	127.00	270.00	installment
17539	219.00	360.00	installment
158	375.00	680.00	installment
16639	927.00	1620.00	installment
3843	415.00	760.00	installment
17052	296.00	520.00	installment
16639	927.00	1620.00	installment
16443	749.00	1290.00	installment
16836	749.00	1290.00	installment
6893	635.00	1090.00	installment
17557	311.00	540.00	installment
3698	560.00	960.00	installment
17158	135.59	260.00	installment
17158	135.59	260.00	installment
3707	870.00	1450.00	installment
14235	331.00	610.00	installment
632	164.00	330.00	installment
1355	80.00	150.00	installment
10113	66.00	140.00	installment
10495	132.00	250.00	installment
17569	297.00	520.00	installment
14587	392.00	700.00	installment
17577	159.00	250.00	installment
17571	870.00	1450.00	installment
12551	491.00	950.00	installment
13942	44.97	100.00	installment
12177	600.00	1040.00	installment
17574	855.00	1490.00	installment
13300	76.28	190.00	installment
17158	135.59	250.00	installment
16846	952.00	1650.00	installment
16081	311.00	550.00	installment
16897	953.00	1650.00	installment
17411	386.00	760.00	installment
13877	650.00	1140.00	installment
17543	83.00	170.00	installment
14489	539.00	760.00	installment
15418	520.00	729.00	single
17581	491.00	850.00	installment
697	214.00	320.00	installment
17582	496.00	900.00	installment
16897	952.00	1650.00	installment
17594	496.00	900.00	installment
17309	237.00	410.00	installment
17342	237.00	410.00	installment
17587	500.00	860.00	installment
17581	491.00	850.00	installment
17593	361.00	660.00	installment
16126	311.00	540.00	installment
17694	1150.00	1910.00	installment
15167	595.00	1060.00	installment
17467	322.00	560.00	installment
3246	162.00	210.00	installment
3566	175.00	230.00	installment
10149	220.00	380.00	installment
3843	415.00	760.00	installment
17604	970.00	1720.00	installment
10430	1850.00	3290.00	installment
7806	1070.00	1970.00	installment
17610	745.00	1280.00	installment
17560	149.00	250.00	installment
17623	445.00	770.00	installment
17653	835.00	1530.00	installment
147	330.00	600.00	installment
17347	587.00	1010.00	installment
16040	500.00	860.00	installment
17704	400.00	630.00	installment
1700	885.00	1510.00	installment
13061	295.00	510.00	installment
16897	952.00	1650.00	installment
11751	294.00	510.00	installment
16373	1528.00	2740.00	installment
16373	1528.00	2740.00	installment
13330	335.00	630.00	installment
14514	360.00	620.00	installment
16081	314.00	540.00	installment
153	515.00	880.00	installment
4597	222.00	420.00	installment
17644	1380.00	2360.00	installment
14477	192.00	320.00	installment
17695	388.00	730.00	installment
17648	1498.00	2560.00	installment
3280	138.00	260.00	installment
17661	350.00	630.00	installment
11931	280.00	480.00	installment
16571	235.00	410.00	installment
17527	501.00	860.00	installment
16083	501.00	860.00	installment
6423	120.00	220.00	installment
12431	480.00	820.00	installment
15241	776.00	1260.00	installment
17669	120.00	220.00	installment
16443	749.00	1290.00	installment
17682	1150.00	1970.00	installment
17646	1678.35	3030.00	installment
17542	491.00	850.00	installment
17670	1150.00	1880.00	installment
16892	800.00	1380.00	installment
17618	1329.00	2270.00	installment
17672	479.00	820.00	installment
17673	330.00	670.00	installment
17542	491.00	850.00	installment
17679	198.00	340.00	installment
17512	927.00	1620.00	installment
15230	790.00	1480.00	installment
16542	689.00	1190.00	installment
17794	680.00	1090.00	installment
17795	192.00	340.00	installment
17665	491.00	850.00	installment
17289	687.00	1170.00	installment
14581	235.00	510.00	installment
16897	952.00	1240.00	installment
17512	927.00	1620.00	installment
17610	745.00	1280.00	installment
17309	237.00	410.00	installment
14581	235.00	510.00	installment
17686	960.00	1640.00	installment
17685	980.00	1680.00	installment
16639	927.00	1620.00	installment
13181	29.00	60.00	installment
17424	118.00	200.00	installment
16897	952.00	1650.00	installment
17700	400.00	700.00	installment
17707	594.00	1020.00	installment
17627	945.00	1620.00	installment
15697	131.00	310.00	installment
17972	268.00	510.00	installment
16897	952.00	1650.00	installment
17581	491.00	850.00	installment
16846	952.00	1650.00	installment
17746	325.00	560.00	installment
17498	192.00	340.00	installment
17309	237.00	410.00	installment
16846	952.00	1650.00	installment
18256	145.00	250.00	installment
18256	145.00	250.00	installment
18278	529.62	1000.00	installment
16903	296.00	520.00	installment
12918	829.00	1310.00	installment
17581	491.00	850.00	installment
16443	748.00	1290.00	installment
16083	501.00	860.00	installment
17557	311.00	550.00	installment
235	180.00	320.00	installment
399	545.00	940.00	installment
17713	335.00	630.00	installment
7474	281.00	570.00	installment
17497	748.00	1290.00	installment
7376	570.00	1030.00	installment
16897	952.00	1650.00	installment
17496	436.00	750.00	installment
13024	465.00	850.00	installment
16083	501.00	860.00	installment
17542	513.00	850.00	installment
17556	382.00	660.00	installment
13020	740.00	1110.00	installment
16443	748.00	1290.00	installment
8228	270.00	430.00	installment
17266	237.00	410.00	installment
14152	222.65	360.00	installment
16083	501.00	860.00	installment
17624	668.00	1190.00	installment
16846	952.00	1650.00	installment
3634	575.00	1110.00	installment
7926	1100.00	1890.00	installment
12527	970.00	1670.00	installment
16980	1020.00	1700.00	installment
2081	2140.00	3640.00	installment
12042	1275.00	2410.00	installment
17738	2356.00	4060.00	installment
11931	280.00	480.00	installment
17577	159.04	250.00	installment
17824	960.00	1650.00	installment
17580	449.00	850.00	installment
3334	185.00	350.00	installment
3492	660.00	1140.00	installment
402	1145.00	1960.00	installment
17748	500.00	860.00	installment
4928	159.00	310.00	installment
17749	119.00	230.00	installment
16443	748.00	1290.00	installment
17750	1731.00	2980.00	installment
17714	900.00	1540.00	installment
15230	790.00	1480.00	installment
17782	850.00	1450.00	installment
16153	960.00	1640.00	installment
15858	402.00	700.00	installment
17569	297.00	520.00	installment
17665	449.00	850.00	installment
14226	149.00	310.00	installment
17754	180.00	380.00	installment
950	495.00	850.00	installment
15630	900.00	1540.00	installment
17347	587.00	1010.00	installment
17843	455.40	780.00	installment
17290	1999.00	3400.00	installment
17757	764.00	1390.00	installment
17739	1730.00	2950.00	installment
17495	235.00	410.00	installment
17762	400.00	700.00	installment
11626	222.65	490.00	installment
8601	106.00	230.00	installment
9071	102.00	220.00	installment
17771	960.00	1640.00	installment
17772	103.00	190.00	installment
17772	103.00	190.00	installment
17776	1100.00	1880.00	installment
17563	796.00	1450.00	installment
6892	966.00	1650.00	installment
17782	850.00	1450.00	installment
17787	952.00	1650.00	installment
13703	868.00	1490.00	installment
17700	400.00	700.00	installment
17731	138.00	290.00	installment
16083	501.00	860.00	installment
9836	640.00	1100.00	installment
17581	449.00	850.00	installment
17560	145.00	250.00	installment
17793	680.00	1160.00	installment
13262	680.00	1160.00	installment
16482	796.00	1450.00	installment
17535	680.00	1150.00	installment
17779	966.00	1650.00	installment
17577	159.00	250.00	installment
17541	449.00	850.00	installment
6113	680.00	1150.00	installment
17816	245.00	430.00	installment
8889	320.00	560.00	installment
14025	227.96	370.00	installment
15287	101.00	170.00	installment
17123	185.00	360.00	installment
13703	868.00	1490.00	installment
16083	501.00	860.00	installment
16062	272.00	550.00	installment
16126	272.00	550.00	installment
642	155.00	270.00	installment
777	152.00	270.00	installment
9704	520.00	900.00	installment
14860	110.00	200.00	installment
15795	86.00	200.00	installment
13273	455.00	820.00	installment
14698	126.00	320.00	installment
9544	670.00	1210.00	installment
17310	145.00	260.00	installment
16019	167.00	290.00	installment
16897	951.00	1650.00	installment
13389	2213.00	3780.00	installment
16932	1136.00	2060.00	installment
17594	496.00	900.00	installment
11949	152.00	250.00	installment
15579	730.00	1250.00	installment
17761	402.00	700.00	installment
16542	688.00	1190.00	installment
14756	226.00	500.00	installment
17818	1730.00	2980.00	installment
3634	575.00	990.00	installment
16443	748.00	1290.00	installment
9072	560.00	950.00	installment
17826	303.00	400.00	installment
13054	916.00	1390.00	installment
7806	1070.00	1970.00	installment
17581	448.00	850.00	installment
14303	1010.00	1730.00	installment
5692	150.00	270.00	installment
17309	237.00	420.00	installment
17557	272.00	540.00	installment
16835	748.00	1290.00	installment
5526	561.00	1010.00	installment
16846	950.00	1650.00	installment
11904	95.00	180.00	installment
17565	76.00	180.00	installment
17736	42.00	90.00	installment
15857	402.00	700.00	installment
17844	1275.00	1920.00	installment
17845	930.00	1400.00	installment
17846	1350.00	2040.00	installment
10462	1280.00	2090.00	installment
17823	236.00	430.00	installment
17849	290.00	510.00	installment
16846	951.00	1650.00	installment
17146	161.00	280.00	installment
17266	237.00	410.00	installment
17711	38.00	70.00	installment
17711	38.00	70.00	installment
17711	38.00	70.00	installment
17711	38.00	70.00	installment
17711	38.00	70.00	installment
17711	38.00	70.00	installment
17711	38.00	70.00	installment
17711	38.00	70.00	installment
17857	144.00	250.00	installment
17857	144.00	250.00	installment
17665	448.00	850.00	installment
17860	200.00	380.00	installment
17856	545.00	940.00	installment
16153	960.00	1640.00	installment
15895	423.00	730.00	installment
17743	135.00	240.00	installment
17868	285.00	510.00	installment
3427	225.00	410.00	installment
18056	670.00	1260.00	installment
17347	586.00	1010.00	installment
16905	432.00	760.00	installment
17581	448.00	850.00	installment
15895	423.00	730.00	installment
13273	455.00	780.00	installment
15895	422.00	730.00	installment
18140	1070.00	1830.00	installment
16639	928.00	1620.00	installment
16836	748.00	1290.00	installment
17873	686.16	1260.00	installment
14347	1498.00	2560.00	installment
17515	237.00	420.00	installment
12307	1275.00	2350.00	installment
17900	339.00	580.00	installment
17309	237.00	420.00	installment
17914	75.24	180.00	installment
17915	85.00	170.00	installment
17890	686.16	1260.00	installment
11781	650.00	1140.00	installment
1359	108.00	220.00	installment
17006	203.00	360.00	installment
17922	686.16	1260.00	installment
6971	1380.00	2360.00	installment
17898	960.00	1680.00	installment
17899	268.00	510.00	installment
17896	383.00	660.00	installment
17901	138.00	260.00	installment
17930	750.00	1290.00	installment
13066	825.00	1410.00	installment
15570	820.00	1400.00	installment
18037	636.00	1160.00	installment
16081	272.00	540.00	installment
17925	97.00	170.00	installment
17926	168.00	290.00	installment
17927	155.00	270.00	installment
16836	747.00	1290.00	installment
16126	272.00	540.00	installment
17972	268.00	510.00	installment
17971	309.25	570.00	installment
17507	360.00	620.00	installment
9072	560.00	960.00	installment
15164	385.00	730.00	installment
17948	148.00	270.00	installment
18100	3102.21	6050.00	installment
16477	688.00	1240.00	installment
17700	400.00	700.00	installment
12267	675.00	1050.00	installment
16078	501.00	860.00	installment
1357	90.00	180.00	installment
16019	167.00	290.00	installment
16443	747.00	1290.00	installment
17966	1700.00	2900.00	installment
18148	941.64	1590.00	installment
14039	130.00	250.00	installment
16571	235.00	410.00	installment
7376	570.00	1040.00	installment
16846	950.00	1650.00	installment
3843	415.00	720.00	installment
16523	1200.00	2060.00	installment
150	530.00	910.00	installment
16081	272.00	540.00	installment
17979	586.00	1010.00	installment
10485	23.00	80.00	installment
18054	135.00	240.00	installment
17563	796.00	1450.00	installment
17771	960.00	1640.00	installment
1350	86.00	180.00	installment
3594	66.00	130.00	installment
17961	885.00	1510.00	installment
15109	1380.00	2360.00	installment
13066	825.00	1410.00	installment
11095	400.00	700.00	installment
18007	245.00	430.00	installment
18149	850.00	1450.00	installment
18012	500.00	860.00	installment
16126	272.00	540.00	installment
17922	686.16	1260.00	installment
17957	600.00	1040.00	installment
15857	402.00	700.00	installment
18024	1275.00	2180.00	installment
17720	465.00	800.00	installment
18031	764.00	1490.00	installment
17019	686.16	1260.00	installment
17792	680.00	1160.00	installment
17576	600.00	1040.00	installment
17006	203.00	360.00	installment
17883	770.00	1310.00	installment
13535	615.00	1060.00	installment
6893	635.00	1090.00	installment
17563	796.00	1450.00	installment
16541	747.00	1290.00	installment
18224	325.00	560.00	installment
17974	566.00	970.00	installment
16897	950.00	1650.00	installment
18154	586.00	1010.00	installment
17580	448.00	850.00	installment
14248	970.00	1650.00	installment
17918	500.00	860.00	installment
17542	448.00	850.00	installment
4630	185.00	360.00	installment
16070	501.00	860.00	installment
18169	118.00	200.00	installment
17985	602.40	1070.00	installment
18051	470.00	810.00	installment
18052	175.00	450.00	installment
17983	680.00	1160.00	installment
17983	680.00	1160.00	installment
15895	422.00	730.00	installment
18061	825.00	1300.00	installment
18153	259.91	480.00	installment
18062	370.00	610.00	installment
16470	476.00	870.00	installment
17497	747.00	1290.00	installment
17765	925.00	1770.00	installment
16165	272.00	540.00	installment
17305	178.00	320.00	installment
18073	55.00	100.00	installment
11657	563.55	990.00	installment
18078	1095.00	1870.00	installment
11847	435.00	750.00	installment
15895	422.00	730.00	installment
16846	951.00	1650.00	installment
16846	951.00	1650.00	installment
16443	747.00	1290.00	installment
16836	747.00	1290.00	installment
16897	951.00	1650.00	installment
17581	455.00	880.00	installment
15892	422.00	730.00	installment
467	770.00	1310.00	installment
18090	1100.00	1880.00	installment
16013	920.00	1580.00	installment
17890	686.16	1260.00	installment
17172	385.00	660.00	installment
235	180.00	320.00	installment
5033	425.00	860.00	installment
16904	924.00	1620.00	installment
7806	1070.00	1970.00	installment
17648	1498.00	2560.00	installment
17873	686.16	1260.00	installment
17922	686.16	1260.00	installment
13570	253.00	440.00	installment
16897	951.00	1650.00	installment
17547	615.00	1140.00	installment
18275	1120.00	2020.00	installment
17766	400.00	690.00	installment
7806	1070.00	1970.00	installment
13568	210.00	370.00	installment
17946	1000.00	1720.00	installment
957	1100.00	1880.00	installment
13319	1320.00	2270.00	installment
6790	635.00	1090.00	installment
15857	402.00	700.00	installment
18161	480.00	820.00	installment
12536	379.00	660.00	installment
467	770.00	830.00	single
16426	455.00	850.00	installment
17983	680.00	1160.00	installment
13518	665.00	1140.00	installment
16126	272.00	540.00	installment
17972	268.00	510.00	installment
13248	960.00	1680.00	installment
17665	455.00	880.00	installment
11975	695.00	1190.00	installment
18112	509.00	870.00	installment
18113	93.00	170.00	installment
18114	127.00	230.00	installment
16540	747.00	1290.00	installment
17872	422.00	730.00	installment
17883	770.00	1310.00	installment
16897	950.00	1650.00	installment
3506	460.00	800.00	installment
17226	499.00	1020.00	installment
17900	339.00	580.00	installment
17979	586.00	1010.00	installment
4672	829.00	1630.00	installment
17824	960.00	1640.00	installment
16443	747.00	1290.00	installment
18129	319.00	560.00	installment
16846	951.00	1650.00	installment
16126	272.00	540.00	installment
4880	210.00	370.00	installment
14347	1498.00	2560.00	installment
16846	951.00	1650.00	installment
17555	686.16	1260.00	installment
17665	455.00	890.00	installment
16083	501.00	860.00	installment
16019	167.00	290.00	installment
16083	500.00	860.00	installment
12201	652.00	1120.00	installment
3843	415.00	720.00	installment
236	240.00	440.00	installment
4163	520.00	910.00	installment
8322	350.00	580.00	installment
18160	881.00	1510.00	installment
17873	686.16	1260.00	installment
12019	149.00	250.00	installment
18164	911.14	1540.00	installment
18076	210.00	470.00	installment
17496	410.00	780.00	installment
15240	449.00	780.00	installment
16846	951.00	1650.00	installment
17581	455.00	880.00	installment
5175	37.00	100.00	installment
17954	122.00	220.00	installment
18203	423.00	760.00	installment
17936	167.00	290.00	installment
4932	385.00	670.00	installment
12907	210.00	470.00	installment
18177	339.00	580.00	installment
3246	162.00	310.00	installment
15892	422.00	730.00	installment
14620	301.00	580.00	installment
15279	900.00	1540.00	installment
17834	716.00	1300.00	installment
8735	350.00	630.00	installment
8735	350.00	630.00	installment
1700	894.00	1702.00	installment
16153	960.00	1640.00	installment
3775	465.00	800.00	installment
9779	950.00	1630.00	installment
7529	696.00	1200.00	installment
17894	108.00	220.00	installment
18129	319.00	560.00	installment
18136	1052.00	1800.00	installment
18193	105.00	300.00	installment
18194	1010.00	1730.00	installment
18195	1080.00	1920.00	installment
18231	103.00	190.00	installment
17599	2354.00	4060.00	installment
17347	586.00	1010.00	installment
17560	145.00	199.00	single
13859	1080.00	1840.00	installment
17158	145.00	250.00	installment
18200	120.00	230.00	installment
17876	2353.00	4060.00	installment
18237	480.00	880.00	installment
17900	339.00	580.00	installment
17309	237.00	420.00	installment
17097	210.00	370.00	installment
17581	455.00	880.00	installment
18256	145.00	250.00	installment
17581	455.00	880.00	installment
15858	402.00	700.00	installment
17496	410.00	780.00	installment
17497	747.00	1290.00	installment
17109	1145.00	1960.00	installment
18221	1850.00	3290.00	installment
18222	21.52	50.00	installment
18222	21.52	50.00	installment
18222	21.52	50.00	installment
18222	21.52	50.00	installment
18222	21.52	50.00	installment
18222	21.52	50.00	installment
18222	21.52	50.00	installment
18222	21.52	50.00	installment
18222	21.52	50.00	installment
18222	21.52	50.00	installment
18222	21.52	50.00	installment
18222	21.52	50.00	installment
18222	21.52	50.00	installment
18222	21.52	50.00	installment
18222	21.52	50.00	installment
18222	21.52	50.00	installment
18222	21.52	50.00	installment
18222	21.52	50.00	installment
18222	21.52	50.00	installment
18222	21.52	50.00	installment
18222	21.52	50.00	installment
18222	21.52	50.00	installment
18222	21.52	50.00	installment
18222	21.52	50.00	installment
18222	21.52	50.00	installment
18222	21.52	50.00	installment
18222	21.52	50.00	installment
18222	21.52	50.00	installment
18222	21.52	50.00	installment
18222	21.52	50.00	installment
18222	21.52	50.00	installment
18222	21.52	50.00	installment
18222	21.52	50.00	installment
18222	21.52	50.00	installment
18222	21.52	50.00	installment
16846	951.00	1650.00	installment
17309	237.00	420.00	installment
17593	360.00	660.00	installment
17916	440.00	830.00	installment
18230	500.00	870.00	installment
3396	231.00	440.00	installment
11626	231.64	490.00	installment
13964	251.00	440.00	installment
18257	271.00	540.00	installment
17541	455.00	880.00	installment
18234	339.70	580.00	installment
16846	951.00	1650.00	installment
9544	670.00	1210.00	installment
3416	270.00	480.00	installment
17309	237.00	420.00	installment
17309	237.00	420.00	installment
13013	778.00	1340.00	installment
18052	175.00	450.00	installment
17896	383.00	660.00	installment
11863	168.00	290.00	installment
13703	868.00	1490.00	installment
17496	410.00	780.00	installment
17309	237.00	420.00	installment
18252	220.00	380.00	installment
6060	1075.00	1870.00	installment
18253	938.00	1600.00	installment
18260	951.00	1530.00	installment
18285	140.00	250.00	installment
18285	140.00	250.00	installment
18285	140.00	250.00	installment
18285	140.00	250.00	installment
16539	410.00	780.00	installment
17918	500.00	860.00	installment
9072	560.00	960.00	installment
17172	385.00	660.00	installment
18263	63.91	120.00	installment
18263	63.91	120.00	installment
18263	63.91	120.00	installment
18263	63.91	120.00	installment
18263	63.91	120.00	installment
18263	63.91	120.00	installment
18263	63.91	120.00	installment
18263	63.91	120.00	installment
18263	63.91	120.00	installment
18263	63.91	120.00	installment
18263	63.91	120.00	installment
18263	63.91	120.00	installment
18263	63.91	120.00	installment
18263	63.91	120.00	installment
18263	63.91	120.00	installment
18263	63.91	120.00	installment
18263	63.91	120.00	installment
18263	63.91	120.00	installment
18263	63.91	120.00	installment
18263	63.91	120.00	installment
18263	63.91	120.00	installment
18263	63.91	120.00	installment
18263	63.91	120.00	installment
18263	63.91	120.00	installment
18263	63.91	120.00	installment
18263	63.91	120.00	installment
18263	63.91	120.00	installment
18263	63.91	120.00	installment
18263	63.91	120.00	installment
18263	63.91	120.00	installment
18263	63.91	120.00	installment
18263	63.91	120.00	installment
18263	63.91	120.00	installment
18263	63.91	120.00	installment
18263	63.91	120.00	installment
18263	63.91	120.00	installment
18263	63.91	120.00	installment
18263	63.91	120.00	installment
18263	63.91	120.00	installment
18263	63.91	120.00	installment
18263	63.91	120.00	installment
18263	63.91	120.00	installment
18263	63.91	120.00	installment
18263	63.91	120.00	installment
18263	63.91	120.00	installment
18263	63.91	120.00	installment
18263	63.91	120.00	installment
18263	63.91	120.00	installment
18263	63.91	120.00	installment
18263	63.91	120.00	installment
18263	63.91	120.00	installment
18263	63.91	120.00	installment
18263	63.91	120.00	installment
8402	825.00	1410.00	installment
13262	680.00	1160.00	installment
14713	170.00	310.00	installment
18210	43.00	90.00	installment
18308	98.00	210.00	installment
18289	140.00	250.00	installment
18289	140.00	250.00	installment
18289	140.00	250.00	installment
18289	140.00	250.00	installment
16897	951.00	1650.00	installment
13591	383.00	660.00	installment
16153	960.00	1640.00	installment
18203	423.00	760.00	installment
16896	938.00	1560.00	installment
17630	410.00	780.00	installment
18281	965.00	1710.00	installment
16430	972.00	1670.00	installment
16083	500.00	860.00	installment
18282	1500.00	2560.00	installment
6113	680.00	1150.00	installment
18338	620.00	1150.00	installment
12528	1230.00	2110.00	installment
17750	1728.00	2980.00	installment
18287	499.00	860.00	installment
16896	938.00	1600.00	installment
17309	237.00	420.00	installment
5365	1320.00	1450.00	single
5365	1200.00	1450.00	single
17266	237.00	420.00	installment
16897	951.00	1650.00	installment
18177	339.00	580.00	installment
4672	829.00	1430.00	installment
18295	280.44	480.00	installment
17880	459.00	710.00	installment
16443	747.00	1290.00	installment
16430	972.00	1670.00	installment
5033	425.00	860.00	installment
3687	515.00	880.00	installment
16426	410.00	780.00	installment
18303	1729.00	2980.00	installment
12413	385.00	660.00	installment
14248	970.00	1650.00	installment
8591	423.00	760.00	installment
17309	237.00	420.00	installment
17509	120.00	230.00	installment
18438	505.00	870.00	installment
18253	938.00	1600.00	installment
3687	515.00	880.00	installment
16897	950.00	1650.00	installment
18366	680.00	1160.00	installment
11095	400.00	700.00	installment
16539	410.00	780.00	installment
17542	454.00	880.00	installment
3506	460.00	800.00	installment
17488	385.00	660.00	installment
16471	747.00	1290.00	installment
17642	402.00	700.00	installment
18312	470.00	810.00	installment
17581	455.00	880.00	installment
16542	688.00	1190.00	installment
13033	977.00	1770.00	installment
2093	570.00	910.00	installment
17614	530.00	910.00	installment
17158	145.00	250.00	installment
17158	145.00	250.00	installment
17266	237.00	420.00	installment
17266	237.00	420.00	installment
17624	688.00	1190.00	installment
17580	454.00	890.00	installment
13903	1748.00	2990.00	installment
12736	640.00	1100.00	installment
18367	150.00	270.00	installment
16542	687.00	1190.00	installment
17347	586.00	1010.00	installment
17580	454.00	890.00	installment
6617	1050.00	1830.00	installment
15666	1580.00	2700.00	installment
18336	1800.00	3220.00	installment
18314	540.00	920.00	installment
17497	747.00	1290.00	installment
6060	1074.00	1870.00	installment
12885	530.00	910.00	installment
17722	270.00	470.00	installment
11664	850.00	1450.00	installment
17144	701.00	1220.00	installment
17713	335.00	580.00	installment
1350	86.00	180.00	installment
17753	99.00	190.00	installment
8544	893.00	1530.00	installment
17872	422.00	730.00	installment
15895	422.00	730.00	installment
777	150.00	270.00	installment
18522	450.00	950.00	installment
9072	560.00	960.00	installment
17947	560.00	960.00	installment
16896	938.00	1600.00	installment
7922	1095.00	1870.00	installment
17581	455.00	880.00	installment
13084	239.00	420.00	installment
8581	612.00	645.00	single
13591	383.00	660.00	installment
7636	466.00	840.00	installment
12509	599.00	1020.00	installment
6949	1470.00	2510.00	installment
17665	455.00	890.00	installment
16846	950.00	1650.00	installment
17750	1728.00	2980.00	installment
18454	1019.00	1930.00	installment
16846	950.00	1650.00	installment
17581	454.00	880.00	installment
17497	747.00	1290.00	installment
16443	747.00	1290.00	installment
13273	455.00	780.00	installment
16078	500.00	860.00	installment
17665	454.00	880.00	installment
16846	950.00	1650.00	installment
6576	745.00	1280.00	installment
16426	410.00	780.00	installment
9779	950.00	1630.00	installment
16540	747.00	1290.00	installment
18417	80.64	140.00	installment
16078	500.00	860.00	installment
12201	652.00	1120.00	installment
17542	454.00	880.00	installment
17541	455.00	880.00	installment
18439	180.00	380.00	installment
16085	925.00	1770.00	installment
18163	192.00	340.00	installment
17888	650.00	1140.00	installment
17922	683.64	1260.00	installment
17779	966.00	1650.00	installment
17761	401.00	700.00	installment
3305	235.00	470.00	installment
14347	1498.00	2560.00	installment
18253	938.00	1600.00	installment
11448	1555.00	2650.00	installment
4733	690.00	1200.00	installment
17560	145.00	250.00	installment
18405	69.66	95.00	installment
18405	69.66	95.00	installment
18405	69.66	95.00	installment
18406	1.78	3.00	installment
18406	1.78	3.00	installment
18406	1.78	3.00	installment
18406	1.78	3.00	installment
18406	1.78	3.00	installment
18406	1.78	3.00	installment
18406	1.78	3.00	installment
18406	1.78	3.00	installment
18406	1.78	3.00	installment
18406	1.78	3.00	installment
18407	1.78	3.00	installment
18407	1.78	3.00	installment
18407	1.78	3.00	installment
18407	1.78	3.00	installment
18407	1.78	3.00	installment
18407	1.78	3.00	installment
18407	1.78	3.00	installment
18407	1.78	3.00	installment
18407	1.78	3.00	installment
18407	1.78	3.00	installment
18407	1.78	3.00	installment
18407	1.78	3.00	installment
18407	1.78	3.00	installment
18407	1.78	3.00	installment
18407	1.78	3.00	installment
18408	134.19	175.00	installment
18409	4.96	7.00	installment
18409	4.96	7.00	installment
18409	4.96	7.00	installment
18409	4.96	7.00	installment
18409	4.96	7.00	installment
18409	4.96	7.00	installment
18409	4.96	7.00	installment
18409	4.96	7.00	installment
18409	4.96	7.00	installment
18409	4.96	7.00	installment
18410	45.66	65.00	installment
18410	45.66	65.00	installment
18410	45.66	65.00	installment
18410	45.66	65.00	installment
18410	45.66	65.00	installment
18410	45.66	65.00	installment
18412	30.60	40.00	installment
18412	30.60	40.00	installment
18412	30.60	40.00	installment
18413	22.79	30.00	installment
18511	26.90	35.00	installment
18511	26.90	35.00	installment
18511	26.90	35.00	installment
18511	26.90	35.00	installment
18511	26.90	35.00	installment
18511	26.90	35.00	installment
18511	26.90	35.00	installment
18511	26.90	35.00	installment
18512	49.66	65.00	installment
18512	49.66	65.00	installment
18512	49.66	65.00	installment
18512	49.66	65.00	installment
18512	49.66	65.00	installment
18512	49.66	65.00	installment
18512	49.66	65.00	installment
18512	49.66	65.00	installment
16227	520.00	900.00	installment
17214	145.00	250.00	installment
18464	31.00	130.00	installment
17527	500.00	860.00	installment
18415	799.00	1360.00	installment
16846	950.00	1650.00	installment
17750	1728.00	2980.00	installment
18253	938.00	1600.00	installment
17955	687.00	1240.00	installment
3549	61.00	130.00	installment
18428	365.00	710.00	installment
18422	683.64	1260.00	installment
18423	231.64	490.00	installment
18424	370.00	700.00	installment
18425	51.00	100.00	installment
18426	500.00	860.00	installment
13964	251.00	440.00	installment
18433	264.00	460.00	installment
10342	443.00	780.00	installment
3687	515.00	880.00	installment
5288	890.00	1590.00	installment
15630	900.00	1540.00	installment
16846	950.00	1650.00	installment
17665	454.00	890.00	installment
18456	650.00	1110.00	installment
12309	900.00	1840.00	installment
13144	970.00	1670.00	installment
18468	315.00	540.00	installment
18482	410.00	780.00	installment
16897	950.00	1650.00	installment
17580	454.00	890.00	installment
18154	586.00	1010.00	installment
18486	747.00	1290.00	installment
9544	670.00	1210.00	installment
18256	145.00	200.00	single
13934	155.00	350.00	installment
18506	683.64	1260.00	installment
3691	920.00	1580.00	installment
13986	150.00	270.00	installment
18523	971.00	1670.00	installment
16571	235.00	410.00	installment
12884	519.00	960.00	installment
17860	200.00	380.00	installment
16897	950.00	1650.00	installment
9290	790.00	1480.00	installment
13033	977.00	1770.00	installment
15739	974.00	1670.00	installment
18536	500.00	860.00	installment
18464	31.00	130.00	installment
18540	135.00	240.00	installment
18528	640.00	1100.00	installment
18551	1450.00	2470.00	installment
18553	266.11	470.00	installment
18556	280.00	510.00	installment
18557	252.00	460.00	installment
18558	184.00	360.00	installment
16477	687.00	1190.00	installment
18617	190.00	380.00	installment
17665	454.00	890.00	installment
17226	450.00	1020.00	installment
13330	335.00	580.00	installment
18584	971.00	1670.00	installment
950	495.00	850.00	installment
17900	339.00	580.00	installment
11540	715.00	1230.00	installment
18574	515.00	890.00	installment
13091	1730.00	2950.00	installment
18576	879.00	1520.00	installment
14349	183.00	320.00	installment
12460	379.00	660.00	installment
18577	335.00	580.00	installment
16836	747.00	1290.00	installment
12074	785.00	1350.00	installment
18589	157.21	280.00	installment
18589	157.21	280.00	installment
18589	157.21	280.00	installment
18589	157.21	280.00	installment
18581	419.00	720.00	installment
18267	971.00	1670.00	installment
17496	410.00	780.00	installment
16897	950.00	1650.00	installment
12514	415.00	720.00	installment
18598	480.00	880.00	installment
17296	409.00	780.00	installment
18402	530.00	910.00	installment
18602	1727.00	2980.00	installment
18514	601.20	1060.00	installment
18603	135.24	240.00	installment
15895	422.00	730.00	installment
13262	680.00	1160.00	installment
18607	200.00	360.00	installment
18607	200.00	360.00	installment
18607	200.00	360.00	installment
18607	200.00	360.00	installment
6198	440.00	840.00	installment
400	645.00	1110.00	installment
15039	280.00	480.00	installment
3435	615.00	1060.00	installment
3687	515.00	880.00	installment
13330	335.00	580.00	installment
18632	454.00	780.00	installment
9072	560.00	960.00	installment
11751	294.00	510.00	installment
18552	747.00	1290.00	installment
17972	268.00	510.00	installment
14591	60.00	130.00	installment
15795	86.00	200.00	installment
3843	415.00	720.00	installment
17624	687.00	1190.00	installment
11751	294.00	510.00	installment
17750	1728.00	2980.00	installment
18633	135.00	240.00	installment
18656	75.53	140.00	installment
3707	850.00	950.00	single
3843	415.00	480.00	single
17802	420.00	730.00	installment
3687	515.00	880.00	installment
13877	650.00	1110.00	installment
11334	480.00	820.00	installment
17955	687.00	1240.00	installment
18636	1109.00	1920.00	installment
13295	445.00	770.00	installment
11679	215.00	420.00	installment
16542	687.00	1190.00	installment
18657	402.00	700.00	installment
18658	235.00	410.00	installment
17972	268.00	510.00	installment
144	573.00	990.00	installment
14107	317.00	520.00	installment
18313	300.00	560.00	installment
18672	184.00	330.00	installment
18673	86.00	180.00	installment
16897	950.00	1650.00	installment
18675	560.00	960.00	installment
18635	454.00	780.00	installment
18635	454.00	780.00	installment
15895	422.00	730.00	installment
18577	335.00	580.00	installment
399	545.00	940.00	installment
777	150.00	270.00	installment
18621	268.00	510.00	installment
18691	240.00	480.00	installment
17624	687.00	1190.00	installment
4964	339.00	580.00	installment
13144	970.00	1670.00	installment
18694	640.00	1100.00	installment
18695	50.40	90.00	installment
18695	50.40	90.00	installment
2093	530.00	910.00	installment
18697	390.00	670.00	installment
13369	1448.00	2650.00	installment
18552	746.00	1290.00	installment
18418	790.00	1260.00	installment
18709	84.55	150.00	installment
18709	84.55	150.00	installment
18714	82.00	220.00	installment
18724	51.59	100.00	installment
12528	1320.00	2270.00	installment
784	305.00	590.00	installment
8889	320.00	560.00	installment
16498	747.00	1290.00	installment
18632	454.00	780.00	installment
11289	640.00	1100.00	installment
3775	465.00	800.00	installment
18552	747.00	1290.00	installment
18727	43.00	90.00	installment
158	375.00	650.00	installment
16153	960.00	1640.00	installment
18726	84.00	90.00	single
18632	454.00	540.00	installment
18486	746.00	1290.00	installment
18739	600.00	1040.00	installment
18740	885.00	1510.00	installment
4733	690.00	1290.00	installment
18741	620.00	1170.00	installment
18742	465.00	800.00	installment
18743	623.00	1070.00	installment
17629	635.00	1090.00	installment
18762	359.00	620.00	installment
16897	949.00	1650.00	installment
9522	760.00	1450.00	installment
467	770.00	1310.00	installment
3427	225.00	390.00	installment
18532	770.00	1310.00	installment
18241	200.60	380.00	installment
18418	790.00	1260.00	installment
18482	409.00	780.00	installment
13054	916.00	1450.00	installment
726	248.00	480.00	installment
17296	409.00	780.00	installment
18785	370.14	650.00	installment
17878	259.92	480.00	installment
18778	770.00	1310.00	installment
6114	270.00	550.00	installment
12848	35.00	150.00	installment
18789	1280.00	2180.00	installment
16542	686.00	1190.00	installment
18790	240.00	420.00	installment
16897	949.00	1650.00	installment
16897	949.00	1650.00	installment
16019	167.00	290.00	installment
11876	943.00	1620.00	installment
17172	385.00	660.00	installment
18653	422.00	730.00	installment
18154	585.00	1010.00	installment
18803	495.00	1260.00	installment
18849	349.00	610.00	installment
18850	86.00	140.00	installment
17645	296.00	520.00	installment
18635	454.00	780.00	installment
18817	499.00	860.00	installment
4163	520.00	910.00	installment
16376	405.00	710.00	installment
18632	454.00	780.00	installment
7922	1093.00	1870.00	installment
18817	500.00	860.00	installment
16846	949.00	1650.00	installment
18635	454.00	780.00	installment
10462	1280.00	2180.00	installment
18822	191.00	380.00	installment
17878	259.92	480.00	installment
9175	640.00	1100.00	installment
18823	439.00	760.00	installment
18482	409.00	780.00	installment
15427	65.00	130.00	installment
18828	78.00	170.00	installment
18506	683.64	1260.00	installment
17496	409.00	780.00	installment
18632	454.00	780.00	installment
18725	530.00	1040.00	installment
9072	560.00	960.00	installment
18824	60.00	120.00	installment
18825	122.10	240.00	installment
16539	409.00	880.00	installment
18783	272.00	540.00	installment
18572	1350.00	2520.00	installment
636	73.00	130.00	installment
18840	74.00	140.00	installment
2081	1975.00	3650.00	installment
10430	1850.00	3290.00	installment
16443	746.00	1290.00	installment
18682	530.00	910.00	installment
15895	421.00	730.00	installment
18632	454.00	780.00	installment
18552	746.00	1290.00	installment
18855	850.00	1890.00	installment
13330	335.00	580.00	installment
18502	250.00	430.00	installment
13091	1730.00	2950.00	installment
252	93.00	180.00	installment
13835	122.00	220.00	installment
18863	83.16	150.00	installment
17052	296.00	520.00	installment
799	235.00	310.00	installment
12110	74.65	115.00	installment
18725	570.00	910.00	installment
18426	499.00	860.00	installment
11334	480.00	820.00	installment
3697	1270.00	2270.00	installment
18552	746.00	1290.00	installment
18718	573.00	1126.00	installment
18786	900.00	1540.00	installment
6235	1080.00	1820.00	installment
17815	245.00	560.00	installment
17296	409.00	780.00	installment
15968	400.00	700.00	installment
16539	409.00	780.00	installment
18482	409.00	780.00	installment
18870	300.00	560.00	installment
18312	470.05	810.00	installment
401	890.00	1640.00	installment
16153	960.00	1640.00	installment
1723	248.00	480.00	installment
18873	246.00	470.00	installment
15895	421.00	730.00	installment
18875	270.00	470.00	installment
6079	1077.00	1920.00	installment
18878	730.00	1260.00	installment
18891	65.00	140.00	installment
18892	396.00	680.00	installment
18894	686.00	1100.00	installment
16897	948.00	1650.00	installment
18745	796.00	1450.00	installment
3890	1770.00	3150.00	installment
467	770.00	1310.00	installment
3923	113.00	180.00	installment
17328	345.00	600.00	installment
15895	421.00	730.00	installment
13946	490.00	830.00	installment
16897	948.00	1650.00	installment
18849	349.00	560.00	installment
18428	365.00	640.00	installment
18468	315.00	540.00	installment
18901	680.00	1200.00	installment
9072	560.00	960.00	installment
14396	900.00	1540.00	installment
18552	745.00	1290.00	installment
16897	948.00	1650.00	installment
18910	470.05	730.00	installment
18902	295.00	510.00	installment
18812	960.00	1640.00	installment
17645	295.00	520.00	installment
18552	745.00	1290.00	installment
18506	683.64	1260.00	installment
18922	496.00	810.00	installment
18931	130.00	230.00	installment
18932	61.00	120.00	installment
19138	298.00	520.00	installment
16846	948.00	1490.00	installment
18925	65.00	200.00	installment
18926	118.00	220.00	installment
9072	560.00	960.00	installment
17052	295.00	520.00	installment
10448	2300.00	3760.00	installment
16153	960.00	1640.00	installment
18943	679.00	1450.00	installment
17052	295.00	520.00	installment
12460	379.00	660.00	installment
17624	686.00	1190.00	installment
18897	490.00	830.00	installment
18725	515.00	1040.00	installment
17052	295.00	520.00	installment
18817	499.00	860.00	installment
2093	515.00	910.00	installment
4733	690.00	1200.00	installment
18944	460.00	800.00	installment
18154	584.00	1010.00	installment
472	810.00	1390.00	installment
18950	720.00	1240.00	installment
14591	60.00	130.00	installment
18961	75.00	140.00	installment
15230	790.00	1160.00	installment
16443	745.00	1290.00	installment
18751	770.00	1310.00	installment
9072	560.00	960.00	installment
18962	280.00	480.00	installment
18653	421.00	730.00	installment
18486	745.00	1160.00	installment
18849	349.00	610.00	installment
147	325.00	590.00	installment
3687	520.00	880.00	installment
18971	385.00	660.00	installment
18973	269.00	470.00	installment
2062	1500.00	2560.00	installment
18974	778.75	1540.00	installment
18975	796.00	1450.00	installment
17645	295.00	470.00	installment
112	425.00	860.00	installment
18977	947.00	1620.00	installment
16897	947.00	1650.00	installment
18978	987.00	1580.00	installment
17158	148.00	250.00	installment
17816	245.00	430.00	installment
19069	339.00	660.00	installment
18980	43.00	130.00	installment
18981	31.05	70.00	installment
18982	60.00	170.00	installment
19067	595.99	1080.00	installment
16897	947.00	1650.00	installment
19002	520.00	900.00	installment
3691	880.00	1580.00	installment
12885	545.00	940.00	installment
10111	53.00	100.00	installment
19018	35.00	180.00	installment
7922	1095.00	1870.00	installment
3843	415.00	800.00	installment
19010	480.00	820.00	installment
19010	480.00	820.00	installment
19012	160.00	280.00	installment
17019	683.65	1260.00	installment
2093	515.00	910.00	installment
16542	685.00	1190.00	installment
18445	2009.00	2980.00	installment
18562	400.00	700.00	installment
19010	480.00	820.00	installment
13066	825.00	1410.00	installment
24470	942.00	1190.00	installment
10342	443.00	720.00	installment
9382	480.00	820.00	installment
19010	480.00	820.00	installment
19025	49.00	100.00	installment
19068	86.00	180.00	installment
12717	93.34	250.00	installment
16391	796.00	1450.00	installment
19031	765.00	1180.00	installment
2062	1500.00	2560.00	installment
17309	200.00	420.00	installment
17594	496.00	900.00	installment
18060	382.00	720.00	installment
18506	683.65	1260.00	installment
18536	499.00	860.00	installment
18675	560.00	960.00	installment
19035	375.00	650.00	installment
16897	947.00	1650.00	installment
9859	950.00	1640.00	installment
19038	304.00	590.00	installment
18907	349.00	580.00	installment
19039	210.70	370.00	installment
19010	480.00	820.00	installment
18849	349.00	610.00	installment
17515	200.00	420.00	installment
17515	200.00	420.00	installment
17158	148.00	250.00	installment
18420	1870.00	2760.00	installment
19045	481.00	850.00	installment
19010	480.00	820.00	installment
17337	720.00	1240.00	installment
18486	744.00	1290.00	installment
15858	400.00	700.00	installment
15858	400.00	700.00	installment
12569	720.00	1240.00	installment
9522	760.00	1450.00	installment
19056	129.00	230.00	installment
19088	129.00	230.00	installment
17701	652.05	1200.00	installment
18562	399.00	700.00	installment
19080	1700.00	2900.00	installment
9154	300.00	520.00	installment
18899	1850.00	3150.00	installment
17747	325.00	560.00	installment
11101	400.00	700.00	installment
19077	66.96	130.00	installment
19077	66.96	130.00	installment
19077	66.96	130.00	installment
19077	66.96	170.00	installment
17035	800.00	1500.00	installment
15793	248.00	480.00	installment
16611	610.00	1050.00	installment
15895	421.00	730.00	installment
15895	421.00	730.00	installment
19084	650.00	1450.00	installment
2081	1975.00	3640.00	installment
10116	500.00	860.00	installment
16677	142.40	260.00	installment
18177	349.00	520.00	installment
16443	744.00	1290.00	installment
19073	254.84	440.00	installment
19090	227.05	390.00	installment
11876	1.00	1280.00	single
6576	745.00	1280.00	installment
19082	690.00	1090.00	installment
16078	498.00	860.00	installment
18735	960.00	1640.00	installment
15584	395.00	720.00	installment
3506	460.00	800.00	installment
400	645.00	1110.00	installment
18849	348.00	610.00	installment
19089	259.00	340.00	installment
16639	925.00	1580.00	installment
401	925.00	1640.00	installment
17208	145.00	270.00	installment
19131	649.00	1000.00	installment
7357	360.00	470.00	installment
19091	122.00	160.00	installment
19092	272.22	360.00	installment
16896	934.00	1600.00	installment
16897	946.00	1650.00	installment
11388	680.00	1160.00	installment
19093	424.00	730.00	installment
3634	575.00	990.00	installment
18426	498.00	860.00	installment
19107	650.00	1260.00	installment
19107	650.00	1260.00	installment
19107	650.00	1260.00	installment
7806	1070.00	1970.00	installment
16897	946.00	1650.00	installment
13903	1781.00	2990.00	installment
3506	460.00	800.00	installment
18418	790.00	1260.00	installment
18678	159.00	320.00	installment
17496	424.00	780.00	installment
12206	1570.00	2690.00	installment
11035	270.00	540.00	installment
19120	300.00	560.00	installment
16897	946.00	1650.00	installment
19031	765.00	1310.00	installment
15895	420.00	730.00	installment
19121	660.00	1140.00	installment
19122	141.00	190.00	installment
19122	141.00	190.00	installment
19123	350.00	610.00	installment
19124	345.00	670.00	installment
19125	80.00	190.00	installment
19125	80.00	190.00	installment
17508	185.00	330.00	installment
18817	498.00	860.00	installment
19089	259.00	460.00	installment
16083	498.00	860.00	installment
18849	348.00	610.00	installment
19136	650.00	1140.00	installment
19137	1259.00	1990.00	installment
11664	850.00	1450.00	installment
3634	575.00	990.00	installment
11116	477.00	850.00	installment
14859	1169.00	1990.00	installment
3698	560.00	960.00	installment
399	545.00	940.00	installment
8581	680.00	1160.00	installment
15718	439.00	760.00	installment
14209	700.00	1250.00	installment
1727	370.00	700.00	installment
10462	1190.00	2180.00	installment
19148	296.00	520.00	installment
17922	683.64	1260.00	installment
9290	790.00	1260.00	installment
19157	1388.00	2370.00	installment
18764	820.00	1400.00	installment
19161	262.00	460.00	installment
19162	946.00	1620.00	installment
19163	640.00	1100.00	installment
19164	110.00	240.00	installment
19165	69.00	130.00	installment
18617	190.00	380.00	installment
15446	682.00	1100.00	installment
18635	475.00	820.00	installment
19170	970.00	1670.00	installment
18418	790.00	1260.00	installment
18849	348.00	610.00	installment
19172	1380.00	2380.00	installment
13395	1380.00	2380.00	installment
19181	84.55	150.00	installment
19181	84.55	150.00	installment
19181	84.55	150.00	installment
19181	84.55	150.00	installment
19181	84.55	150.00	installment
19181	84.55	150.00	installment
19181	84.55	150.00	installment
19182	172.00	310.00	installment
19183	88.35	170.00	installment
19173	395.34	760.00	installment
19187	31.32	70.00	installment
19176	1210.00	2070.00	installment
11989	620.00	1020.00	installment
8767	1228.00	2090.00	installment
19185	1075.00	1840.00	installment
19036	357.00	760.00	installment
14340	719.00	1240.00	installment
18465	540.00	940.00	installment
19191	325.00	540.00	installment
17019	683.64	1260.00	installment
17665	474.00	820.00	installment
19255	464.00	860.00	installment
18203	446.00	760.00	installment
3687	520.00	880.00	installment
3195	175.00	310.00	installment
14185	145.00	250.00	installment
19226	1784.00	3040.00	installment
18420	1586.00	3190.00	installment
19215	178.00	320.00	installment
18632	475.00	820.00	installment
18506	683.64	1260.00	installment
19225	339.00	570.00	installment
18712	241.00	540.00	installment
19230	1450.00	2650.00	installment
19247	977.00	1700.00	installment
19235	303.00	580.00	installment
9175	640.00	1110.00	installment
18506	683.64	1260.00	installment
6949	1470.00	2510.00	installment
19240	875.00	1600.00	installment
19186	976.00	1700.00	installment
9652	600.00	1040.00	installment
19248	420.00	720.00	installment
19612	869.00	1490.00	installment
17342	185.00	330.00	installment
19257	476.00	870.00	installment
18708	150.04	360.00	installment
18853	900.00	1540.00	installment
19250	1104.00	1890.00	installment
15578	102.00	230.00	installment
18716	118.40	220.00	installment
19167	995.00	1880.00	installment
19259	2410.00	4110.00	installment
19210	976.00	1700.00	installment
13278	285.00	510.00	installment
16571	235.00	410.00	installment
18284	191.00	340.00	installment
19243	1094.00	1880.00	installment
17305	178.00	320.00	installment
19294	134.00	240.00	installment
19295	115.00	200.00	installment
15638	167.00	320.00	installment
15124	770.00	1330.00	installment
19267	280.00	480.00	installment
19445	474.00	820.00	installment
17665	474.00	820.00	installment
13295	450.00	770.00	installment
19186	977.00	1700.00	installment
19361	150.00	270.00	installment
13878	686.00	1110.00	installment
12460	379.00	660.00	installment
6294	345.00	600.00	installment
12134	75.00	240.00	installment
15348	115.00	210.00	installment
19299	191.00	330.00	installment
18422	683.64	1260.00	installment
19271	645.00	1110.00	installment
6576	745.00	1280.00	installment
19276	324.00	580.00	installment
3280	138.00	260.00	installment
19277	385.00	730.00	installment
19278	385.00	720.00	installment
18971	385.00	660.00	installment
19291	950.00	1670.00	installment
19286	298.00	520.00	installment
18955	103.32	190.00	installment
19287	192.51	340.00	installment
19288	235.85	410.00	installment
19289	449.88	770.00	installment
19290	324.00	560.00	installment
19350	1103.00	1890.00	installment
19296	474.00	820.00	installment
18748	245.00	430.00	installment
9290	790.00	1260.00	installment
561	1338.00	2800.00	installment
1632	116.00	230.00	installment
19271	645.00	1110.00	installment
18623	167.00	290.00	installment
18623	167.00	290.00	installment
6617	1020.00	1830.00	installment
17226	450.00	1020.00	installment
19148	296.00	520.00	installment
19337	175.00	585.00	installment
19339	296.00	520.00	installment
17746	325.00	560.00	installment
19155	770.00	1330.00	installment
18418	790.00	1260.00	installment
18420	1587.00	3190.00	installment
19351	652.05	1200.00	installment
11334	480.00	820.00	installment
19849	1095.00	1790.00	installment
12514	415.00	720.00	installment
19251	995.00	1880.00	installment
18789	1190.00	2180.00	installment
19247	976.00	1700.00	installment
19230	1410.00	2650.00	installment
19315	334.00	540.00	installment
17508	185.00	330.00	installment
19316	1250.00	2130.00	installment
18784	1580.00	2700.00	installment
19340	1104.00	1890.00	installment
18875	270.00	470.00	installment
19242	749.00	1040.00	installment
19321	127.00	240.00	installment
19323	287.00	540.00	installment
19110	520.00	1020.00	installment
19328	132.00	230.00	installment
18578	474.00	620.00	installment
19276	324.00	580.00	installment
16646	1300.00	2220.00	installment
18481	1395.00	2270.00	installment
17747	325.00	560.00	installment
19398	709.00	1280.00	installment
13144	970.00	1670.00	installment
19354	203.67	480.00	installment
13273	455.00	780.00	installment
19087	610.00	1140.00	installment
17624	620.00	1190.00	installment
19363	1104.00	1890.00	installment
19331	348.00	610.00	installment
12569	720.00	1240.00	installment
17701	652.05	1200.00	installment
19359	326.70	510.00	installment
19356	139.00	260.00	installment
14152	217.00	460.00	installment
14152	217.00	460.00	installment
13410	335.00	580.00	installment
18422	683.64	1260.00	installment
19369	246.00	460.00	installment
19366	1816.00	3100.00	installment
15258	127.00	240.00	installment
19351	652.05	1200.00	installment
6078	630.00	1150.00	installment
17174	460.00	800.00	installment
19368	1964.00	3390.00	installment
19331	348.00	610.00	installment
19186	976.00	1700.00	installment
13543	175.00	310.00	installment
16556	474.00	820.00	installment
14035	700.00	1200.00	installment
17665	474.00	820.00	installment
19276	324.00	580.00	installment
18832	500.00	860.00	installment
19153	944.00	1650.00	installment
7777	225.00	390.00	installment
19380	97.00	180.00	installment
12528	1395.00	2270.00	installment
17109	1170.00	1960.00	installment
4894	225.00	430.00	installment
17581	474.00	820.00	installment
10462	1190.00	2180.00	installment
18562	354.00	700.00	installment
17900	279.00	580.00	installment
19191	324.00	560.00	installment
19170	970.00	1670.00	installment
3506	460.00	800.00	installment
3716	73.00	119.00	single
19397	424.00	730.00	installment
19347	944.00	1620.00	installment
12636	735.00	1260.00	installment
3492	660.00	1140.00	installment
19406	401.20	700.00	installment
19412	892.00	1530.00	installment
19276	343.00	580.00	installment
19297	976.00	1700.00	installment
19422	164.00	290.00	installment
19023	655.18	1120.00	installment
19611	261.30	460.00	installment
18658	235.00	410.00	installment
19186	976.00	1700.00	installment
19367	995.00	1880.00	installment
19343	976.00	1700.00	installment
11755	412.00	720.00	installment
3468	74.00	140.00	installment
13848	107.00	210.00	installment
14663	76.00	180.00	installment
19435	98.00	180.00	installment
12885	545.00	940.00	installment
19436	944.00	1620.00	installment
16498	709.00	1290.00	installment
3435	615.00	1060.00	installment
13718	1036.00	1960.00	installment
465	535.00	920.00	installment
400	645.00	1110.00	installment
11677	135.00	310.00	installment
11677	135.00	310.00	installment
19450	1074.00	1910.00	installment
19451	671.00	860.00	installment
12113	760.00	1300.00	installment
19153	944.00	1650.00	installment
19331	347.00	610.00	installment
19010	480.00	820.00	installment
18506	681.13	1260.00	installment
19460	275.00	370.00	installment
19527	520.00	900.00	installment
15906	799.00	1510.00	installment
19463	1965.00	3390.00	installment
17555	683.64	1260.00	installment
19488	480.00	820.00	installment
18658	235.00	410.00	installment
17515	200.00	420.00	installment
6892	966.00	1650.00	installment
19010	480.00	820.00	installment
19397	424.00	730.00	installment
19485	220.00	460.00	installment
465	535.00	920.00	installment
19489	925.00	1640.00	installment
19350	1102.00	1890.00	installment
17686	960.00	1640.00	installment
19497	879.00	1140.00	installment
19492	423.00	730.00	installment
16892	800.00	1380.00	installment
19393	670.00	910.00	installment
17594	496.00	810.00	installment
13273	455.00	780.00	installment
20718	499.00	870.00	installment
14416	835.00	1500.00	installment
19186	976.00	1700.00	installment
15545	271.99	490.00	installment
17863	450.00	1020.00	installment
13360	359.00	620.00	installment
14606	40.00	100.00	installment
18554	549.00	1010.00	installment
19189	464.00	860.00	installment
18418	790.00	1480.00	installment
19524	149.00	270.00	installment
19595	177.00	260.00	installment
19595	177.00	260.00	installment
19595	177.00	260.00	installment
19595	177.00	260.00	installment
18706	2109.00	4120.00	installment
19270	976.00	1700.00	installment
9382	480.00	820.00	installment
11334	480.00	820.00	installment
19528	299.00	600.00	installment
402	1170.00	1960.00	installment
19511	575.14	1050.00	installment
15792	354.00	700.00	installment
19348	423.00	730.00	installment
19531	280.00	480.00	installment
18922	496.00	900.00	installment
19533	404.95	800.00	installment
19367	995.00	1880.00	installment
18894	686.00	1260.00	installment
19217	450.00	770.00	installment
19539	210.00	370.00	installment
19807	237.00	420.00	installment
19540	850.00	1450.00	installment
19543	850.00	1530.00	installment
19642	531.00	950.00	installment
147	325.00	600.00	installment
147	325.00	600.00	installment
14436	1110.00	1890.00	installment
19899	872.00	1500.00	installment
6576	745.00	1280.00	installment
11877	319.00	560.00	installment
4964	340.00	530.00	installment
18177	279.00	580.00	installment
19553	874.00	1210.00	installment
19555	90.00	220.00	installment
3953	220.00	460.00	installment
6576	745.00	1280.00	installment
19610	261.30	460.00	installment
19449	550.00	950.00	installment
18906	839.00	1360.00	installment
19566	1170.00	1960.00	installment
18418	790.00	1480.00	installment
19247	976.00	1650.00	installment
17097	210.00	280.00	installment
18954	920.00	1580.00	installment
12528	1395.00	2270.00	installment
19587	1570.00	2690.00	installment
19186	976.00	1700.00	installment
19365	1815.00	3100.00	installment
19436	944.00	1620.00	installment
19592	289.00	510.00	installment
9838	500.00	860.00	installment
18562	354.00	700.00	installment
19599	295.00	510.00	installment
6054	495.00	850.00	installment
18554	549.00	1010.00	installment
19605	230.00	410.00	installment
19814	2051.10	3490.00	installment
17701	652.05	1200.00	installment
19609	1199.00	1960.00	installment
19576	1506.98	2900.00	installment
19186	975.00	1700.00	installment
19186	975.00	1700.00	installment
19937	1280.00	2130.00	installment
782	268.00	470.00	installment
3141	995.00	1700.00	installment
18653	374.00	730.00	installment
19280	943.00	1650.00	installment
19110	520.00	1020.00	installment
20111	1170.00	1990.00	installment
18909	152.00	240.00	installment
19621	294.00	510.00	installment
6078	630.00	1150.00	installment
16505	671.00	1150.00	installment
12636	735.00	1260.00	installment
19644	570.00	660.00	installment
19980	799.00	1230.00	installment
19645	465.00	900.00	installment
5526	556.00	960.00	installment
18367	150.00	270.00	installment
19630	175.00	360.00	installment
8467	835.00	1480.00	installment
17488	385.00	490.00	installment
18817	463.00	860.00	installment
18817	463.00	860.00	installment
13295	450.00	770.00	installment
13024	491.00	800.00	installment
19069	339.00	520.00	single
12460	379.00	660.00	installment
18908	500.00	960.00	installment
19646	295.00	520.00	installment
19663	272.22	520.00	installment
12416	439.00	760.00	installment
15446	686.00	1260.00	installment
15230	790.00	1480.00	installment
18984	420.00	840.00	installment
19653	295.64	510.00	installment
400	645.00	1110.00	installment
19893	143.00	240.00	installment
19661	73.32	130.00	installment
19661	73.32	130.00	installment
19661	73.32	130.00	installment
19661	73.32	130.00	installment
19661	73.32	130.00	installment
19661	73.32	130.00	installment
19662	56.42	100.00	installment
19902	647.00	1110.00	installment
19604	874.00	1600.00	installment
19667	750.00	1480.00	installment
19668	600.00	1040.00	installment
16083	463.00	860.00	installment
19674	1374.00	2410.00	installment
18577	335.00	580.00	installment
15545	271.99	500.00	installment
19280	943.00	1650.00	installment
19717	943.00	1620.00	installment
235	180.00	320.00	installment
19680	72.00	140.00	installment
18907	279.00	580.00	installment
400	645.00	1110.00	installment
18510	1490.00	2650.00	installment
13295	450.00	770.00	installment
19694	580.00	1530.00	installment
18708	148.00	360.00	installment
19293	892.00	1530.00	installment
19395	1429.00	2450.00	installment
19553	873.00	1500.00	installment
19486	473.00	820.00	installment
18711	263.00	460.00	installment
19702	73.00	150.00	installment
19736	264.00	460.00	installment
19251	994.00	1890.00	installment
18552	708.00	1290.00	installment
19712	970.00	1265.00	installment
19232	246.00	430.00	installment
19452	994.00	1700.00	installment
9724	1150.00	1640.00	installment
19750	548.00	950.00	installment
18343	19.90	40.00	installment
18343	19.90	40.00	installment
18343	19.90	40.00	installment
18343	19.90	40.00	installment
18343	19.90	40.00	installment
18343	19.90	40.00	installment
18343	19.90	40.00	installment
18343	19.90	40.00	installment
18343	19.90	40.00	installment
18343	19.90	40.00	installment
18343	19.90	40.00	installment
18343	19.90	40.00	installment
18343	19.90	40.00	installment
18343	19.90	40.00	installment
18343	19.90	40.00	installment
18343	19.90	40.00	installment
18343	19.90	40.00	installment
18343	19.90	40.00	installment
18343	19.90	40.00	installment
18343	19.90	40.00	installment
18343	19.90	40.00	installment
18343	19.90	40.00	installment
18343	19.90	40.00	installment
18343	19.90	40.00	installment
18343	19.90	40.00	installment
18343	19.90	40.00	installment
18343	19.90	40.00	installment
18343	19.90	40.00	installment
18343	19.90	40.00	installment
18343	19.90	40.00	installment
18343	19.90	40.00	installment
19733	325.00	560.00	installment
19733	325.00	560.00	installment
19733	325.00	560.00	installment
19734	151.21	270.00	installment
19734	151.21	270.00	installment
19734	151.21	270.00	installment
19734	151.21	270.00	installment
19505	835.00	1500.00	installment
19742	755.00	1300.00	installment
11664	850.00	1450.00	installment
19748	285.00	500.00	installment
19749	679.00	1450.00	installment
19452	994.00	1700.00	installment
6078	680.00	1150.00	installment
6971	1380.00	2360.00	installment
17746	325.00	560.00	installment
1719	175.00	320.00	installment
19832	54.87	120.00	installment
19339	317.00	540.00	installment
19758	248.00	480.00	installment
3199	139.00	280.00	installment
13295	450.00	770.00	installment
19761	750.00	1520.00	installment
17955	619.00	1240.00	installment
17309	200.00	420.00	installment
13086	850.00	1450.00	installment
19769	205.00	350.00	installment
18422	678.62	1260.00	installment
18506	678.62	1260.00	installment
18909	152.00	280.00	installment
19025	49.00	100.00	installment
19771	70.00	170.00	installment
19772	55.00	120.00	installment
19773	38.00	80.00	installment
19774	1100.00	1890.00	installment
19775	1182.00	2210.00	installment
14695	369.00	650.00	installment
19551	585.00	1010.00	installment
18751	770.00	1310.00	installment
3634	585.00	1010.00	installment
18420	1584.00	3190.00	installment
19042	2069.10	3530.00	installment
19486	473.00	820.00	installment
16571	235.00	410.00	installment
19304	595.78	1070.00	installment
19409	879.00	1450.00	installment
19346	759.00	1360.00	installment
19794	240.00	420.00	installment
19795	472.00	810.00	installment
11877	319.00	560.00	installment
19828	911.00	1620.00	installment
19343	993.00	1670.00	installment
16471	708.00	1290.00	installment
9838	500.00	860.00	installment
18426	462.00	860.00	installment
6971	1380.00	2360.00	installment
401	925.00	1640.00	installment
18632	508.00	820.00	installment
18577	335.00	580.00	installment
18422	678.62	1260.00	installment
17880	411.75	710.00	installment
19603	450.00	1020.00	installment
19427	55.00	120.00	installment
19827	70.00	130.00	installment
19547	1110.00	1890.00	installment
15230	790.00	1480.00	installment
19298	246.00	430.00	installment
9522	760.00	1450.00	installment
19609	1199.00	1960.00	installment
19837	70.00	180.00	installment
19405	548.00	950.00	installment
19961	433.00	750.00	installment
17309	200.00	420.00	installment
17863	450.00	1020.00	installment
18281	771.00	1410.00	installment
19846	280.00	700.00	installment
12125	909.00	1480.00	installment
19347	941.00	1620.00	installment
19460	277.43	500.00	installment
19785	1700.00	2900.00	installment
12695	873.00	1640.00	installment
19455	2793.00	4780.00	installment
722	126.00	250.00	installment
3682	180.00	370.00	installment
15545	277.43	490.00	installment
19646	317.00	520.00	installment
19717	942.00	1620.00	installment
18756	290.00	510.00	installment
19852	156.00	310.00	installment
20550	1630.00	3380.00	installment
19894	343.00	560.00	installment
19866	490.00	860.00	installment
401	925.00	1640.00	installment
19881	240.00	510.00	installment
19896	495.00	850.00	installment
19887	434.00	750.00	installment
19456	993.00	1670.00	installment
19452	993.00	1700.00	installment
19196	1121.00	1930.00	installment
3634	585.00	1010.00	installment
19889	595.78	1070.00	installment
19888	1426.00	2370.00	installment
19192	343.00	560.00	installment
15792	353.00	610.00	installment
19186	993.00	1670.00	installment
19063	175.00	450.00	installment
13392	995.00	1960.00	installment
19924	450.00	1020.00	installment
17750	1726.00	3430.00	installment
3843	415.00	720.00	installment
13295	490.00	770.00	installment
13591	383.00	660.00	installment
2092	600.00	1040.00	installment
11781	650.00	1140.00	installment
17311	164.00	320.00	installment
12253	545.00	940.00	installment
11547	477.28	840.00	installment
19217	450.00	770.00	installment
19186	993.00	1670.00	installment
19456	993.00	1670.00	installment
19903	879.00	1570.00	installment
19643	890.00	1590.00	installment
9685	560.00	960.00	installment
19367	993.00	1700.00	installment
14726	987.00	1890.00	installment
19921	549.00	720.00	installment
19919	239.00	440.00	installment
16109	920.00	1580.00	installment
18710	113.00	220.00	installment
19960	175.00	310.00	installment
3546	125.00	230.00	installment
19923	131.00	250.00	installment
13262	680.00	1160.00	installment
17515	200.00	420.00	installment
19803	405.00	700.00	installment
19330	119.00	230.00	installment
19948	100.00	180.00	installment
18531	545.00	940.00	installment
19283	941.00	1620.00	installment
19553	872.00	1500.00	installment
19415	268.00	470.00	installment
6079	1075.00	1840.00	installment
19612	866.00	1636.00	installment
3691	880.00	1580.00	installment
18418	790.00	1480.00	installment
19974	403.00	700.00	installment
18578	507.00	820.00	installment
19963	95.00	150.00	installment
19963	95.00	150.00	installment
19963	95.00	150.00	installment
20601	81.88	150.00	installment
19315	334.00	630.00	installment
18460	125.00	230.00	installment
18840	74.00	140.00	installment
19103	150.00	270.00	installment
12659	325.00	560.00	installment
13458	335.00	580.00	installment
19251	992.00	1700.00	installment
9290	790.00	1480.00	installment
19969	947.00	1640.00	installment
19970	885.00	1720.00	installment
13295	450.00	890.00	installment
19972	149.00	310.00	installment
17212	145.00	250.00	installment
18231	87.00	190.00	installment
13295	450.00	770.00	installment
13989	885.00	1380.00	installment
20099	290.00	510.00	installment
18658	235.00	410.00	installment
19398	707.00	1210.00	installment
4	149.00	290.00	installment
20031	779.00	1340.00	installment
18814	550.00	950.00	installment
7376	530.00	1040.00	installment
18552	707.00	1290.00	installment
18944	460.00	800.00	installment
19497	879.00	1500.00	installment
19010	820.00	820.00	installment
400	645.00	1110.00	installment
18416	1750.00	2990.00	installment
19717	941.00	1620.00	installment
16443	707.00	1290.00	installment
20002	1770.00	3150.00	installment
18985	600.00	1040.00	installment
3177	42.00	90.00	installment
20004	165.27	310.00	installment
19215	167.00	320.00	installment
20029	762.65	1240.00	installment
19339	317.00	520.00	installment
3698	560.00	960.00	installment
18422	681.13	1260.00	installment
9859	950.00	1640.00	installment
19363	1100.00	1890.00	installment
6079	1074.00	1840.00	installment
16390	796.00	1450.00	installment
20027	850.00	1450.00	installment
10437	1865.00	3590.00	installment
19347	941.00	1620.00	installment
20035	152.00	240.00	installment
20035	152.00	240.00	installment
20047	481.09	880.00	installment
13028	1900.00	3240.00	installment
20788	551.80	910.00	installment
19010	480.00	820.00	installment
10914	145.00	250.00	installment
14663	76.00	180.00	installment
16443	707.00	1290.00	installment
20039	1217.05	2140.00	installment
20058	1916.00	3470.00	installment
20602	519.00	1150.00	installment
19486	507.00	820.00	installment
18578	507.00	820.00	installment
19943	529.85	910.00	installment
20045	499.00	800.00	installment
19863	600.00	1170.00	installment
20053	1199.00	2040.00	installment
18968	680.00	1150.00	installment
19844	520.00	900.00	installment
19708	1943.46	3530.00	installment
18506	676.10	1260.00	installment
19890	646.37	1120.00	installment
20060	228.00	430.00	installment
8228	270.00	470.00	installment
10097	150.00	250.00	installment
15258	127.00	240.00	installment
19270	992.00	1670.00	installment
20069	1531.00	2640.00	installment
17554	678.62	1260.00	installment
18486	707.00	1290.00	installment
19719	373.00	650.00	installment
8938	118.00	130.00	single
20139	949.00	1630.00	installment
20154	776.00	1480.00	installment
19622	992.00	1700.00	installment
20089	1100.00	1880.00	installment
18578	507.00	820.00	installment
19640	255.00	550.00	installment
19724	132.00	260.00	installment
18971	385.00	660.00	installment
19283	941.00	1620.00	installment
19283	941.00	1620.00	installment
19304	595.78	1070.00	installment
19596	245.00	430.00	installment
3791	1132.00	1930.00	installment
19531	307.00	480.00	installment
19186	992.00	1670.00	installment
13878	686.00	1260.00	installment
19010	480.00	820.00	installment
3691	880.00	1500.00	installment
18653	373.00	730.00	installment
20115	992.00	1670.00	installment
19010	480.00	820.00	installment
11989	620.00	1070.00	installment
18051	470.05	680.00	installment
19250	1100.00	1890.00	installment
18578	507.00	820.00	installment
20523	435.00	750.00	installment
19309	319.00	510.00	installment
19719	373.00	650.00	installment
19250	1100.00	1890.00	installment
19247	992.00	1670.00	installment
19276	342.00	560.00	installment
18578	507.00	820.00	installment
18578	507.00	820.00	installment
18764	820.00	1400.00	installment
19534	691.00	1190.00	installment
20128	70.00	160.00	installment
19551	585.00	1010.00	installment
19251	992.00	1700.00	installment
19445	507.00	820.00	installment
18578	507.00	820.00	installment
19834	391.00	710.00	installment
20138	83.00	200.00	installment
15747	1380.00	2510.00	installment
13111	760.00	1300.00	installment
15446	686.00	1260.00	installment
18789	1190.00	2030.00	installment
19186	992.00	1670.00	installment
17172	385.00	660.00	installment
467	770.00	1330.00	installment
11664	850.00	1450.00	installment
15545	294.00	480.00	installment
19419	373.00	650.00	installment
13784	1100.00	1890.00	installment
17305	183.00	320.00	installment
19250	1099.00	1890.00	installment
3791	1132.00	1930.00	installment
18476	960.00	1640.00	installment
6046	691.00	1230.00	installment
9072	560.00	960.00	installment
20347	949.00	1630.00	installment
13262	680.00	1160.00	installment
19280	960.00	1620.00	installment
17823	262.55	430.00	installment
20165	595.78	1070.00	installment
3862	360.00	560.00	installment
20168	300.00	520.00	installment
9072	1.00	759.00	single
17624	618.00	1190.00	installment
20173	212.00	370.00	installment
20215	203.00	360.00	installment
19280	960.00	1620.00	installment
20120	796.00	1570.00	installment
20176	139.00	250.00	installment
19270	992.00	1670.00	installment
20168	300.00	520.00	installment
18506	678.62	1260.00	installment
20166	370.00	710.00	installment
20213	76.00	140.00	installment
18418	790.00	1480.00	installment
19593	1116.00	2030.00	installment
18577	335.00	580.00	installment
19489	925.00	1640.00	installment
473	850.00	1480.00	installment
16771	879.00	1520.00	installment
9522	760.00	1290.00	installment
19531	307.00	480.00	installment
20194	1265.00	2160.00	installment
18033	423.00	850.00	installment
13718	1033.00	1960.00	installment
19283	941.00	1620.00	installment
19754	547.00	950.00	installment
20196	152.00	260.00	installment
20196	152.00	260.00	installment
19251	992.00	1700.00	installment
13013	799.00	1340.00	installment
7376	530.00	1046.00	installment
19300	991.00	1700.00	installment
20200	1723.00	3430.00	installment
19350	1100.00	1890.00	installment
17592	1581.00	3190.00	installment
14324	1850.00	3150.00	installment
17955	618.00	1240.00	installment
20204	200.00	430.00	installment
15258	127.00	240.00	installment
20229	138.00	240.00	installment
20225	177.00	460.00	installment
19600	480.00	760.00	installment
18418	790.00	1480.00	installment
17081	460.00	800.00	installment
20520	267.00	480.00	installment
17666	492.00	820.00	installment
20111	1170.00	1990.00	installment
19534	691.00	1190.00	installment
20223	671.00	1150.00	installment
20224	115.00	200.00	installment
17097	210.00	370.00	installment
18653	373.00	730.00	installment
19426	450.00	800.00	installment
20216	168.00	360.00	installment
20228	280.00	480.00	installment
19305	317.00	590.00	installment
18875	270.00	470.00	installment
18506	678.62	1260.00	installment
19162	941.00	1620.00	installment
19242	600.00	1040.00	installment
20239	94.00	170.00	installment
18536	462.00	860.00	installment
19276	342.00	560.00	installment
20243	580.00	1400.00	installment
9154	300.00	520.00	installment
19123	295.00	610.00	installment
19880	115.00	200.00	installment
771	225.00	410.00	installment
18502	250.00	430.00	installment
19169	95.60	180.00	installment
20247	320.00	560.00	installment
18789	1190.00	2030.00	installment
20251	477.28	830.00	installment
19186	992.00	1670.00	installment
14303	1010.00	1730.00	installment
19300	991.00	1700.00	installment
17347	547.00	1010.00	installment
19350	1099.00	1890.00	installment
19162	940.00	1620.00	installment
19733	325.00	560.00	installment
20251	477.28	830.00	installment
20270	196.46	380.00	installment
20271	35.00	50.00	installment
20271	35.00	50.00	installment
20272	244.11	430.00	installment
20273	208.00	380.00	installment
20303	329.00	560.00	installment
18902	295.00	510.00	installment
19162	941.00	1620.00	installment
19168	190.00	330.00	installment
17309	200.00	420.00	installment
17309	200.00	420.00	installment
18509	880.00	1500.00	installment
17515	200.00	420.00	installment
20285	66.69	130.00	installment
20285	66.69	130.00	installment
20285	66.69	130.00	installment
20285	66.69	130.00	installment
20285	66.69	130.00	installment
20285	66.69	130.00	installment
20286	255.00	470.00	installment
20287	680.00	1170.00	installment
20288	37.80	80.00	installment
20289	37.80	80.00	installment
20289	37.80	80.00	installment
19218	231.00	250.00	single
12621	405.00	700.00	installment
20171	290.00	510.00	installment
20291	1120.00	2020.00	installment
20430	868.00	1490.00	installment
155	595.00	1040.00	installment
3637	70.00	130.00	installment
13814	220.00	420.00	installment
19419	373.00	650.00	installment
3691	880.00	1500.00	installment
20154	776.00	1480.00	installment
20304	885.00	1380.00	installment
19452	991.00	1700.00	installment
20305	541.03	1142.00	installment
19363	1101.00	1890.00	installment
3691	880.00	1500.00	installment
20313	918.00	1620.00	installment
20315	702.00	1200.00	installment
19136	650.00	1140.00	installment
18438	505.00	890.00	installment
20318	139.00	250.00	installment
20319	643.00	1140.00	installment
18706	2109.00	4120.00	installment
18894	686.00	1260.00	installment
18422	678.62	1260.00	installment
20321	879.00	1510.00	installment
19914	162.00	310.00	installment
19947	180.00	320.00	installment
19972	149.00	310.00	installment
20322	131.00	270.00	installment
20329	1723.00	3430.00	installment
20212	300.00	520.00	installment
20330	755.00	1300.00	installment
3506	460.00	800.00	installment
20256	579.00	1000.00	installment
19121	660.00	1140.00	installment
19228	800.00	1390.00	installment
19363	1099.00	1890.00	installment
20313	918.00	1620.00	installment
19248	373.00	650.00	installment
18438	505.00	880.00	installment
20255	260.00	460.00	installment
18554	547.00	1010.00	installment
401	925.00	1640.00	installment
18673	86.00	180.00	installment
18688	122.00	220.00	installment
18840	74.00	140.00	installment
20408	176.00	320.00	installment
19191	290.00	560.00	installment
400	645.00	1110.00	installment
20419	158.00	320.00	installment
13111	755.00	1300.00	installment
20351	420.00	720.00	installment
17033	285.00	490.00	installment
20353	1402.84	2370.00	installment
20354	130.00	230.00	installment
18438	505.00	880.00	installment
20409	529.85	910.00	installment
17900	279.00	480.00	installment
20576	70.00	250.00	installment
19449	548.00	950.00	installment
19010	480.00	820.00	installment
19604	871.00	1500.00	installment
17172	385.00	660.00	installment
19186	918.00	1670.00	installment
20492	681.72	1250.00	installment
13989	885.00	1380.00	installment
17581	492.00	820.00	installment
20362	680.00	1160.00	installment
19553	871.00	1500.00	installment
19363	1098.00	1890.00	installment
19489	925.00	1640.00	installment
19452	991.00	1700.00	installment
19347	940.00	1620.00	installment
13528	1019.00	1740.00	installment
17580	491.00	820.00	installment
19363	1099.00	1890.00	installment
18562	352.00	700.00	installment
20371	1019.00	1740.00	installment
18418	790.00	1480.00	installment
17863	450.00	1020.00	installment
8889	320.00	560.00	installment
19192	329.00	560.00	installment
19445	491.00	820.00	installment
20379	295.00	510.00	installment
20384	1190.00	2040.00	installment
19632	1317.00	2010.00	installment
19363	1099.00	1890.00	installment
20128	80.00	160.00	installment
20435	52.00	100.00	installment
20435	52.00	100.00	installment
18578	492.00	820.00	installment
19536	792.00	1360.00	installment
20402	170.00	250.00	installment
19604	871.00	1500.00	installment
19150	268.00	470.00	installment
19240	871.00	1280.00	installment
19880	115.00	200.00	installment
5865	450.00	960.00	installment
20245	165.00	320.00	installment
18814	550.00	950.00	installment
16542	617.00	1190.00	installment
19191	329.00	560.00	installment
19191	329.00	560.00	installment
12514	415.00	720.00	installment
400	645.00	1110.00	installment
19150	268.00	470.00	installment
20460	227.05	390.00	installment
252	93.00	180.00	installment
13568	210.00	370.00	installment
20417	180.00	330.00	installment
11847	435.00	750.00	installment
21356	545.00	900.00	installment
20214	617.00	1060.00	installment
18438	505.00	890.00	installment
470	799.00	1360.00	installment
12885	545.00	900.00	installment
18438	505.00	890.00	installment
19604	871.00	1500.00	installment
19243	991.00	1700.00	installment
2059	755.00	1170.00	installment
20431	1095.00	2020.00	installment
19995	358.00	630.00	installment
20212	300.00	520.00	installment
18642	1145.00	1920.00	installment
17922	676.10	1260.00	installment
20193	285.00	490.00	installment
20444	805.00	1390.00	installment
18241	200.60	380.00	installment
20447	796.00	1450.00	installment
19880	115.00	210.00	installment
20318	139.00	260.00	installment
19640	255.00	540.00	installment
20458	514.31	900.00	installment
19808	290.00	520.00	installment
13458	335.00	580.00	installment
20459	554.00	960.00	installment
19247	918.00	1670.00	installment
20462	1721.00	3430.00	installment
20143	1050.00	1830.00	installment
19243	990.00	1700.00	installment
3691	880.00	1500.00	installment
20465	1100.00	1880.00	installment
474	1490.00	2550.00	installment
19880	115.00	200.00	installment
20480	82.00	170.00	installment
19243	989.00	1700.00	installment
18991	294.00	510.00	installment
19717	939.00	1620.00	installment
19398	705.00	1210.00	installment
19346	759.00	1300.00	installment
19785	1700.00	2900.00	installment
20495	799.00	1510.00	installment
20496	363.00	630.00	installment
20497	200.00	370.00	installment
18725	530.00	910.00	installment
18894	686.00	1260.00	installment
401	925.00	1640.00	installment
11540	715.00	1220.00	installment
19553	870.00	1500.00	installment
18623	167.00	320.00	installment
18908	450.00	960.00	installment
20503	130.72	240.00	installment
20504	249.00	330.00	installment
20506	101.00	140.00	installment
20797	66.00	140.00	installment
20508	700.00	1450.00	installment
18482	418.00	780.00	installment
17665	491.00	820.00	installment
19664	297.00	610.00	installment
19247	917.00	1670.00	installment
17750	1721.00	3430.00	installment
18908	450.00	960.00	installment
19250	1098.00	1890.00	installment
3492	660.00	1140.00	installment
20646	440.00	710.00	installment
9072	560.00	960.00	installment
20242	435.00	750.00	installment
20521	240.00	430.00	installment
16443	706.00	1290.00	installment
19186	916.00	1670.00	installment
20622	372.00	650.00	installment
18486	705.00	1290.00	installment
14726	987.00	1890.00	installment
19934	530.00	910.00	installment
18484	466.00	840.00	installment
20121	239.00	430.00	installment
20558	339.00	660.00	installment
17515	200.00	420.00	installment
3691	880.00	1500.00	installment
19452	990.00	1700.00	installment
20554	549.00	860.00	installment
11847	435.00	750.00	installment
20611	57.00	100.00	installment
19958	700.00	1200.00	installment
20177	1280.00	2180.00	installment
19230	1400.00	2650.00	installment
20560	569.00	990.00	installment
16144	139.00	250.00	installment
16144	139.00	250.00	installment
19345	729.00	1240.00	installment
19136	650.00	1140.00	installment
18578	491.00	820.00	installment
20566	236.00	430.00	installment
13103	150.00	270.00	installment
20567	85.00	257.00	installment
18562	352.00	700.00	installment
19110	520.00	900.00	installment
15895	373.00	730.00	installment
18554	546.00	1010.00	installment
18635	491.00	820.00	installment
400	645.00	1110.00	installment
17121	119.00	220.00	installment
19298	244.00	430.00	installment
20114	120.00	230.00	installment
20569	175.00	450.00	installment
20580	406.00	750.00	installment
19640	255.00	540.00	installment
18971	385.00	660.00	installment
20584	284.00	470.00	installment
15512	3395.00	5790.00	installment
20410	1116.00	2150.00	installment
19359	199.00	538.00	single
20339	116.00	210.00	installment
20529	360.00	660.00	installment
20566	236.00	430.00	installment
20592	636.00	1160.00	installment
18712	239.00	540.00	installment
20666	614.14	1110.00	installment
19300	989.00	1700.00	installment
19784	311.00	720.00	installment
20003	614.14	1110.00	installment
20604	237.00	420.00	installment
19010	480.00	820.00	installment
18944	460.00	800.00	installment
15666	1560.00	2700.00	installment
20607	1510.00	2540.00	installment
18908	450.00	960.00	installment
20212	300.00	520.00	installment
20608	101.00	230.00	installment
7636	466.00	840.00	installment
18420	1870.00	3190.00	installment
20269	1422.00	2450.00	installment
10462	1190.00	1550.00	installment
3549	64.50	120.00	installment
19636	143.28	260.00	installment
20614	138.00	270.00	installment
20615	65.00	140.00	installment
20616	30.71	70.00	installment
20619	445.00	780.00	installment
19413	505.00	890.00	installment
19992	352.00	610.00	installment
20415	512.00	900.00	installment
18531	545.00	940.00	installment
18913	115.00	210.00	installment
19253	1097.00	1890.00	installment
18659	415.00	720.00	installment
20630	795.00	1360.00	installment
19250	1097.00	1890.00	installment
19186	916.00	1670.00	installment
19243	898.00	1700.00	installment
18578	491.00	820.00	installment
20632	597.00	1020.00	installment
18901	680.00	1160.00	installment
20634	550.00	860.00	installment
20635	260.00	460.00	installment
17005	774.00	1330.00	installment
20641	1570.00	2690.00	installment
19749	679.00	1160.00	installment
19547	1110.00	1890.00	installment
20647	1750.00	2990.00	installment
19063	175.00	450.00	installment
18552	705.00	1290.00	installment
20648	499.00	870.00	installment
18635	491.00	820.00	installment
19486	491.00	820.00	installment
20651	1720.00	3430.00	installment
17347	546.00	1010.00	installment
20355	546.00	950.00	installment
19558	379.00	660.00	installment
18907	279.00	480.00	installment
20581	130.00	240.00	installment
20655	173.00	320.00	installment
20656	293.00	550.00	installment
20657	719.00	1330.00	installment
19297	916.00	1670.00	installment
20303	328.00	560.00	installment
9852	509.00	870.00	installment
17415	1100.00	1880.00	installment
6941	759.00	1300.00	installment
11847	435.00	750.00	installment
235	180.00	320.00	installment
12413	385.00	660.00	installment
5526	553.00	1010.00	installment
20669	291.00	560.00	installment
784	305.00	560.00	installment
17930	750.00	1290.00	installment
17802	505.00	730.00	installment
7113	799.00	1360.00	installment
19347	936.00	1620.00	installment
19272	916.00	1620.00	installment
20494	850.00	1450.00	installment
19667	685.00	1170.00	installment
20212	300.00	520.00	installment
15841	372.00	730.00	installment
20693	1207.00	2270.00	installment
20166	370.00	710.00	installment
19449	546.00	950.00	installment
19271	645.00	1110.00	installment
19489	925.00	1640.00	installment
18659	415.00	720.00	installment
20702	207.05	390.00	installment
16087	461.00	860.00	installment
401	925.00	1640.00	installment
20471	480.00	830.00	installment
467	770.00	1310.00	installment
22183	645.00	1460.00	installment
19251	988.00	1700.00	installment
17666	491.00	820.00	installment
400	645.00	1110.00	installment
14859	1169.00	1990.00	installment
19186	916.00	1670.00	installment
18531	545.00	940.00	installment
19186	916.00	1670.00	installment
19243	989.00	1700.00	installment
20674	705.00	1210.00	installment
2062	2560.00	2560.00	installment
4019	125.00	160.00	installment
13262	680.00	1160.00	installment
20952	970.00	1670.00	installment
12388	83.00	170.00	installment
14379	255.00	480.00	installment
3745	1700.00	2900.00	installment
20767	37.80	80.00	installment
20767	37.80	80.00	installment
20767	37.80	80.00	installment
20767	37.80	80.00	installment
19230	1400.00	2650.00	installment
18578	491.00	820.00	installment
11732	900.00	1540.00	installment
19283	938.00	1620.00	installment
20535	970.00	1670.00	installment
18910	470.05	810.00	installment
19247	915.00	1670.00	installment
19297	915.00	1670.00	installment
12527	970.00	1670.00	installment
20675	810.00	1450.00	installment
19350	1095.00	1890.00	installment
20121	239.00	430.00	installment
20736	1718.00	3430.00	installment
14396	995.00	1700.00	installment
19934	530.00	910.00	installment
20118	525.00	920.00	installment
401	925.00	1340.00	installment
12736	640.00	1100.00	installment
15545	277.43	480.00	installment
9838	500.00	820.00	installment
20647	1750.00	2990.00	installment
12994	1026.00	1750.00	installment
19566	1200.00	1875.00	installment
19162	938.00	1620.00	installment
19253	1095.00	1890.00	installment
19297	915.00	1670.00	installment
19297	915.00	1670.00	installment
19243	988.00	1700.00	installment
18422	676.10	1260.00	installment
19426	450.00	800.00	installment
20204	200.00	360.00	installment
18552	704.00	1290.00	installment
19008	1500.00	2560.00	installment
20761	735.00	1260.00	installment
18422	676.10	1260.00	installment
15303	4100.00	5950.00	installment
20772	810.00	1450.00	installment
19992	352.00	610.00	installment
16443	705.00	1290.00	installment
3698	560.00	960.00	installment
19603	450.00	770.00	installment
19825	289.00	520.00	installment
19809	524.00	910.00	installment
20269	1422.00	2450.00	installment
20795	616.00	1190.00	installment
11664	1010.00	1275.00	installment
20802	1160.00	1980.00	installment
17466	490.00	1260.00	installment
20581	130.00	240.00	installment
20204	200.00	360.00	installment
19189	461.00	790.00	installment
19253	1095.00	1890.00	installment
19191	328.00	560.00	installment
19593	1.00	1400.00	single
11755	310.00	720.00	installment
12394	205.00	360.00	installment
15476	230.00	430.00	installment
17097	210.00	370.00	installment
19082	690.00	1200.00	installment
20769	470.05	810.00	installment
20770	208.00	360.00	installment
20771	220.00	380.00	installment
20775	311.22	540.00	installment
20821	187.00	330.00	installment
20822	41.89	80.00	installment
20822	41.89	80.00	installment
20822	41.89	80.00	installment
20822	41.89	80.00	installment
20822	41.89	80.00	installment
20822	41.89	80.00	installment
20825	189.00	330.00	installment
400	645.00	1110.00	installment
20836	180.00	320.00	installment
20837	210.00	410.00	installment
20838	200.00	360.00	installment
20466	674.58	1450.00	installment
20842	231.00	440.00	installment
16482	796.00	1450.00	installment
18423	229.11	490.00	installment
20497	200.00	320.00	installment
20851	53.00	90.00	installment
20548	509.00	870.00	installment
22811	450.00	1200.00	installment
22812	790.00	1010.00	installment
14180	608.00	1060.00	installment
22084	850.00	1450.00	installment
19280	915.00	1620.00	installment
20776	335.00	580.00	installment
19186	915.00	1670.00	installment
19596	244.00	430.00	installment
20864	575.00	1000.00	installment
19992	352.00	610.00	installment
19240	868.00	1500.00	installment
18984	400.00	830.00	installment
19107	650.00	1260.00	installment
20867	1146.53	1960.00	installment
20920	514.31	880.00	installment
3648	980.00	1680.00	installment
20923	107.07	200.00	installment
20057	126.00	250.00	installment
20355	546.00	950.00	installment
20340	700.00	1200.00	installment
19243	988.00	1700.00	installment
19599	295.00	460.00	installment
20654	40.00	150.00	installment
18578	490.00	820.00	installment
18422	676.10	1260.00	installment
19580	386.00	760.00	installment
20217	280.00	480.00	installment
19603	450.00	770.00	installment
20883	850.00	1510.00	installment
20630	729.00	1360.00	installment
20212	300.00	520.00	installment
20815	271.99	480.00	installment
20922	520.00	880.00	installment
20663	950.00	1640.00	installment
19667	685.00	1170.00	installment
19943	529.85	780.00	installment
20466	796.00	1450.00	installment
20211	750.00	1290.00	installment
20371	1019.00	1740.00	installment
20891	374.00	650.00	installment
19280	915.00	1620.00	installment
18635	490.00	820.00	installment
3874	220.00	460.00	installment
19733	325.00	560.00	installment
19339	289.00	520.00	installment
20908	289.00	520.00	installment
20929	189.00	370.00	installment
20907	645.00	1110.00	installment
20910	316.00	580.00	installment
19162	937.00	1620.00	installment
13718	1029.00	1960.00	installment
18814	550.00	950.00	installment
20598	1438.89	2470.00	installment
20914	715.00	1220.00	installment
20915	1228.00	2090.00	installment
12056	880.00	1860.00	installment
18678	159.00	320.00	installment
19121	660.00	1140.00	installment
20214	616.00	1060.00	installment
20057	126.00	250.00	installment
20919	1430.00	2450.00	installment
18621	268.00	510.00	installment
20925	1717.00	3430.00	installment
19193	424.00	730.00	installment
20072	230.00	480.00	installment
20926	185.00	360.00	installment
20591	497.16	860.00	installment
18482	417.00	780.00	installment
20057	126.00	250.00	installment
20761	735.00	1260.00	installment
18554	545.00	1010.00	installment
19748	285.00	490.00	installment
17226	450.00	770.00	installment
19486	490.00	820.00	installment
19167	988.00	1700.00	installment
18506	676.11	1260.00	installment
18578	490.00	820.00	installment
13608	500.00	860.00	installment
18306	680.00	1150.00	installment
20855	334.00	630.00	installment
20089	1100.00	1880.00	installment
19943	519.25	780.00	installment
18799	1019.00	1740.00	installment
20114	120.00	230.00	installment
21031	19.75	40.00	installment
19943	519.25	780.00	installment
20871	127.00	220.00	installment
20974	151.00	270.00	installment
19124	345.00	600.00	installment
19871	635.00	1090.00	installment
9164	1045.00	1790.00	installment
20948	653.73	1160.00	installment
20988	1146.53	1960.00	installment
12113	760.00	1300.00	installment
20673	830.00	1430.00	installment
2059	755.00	1170.00	installment
13262	680.00	1160.00	installment
20906	1349.00	3070.00	installment
20951	360.00	560.00	installment
19253	1095.00	1890.00	installment
9544	670.00	1150.00	installment
18688	122.00	220.00	installment
18426	461.00	860.00	installment
19280	915.00	1620.00	installment
12247	1204.00	2270.00	installment
17320	701.50	1390.00	installment
14269	1265.00	2160.00	installment
21860	1.00	510.00	installment
20958	175.00	270.00	installment
19674	1374.00	2410.00	installment
20962	3070.00	3400.00	single
20964	1385.00	1550.00	single
18635	490.00	820.00	installment
19167	988.00	1700.00	installment
17955	616.00	1240.00	installment
17880	440.00	760.00	installment
16892	800.00	1380.00	installment
18554	545.00	1010.00	installment
18907	279.00	480.00	installment
20480	82.00	170.00	installment
20996	1230.00	2110.00	installment
19445	490.00	820.00	installment
19603	450.00	770.00	installment
19884	495.00	850.00	installment
21514	41.00	80.00	installment
21514	41.00	80.00	installment
21514	41.00	80.00	installment
21514	41.00	80.00	installment
21514	41.00	80.00	installment
21514	41.00	80.00	installment
21526	41.25	80.00	installment
20836	180.00	320.00	installment
19887	431.00	750.00	installment
18971	385.00	670.00	installment
19364	988.00	1700.00	installment
18658	235.00	410.00	installment
957	1100.00	1880.00	installment
11664	850.00	1450.00	installment
19405	545.00	950.00	installment
18422	676.10	1260.00	installment
19247	914.00	1670.00	installment
19667	685.00	1180.00	installment
401	925.00	1640.00	installment
20928	500.00	860.00	installment
21007	1230.00	2110.00	installment
21011	639.00	1100.00	installment
401	925.00	1640.00	installment
14859	1169.00	1990.00	installment
3492	660.00	1140.00	installment
20073	239.00	430.00	installment
19280	955.00	1620.00	installment
21014	319.00	560.00	installment
21015	386.00	760.00	installment
400	645.00	1110.00	installment
20693	1205.00	2270.00	installment
16542	615.00	1190.00	installment
5713	300.00	540.00	installment
17022	254.00	390.00	installment
21536	702.00	1290.00	installment
19803	405.00	700.00	installment
20318	139.00	250.00	installment
20351	420.00	720.00	installment
19378	662.66	1120.00	installment
18422	673.59	1260.00	installment
20535	970.00	1670.00	installment
20145	595.00	970.00	installment
20675	810.00	1450.00	installment
18578	490.00	820.00	installment
18986	99.00	190.00	installment
19103	150.00	270.00	installment
21027	125.00	240.00	installment
19943	460.00	780.00	installment
18422	676.10	1260.00	installment
19572	705.50	1390.00	installment
10106	262.00	460.00	installment
17665	490.00	820.00	installment
19186	915.00	1670.00	installment
16986	2650.00	4540.00	installment
21038	670.00	1260.00	installment
21040	230.00	410.00	installment
21042	340.00	630.00	installment
21523	167.00	290.00	installment
21046	157.21	240.00	installment
21046	157.21	240.00	installment
21046	157.21	240.00	installment
21046	157.21	240.00	installment
21046	157.21	240.00	installment
21046	157.21	240.00	installment
21046	157.21	240.00	installment
21051	756.00	1300.00	installment
18578	490.00	820.00	installment
21050	1045.00	2040.00	installment
20838	200.00	360.00	installment
19934	530.00	910.00	installment
18033	423.00	620.00	installment
19305	317.00	540.00	installment
21039	1008.00	1640.00	installment
18838	87.00	150.00	installment
21292	200.50	360.00	installment
21293	42.30	80.00	installment
20865	1100.00	1880.00	installment
15240	449.00	770.00	installment
20475	716.00	870.00	installment
21230	1156.00	1510.00	installment
21062	70.00	130.00	installment
21063	290.00	570.00	installment
400	645.00	1110.00	installment
19566	1250.00	1990.00	installment
19271	645.00	1110.00	installment
21081	1214.00	2110.00	installment
19283	934.00	1620.00	installment
21039	1008.00	1640.00	installment
400	645.00	1110.00	installment
14559	53.00	140.00	installment
18869	113.00	200.00	installment
21108	47.00	90.00	installment
21235	68.00	130.00	installment
18708	174.59	310.00	installment
19613	690.00	1040.00	installment
19734	157.21	270.00	installment
21109	144.99	250.00	installment
21111	1712.00	3430.00	installment
19163	640.00	1100.00	installment
20497	200.00	370.00	installment
20868	850.00	1500.00	installment
21143	926.00	2030.00	installment
21036	1100.00	1880.00	installment
20952	970.00	1670.00	installment
18635	477.00	820.00	installment
18635	477.00	820.00	installment
19247	914.00	1670.00	installment
20145	595.45	1020.00	installment
18635	490.00	820.00	installment
21591	1.00	1630.00	installment
18789	1190.00	2030.00	installment
20612	995.00	1730.00	installment
21126	1940.00	3300.00	installment
19665	330.00	560.00	installment
18984	400.00	830.00	installment
21128	325.00	540.00	installment
21130	790.00	1350.00	installment
17665	490.00	820.00	installment
21131	900.00	1640.00	installment
19148	315.00	520.00	installment
17488	385.00	670.00	installment
20135	190.00	330.00	installment
20402	170.00	250.00	installment
20402	170.00	250.00	installment
21534	982.00	1790.00	installment
20458	514.31	880.00	installment
20744	1720.00	2940.00	installment
19276	328.00	560.00	installment
21140	960.00	1640.00	installment
17477	190.00	330.00	installment
19153	876.00	1620.00	installment
21322	315.21	550.00	installment
18907	279.00	480.00	installment
19186	876.00	1670.00	installment
21145	323.40	680.00	single
21146	240.00	510.00	installment
21237	319.00	570.00	installment
21148	452.22	820.00	installment
7278	1190.00	2030.00	installment
21169	673.59	1260.00	installment
21063	290.00	570.00	installment
21171	359.00	620.00	installment
21172	1428.00	2450.00	installment
21173	1280.00	2180.00	installment
20307	175.00	380.00	installment
21174	1349.00	3060.00	installment
21175	800.00	1390.00	installment
18486	703.00	1290.00	installment
19449	544.00	950.00	installment
18635	504.00	820.00	installment
18420	1866.00	3190.00	installment
21060	136.00	240.00	installment
21138	119.00	220.00	installment
18052	175.00	450.00	installment
20985	227.85	460.00	installment
21201	311.22	540.00	installment
21205	980.00	1680.00	installment
21198	673.59	1260.00	installment
21207	640.00	1110.00	installment
20897	615.00	1020.00	installment
14859	1169.00	1990.00	installment
21208	1400.00	2650.00	installment
18907	279.00	480.00	installment
19243	986.00	1700.00	installment
20307	175.00	380.00	installment
21179	1212.00	2110.00	installment
18706	1417.00	3170.00	installment
21220	650.00	1140.00	installment
18632	476.00	820.00	installment
20619	445.00	780.00	installment
22371	779.00	1430.00	installment
18694	640.00	1100.00	installment
17502	53.00	90.00	installment
18710	113.00	200.00	installment
21229	154.00	250.00	installment
18758	59.00	120.00	installment
19827	70.00	130.00	installment
21130	790.00	1350.00	installment
21238	1213.00	1910.00	installment
21241	1563.00	2670.00	installment
21316	450.00	770.00	installment
20125	544.00	990.00	installment
10465	1680.00	1800.00	single
18621	268.00	470.00	installment
20755	125.00	230.00	installment
21062	70.00	130.00	installment
21252	175.00	410.00	installment
21579	810.00	1450.00	installment
18744	1644.45	3030.00	installment
18033	423.00	620.00	installment
21269	879.00	1250.00	installment
19872	1550.00	2650.00	installment
19167	986.00	1700.00	installment
21276	340.00	580.00	installment
21241	1563.00	2670.00	installment
18562	350.00	700.00	installment
21283	567.00	990.00	installment
21285	250.00	510.00	installment
21285	250.00	510.00	installment
19397	424.00	670.00	installment
6941	759.00	1300.00	installment
17701	652.05	1190.00	installment
19247	876.00	1670.00	installment
21199	1450.00	2790.00	installment
11989	620.00	1070.00	installment
19186	986.00	1670.00	installment
18984	460.00	830.00	installment
21296	484.00	1110.00	installment
18840	74.00	140.00	installment
21297	100.00	180.00	installment
21298	87.00	150.00	installment
20952	970.00	1670.00	installment
19918	266.00	470.00	installment
21306	152.00	280.00	installment
19322	702.00	1210.00	installment
21197	850.00	1450.00	installment
9154	300.00	520.00	installment
20810	278.00	410.00	installment
19520	310.00	530.00	installment
21241	1563.00	2670.00	installment
21300	1975.00	2765.00	installment
18423	229.11	490.00	installment
21321	200.00	380.00	installment
21264	640.00	1100.00	installment
20569	175.00	450.00	installment
20569	175.00	450.00	installment
20619	445.00	780.00	installment
16558	664.00	1210.00	installment
21407	319.00	570.00	installment
399	565.00	940.00	installment
19553	866.00	1500.00	installment
18486	702.00	1290.00	installment
21042	340.00	580.00	installment
19283	935.00	1620.00	installment
22596	880.00	1500.00	installment
19193	424.00	730.00	installment
18716	118.40	230.00	installment
20838	200.00	360.00	installment
17019	673.59	1260.00	installment
20612	995.00	1730.00	installment
21564	676.00	1040.00	installment
13835	122.00	220.00	installment
21576	61.41	120.00	installment
19247	986.00	1670.00	installment
21344	494.53	880.00	installment
19778	343.00	590.00	installment
21323	385.00	670.00	installment
19107	650.00	1400.00	installment
18712	238.00	550.00	installment
20466	679.15	1160.00	installment
19520	310.00	530.00	installment
21356	545.00	900.00	installment
21198	673.59	1260.00	installment
20055	1208.04	2140.00	installment
21198	673.59	1260.00	installment
20178	246.00	480.00	installment
21368	203.15	310.00	installment
19162	934.00	1620.00	installment
19103	150.00	270.00	installment
19188	614.00	1060.00	installment
21198	673.59	1260.00	installment
19163	640.00	1100.00	installment
21449	1370.00	2350.00	installment
19163	640.00	1100.00	installment
19640	255.00	550.00	installment
13094	844.00	1840.00	installment
19243	985.00	1700.00	installment
21386	357.50	620.00	installment
21250	565.00	940.00	installment
21198	673.59	1260.00	installment
21389	475.00	850.00	installment
19914	162.00	280.00	installment
21356	545.00	1160.00	installment
19419	371.00	650.00	installment
21392	680.00	1160.00	installment
21503	670.00	1260.00	installment
21402	157.00	280.00	installment
19036	352.00	760.00	installment
21198	673.59	1260.00	installment
19887	430.00	750.00	installment
21403	800.00	1380.00	installment
21169	673.59	1260.00	installment
21198	673.59	1260.00	installment
21275	541.03	940.00	installment
18658	235.00	410.00	installment
19103	150.00	270.00	installment
19603	450.00	770.00	installment
19162	934.00	1620.00	installment
19825	267.00	480.00	installment
19749	679.00	1160.00	installment
22145	660.00	1110.00	installment
21256	945.00	1640.00	installment
19419	371.00	650.00	installment
18482	415.00	780.00	installment
20318	139.00	250.00	installment
19162	934.00	1620.00	installment
21427	850.00	1450.00	installment
21040	230.00	410.00	installment
21064	1157.00	1980.00	installment
21353	530.00	910.00	installment
21430	999.00	1700.00	installment
20653	100.00	180.00	installment
21431	50.00	90.00	installment
21069	435.00	750.00	installment
15478	3969.00	4500.00	installment
21250	565.00	940.00	installment
19297	986.00	1670.00	installment
17823	203.15	350.00	installment
18438	505.00	890.00	installment
21556	520.00	880.00	installment
20029	726.65	1250.00	installment
21454	1130.34	1930.00	installment
19604	866.00	1500.00	installment
20614	138.00	270.00	installment
21438	1770.00	3030.00	installment
19058	195.00	360.00	installment
19304	591.37	1070.00	installment
21441	37.00	100.00	installment
19415	266.00	470.00	installment
12668	810.00	1450.00	installment
21558	62.79	120.00	installment
21559	21.17	40.00	installment
21560	37.72	80.00	installment
21560	37.72	80.00	installment
21561	44.37	90.00	installment
21448	3969.00	5160.00	installment
19243	984.00	1700.00	installment
20523	435.00	750.00	installment
21459	359.00	620.00	installment
21427	850.00	1450.00	installment
21207	640.00	1110.00	installment
21462	255.00	480.00	installment
20049	1035.00	1770.00	installment
3745	1700.00	2900.00	installment
7806	1070.00	1830.00	installment
17848	203.15	350.00	installment
20556	495.00	530.00	single
18482	415.00	780.00	installment
17955	614.00	1290.00	installment
21178	970.00	1670.00	installment
21009	310.00	590.00	installment
21473	257.00	140.00	installment
18635	476.00	820.00	installment
14226	149.00	270.00	installment
20773	880.00	1500.00	installment
22027	680.85	1110.00	installment
21475	740.00	1330.00	installment
20776	335.00	580.00	installment
20204	200.00	360.00	installment
21477	1000.00	1770.00	installment
21479	839.00	1510.00	installment
21481	320.00	590.00	installment
15666	1235.00	2700.00	installment
19300	985.00	1700.00	installment
12514	415.00	720.00	installment
21207	640.00	1110.00	installment
21494	1100.00	1890.00	installment
18708	174.59	310.00	installment
18840	74.00	140.00	installment
21312	185.00	420.00	installment
21500	751.00	1430.00	installment
21906	2169.00	3200.00	installment
18441	1999.00	3400.00	installment
21356	520.00	900.00	installment
21521	1157.00	1980.00	installment
21883	365.00	510.00	installment
21198	673.59	1260.00	installment
21169	673.59	1260.00	installment
19347	934.00	1620.00	installment
18441	1999.00	3400.00	installment
20598	1438.89	2770.00	installment
21472	497.16	860.00	installment
18052	175.00	450.00	installment
17880	440.00	760.00	installment
19374	89.00	170.00	installment
19374	89.00	170.00	installment
21485	90.13	170.00	installment
12789	1563.00	2670.00	installment
21425	1700.00	2900.00	installment
21030	139.00	220.00	installment
21533	131.00	240.00	installment
18486	702.00	1290.00	installment
21009	310.00	600.00	installment
18403	400.00	700.00	installment
19163	640.00	1100.00	installment
19243	985.00	1700.00	installment
22081	680.00	1160.00	installment
21241	1563.00	2670.00	installment
21664	674.10	1160.00	installment
21665	359.10	620.00	installment
21541	256.62	440.00	installment
21198	673.59	1260.00	installment
21528	108.00	190.00	installment
21169	673.59	1260.00	installment
19243	984.00	1700.00	installment
18482	415.00	780.00	installment
21587	420.00	870.00	installment
12794	685.00	1180.00	installment
18635	477.00	820.00	installment
21682	180.00	320.00	installment
21562	396.00	720.00	installment
21565	800.00	1380.00	installment
21178	970.00	1670.00	installment
18552	701.00	1290.00	installment
21353	530.00	910.00	installment
18838	87.00	150.00	installment
19330	127.00	230.00	installment
20001	509.00	870.00	installment
20318	139.00	250.00	installment
21566	108.00	190.00	installment
19326	288.00	710.00	installment
14169	265.00	460.00	installment
17610	750.00	1280.00	installment
18033	423.00	620.00	installment
21575	584.89	1050.00	installment
21353	530.00	910.00	installment
19792	237.00	420.00	installment
17828	210.00	370.00	installment
17828	210.00	370.00	installment
17828	210.00	370.00	installment
17828	210.00	370.00	installment
17828	210.00	370.00	installment
20947	240.00	360.00	installment
20947	240.00	360.00	installment
20947	240.00	360.00	installment
20947	240.00	360.00	installment
20947	240.00	360.00	installment
21657	194.30	310.00	installment
21657	194.30	310.00	installment
21657	194.30	310.00	installment
21657	194.30	310.00	installment
21658	102.35	180.00	installment
21658	102.35	180.00	installment
21661	256.62	440.00	installment
21661	256.62	440.00	installment
21661	256.62	440.00	installment
21661	256.62	440.00	installment
21661	256.62	440.00	installment
19887	430.00	750.00	installment
13248	960.00	1640.00	installment
13989	800.00	1380.00	installment
21397	551.00	960.00	installment
21578	645.00	1150.00	installment
21580	1059.27	1820.00	installment
19188	614.00	1060.00	installment
18552	701.00	1290.00	installment
21593	920.00	1780.00	installment
12789	1563.00	2670.00	installment
12789	1563.00	2670.00	installment
12789	1563.00	2670.00	installment
19640	255.00	540.00	installment
14961	60.00	120.00	installment
18987	95.00	140.00	installment
21547	685.00	1260.00	installment
21605	1439.00	2460.00	installment
21472	497.16	860.00	installment
19603	450.00	1000.00	installment
19653	295.64	520.00	installment
21608	972.00	1490.00	installment
21609	540.00	920.00	installment
21611	520.00	870.00	installment
19907	560.00	960.00	installment
21353	530.00	910.00	installment
21623	840.00	1440.00	installment
9873	335.00	580.00	installment
13608	500.00	860.00	installment
15447	149.00	260.00	installment
21681	449.00	760.00	installment
19717	934.00	1620.00	installment
21628	264.00	460.00	installment
20915	1228.00	2090.00	installment
21131	900.00	1640.00	installment
21356	545.00	900.00	installment
18426	459.00	860.00	installment
19808	296.00	520.00	installment
19240	865.00	1500.00	installment
20960	189.00	330.00	installment
21347	1500.00	2560.00	installment
21353	530.00	910.00	installment
21642	210.00	370.00	installment
21643	159.00	280.00	installment
13325	1025.00	1740.00	installment
2062	1500.00	2560.00	installment
21198	673.59	1260.00	installment
19300	984.00	1700.00	installment
18712	238.00	540.00	installment
21323	385.00	670.00	installment
21392	680.00	1160.00	installment
21169	673.59	1260.00	installment
21663	460.00	800.00	installment
21676	800.00	1380.00	installment
20841	225.00	390.00	installment
19193	424.00	730.00	installment
21661	256.62	440.00	installment
18840	74.00	140.00	installment
21343	605.00	1040.00	installment
19300	985.00	1700.00	installment
21432	435.00	750.00	installment
19243	985.00	1700.00	installment
21323	385.00	670.00	installment
21693	455.00	830.00	installment
21693	455.00	830.00	installment
14053	84.05	150.00	installment
19471	80.63	220.00	installment
21190	755.00	1300.00	installment
18653	371.00	730.00	installment
20333	340.00	710.00	installment
16083	459.00	860.00	installment
20985	262.86	460.00	installment
21458	1070.00	1830.00	installment
18552	702.00	1290.00	installment
19889	591.37	890.00	installment
21702	208.00	370.00	installment
21704	714.70	1330.00	installment
6714	509.00	870.00	installment
21198	673.59	1260.00	installment
15440	359.00	620.00	installment
23756	1500.00	2560.00	installment
21393	1699.15	2900.00	installment
20409	529.85	1020.00	installment
21252	175.00	410.00	installment
18653	371.00	730.00	installment
18653	371.00	730.00	installment
20619	445.00	780.00	installment
21724	452.22	820.00	installment
20466	679.15	1160.00	installment
19235	293.00	580.00	installment
18486	702.00	1290.00	installment
18673	86.00	150.00	installment
18840	74.00	140.00	installment
19201	119.00	180.00	installment
21738	37.00	80.00	installment
18482	446.00	780.00	installment
21347	1500.00	2560.00	installment
20030	876.00	1670.00	installment
20466	679.15	1160.00	installment
19604	865.00	1500.00	installment
20009	128.00	290.00	installment
20230	1833.00	3170.00	installment
17666	477.00	820.00	installment
17802	505.00	730.00	installment
19369	244.00	430.00	installment
21739	354.00	660.00	installment
21740	251.00	520.00	installment
20745	1850.00	3150.00	installment
19992	360.00	610.00	installment
16541	702.00	1290.00	installment
18482	415.00	780.00	installment
17863	440.00	770.00	installment
17880	400.00	760.00	installment
18552	702.00	1290.00	installment
21751	240.00	510.00	installment
18562	350.00	700.00	installment
21541	256.62	568.00	installment
13588	799.00	1360.00	installment
21169	673.59	1260.00	installment
8735	365.00	630.00	installment
21802	128.00	290.00	installment
20395	360.00	620.00	installment
20082	160.00	280.00	installment
21761	870.00	1490.00	installment
6114	380.00	540.00	installment
21214	719.00	1100.00	installment
18658	235.00	410.00	installment
20841	225.00	390.00	installment
21767	303.59	570.00	installment
20466	679.15	1160.00	installment
20683	339.00	580.00	installment
21768	745.00	1280.00	installment
19604	865.00	1500.00	installment
5133	90.00	185.00	installment
22164	63.00	120.00	installment
20958	175.00	310.00	installment
21774	127.00	230.00	installment
21775	680.00	1160.00	installment
21776	444.00	710.00	installment
18552	702.00	1290.00	installment
17172	385.00	670.00	installment
18536	459.00	860.00	installment
19283	939.00	1620.00	installment
19825	314.00	520.00	installment
21799	399.00	700.00	installment
20204	200.00	350.00	installment
21801	1435.00	2450.00	installment
3699	640.00	1100.00	installment
21807	266.00	470.00	installment
21810	480.00	820.00	installment
21811	149.00	270.00	installment
21454	1130.34	1930.00	installment
21885	1084.66	2130.00	installment
21812	999.00	1780.00	installment
21131	1000.00	1640.00	installment
399	565.00	940.00	installment
21908	1380.00	2350.00	installment
21951	745.00	1280.00	installment
19300	985.00	1700.00	installment
21871	455.67	780.00	installment
19297	984.00	1670.00	installment
15968	400.00	700.00	installment
18913	115.00	200.00	installment
21929	435.00	490.00	installment
17955	614.00	1240.00	installment
21356	520.00	900.00	installment
21823	238.95	420.00	installment
21824	144.00	260.00	installment
21828	670.00	1150.00	installment
21356	520.00	900.00	installment
6617	1020.00	1740.00	installment
12885	520.00	900.00	installment
15556	613.21	1070.00	installment
13677	300.00	560.00	installment
19511	575.14	1050.00	installment
20422	97.98	180.00	installment
20422	97.98	180.00	installment
20422	97.98	180.00	installment
20422	97.98	180.00	installment
20422	97.98	180.00	installment
20422	97.98	180.00	installment
21832	735.00	1260.00	installment
21178	970.00	1660.00	installment
19798	300.00	560.00	installment
20919	1470.00	2450.00	installment
18033	359.00	620.00	installment
21546	374.00	650.00	installment
21839	477.52	880.00	installment
21178	970.00	1670.00	installment
14859	1169.00	1990.00	installment
18554	528.00	1010.00	installment
21198	673.59	1260.00	installment
18433	264.00	460.00	installment
21847	303.00	530.00	installment
21848	80.00	190.00	installment
17665	477.00	820.00	installment
18653	371.00	730.00	installment
19844	520.00	1000.00	installment
20057	126.00	230.00	installment
16083	461.00	860.00	installment
20647	1750.00	2990.00	installment
19193	424.00	730.00	installment
21521	1158.00	1980.00	installment
21432	435.00	750.00	installment
11334	480.00	720.00	installment
21333	800.00	1380.00	installment
8591	446.00	780.00	installment
18203	446.00	780.00	installment
149	350.00	940.00	installment
19232	249.00	430.00	installment
21874	700.00	1200.00	installment
18363	459.00	860.00	installment
21875	730.00	1260.00	installment
21876	290.00	510.00	installment
21169	673.59	1260.00	installment
19531	304.00	480.00	installment
9072	560.00	960.00	installment
20761	735.00	1260.00	installment
21295	496.00	730.00	installment
18482	415.00	780.00	installment
21884	660.00	1140.00	installment
21207	640.00	1110.00	installment
18552	702.00	1290.00	installment
21466	500.00	860.00	installment
21428	520.00	1000.00	installment
6576	745.00	1280.00	installment
18182	126.49	230.00	installment
19509	45.08	100.00	installment
17665	477.00	820.00	installment
18653	390.00	730.00	installment
19103	150.00	270.00	installment
21893	232.00	390.00	installment
21725	471.20	890.00	installment
8624	300.00	560.00	installment
21950	414.00	650.00	installment
7376	530.00	910.00	installment
19308	2100.00	3830.00	installment
19405	568.00	950.00	installment
19405	568.00	950.00	installment
18486	702.00	1290.00	installment
21917	1713.00	3430.00	installment
21198	671.08	1260.00	installment
18486	702.00	1290.00	installment
19232	248.00	430.00	installment
21250	534.00	940.00	installment
2092	600.00	820.00	installment
21323	385.00	670.00	installment
10121	400.00	830.00	installment
21881	350.00	610.00	installment
18908	450.00	960.00	installment
13091	1750.00	2990.00	installment
19754	575.00	950.00	installment
21295	424.15	730.00	installment
21256	945.00	1640.00	installment
21944	345.00	610.00	installment
21246	1700.00	2900.00	installment
21810	480.00	820.00	installment
18486	702.00	1290.00	installment
18708	148.40	310.00	installment
18598	499.00	880.00	installment
21954	55.00	100.00	installment
19452	985.00	1700.00	installment
19473	165.41	430.00	installment
18482	414.00	780.00	installment
21241	1563.00	2670.00	installment
21495	625.00	1070.00	installment
21190	692.00	1190.00	installment
21967	700.00	1200.00	installment
21968	530.00	910.00	installment
14591	60.00	130.00	installment
14861	129.00	240.00	installment
22141	245.00	470.00	installment
21810	480.00	820.00	installment
22572	18.90	40.00	installment
22572	18.90	40.00	installment
22572	18.90	40.00	installment
22572	18.90	40.00	installment
22572	18.90	40.00	installment
22572	18.90	40.00	installment
22572	18.90	40.00	installment
22572	18.90	40.00	installment
22572	18.90	40.00	installment
22572	18.90	40.00	installment
22572	18.90	40.00	installment
22572	18.90	40.00	installment
22572	18.90	40.00	installment
22572	18.90	40.00	installment
22572	18.90	40.00	installment
22572	18.90	40.00	installment
22572	18.90	40.00	installment
22572	18.90	40.00	installment
22572	18.90	40.00	installment
22572	18.90	40.00	installment
22572	18.90	40.00	installment
22572	18.90	40.00	installment
22572	18.90	40.00	installment
22572	18.90	40.00	installment
22572	18.90	40.00	installment
22572	18.90	40.00	installment
22572	18.90	40.00	installment
22572	18.90	40.00	installment
22572	18.90	40.00	installment
22572	18.90	40.00	installment
22572	18.90	40.00	installment
22572	18.90	40.00	installment
22572	18.90	40.00	installment
22572	18.90	40.00	installment
22572	18.90	40.00	installment
22572	18.90	40.00	installment
22572	18.90	40.00	installment
22572	18.90	40.00	installment
22572	18.90	40.00	installment
22572	18.90	40.00	installment
22572	18.90	40.00	installment
22572	18.90	40.00	installment
22572	18.90	40.00	installment
22572	18.90	40.00	installment
22572	18.90	40.00	installment
19103	150.00	270.00	installment
21649	120.00	250.00	installment
21458	1180.00	1830.00	installment
21982	632.00	1090.00	installment
18563	959.00	1640.00	installment
21329	2650.00	4540.00	installment
21230	1156.00	1980.00	installment
5486	508.88	900.00	installment
18712	238.00	540.00	installment
19191	339.00	560.00	installment
21300	1975.00	3370.00	installment
19834	391.00	670.00	installment
21134	170.00	310.00	installment
20497	200.00	370.00	installment
19405	530.00	950.00	installment
20619	445.00	780.00	installment
20257	486.36	910.00	installment
19398	696.00	1210.00	installment
14303	995.00	1730.00	installment
22000	298.08	520.00	installment
22028	324.00	560.00	installment
22029	363.00	630.00	installment
401	945.00	1640.00	installment
22209	347.53	620.00	installment
22165	899.00	1580.00	installment
21052	170.00	330.00	installment
21261	759.00	1300.00	installment
9072	560.00	960.00	installment
18482	446.00	780.00	installment
17796	375.00	720.00	installment
19665	339.00	560.00	installment
782	279.00	500.00	installment
22042	200.00	410.00	installment
21661	256.62	440.00	installment
22024	1259.10	2160.00	installment
17712	47.00	90.00	installment
21738	37.00	80.00	installment
22075	34.00	70.00	installment
22075	34.00	70.00	installment
22137	685.00	1260.00	installment
19419	390.00	650.00	installment
19596	249.00	430.00	installment
21295	496.00	730.00	installment
22889	1830.00	3000.00	installment
22890	166.00	430.00	installment
22064	188.37	310.00	installment
21942	791.10	1350.00	installment
20808	750.00	1290.00	installment
9691	880.00	1500.00	installment
21709	361.00	610.00	installment
19305	301.00	550.00	installment
21749	298.08	370.00	installment
17415	1100.00	1880.00	installment
2093	480.00	820.00	installment
16443	701.00	1190.00	installment
21198	671.08	1260.00	installment
21169	673.59	1260.00	installment
22036	290.00	510.00	installment
22086	75.00	170.00	installment
12885	520.00	900.00	installment
22134	2605.50	3910.00	installment
17863	450.00	770.00	installment
21428	520.00	1110.00	installment
22093	105.00	260.00	installment
22093	105.00	260.00	installment
18451	327.00	670.00	installment
22101	141.00	250.00	installment
22102	195.00	410.00	installment
19604	806.00	1500.00	installment
12258	1206.00	2110.00	installment
21214	639.00	1100.00	installment
18486	697.00	1290.00	installment
21347	1500.00	2560.00	installment
18832	500.00	860.00	installment
21194	637.00	1110.00	installment
21325	379.00	660.00	installment
22120	1079.10	1840.00	installment
21084	800.00	1380.00	installment
22185	520.00	1110.00	installment
22130	275.25	480.00	installment
22130	275.25	480.00	installment
18555	281.00	490.00	installment
19193	424.00	730.00	installment
2093	480.00	820.00	installment
21428	520.00	1110.00	installment
22063	445.00	770.00	installment
18675	560.00	960.00	installment
22133	560.00	960.00	installment
22133	560.00	960.00	installment
10228	215.00	380.00	installment
8299	900.00	1540.00	installment
16616	182.00	520.00	installment
12140	1300.00	2220.00	installment
16482	796.00	1450.00	installment
22139	155.00	280.00	installment
19510	808.00	1500.00	installment
21930	699.00	1430.00	installment
21930	829.00	1430.00	installment
18658	310.00	540.00	installment
21063	290.00	570.00	installment
21234	150.00	290.00	installment
21131	900.00	1640.00	installment
18555	281.00	490.00	installment
22158	445.00	770.00	installment
17802	505.00	800.00	installment
12247	812.00	2270.00	installment
22161	350.00	610.00	installment
19191	339.00	560.00	installment
18653	390.00	730.00	installment
21185	560.00	960.00	installment
18557	231.00	480.00	installment
21539	2240.00	3820.00	installment
11612	319.00	560.00	installment
14477	175.00	310.00	installment
21587	420.00	870.00	installment
19640	255.00	540.00	installment
21334	599.51	1110.00	installment
17610	745.00	1280.00	installment
22171	672.55	1190.00	installment
18984	400.00	830.00	installment
21356	520.00	900.00	installment
21428	520.00	1110.00	installment
21720	1332.00	2320.00	installment
2092	600.00	1040.00	installment
8380	735.00	1260.00	installment
22174	476.00	820.00	installment
18552	696.00	1290.00	installment
21810	480.00	820.00	installment
21388	270.00	470.00	installment
21347	1500.00	2560.00	installment
21291	1709.10	3530.00	installment
22183	970.00	1670.00	installment
18672	184.00	320.00	installment
20776	335.00	580.00	installment
19300	937.00	1700.00	installment
21217	519.00	900.00	installment
21169	673.59	1260.00	installment
21169	668.56	1260.00	installment
22195	1185.00	2030.00	installment
21217	519.00	900.00	installment
16144	139.00	250.00	installment
21199	1450.00	2190.00	installment
18486	700.00	1290.00	installment
22211	304.00	530.00	installment
20613	102.35	180.00	installment
21281	129.00	240.00	installment
22225	279.00	490.00	installment
18554	528.00	950.00	installment
21367	940.00	1600.00	installment
18482	446.00	780.00	installment
17627	945.00	1620.00	installment
17970	941.64	1590.00	installment
21299	239.00	420.00	installment
20109	720.00	1240.00	installment
21983	1619.10	2760.00	installment
2100	940.00	1600.00	installment
21932	420.00	870.00	installment
22255	169.47	290.00	installment
19191	339.00	560.00	installment
21466	500.00	860.00	installment
22120	1079.10	1840.00	installment
401	945.00	1640.00	installment
22260	595.00	1070.00	installment
18783	304.00	540.00	installment
16482	796.00	1450.00	installment
19080	1700.00	2900.00	installment
22362	170.00	330.00	installment
20303	339.00	560.00	installment
401	945.00	1640.00	installment
13273	445.00	780.00	installment
19304	589.16	1070.00	installment
11751	294.00	510.00	installment
21632	215.00	380.00	installment
22269	1619.00	2760.00	installment
20472	502.00	870.00	installment
21841	1154.00	1970.00	installment
21962	1370.00	2350.00	installment
21838	230.00	420.00	installment
18486	700.00	1290.00	installment
21983	1619.10	2760.00	installment
19992	360.00	610.00	installment
22282	280.00	480.00	installment
22283	519.00	900.00	installment
21140	960.00	1640.00	installment
21214	719.00	1100.00	installment
22158	445.00	770.00	installment
18621	268.00	470.00	installment
22298	55.00	110.00	installment
22299	35.00	100.00	installment
22300	50.00	90.00	installment
22301	975.00	1700.00	installment
21264	640.00	1100.00	installment
19169	99.00	180.00	installment
20976	232.00	500.00	installment
21098	73.00	130.00	installment
22135	121.00	220.00	installment
22170	100.00	180.00	installment
12059	637.00	1100.00	installment
19604	809.00	1500.00	installment
22310	203.00	340.00	installment
21220	650.00	1140.00	installment
18486	699.00	1290.00	installment
22319	859.00	1620.00	installment
18617	175.00	380.00	installment
22158	399.00	770.00	installment
18623	167.00	290.00	installment
18675	560.00	960.00	installment
18675	560.00	960.00	installment
22120	1079.10	1840.00	installment
21319	2495.11	4940.00	installment
21104	1290.00	2520.00	installment
21256	945.00	1640.00	installment
20965	1145.00	1960.00	installment
19992	361.00	610.00	installment
21466	500.00	860.00	installment
19186	982.00	1670.00	installment
15892	389.00	730.00	installment
18486	696.00	1290.00	installment
22334	49.38	90.00	installment
22334	49.38	90.00	installment
22334	49.38	90.00	installment
22334	49.38	90.00	installment
22334	49.38	90.00	installment
22334	49.38	90.00	installment
22334	49.38	90.00	installment
22334	49.38	90.00	installment
22334	49.38	90.00	installment
22334	49.38	90.00	installment
19103	150.00	270.00	installment
21810	480.00	820.00	installment
21672	1036.00	1960.00	installment
21827	780.00	1340.00	installment
21323	385.00	670.00	installment
21932	420.00	870.00	installment
22343	255.36	380.00	installment
22345	760.00	1380.00	installment
20999	1110.00	1890.00	installment
22120	1079.10	1840.00	installment
18486	697.00	1290.00	installment
12636	735.00	1260.00	installment
18426	469.00	860.00	installment
20188	670.00	1260.00	installment
21252	255.00	300.00	installment
24294	75.00	90.00	installment
21300	1975.00	3370.00	installment
19992	360.00	610.00	installment
21079	680.00	1160.00	installment
22219	150.00	270.00	installment
15717	615.00	930.00	installment
22357	224.10	390.00	installment
21198	671.08	1260.00	installment
21288	1680.00	2910.00	installment
17608	1470.00	2510.00	installment
17624	641.00	1190.00	installment
21425	1700.00	2900.00	installment
22363	1850.00	3290.00	installment
4932	345.00	600.00	installment
9206	940.00	1600.00	installment
15436	500.00	860.00	installment
8299	900.00	1540.00	installment
22140	2065.00	3520.00	installment
18484	466.00	810.00	installment
18426	469.00	860.00	installment
19192	339.00	560.00	installment
21711	1153.00	1980.00	installment
21711	1153.00	1980.00	installment
22339	652.00	1260.00	installment
24014	613.00	910.00	installment
19992	360.00	610.00	installment
20121	237.00	430.00	installment
21488	210.00	370.00	installment
21564	690.00	1200.00	installment
3745	1700.00	2900.00	installment
18552	699.00	1290.00	installment
22379	1203.53	2140.00	installment
22385	113.00	320.00	installment
21887	1230.00	2410.00	installment
18635	473.00	780.00	installment
17895	159.00	280.00	installment
22175	181.00	320.00	installment
20318	139.00	250.00	installment
12081	1350.00	2480.00	installment
22396	1379.00	2360.00	installment
22988	380.00	660.00	installment
18694	640.00	1100.00	installment
21599	1940.00	3300.00	installment
19188	640.00	1060.00	installment
18552	734.00	1290.00	installment
22398	450.54	820.00	installment
9412	675.00	1160.00	installment
18694	640.00	1100.00	installment
21703	330.00	570.00	installment
22399	1350.00	2310.00	installment
22349	953.10	1630.00	installment
22401	340.00	580.00	installment
22403	150.00	270.00	installment
22404	150.00	240.00	installment
21316	450.00	770.00	installment
22420	416.00	770.00	installment
17719	359.00	620.00	installment
20910	304.00	580.00	installment
21333	800.00	1380.00	installment
22413	499.00	1020.00	installment
18486	697.00	1290.00	installment
21256	945.00	1640.00	installment
22131	480.00	820.00	installment
19232	249.00	430.00	installment
22036	290.00	510.00	installment
22417	791.10	1350.00	installment
20733	596.00	1140.00	installment
22419	1132.00	1930.00	installment
19186	982.00	1670.00	installment
17328	345.00	630.00	installment
19419	390.00	650.00	installment
19232	248.00	430.00	installment
18426	468.00	860.00	installment
14384	327.00	670.00	installment
21990	1190.00	2030.00	installment
20168	300.00	520.00	installment
21351	93.00	170.00	installment
22426	85.00	150.00	installment
17719	359.00	620.00	installment
22429	505.00	800.00	installment
17608	1470.00	2510.00	installment
23079	640.00	750.00	installment
22437	311.69	510.00	installment
18482	446.00	780.00	installment
18536	468.00	860.00	installment
18673	86.00	150.00	installment
18688	122.00	220.00	installment
21198	671.08	1260.00	installment
21333	800.00	1380.00	installment
19347	902.00	1620.00	installment
18954	920.00	1580.00	installment
21597	160.00	280.00	installment
18536	469.00	860.00	installment
2062	1500.00	2560.00	installment
19553	697.00	1500.00	installment
22457	926.00	1500.00	installment
22471	140.00	250.00	installment
22471	140.00	250.00	installment
16153	960.00	1640.00	installment
21810	480.00	820.00	installment
4502	1439.00	2460.00	installment
18552	699.00	1060.00	installment
22475	302.46	570.00	installment
22476	260.00	460.00	installment
22477	343.00	590.00	installment
21198	671.08	1260.00	installment
22481	398.00	700.00	installment
12517	63.35	220.00	installment
22592	440.00	760.00	installment
22593	150.00	270.00	installment
21336	1569.00	2700.00	installment
21333	800.00	1380.00	installment
22483	560.00	960.00	installment
22486	229.00	415.00	installment
22486	229.00	415.00	installment
22131	480.00	820.00	installment
22490	280.00	480.00	installment
22495	360.00	620.00	installment
22496	90.00	170.00	installment
22497	215.00	380.00	installment
22498	465.00	800.00	installment
22500	270.00	470.00	installment
18806	335.00	580.00	installment
22501	230.00	420.00	installment
22509	2620.00	5080.00	installment
22274	110.00	190.00	installment
22818	173.00	340.00	installment
22131	480.00	820.00	installment
22511	199.00	340.00	installment
22512	279.00	480.00	installment
22515	167.00	290.00	installment
22516	74.00	140.00	installment
11339	472.00	810.00	installment
22517	1116.00	2030.00	installment
22404	135.00	240.00	installment
22518	140.00	240.00	installment
22519	415.00	720.00	installment
22196	1399.00	2400.00	installment
7529	663.00	1140.00	installment
22521	244.00	430.00	installment
22522	970.00	1670.00	installment
22512	279.00	480.00	installment
21336	1573.00	2660.00	installment
22535	589.16	820.00	installment
12691	1050.00	1830.00	installment
14043	745.00	1280.00	installment
22560	260.00	460.00	installment
22562	436.00	880.00	installment
21440	1370.00	2350.00	installment
21336	1573.00	2700.00	installment
22564	1299.00	2310.00	installment
12060	750.00	910.00	installment
22475	302.46	395.00	installment
19816	3004.00	5200.00	installment
22547	385.00	670.00	installment
20919	1430.00	2450.00	installment
22556	640.00	1100.00	installment
17237	450.00	770.00	installment
17237	450.00	770.00	installment
22558	399.00	700.00	installment
21608	972.00	1490.00	installment
11664	850.00	1450.00	installment
22563	304.00	550.00	installment
22565	505.00	870.00	installment
22566	450.00	770.00	installment
18536	469.00	860.00	installment
22777	89.00	170.00	installment
22777	89.00	170.00	installment
22777	89.00	170.00	installment
22777	89.00	170.00	installment
22777	89.00	170.00	installment
22471	140.00	260.00	installment
21749	207.36	370.00	installment
19148	298.00	520.00	installment
22508	400.00	840.00	installment
22588	150.00	270.00	installment
22589	1035.00	1770.00	installment
21275	516.65	840.00	installment
22106	920.00	1640.00	installment
18639	680.00	1150.00	installment
19733	325.00	555.00	installment
22603	380.00	660.00	installment
17930	750.00	1290.00	installment
2093	480.00	956.00	installment
22603	380.00	655.00	installment
22607	808.17	1220.00	installment
19894	339.00	560.00	installment
22613	230.00	420.00	installment
18426	469.00	860.00	installment
22723	1975.00	2780.00	installment
22571	899.00	1450.00	installment
18486	698.00	1060.00	installment
20919	1430.00	2450.00	installment
22618	1300.00	2400.00	installment
22621	270.00	470.00	installment
22622	135.47	240.00	installment
22623	86.64	140.00	installment
22623	86.64	140.00	installment
18426	469.00	860.00	installment
22612	389.00	650.00	installment
22624	671.08	1260.00	installment
21859	320.00	560.00	installment
22629	63.35	220.00	installment
22632	293.00	700.00	installment
22614	350.00	610.00	installment
22634	450.00	770.00	installment
22636	400.00	958.00	installment
17863	450.00	770.00	installment
22638	90.90	170.00	installment
22639	340.00	710.00	installment
19148	296.00	520.00	installment
2092	600.00	1040.00	installment
22651	290.00	510.00	installment
18822	191.00	330.00	installment
22641	450.00	960.00	installment
22083	925.00	1580.00	installment
22644	680.00	1160.00	installment
18536	469.00	860.00	installment
11751	294.00	510.00	installment
11751	294.00	510.00	installment
11751	294.00	510.00	installment
11597	230.00	770.00	installment
22652	198.00	340.00	installment
20968	249.00	430.00	installment
22676	329.00	460.00	installment
18051	470.05	810.00	installment
21749	207.36	370.00	installment
23522	750.00	1110.00	installment
9735	975.00	1670.00	installment
19603	450.00	770.00	installment
22631	719.00	1100.00	installment
21399	276.00	470.00	installment
22545	796.00	1450.00	installment
21521	1156.00	1980.00	installment
22678	30.00	90.00	installment
22679	250.00	560.00	installment
22681	879.00	1500.00	installment
22645	719.00	1240.00	installment
22682	460.00	690.00	installment
3648	895.00	1530.00	installment
22690	350.00	610.00	installment
19889	589.16	1070.00	installment
22695	596.00	1100.00	installment
22545	796.00	1450.00	installment
22857	309.66	530.00	installment
22131	480.00	820.00	installment
22644	680.00	1160.00	installment
22702	1438.89	2770.00	installment
16471	698.00	1290.00	installment
17802	505.00	800.00	installment
6294	340.00	710.00	installment
4927	545.00	820.00	installment
22708	1719.00	2940.00	installment
22710	1203.53	2140.00	installment
22639	340.00	710.00	installment
17415	1100.00	1880.00	installment
9359	750.00	1410.00	installment
22716	530.00	1005.00	installment
16083	491.00	860.00	installment
22870	398.00	680.00	installment
20214	639.00	1060.00	installment
13273	445.00	770.00	installment
15681	895.00	1530.00	installment
19445	489.00	820.00	installment
11523	591.00	1110.00	installment
22999	311.69	510.00	installment
21709	359.00	730.00	installment
22782	159.00	320.00	installment
22738	320.00	560.00	installment
18552	696.00	1290.00	installment
21672	1032.00	1770.00	installment
22827	530.00	1010.00	installment
18486	698.00	1290.00	installment
22743	1023.00	1760.00	installment
21749	207.36	370.00	installment
22744	149.00	270.00	installment
18552	734.00	1290.00	installment
20919	1430.00	2450.00	installment
22749	175.00	380.00	installment
18486	696.00	1290.00	installment
22751	910.00	1550.00	installment
6941	759.00	1300.00	installment
22624	671.08	1260.00	installment
16571	310.00	540.00	installment
22757	1570.00	2690.00	installment
21275	516.65	940.00	installment
17624	641.00	939.00	installment
11523	591.00	1110.00	installment
22775	549.00	950.00	installment
22766	1203.53	2140.00	installment
22781	845.00	1460.00	installment
20274	487.41	860.00	installment
22483	560.00	960.00	installment
22768	704.00	920.00	installment
22120	1079.10	1840.00	installment
19750	528.00	950.00	installment
18426	468.00	860.00	installment
2093	480.00	820.00	installment
11618	650.00	1110.00	installment
18653	389.00	730.00	installment
6893	635.00	1090.00	installment
2092	550.00	990.00	installment
22699	339.15	580.00	installment
22783	1619.10	2760.00	installment
15697	129.00	310.00	installment
21950	389.00	650.00	installment
21827	780.00	1340.00	installment
20933	671.00	1150.00	installment
22793	41.60	80.00	installment
22329	365.00	630.00	installment
20769	470.05	820.00	installment
22183	970.00	1540.00	installment
22639	335.00	710.00	installment
12885	520.00	1000.00	installment
11210	320.00	560.00	installment
22651	290.00	510.00	installment
22789	664.00	1210.00	installment
22804	159.00	280.00	installment
22805	406.00	800.00	installment
20988	1489.00	2550.00	installment
14066	149.00	270.00	installment
22349	953.10	1630.00	installment
22469	1999.00	3400.00	installment
22460	151.00	330.00	installment
19452	936.00	1700.00	installment
22814	645.00	1110.00	installment
18552	697.00	1290.00	installment
22820	300.00	520.00	installment
22821	279.00	480.00	installment
22755	850.00	1450.00	installment
22546	249.00	430.00	installment
14436	1110.00	1890.00	installment
22824	351.00	760.00	installment
22547	385.00	670.00	installment
22827	530.00	1010.00	installment
22677	668.56	1260.00	installment
22673	595.00	1020.00	installment
22829	475.74	880.00	installment
22834	195.00	380.00	installment
22835	210.00	370.00	installment
22629	63.35	220.00	installment
22836	62.28	220.00	installment
22837	60.68	120.00	installment
22838	141.51	250.00	installment
22839	519.00	900.00	installment
17415	1100.00	1880.00	installment
21465	311.00	630.00	installment
22844	1299.00	2220.00	installment
22386	1046.00	2040.00	installment
22852	879.00	1500.00	installment
3435	615.00	930.00	installment
9046	600.00	1040.00	installment
19370	325.00	560.00	installment
22888	680.00	1150.00	installment
22742	525.00	900.00	installment
22860	530.00	950.00	installment
22597	445.00	770.00	installment
22878	730.00	1280.00	installment
6165	680.00	1150.00	installment
16505	671.00	1150.00	installment
20001	509.00	870.00	installment
22690	350.00	610.00	installment
22883	399.00	700.00	installment
12413	385.00	670.00	installment
22624	671.08	1260.00	installment
19887	439.00	750.00	installment
22681	879.00	1500.00	installment
22884	1619.10	2760.00	installment
22887	1999.00	2100.00	single
22183	970.00	1260.00	installment
22892	1095.00	1870.00	installment
22671	548.46	1010.00	installment
2062	1500.00	2560.00	installment
22900	926.00	2030.00	installment
22131	480.00	820.00	installment
22590	1265.00	2160.00	installment
22612	414.00	650.00	installment
17344	250.00	510.00	installment
18653	389.00	730.00	installment
22612	390.00	650.00	installment
22613	230.00	420.00	installment
22920	240.00	510.00	installment
22919	188.37	239.00	single
18495	663.00	1140.00	installment
19889	586.96	1070.00	installment
16443	697.00	1290.00	installment
18203	446.00	770.00	installment
2093	480.00	820.00	installment
22612	390.00	650.00	installment
2093	530.00	820.00	installment
6113	680.00	1150.00	installment
17747	325.00	560.00	installment
14066	149.00	270.00	installment
22539	290.00	440.00	installment
22131	480.00	820.00	installment
22677	673.59	1260.00	installment
22136	680.00	1160.00	installment
22185	520.00	1110.00	installment
22598	879.00	1540.00	installment
3666	350.00	610.00	installment
18486	698.00	1290.00	installment
22939	873.00	1490.00	installment
22612	389.00	650.00	installment
21709	359.00	610.00	installment
22749	175.00	380.00	installment
21220	650.00	1140.00	installment
22951	1390.00	2370.00	installment
20711	159.00	219.00	single
11919	310.00	530.00	installment
22978	710.00	1200.00	installment
22131	480.00	820.00	installment
22945	4800.00	6240.00	installment
20150	873.00	1490.00	installment
22963	285.00	500.00	installment
22866	1160.00	1980.00	installment
22563	304.00	550.00	installment
22967	1150.00	2790.00	installment
18552	698.00	1290.00	installment
22658	839.00	1440.00	installment
22970	150.00	370.00	installment
22973	1100.00	1880.00	installment
22624	668.56	1260.00	installment
22984	237.00	430.00	installment
18552	698.00	1290.00	installment
18536	468.00	860.00	installment
22976	994.00	1700.00	installment
22329	365.00	630.00	installment
22977	446.00	770.00	installment
21737	1050.00	1830.00	installment
22524	639.00	835.00	installment
22970	150.00	370.00	installment
20746	781.00	1340.00	installment
19961	439.00	750.00	installment
19347	900.00	1620.00	installment
22589	813.00	1770.00	installment
9579	735.00	1260.00	installment
18653	390.00	730.00	installment
3648	895.00	1530.00	installment
20521	236.00	430.00	installment
6941	759.00	1300.00	installment
13361	330.00	570.00	installment
16443	698.00	1290.00	installment
18422	671.08	1260.00	installment
467	770.00	1330.00	installment
7430	140.00	240.00	installment
23045	530.10	910.00	installment
22991	596.00	1110.00	installment
18486	696.00	1290.00	installment
16498	696.00	1290.00	installment
5526	548.46	1010.00	installment
22994	265.00	460.00	installment
21392	680.00	1160.00	installment
14663	76.00	140.00	installment
22761	150.00	270.00	installment
21356	520.00	900.00	installment
18486	701.00	1290.00	installment
22661	2150.00	3670.00	installment
18817	491.00	860.00	installment
21392	680.00	1160.00	installment
14384	327.00	670.00	installment
23003	875.00	1500.00	installment
21796	294.00	510.00	installment
23009	750.00	1390.00	installment
23013	5499.00	9020.00	installment
22388	687.00	1170.00	installment
23018	2480.00	4220.00	installment
22131	480.00	820.00	installment
22618	1399.00	2400.00	installment
15892	371.00	730.00	installment
22787	290.00	510.00	installment
23028	35.00	80.00	installment
23029	100.00	190.00	installment
23037	622.00	1020.00	installment
9522	750.00	1290.00	installment
23039	810.00	1215.00	installment
20001	509.00	870.00	installment
23048	500.00	880.00	installment
21950	389.00	650.00	installment
23050	2260.00	3860.00	installment
17816	245.00	430.00	installment
23049	680.00	1150.00	installment
468	1080.00	1840.00	installment
13301	391.00	670.00	installment
18562	359.00	700.00	installment
23051	810.00	1450.00	installment
722	126.00	358.00	single
22880	316.08	620.00	installment
16085	925.00	1580.00	installment
23057	449.00	770.00	installment
23061	83.00	150.00	installment
23142	450.00	880.00	installment
12736	640.00	1100.00	installment
15892	389.00	730.00	installment
23066	850.00	1510.00	installment
18552	699.00	1290.00	installment
23034	472.00	810.00	installment
23305	37.00	80.00	installment
23305	37.00	80.00	installment
23306	59.20	120.00	installment
23072	240.00	420.00	installment
21275	516.65	940.00	installment
22047	510.00	870.00	installment
22446	127.00	230.00	installment
21541	256.62	440.00	installment
19393	670.00	1150.00	installment
23039	810.00	1390.00	installment
23078	639.00	1140.00	installment
22483	560.00	960.00	installment
19193	424.00	730.00	installment
21392	680.00	1160.00	installment
777	147.00	270.00	installment
21543	106.00	190.00	installment
22279	140.00	250.00	installment
22970	170.00	370.00	installment
17172	385.00	670.00	installment
22899	169.00	290.00	installment
22787	290.00	510.00	installment
23079	640.00	1100.00	installment
23086	489.00	820.00	installment
23322	550.00	950.00	installment
9522	750.00	1290.00	installment
21923	320.00	560.00	installment
22176	1190.00	2030.00	installment
2093	480.00	820.00	installment
465	525.00	900.00	installment
22836	62.28	220.00	installment
23265	120.00	220.00	installment
11751	294.00	510.00	installment
22611	970.00	1670.00	installment
7737	85.00	150.00	installment
20760	89.00	170.00	installment
4927	545.00	940.00	installment
18367	147.00	270.00	installment
23110	950.00	1630.00	installment
19889	586.96	1070.00	installment
22677	668.56	1290.00	installment
23091	1577.00	3290.00	installment
8299	900.00	1540.00	installment
13948	165.10	320.00	installment
2093	480.00	820.00	installment
22787	290.00	510.00	installment
22820	300.00	520.00	installment
21316	450.00	770.00	installment
22648	279.40	480.00	installment
22131	480.00	820.00	installment
22136	680.00	1160.00	installment
17226	450.00	770.00	installment
23184	169.00	290.00	installment
3698	560.00	960.00	installment
23112	380.00	660.00	installment
16542	641.00	1190.00	installment
23117	600.00	1040.00	installment
22600	380.00	660.00	installment
22566	450.00	770.00	installment
21967	700.00	1200.00	installment
22588	147.00	270.00	installment
23201	110.00	240.00	installment
7113	799.00	1360.00	installment
23143	1232.00	2790.00	installment
14477	175.00	310.00	installment
18051	470.05	810.00	installment
21558	62.79	270.00	installment
21558	62.79	120.00	installment
23147	200.00	370.00	installment
18552	697.00	1290.00	installment
18486	698.00	1290.00	installment
23134	394.74	680.00	installment
22364	970.00	1670.00	installment
22635	200.00	410.00	installment
19364	984.00	1700.00	installment
18653	371.00	730.00	installment
12621	405.00	700.00	installment
19889	589.16	1070.00	installment
22683	640.00	1100.00	installment
23163	319.00	560.00	installment
22761	150.00	270.00	installment
23165	255.00	440.00	installment
23166	1500.00	2700.00	installment
22483	560.00	960.00	installment
23168	97.58	180.00	installment
23169	69.60	130.00	installment
23170	101.85	150.00	installment
22787	290.00	510.00	installment
21356	520.00	900.00	installment
20214	639.00	1060.00	installment
12460	379.00	660.00	installment
23179	960.00	1640.00	installment
23053	1241.10	2120.00	installment
3682	170.00	370.00	installment
23180	840.00	1440.00	installment
18552	697.00	1290.00	installment
22531	540.00	920.00	installment
16391	796.00	1450.00	installment
3682	170.00	370.00	installment
23303	380.00	680.00	installment
19598	935.00	1700.00	installment
3707	850.00	1450.00	installment
12247	1198.08	2270.00	installment
22869	779.00	1340.00	installment
15269	1215.00	2558.00	installment
7254	855.00	1470.00	installment
11664	850.00	1450.00	installment
18554	528.00	1010.00	installment
21800	2500.00	4260.00	installment
21567	490.00	850.00	installment
22821	279.00	480.00	installment
12514	415.00	720.00	installment
13444	1400.00	2590.00	installment
19452	936.00	1700.00	installment
3666	350.00	580.00	installment
22182	892.00	1530.00	installment
155	595.00	1020.00	installment
2100	940.00	1720.00	installment
19251	961.00	1700.00	installment
470	785.00	1350.00	installment
23521	838.53	1260.00	installment
23211	127.19	190.00	installment
23227	95.00	170.00	installment
21923	320.00	560.00	installment
22624	668.56	1260.00	installment
22636	400.00	830.00	installment
22973	1100.00	1880.00	installment
20214	638.00	1060.00	installment
18536	467.00	860.00	installment
23220	960.00	1640.00	installment
18562	360.00	700.00	installment
21564	690.00	949.00	single
22386	1195.00	2040.00	installment
22452	320.00	480.00	installment
22624	668.56	1260.00	installment
15258	130.00	230.00	installment
23284	123.00	220.00	installment
22685	615.00	1060.00	installment
23231	528.00	950.00	installment
23230	128.00	240.00	installment
17880	411.75	710.00	installment
22935	217.56	380.00	installment
17848	236.00	430.00	installment
23237	312.12	510.00	installment
18486	697.00	1290.00	installment
23239	750.00	1290.00	installment
18536	467.00	860.00	installment
19347	901.00	1620.00	installment
3699	640.00	1100.00	installment
22683	640.00	1100.00	installment
23246	949.00	1630.00	installment
22899	169.00	290.00	installment
23210	530.10	910.00	installment
23027	1095.00	1870.00	installment
22681	879.00	1500.00	installment
23257	800.00	1380.00	installment
21709	359.00	610.00	installment
23258	80.00	190.00	installment
22963	285.00	490.00	installment
23170	101.85	140.00	installment
23261	123.00	200.00	installment
23263	78.96	130.00	installment
23293	173.00	320.00	installment
6148	840.00	1440.00	installment
20521	237.00	430.00	installment
12241	910.00	1550.00	installment
10119	335.00	710.00	installment
23288	217.56	290.00	installment
23269	466.00	810.00	installment
23208	800.00	1380.00	installment
23276	75.00	140.00	installment
23276	75.00	140.00	installment
22635	200.00	410.00	installment
18231	87.00	150.00	installment
23291	100.00	180.00	installment
22636	400.00	830.00	installment
18552	698.00	1290.00	installment
20602	519.00	900.00	installment
18536	468.00	860.00	installment
22505	668.56	1260.00	installment
6941	759.00	1300.00	installment
18562	359.00	700.00	installment
9322	370.00	820.00	installment
14396	995.00	1700.00	installment
18422	671.08	1260.00	installment
22726	1732.62	3400.00	installment
23295	119.28	220.00	installment
23296	146.78	250.00	installment
23297	90.09	170.00	installment
23298	116.27	200.00	installment
22718	1750.00	2990.00	installment
17172	385.00	670.00	installment
14132	923.00	1580.00	installment
14060	1100.00	1890.00	installment
18562	359.00	700.00	installment
22839	519.00	900.00	installment
19553	806.00	1500.00	installment
13111	755.00	1300.00	installment
2081	1975.00	3370.00	installment
23292	344.00	610.00	installment
23158	1980.00	2500.00	installment
22899	169.00	290.00	installment
23294	1100.00	1880.00	installment
23300	830.00	1430.00	installment
13574	799.00	1360.00	installment
22705	280.00	480.00	installment
22399	1350.00	2310.00	installment
23308	251.00	430.00	installment
22963	285.00	490.00	installment
22245	1138.00	1940.00	installment
23357	1699.00	2900.00	installment
23315	725.00	1240.00	installment
18486	697.00	1290.00	installment
19598	935.00	1700.00	installment
23355	316.08	620.00	installment
18486	696.00	1290.00	installment
21723	1120.00	2120.00	installment
22329	365.00	630.00	installment
23114	231.00	410.00	installment
23321	330.00	560.00	installment
22582	330.00	570.00	installment
22282	280.00	480.00	installment
22827	530.00	1010.00	installment
18552	698.00	1290.00	installment
23079	640.00	1100.00	installment
22196	1300.00	2220.00	installment
23338	1104.00	1890.00	installment
23334	741.79	1280.00	installment
22639	300.00	710.00	installment
23337	1720.00	2940.00	installment
13269	174.59	310.00	installment
21777	910.00	1640.00	installment
18486	696.00	1290.00	installment
22970	170.00	370.00	installment
22624	668.56	1260.00	installment
18536	467.00	860.00	installment
18536	467.00	860.00	installment
18552	698.00	1290.00	installment
23249	825.00	1410.00	installment
21333	800.00	1380.00	installment
21500	679.00	1160.00	installment
14244	1390.00	2480.00	installment
23043	379.00	660.00	installment
19645	339.00	630.00	installment
22413	499.00	860.00	installment
22482	1850.00	3150.00	installment
22505	668.56	1260.00	installment
5127	540.00	920.00	installment
11751	294.00	510.00	installment
18486	703.00	1290.00	installment
22311	600.00	1040.00	installment
19452	937.00	1700.00	installment
15894	240.00	440.00	installment
22592	440.00	760.00	installment
18309	1340.00	2280.00	installment
11751	294.00	510.00	installment
1272	59.00	120.00	installment
17390	120.00	220.00	installment
22644	680.00	1060.00	installment
18486	698.00	1290.00	installment
13103	150.00	270.00	installment
23359	256.62	440.00	installment
22621	270.00	470.00	installment
16836	745.00	1290.00	installment
22644	680.00	1060.00	installment
12307	1112.00	2140.00	installment
20027	850.00	1910.00	installment
23361	923.00	1640.00	installment
19452	936.00	1700.00	installment
23575	455.40	780.00	installment
13989	800.00	1380.00	installment
23413	550.00	1190.00	installment
19889	589.16	1070.00	installment
13273	445.00	770.00	installment
22154	350.00	560.00	installment
23363	895.00	1530.00	installment
22624	681.13	1260.00	installment
22624	681.13	1260.00	installment
22681	879.00	1500.00	installment
22886	1079.10	1840.00	installment
23375	596.00	1020.00	installment
21356	520.00	900.00	installment
19553	870.00	1700.00	installment
8299	900.00	1540.00	installment
23389	355.00	620.00	installment
23581	645.00	1100.00	installment
12755	100.00	190.00	installment
23958	24.00	60.00	installment
22630	329.00	580.00	installment
23382	146.00	270.00	installment
11751	294.00	510.00	installment
14221	605.00	1040.00	installment
23383	73.87	180.00	installment
23383	73.87	180.00	installment
18486	708.00	1290.00	installment
22480	237.00	540.00	installment
22879	86.00	150.00	installment
23385	60.00	120.00	installment
23386	63.00	120.00	installment
23387	87.00	150.00	installment
23638	25.19	50.00	installment
23638	25.19	50.00	installment
23638	25.19	50.00	installment
23638	25.19	50.00	installment
13989	800.00	1380.00	installment
23391	970.00	1670.00	installment
22895	1248.00	2110.00	installment
23102	217.56	380.00	installment
23102	217.56	380.00	installment
3566	175.00	310.00	installment
23398	758.00	1300.00	installment
19347	938.00	1620.00	installment
19604	869.00	1500.00	installment
23225	721.00	1210.00	installment
20602	519.00	1160.00	installment
19150	286.00	470.00	installment
23415	549.00	1010.00	installment
21504	308.10	530.00	installment
22567	310.00	540.00	installment
23301	499.00	860.00	installment
22639	340.00	710.00	installment
23425	850.00	1450.00	installment
22311	550.00	1040.00	installment
23428	206.80	390.00	installment
22787	290.00	510.00	installment
22630	329.00	580.00	installment
23429	258.00	470.00	installment
10079	55.00	100.00	installment
13814	240.00	380.00	installment
23437	1500.00	2690.00	installment
23494	72.00	130.00	installment
23620	87.00	150.00	installment
23431	730.00	1280.00	installment
22725	980.00	1680.00	installment
22963	285.00	490.00	installment
22821	279.00	480.00	installment
3707	850.00	1450.00	installment
22886	1079.10	1840.00	installment
21967	700.00	1200.00	installment
22639	300.00	710.00	installment
23557	292.00	510.00	installment
23447	2300.00	4260.00	installment
23536	328.00	560.00	installment
23505	654.00	1200.00	installment
20214	640.00	1060.00	installment
23665	304.00	510.00	installment
23530	1421.10	2420.00	installment
17594	496.00	900.00	installment
23117	600.00	1040.00	installment
23457	330.00	570.00	installment
3666	300.00	580.00	installment
2093	530.00	820.00	installment
22708	1719.00	2940.00	installment
13273	446.00	770.00	installment
23430	1975.00	3370.00	installment
23468	278.00	480.00	installment
23422	970.00	1670.00	installment
23474	157.00	280.00	installment
18486	708.00	1290.00	installment
22446	127.00	230.00	installment
23482	265.00	460.00	installment
22690	350.00	580.00	installment
23487	53.82	100.00	installment
23488	90.28	170.00	installment
21345	1990.00	3390.00	installment
23496	240.00	510.00	installment
23498	850.00	1650.00	installment
21392	680.00	1360.00	installment
21490	650.00	1140.00	installment
4367	750.00	1290.00	installment
18552	745.00	1290.00	installment
23239	700.00	1290.00	installment
23376	1100.00	2140.00	installment
23509	1529.00	2610.00	installment
21950	416.00	650.00	installment
22893	52.00	100.00	installment
23512	188.60	330.00	installment
23702	67.00	130.00	installment
23704	62.00	120.00	installment
24391	98.00	180.00	installment
23516	339.70	580.00	installment
21575	566.65	1100.00	installment
23517	283.00	510.00	installment
17627	945.00	1620.00	installment
17863	450.00	770.00	installment
23526	66.96	130.00	installment
23526	66.96	130.00	installment
23526	66.96	130.00	installment
23526	66.96	130.00	installment
23526	66.96	130.00	installment
23526	66.96	130.00	installment
22185	520.00	1110.00	installment
22703	220.00	460.00	installment
23529	286.00	470.00	installment
23531	960.00	1640.00	installment
16087	467.00	860.00	installment
21243	600.00	1040.00	installment
19347	944.00	1620.00	installment
22833	949.00	1450.00	installment
22690	350.00	580.00	installment
234	165.00	320.00	installment
17158	148.00	230.00	installment
17415	1100.00	1880.00	installment
12109	892.00	1530.00	installment
23543	840.00	1440.00	installment
23123	2198.82	3740.00	installment
16482	796.00	1450.00	installment
18486	708.00	1290.00	installment
22946	750.00	1490.00	installment
20521	240.00	430.00	installment
23561	1600.00	3170.00	installment
3396	231.00	410.00	installment
21576	61.41	120.00	installment
23568	895.00	1530.00	installment
16571	239.00	325.00	single
17719	359.00	380.00	single
22505	650.00	710.00	single
11339	472.00	810.00	installment
23571	569.00	990.00	installment
6755	1400.00	2400.00	installment
22706	380.00	660.00	installment
23574	999.00	1700.00	installment
23576	450.18	770.00	installment
3492	660.00	1140.00	installment
10119	340.00	710.00	installment
23588	35.00	70.00	installment
22869	699.00	1200.00	installment
22706	380.00	660.00	installment
23592	995.00	1700.00	installment
19603	450.00	770.00	installment
22982	295.00	460.00	installment
9859	900.00	1540.00	installment
21768	745.00	1280.00	installment
11751	294.00	510.00	installment
23529	286.00	470.00	installment
22547	385.00	670.00	installment
23008	879.00	1500.00	installment
3506	460.00	800.00	installment
13334	575.00	990.00	installment
23100	619.00	1060.00	installment
21007	1430.00	2110.00	installment
13458	325.00	580.00	installment
23461	1500.00	2560.00	installment
23573	1499.00	2560.00	installment
22547	385.00	670.00	installment
23502	355.00	620.00	installment
9359	760.00	1290.00	installment
23640	1405.00	2110.00	installment
23379	960.00	1640.00	installment
23644	749.00	1290.00	installment
17022	254.00	440.00	installment
23709	229.95	410.00	installment
23650	240.00	420.00	installment
19347	941.00	1620.00	installment
19143	941.00	1620.00	installment
23558	294.00	510.00	installment
22527	178.20	320.00	installment
23662	143.50	250.00	installment
23663	119.70	220.00	installment
23246	949.00	1630.00	installment
19283	933.00	1620.00	installment
12885	545.00	900.00	installment
14309	95.32	170.00	installment
23688	95.32	170.00	installment
22668	595.78	820.00	installment
23427	480.00	820.00	installment
17237	450.00	770.00	installment
12755	100.00	190.00	installment
19441	120.00	220.00	installment
19645	320.00	630.00	installment
22776	320.00	560.00	installment
23708	70.00	120.00	installment
9879	840.00	1060.00	installment
23598	460.00	800.00	installment
23779	619.00	1060.00	installment
23718	285.00	680.00	installment
23718	285.00	680.00	installment
23718	285.00	680.00	installment
23718	285.00	680.00	installment
13535	645.00	1000.00	installment
20274	487.41	860.00	installment
23427	480.00	820.00	installment
23225	721.00	1210.00	installment
22505	666.05	1260.00	installment
23626	544.00	950.00	installment
6576	745.00	1280.00	installment
14728	597.00	1020.00	installment
23632	872.00	1500.00	installment
22329	365.00	630.00	installment
22582	330.00	570.00	installment
23740	1884.00	3230.00	installment
22677	683.64	1260.00	installment
23744	156.00	270.00	installment
23319	255.00	440.00	installment
9359	750.00	1290.00	installment
22612	416.00	650.00	installment
22196	1299.00	2220.00	installment
13330	335.00	580.00	installment
22707	355.00	620.00	installment
399	534.00	630.00	installment
17686	960.00	1010.00	installment
23236	1750.00	1760.00	installment
19899	870.00	1500.00	installment
3473	115.00	121.00	installment
11912	784.00	840.00	installment
14248	980.00	1029.00	installment
17311	163.00	174.00	installment
15653	280.00	294.00	installment
16109	920.00	966.00	installment
22887	1999.00	2047.00	installment
13718	1036.00	1770.00	installment
23626	527.00	950.00	installment
23529	286.00	470.00	installment
14859	1169.00	1227.00	installment
15653	280.00	294.00	installment
23762	435.00	473.00	installment
23763	1816.00	1909.00	installment
24461	428.00	477.00	installment
21356	520.00	900.00	installment
9154	300.00	315.00	installment
14800	180.00	189.00	installment
18632	454.00	477.00	installment
14384	391.00	427.00	installment
14269	1265.00	2160.00	installment
21504	308.10	530.00	installment
23529	286.00	470.00	installment
23184	169.00	290.00	installment
771	219.00	390.00	installment
23083	148.00	230.00	installment
23717	470.05	810.00	installment
17880	466.00	710.00	installment
21392	680.00	1160.00	installment
23778	223.00	248.00	installment
16471	745.00	1290.00	installment
21392	680.00	1160.00	installment
22806	714.70	1330.00	installment
22806	714.70	1330.00	installment
22624	683.64	1260.00	installment
11289	640.00	1100.00	installment
23301	499.00	860.00	installment
22624	681.13	1260.00	installment
13591	424.00	620.00	installment
23159	950.00	1640.00	installment
22597	445.00	770.00	installment
23616	962.00	1700.00	installment
23666	470.00	800.00	installment
23797	850.00	1450.00	installment
23647	286.00	470.00	installment
23809	795.00	1200.00	installment
23666	471.00	800.00	installment
22388	687.00	1170.00	installment
23749	179.00	330.00	installment
22388	687.00	1170.00	installment
22524	639.00	1060.00	installment
23598	460.00	800.00	installment
18562	352.00	700.00	installment
22524	638.00	1060.00	installment
23896	118.15	290.00	installment
13718	1180.00	1770.00	installment
19255	471.00	800.00	installment
23138	1079.10	1600.00	installment
23364	1150.00	2130.00	installment
23818	1220.00	2080.00	installment
23529	286.00	470.00	installment
22311	550.00	1040.00	installment
23822	790.00	1350.00	installment
22588	150.00	270.00	installment
23824	764.04	1460.00	installment
23825	491.00	1010.00	installment
23363	895.00	1530.00	installment
22013	923.00	1580.00	installment
19347	890.00	1620.00	installment
5127	540.00	920.00	installment
22524	639.00	1070.00	installment
3682	150.00	380.00	installment
8823	51.00	90.00	installment
11612	369.00	560.00	installment
23460	471.00	940.00	installment
23854	278.00	50.00	installment
23855	128.00	230.00	installment
22490	280.00	480.00	installment
23836	248.00	340.00	installment
22624	666.05	1260.00	installment
23427	480.00	820.00	installment
23092	640.00	1100.00	installment
23845	453.90	730.00	installment
23846	614.00	1050.00	installment
22311	550.00	950.00	installment
23529	286.00	470.00	installment
12560	1039.00	1780.00	installment
22588	146.00	270.00	installment
23529	286.00	470.00	installment
23853	999.00	1700.00	installment
22946	750.00	1290.00	installment
14208	530.00	910.00	installment
9652	600.00	1040.00	installment
23226	535.00	920.00	installment
21356	520.00	900.00	installment
23436	615.00	1060.00	installment
22898	1500.00	3170.00	installment
22899	180.91	290.00	installment
22899	180.91	290.00	installment
22935	217.56	380.00	installment
23884	279.00	480.00	installment
13330	325.00	580.00	installment
22884	1451.11	2470.00	installment
20409	445.00	770.00	installment
23862	292.00	510.00	installment
19255	471.00	800.00	installment
22689	140.72	250.00	installment
22269	1399.00	2380.00	installment
23804	470.05	810.00	installment
19603	450.00	970.00	installment
17712	47.00	90.00	installment
23184	180.91	290.00	installment
17033	285.00	500.00	installment
23529	286.00	470.00	installment
23793	527.00	950.00	installment
23873	145.00	290.00	installment
23873	145.00	290.00	installment
23621	871.00	1500.00	installment
15578	109.00	230.00	installment
23688	95.32	170.00	installment
18552	721.00	1290.00	installment
22779	225.00	390.00	installment
22899	180.91	290.00	installment
18552	720.00	1290.00	installment
23881	175.00	310.00	installment
23882	152.00	280.00	installment
3648	895.00	1530.00	installment
23529	286.00	470.00	installment
20552	295.00	510.00	installment
23889	177.00	320.00	installment
23621	870.00	1500.00	installment
20353	1270.00	2170.00	installment
23853	999.00	1700.00	installment
22677	671.08	1260.00	installment
12149	230.00	420.00	installment
23948	1299.00	2220.00	installment
23895	82.00	150.00	installment
23895	82.00	150.00	installment
15858	385.00	700.00	installment
21807	286.00	375.00	installment
13755	810.00	1390.00	installment
14477	192.00	310.00	installment
23909	716.00	1300.00	installment
22644	619.00	1060.00	installment
23786	284.00	510.00	installment
782	265.00	470.00	installment
23919	118.00	220.00	installment
24077	1068.39	1730.00	installment
23917	540.00	920.00	installment
23529	286.00	470.00	installment
23920	304.00	550.00	installment
23929	535.00	920.00	installment
23422	970.00	1670.00	installment
23937	2039.00	3480.00	installment
8889	320.00	560.00	installment
13332	300.00	520.00	installment
19150	286.00	470.00	installment
23941	380.00	660.00	installment
23920	304.00	550.00	installment
23206	920.00	1640.00	installment
640	136.00	280.00	installment
16019	167.00	290.00	installment
2059	950.00	1190.00	installment
15858	386.00	700.00	installment
22311	550.00	950.00	installment
23949	120.93	230.00	installment
23959	48.98	80.00	installment
13248	960.00	1640.00	installment
23960	150.00	270.00	installment
23666	469.00	800.00	installment
17033	285.00	490.00	installment
21587	420.00	441.00	installment
20214	639.00	1060.00	installment
20029	640.00	1100.00	installment
23900	500.00	860.00	installment
23043	379.00	660.00	installment
19553	871.00	1500.00	installment
19251	962.00	1700.00	installment
20952	970.00	1670.00	installment
12885	520.00	900.00	installment
19156	868.00	1500.00	installment
23660	960.00	1700.00	installment
23621	871.00	1500.00	installment
22963	285.00	490.00	installment
23665	304.00	510.00	installment
23034	472.00	810.00	installment
19215	178.00	320.00	installment
23660	960.00	1700.00	installment
13066	795.00	1360.00	installment
23971	499.00	870.00	installment
23427	480.00	820.00	installment
23972	445.00	770.00	installment
23974	40.00	80.00	installment
23975	59.00	120.00	installment
17310	148.00	230.00	installment
21749	217.00	380.00	installment
23983	89.00	190.00	installment
23983	89.00	190.00	installment
18552	720.00	1290.00	installment
1272	59.00	120.00	installment
22516	74.00	140.00	installment
24105	399.00	770.00	installment
22783	1451.11	2470.00	installment
21930	699.00	1200.00	installment
22524	639.00	1060.00	installment
23220	960.00	1640.00	installment
23316	400.00	700.00	installment
10461	1110.00	1890.00	installment
801	317.00	580.00	installment
5629	687.00	1370.00	installment
19150	286.00	470.00	installment
22820	300.00	520.00	installment
23593	360.00	660.00	installment
2074	1500.00	2560.00	installment
23666	486.00	810.00	installment
24013	110.94	260.00	installment
22311	550.00	950.00	installment
12842	1150.00	1970.00	installment
17880	466.00	810.00	installment
22651	290.00	510.00	installment
24021	595.00	1020.00	installment
16048	33.06	80.00	installment
23815	65.00	120.00	installment
24022	82.00	150.00	installment
24023	116.00	190.00	installment
24024	125.00	220.00	installment
24025	67.38	140.00	installment
24026	56.94	100.00	installment
24027	19.75	40.00	installment
24029	31.67	50.00	installment
24030	72.00	150.00	installment
24032	64.00	140.00	installment
24095	44.25	90.00	installment
4964	330.00	580.00	installment
18562	386.00	700.00	installment
22783	1548.06	2470.00	installment
23870	1434.00	2080.00	installment
14269	1265.00	2160.00	installment
21749	217.00	380.00	installment
21367	940.00	1600.00	installment
22311	550.00	950.00	installment
21356	520.00	900.00	installment
22329	365.00	630.00	installment
23856	540.00	920.00	installment
24054	73.00	130.00	installment
24055	93.00	170.00	installment
23621	869.00	1500.00	installment
2062	1300.00	2220.00	installment
23363	895.00	1530.00	installment
24060	926.00	2030.00	installment
23988	28.08	50.00	installment
23988	28.08	50.00	installment
23988	28.08	50.00	installment
23988	28.08	50.00	installment
23988	28.08	50.00	installment
23988	28.08	50.00	installment
23988	28.08	50.00	installment
23988	28.08	50.00	installment
23988	28.08	50.00	installment
23988	28.08	50.00	installment
23988	28.08	50.00	installment
23988	28.08	50.00	installment
23988	28.08	50.00	installment
23988	28.08	50.00	installment
23988	28.08	50.00	installment
23988	28.08	50.00	installment
23988	28.08	50.00	installment
23988	28.08	50.00	installment
23988	28.08	50.00	installment
23988	28.08	50.00	installment
23988	28.08	50.00	installment
23988	28.08	50.00	installment
23988	28.08	50.00	installment
23988	28.08	50.00	installment
23988	28.08	50.00	installment
23988	28.08	50.00	installment
23988	28.08	50.00	installment
23988	28.08	50.00	installment
23988	28.08	50.00	installment
23988	28.08	50.00	installment
23988	28.08	50.00	installment
23988	28.08	50.00	installment
23988	28.08	50.00	installment
23988	28.08	50.00	installment
23992	85.56	150.00	installment
23992	85.56	150.00	installment
23992	85.56	150.00	installment
23992	85.56	150.00	installment
23992	85.56	150.00	installment
23992	85.56	150.00	installment
23992	85.56	150.00	installment
23992	85.56	150.00	installment
23995	113.10	240.00	installment
23996	113.10	200.00	installment
23998	32.37	70.00	installment
23998	32.37	70.00	installment
24145	108.19	190.00	installment
24145	108.19	190.00	installment
24145	108.19	190.00	installment
24230	38.25	70.00	installment
24230	38.25	70.00	installment
24230	38.25	70.00	installment
24230	38.25	70.00	installment
24230	38.25	70.00	installment
24230	38.25	70.00	installment
24230	38.25	70.00	installment
24399	142.60	440.00	installment
155	595.00	625.00	installment
18562	387.00	700.00	installment
24064	539.00	1140.00	installment
24093	175.00	320.00	installment
23249	808.00	1410.00	installment
23558	294.00	510.00	installment
23079	595.00	1100.00	installment
24079	785.00	1350.00	installment
23647	286.00	470.00	installment
23660	962.00	1700.00	installment
23647	286.00	470.00	installment
24248	175.00	480.00	installment
22624	666.05	1260.00	installment
22630	325.00	580.00	installment
23475	415.00	720.00	installment
23713	870.00	1500.00	installment
17158	148.00	230.00	installment
24091	81.00	120.00	installment
23228	719.00	1210.00	installment
24101	300.00	570.00	installment
19511	566.65	1050.00	installment
19368	1984.00	3390.00	installment
3149	164.00	290.00	installment
24097	1079.00	1840.00	installment
21048	118.00	250.00	installment
22744	149.00	270.00	installment
23660	962.00	1700.00	installment
9728	490.00	850.00	installment
12885	520.00	900.00	installment
23196	680.00	1160.00	installment
11095	400.00	700.00	installment
23529	286.00	470.00	installment
21823	250.00	430.00	installment
23373	265.00	530.00	installment
12260	271.34	500.00	installment
24103	813.00	1390.00	installment
21458	1180.00	2020.00	installment
20353	1270.00	2170.00	installment
24106	214.00	370.00	installment
784	265.00	530.00	installment
801	317.00	580.00	installment
22850	134.00	250.00	installment
21500	679.00	1160.00	installment
2093	505.00	870.00	installment
23630	920.00	1580.00	installment
23344	319.00	570.00	installment
23363	895.00	1530.00	installment
21875	730.00	1260.00	installment
21737	1050.00	1830.00	installment
23096	280.00	480.00	installment
22691	650.00	1110.00	installment
22935	217.56	290.00	installment
22489	480.00	820.00	installment
20409	445.00	770.00	installment
24117	799.00	1470.00	installment
13926	198.00	340.00	installment
22374	900.00	1540.00	installment
22725	960.00	1680.00	installment
13608	500.00	860.00	installment
14226	1.00	157.00	single
13718	1119.00	1770.00	installment
1349	182.00	320.00	installment
24125	135.00	260.00	installment
24125	135.00	260.00	installment
24125	135.00	260.00	installment
24125	135.00	260.00	installment
22979	3345.89	6680.00	installment
22834	195.00	340.00	installment
24127	220.00	380.00	installment
18562	385.00	700.00	installment
23665	290.00	510.00	installment
24246	175.00	320.00	installment
24246	175.00	320.00	installment
23848	470.00	830.00	installment
23529	286.00	470.00	installment
24141	424.00	670.00	installment
19511	566.65	1050.00	installment
23436	615.00	1060.00	installment
17311	165.00	290.00	installment
19251	961.00	1700.00	installment
24147	420.00	720.00	installment
2059	692.00	1190.00	installment
21968	530.00	910.00	installment
17327	719.00	1330.00	installment
23417	210.00	370.00	installment
13259	379.00	660.00	installment
24149	426.80	700.00	installment
17130	920.00	966.00	installment
18902	295.00	510.00	installment
22738	320.00	560.00	installment
24150	219.00	400.00	installment
23178	500.00	860.00	installment
24153	670.00	1150.00	installment
3246	162.00	280.00	installment
23919	118.00	220.00	installment
24156	34.00	70.00	installment
24156	34.00	70.00	installment
2093	480.00	870.00	installment
19398	721.00	1210.00	installment
23228	719.00	1210.00	installment
21696	135.00	0.01	installment
23363	895.00	1530.00	installment
24162	41.80	80.00	installment
24162	41.80	80.00	installment
24162	41.80	80.00	installment
24162	41.80	80.00	installment
24162	41.80	80.00	installment
24162	41.80	80.00	installment
22721	93.00	170.00	installment
23474	156.00	280.00	installment
9859	900.00	1540.00	installment
22744	149.00	270.00	installment
24171	758.00	1300.00	installment
24173	55.00	120.00	installment
24174	83.00	210.00	installment
24175	212.00	370.00	installment
764	1.00	279.00	single
17560	148.00	230.00	installment
22312	49.00	90.00	installment
19553	871.00	1500.00	installment
4019	135.00	0.01	installment
5288	870.00	1490.00	installment
12885	520.00	900.00	installment
19452	962.00	1700.00	installment
19255	471.00	800.00	installment
12074	785.00	1350.00	installment
15858	600.00	1040.00	installment
15858	365.00	700.00	installment
2059	692.00	1190.00	installment
19091	125.00	0.01	installment
21461	525.00	900.00	installment
21696	135.00	0.00	installment
21356	520.00	900.00	installment
23932	302.00	530.00	installment
24187	165.00	290.00	installment
22498	465.00	800.00	installment
22311	550.00	950.00	installment
19063	175.00	320.00	installment
24193	175.00	310.00	installment
23263	70.00	140.00	installment
24199	106.00	230.00	installment
24200	106.00	230.00	installment
24201	1015.00	1740.00	installment
18562	385.00	700.00	installment
21346	900.00	1540.00	installment
24204	820.00	1400.00	installment
18562	385.00	700.00	installment
467	770.00	1330.00	installment
21696	135.00	0.01	installment
4733	690.00	1190.00	installment
4932	345.00	590.00	installment
12957	1550.00	2650.00	installment
24208	1.00	58.00	single
23557	292.00	490.00	installment
23953	745.00	1420.00	installment
24212	876.00	920.00	installment
12326	131.00	250.00	installment
15563	106.00	230.00	installment
23616	1081.00	1700.00	installment
24213	1.00	124.00	single
15894	1.00	300.00	single
19080	1.00	1785.00	single
12308	1.00	441.00	single
24214	1.00	429.00	single
24215	1.00	760.00	single
23438	1.00	1050.00	single
8322	1.00	370.00	single
24216	1.00	225.00	single
19364	959.00	1700.00	installment
23028	1.00	40.00	single
19452	960.00	1640.00	installment
13986	1.00	158.00	single
20626	1.00	75.00	single
23616	960.00	1700.00	installment
19889	584.75	1070.00	installment
24227	1095.00	1870.00	installment
18552	882.00	1290.00	installment
24435	303.00	520.00	installment
24231	131.73	330.00	installment
23856	540.00	920.00	installment
24239	626.00	1650.00	installment
23616	961.00	1640.00	installment
23558	294.00	510.00	installment
24241	1104.00	1890.00	installment
24150	219.00	390.00	installment
3518	260.00	380.00	installment
24036	980.00	1680.00	installment
24037	595.00	1020.00	installment
23660	959.00	1640.00	installment
24242	194.65	340.00	installment
16153	960.00	1640.00	installment
14244	1390.00	2370.00	installment
23881	175.00	310.00	installment
23138	1049.07	1800.00	installment
24099	600.00	1040.00	installment
18309	1340.00	2280.00	installment
20224	115.00	1.00	installment
777	150.00	270.00	installment
21356	520.00	900.00	installment
2092	550.00	950.00	installment
10228	215.00	380.00	installment
24133	450.00	770.00	installment
3648	895.00	1530.00	installment
20555	970.00	1670.00	installment
20776	325.00	580.00	installment
23436	615.00	1060.00	installment
19251	996.00	1640.00	installment
15792	359.00	490.00	installment
10214	1490.00	2550.00	installment
15690	165.00	290.00	installment
6941	799.00	1260.00	installment
14713	170.00	180.00	installment
22183	970.00	1670.00	installment
19510	868.00	1490.00	installment
23228	838.00	1240.00	installment
23000	76.00	0.01	installment
23598	460.00	800.00	installment
24310	985.00	1690.00	installment
3473	115.00	0.01	installment
23436	615.00	1060.00	installment
23574	999.00	1700.00	installment
11653	73.00	130.00	installment
24287	75.00	140.00	installment
18562	385.00	670.00	installment
24360	303.00	520.00	installment
22597	435.00	740.00	installment
21768	745.00	1280.00	installment
24279	700.00	1200.00	installment
24281	1139.00	1970.00	installment
4672	679.00	1160.00	installment
19215	178.00	320.00	installment
20499	123.00	220.00	installment
24282	202.00	360.00	installment
24283	629.00	1200.00	installment
19167	958.00	1640.00	installment
17311	165.00	310.00	installment
18562	385.00	670.00	installment
23616	960.00	1640.00	installment
11870	838.30	1510.00	installment
7824	99.00	180.00	installment
24291	152.00	280.00	installment
24295	156.00	280.00	installment
23475	420.00	720.00	installment
18562	385.00	670.00	installment
22424	1359.00	2320.00	installment
24447	866.00	1520.00	installment
22490	280.00	480.00	installment
22800	1626.04	3030.00	installment
23117	600.00	1040.00	installment
24299	640.00	1100.00	installment
22582	330.00	570.00	installment
17701	803.00	1380.00	installment
15858	385.00	670.00	installment
4019	135.00	0.01	installment
23363	895.00	1530.00	installment
14663	76.00	0.01	installment
21775	700.00	1200.00	installment
23185	345.00	590.00	installment
24303	385.00	860.00	installment
13835	125.00	0.01	installment
23736	300.00	520.00	installment
18562	385.00	670.00	installment
19300	959.00	1640.00	installment
22624	666.05	1260.00	installment
24047	1700.00	2900.00	installment
21540	900.00	1540.00	installment
4927	545.00	940.00	installment
14663	76.00	0.01	installment
23225	882.00	1440.00	installment
8735	365.00	630.00	installment
18562	385.00	670.00	installment
6576	745.00	1280.00	installment
19255	486.00	810.00	installment
23856	540.00	920.00	installment
21828	670.00	1150.00	installment
23956	310.00	580.00	installment
15858	385.00	670.00	installment
22677	663.54	1260.00	installment
9412	675.00	1360.00	installment
22859	258.00	460.00	installment
12885	520.00	890.00	installment
14221	605.00	1040.00	installment
24367	843.00	1500.00	installment
8301	395.00	720.00	installment
12149	230.00	490.00	installment
22788	885.00	1510.00	installment
17581	498.00	860.00	installment
19300	959.00	1640.00	installment
17158	148.00	270.00	installment
22909	1.00	560.00	installment
24337	37.80	80.00	installment
19300	959.00	1640.00	installment
14663	76.00	1.00	installment
24303	500.00	860.00	installment
24341	620.00	1060.00	installment
15187	900.00	1540.00	installment
21931	115.00	0.01	installment
22311	550.00	950.00	installment
13024	519.00	950.00	installment
23770	557.05	1050.00	installment
24352	1265.00	2160.00	installment
15858	404.00	670.00	installment
24357	1.00	560.00	installment
15858	385.00	670.00	installment
22691	650.00	1110.00	installment
19189	486.00	770.00	installment
15858	385.00	670.00	installment
19243	960.00	1640.00	installment
22519	415.00	720.00	installment
22621	264.00	470.00	installment
24382	1320.00	2260.00	installment
19300	959.00	1640.00	installment
22453	1250.00	2130.00	installment
465	525.00	900.00	installment
12842	1150.00	2170.00	installment
14248	960.00	1680.00	installment
24291	152.00	280.00	installment
23217	480.00	820.00	installment
11781	650.00	1140.00	installment
24382	1320.00	2260.00	installment
22597	435.00	750.00	installment
21828	670.00	1150.00	installment
23225	721.00	1440.00	installment
12885	520.00	900.00	installment
23930	405.00	700.00	installment
22647	390.00	720.00	installment
24396	885.00	1520.00	installment
23786	284.00	510.00	installment
13986	1.00	160.00	single
20781	1.00	500.00	single
24403	1.00	135.00	single
24403	1.00	850.00	single
16471	721.00	1240.00	installment
24408	698.00	1200.00	installment
22645	719.00	1240.00	installment
22483	560.00	960.00	installment
21768	745.00	1280.00	installment
23562	235.00	410.00	installment
21356	520.00	900.00	installment
24420	988.66	1850.00	installment
24413	296.25	580.00	installment
24414	171.66	290.00	installment
24415	112.00	320.00	installment
721	185.00	330.00	installment
24408	698.00	1200.00	installment
21356	520.00	900.00	installment
22138	2.00	2638.00	single
24425	1.00	812.00	single
23917	540.00	920.00	installment
24432	1.00	709.00	single
21367	940.00	1600.00	installment
20295	1325.00	2260.00	installment
3246	162.00	280.00	installment
24436	450.00	950.00	installment
17972	268.00	470.00	installment
24099	600.00	1040.00	installment
22929	935.35	1600.00	installment
24448	1050.00	1830.00	installment
23791	880.00	1150.00	installment
22083	925.00	1580.00	installment
24451	1295.00	1880.00	installment
20224	115.00	0.01	installment
23281	1480.00	2520.00	installment
15858	386.00	670.00	installment
24396	885.00	1520.00	installment
23318	275.00	355.00	single
24458	1439.00	2460.00	installment
22311	550.00	950.00	installment
24459	965.00	1650.00	installment
9154	300.00	315.00	single
14921	99.00	105.00	single
24460	568.00	970.00	installment
24467	698.00	1200.00	installment
24462	985.00	1690.00	installment
24268	650.00	1110.00	installment
19063	175.00	320.00	installment
24448	1050.00	1830.00	installment
22666	297.00	560.00	installment
21749	217.00	380.00	installment
24473	420.00	860.00	installment
22929	935.35	1600.00	installment
21333	825.00	1410.00	installment
22503	640.00	1100.00	installment
11289	640.00	1100.00	installment
22519	415.00	720.00	installment
12885	520.00	900.00	installment
23877	1095.00	1870.00	installment
22703	220.00	460.00	installment
24497	900.00	1540.00	installment
3427	225.00	390.00	installment
19189	486.00	830.00	installment
19432	1087.00	1850.00	installment
14221	605.00	1040.00	installment
24491	550.00	950.00	installment
24505	510.00	870.00	installment
24509	71.00	130.00	installment
24510	141.00	240.00	installment
24458	1439.00	2460.00	installment
19510	872.00	1630.00	installment
24517	180.00	320.00	installment
8204	954.00	1630.00	installment
17863	450.00	770.00	installment
19939	175.00	320.00	installment
18371	680.00	1150.00	installment
19733	325.00	560.00	installment
3178	222.00	390.00	installment
23378	235.00	250.00	single
23856	540.00	920.00	installment
24491	550.00	1078.00	installment
24532	425.00	710.00	installment
24527	611.10	1050.00	installment
22758	585.00	1000.00	installment
24529	236.00	430.00	installment
19370	245.00	750.00	installment
22888	680.00	1150.00	installment
22768	698.00	1200.00	installment
23138	1049.07	1800.00	installment
21046	157.21	240.00	installment
24315	132.61	240.00	installment
19488	480.00	820.00	installment
9359	750.00	1290.00	installment
24416	568.00	970.00	installment
24416	568.00	970.00	installment
24284	304.00	510.00	installment
20552	295.00	510.00	installment
3698	560.00	960.00	installment
14695	369.00	630.00	installment
22677	645.54	1260.00	installment
23202	133.00	170.00	installment
23734	320.00	560.00	installment
24444	125.00	220.00	installment
24444	125.00	220.00	installment
24444	125.00	220.00	installment
24444	125.00	220.00	installment
24539	125.58	230.00	installment
24460	568.00	970.00	installment
22677	645.54	1260.00	installment
22766	1190.01	2140.00	installment
24408	698.00	1200.00	installment
24541	1.00	2350.00	installment
24490	970.00	1670.00	installment
24543	1185.00	2030.00	installment
19645	540.00	900.00	installment
22570	172.01	310.00	installment
23895	82.00	150.00	installment
23790	287.00	490.00	installment
24491	550.00	950.00	installment
24466	770.00	1330.00	installment
23639	796.00	1450.00	installment
18562	385.00	670.00	installment
19588	699.00	1200.00	installment
24108	1270.00	2170.00	installment
24551	795.00	1360.00	installment
3506	460.00	800.00	installment
22980	325.00	560.00	installment
23083	148.00	270.00	installment
23096	280.00	480.00	installment
9382	480.00	820.00	installment
22710	1190.01	2140.00	installment
24434	910.00	1550.00	installment
18562	385.00	670.00	installment
24577	99.00	180.00	installment
4606	1190.00	2030.00	installment
17019	663.54	1260.00	installment
17594	496.00	900.00	installment
22668	445.47	820.00	installment
19445	489.00	860.00	installment
24479	1856.00	2720.00	installment
24582	136.00	290.00	installment
23739	1300.00	2220.00	installment
23753	460.00	1150.00	installment
18716	119.00	220.00	installment
24584	69.30	130.00	installment
24585	196.00	340.00	installment
24585	196.00	340.00	installment
24586	470.00	810.00	installment
24588	13.17	30.00	installment
24588	13.17	30.00	installment
24588	13.17	30.00	installment
24588	13.17	30.00	installment
24588	13.17	30.00	installment
24589	64.60	120.00	installment
24611	41.89	80.00	installment
24611	41.89	80.00	installment
24611	41.89	80.00	installment
24611	41.89	80.00	installment
24611	41.89	80.00	installment
23244	605.80	1040.00	installment
3682	150.00	370.00	installment
9679	810.00	1390.00	installment
14663	76.00	0.01	installment
24592	805.00	1910.00	installment
24535	501.00	920.00	installment
22620	290.00	620.00	installment
23312	277.00	470.00	installment
5127	540.00	920.00	installment
236	240.00	420.00	installment
2092	550.00	950.00	installment
23567	299.06	560.00	installment
467	770.00	1330.00	installment
11664	850.00	1450.00	installment
24515	500.00	860.00	installment
13091	1750.00	2990.00	installment
24484	1150.00	1970.00	installment
24612	320.00	560.00	installment
24613	706.70	1330.00	installment
23744	158.00	520.00	installment
23744	158.00	520.00	installment
24617	217.64	390.00	installment
13330	325.00	560.00	installment
13410	325.00	560.00	installment
24620	11.48	30.00	installment
24620	11.48	30.00	installment
23053	1260.00	2110.00	installment
24619	153.90	280.00	installment
22483	560.00	960.00	installment
22677	663.54	1260.00	installment
24644	175.00	320.00	installment
24624	1.00	289.00	single
24616	460.23	760.00	installment
24625	188.00	320.00	installment
24247	165.00	360.00	installment
24465	520.00	900.00	installment
19510	843.00	1440.00	installment
24551	745.00	1280.00	installment
24639	758.00	1300.00	installment
18577	325.00	560.00	installment
19148	326.72	540.00	installment
3791	1132.00	1930.00	installment
12081	1350.00	2450.00	installment
472	810.00	1390.00	installment
19300	960.00	1640.00	installment
13568	210.00	370.00	installment
23809	795.00	1360.00	installment
23786	284.00	510.00	installment
24516	390.10	670.00	installment
23544	1190.00	2030.00	installment
19243	960.00	1640.00	installment
17296	460.23	760.00	installment
24650	1.00	1580.00	installment
24652	219.00	250.00	single
24394	1159.00	1980.00	installment
24653	1626.04	3030.00	installment
14299	880.00	1500.00	installment
17255	600.00	1040.00	installment
5127	540.00	920.00	installment
24657	750.00	1290.00	installment
23558	294.00	510.00	installment
23475	420.00	720.00	installment
24669	432.00	820.00	installment
18422	663.54	1260.00	installment
22768	698.00	1200.00	installment
18640	680.00	1150.00	installment
19167	1087.00	1640.00	installment
24688	500.00	860.00	installment
19486	497.00	860.00	installment
12241	910.00	1550.00	installment
24521	1202.00	2060.00	installment
22677	663.54	1260.00	installment
24449	946.00	1600.00	installment
24690	219.00	380.00	installment
24408	698.00	1200.00	installment
19162	890.00	1600.00	installment
24694	284.00	510.00	installment
24695	370.00	650.00	installment
22911	1075.00	1840.00	installment
19939	175.00	320.00	installment
24702	47.00	90.00	installment
24703	144.00	280.00	installment
24704	745.00	1280.00	installment
24706	720.00	1240.00	installment
24465	520.00	900.00	installment
21554	152.00	270.00	installment
24733	699.00	1200.00	installment
22683	640.00	1100.00	installment
22669	79.80	140.00	installment
24495	1.00	610.00	installment
24824	1.00	610.00	installment
24713	796.00	1450.00	installment
24604	497.00	860.00	installment
23853	999.00	1700.00	installment
24628	239.00	420.00	installment
24491	550.00	950.00	installment
24484	1150.00	1970.00	installment
24675	870.00	1490.00	installment
24308	106.00	190.00	installment
24734	72.00	130.00	installment
22911	1075.00	1840.00	installment
11870	838.30	1520.00	installment
23043	379.00	660.00	installment
13444	1400.00	2580.00	installment
9859	900.00	1540.00	installment
22886	1049.07	1800.00	installment
22741	545.00	940.00	installment
24436	1.00	950.00	installment
24744	215.00	380.00	installment
24745	1500.00	2560.00	installment
24488	650.00	1140.00	installment
24763	884.00	1510.00	installment
12885	520.00	900.00	installment
9770	805.00	1390.00	installment
24098	1059.00	1700.00	installment
14298	349.00	630.00	installment
22886	1049.07	1800.00	installment
24753	70.00	130.00	installment
24754	200.00	360.00	installment
5127	540.00	920.00	installment
24759	222.40	390.00	installment
24603	572.00	990.00	installment
