dim	mo	k	n	amount	rem	act
amt	2025-01	1	31	11292.31	469.62	2
amt	2025-01	2	79	58221.94	1669.50	5
amt	2025-01	3	90	125084.66	5568.72	8
amt	2025-01	4	20	47599.46	1640.00	2
amt	2025-02	1	53	19077.40	43.00	1
amt	2025-02	2	88	65379.58	7065.23	14
amt	2025-02	3	84	118103.66	7632.98	9
amt	2025-02	4	25	56819.14	6596.38	4
amt	2025-02	5	2	6676.00	0.00	0
amt	2025-03	1	43	16093.27	849.65	2
amt	2025-03	2	75	55819.56	2518.24	6
amt	2025-03	3	74	105979.30	3849.17	7
amt	2025-03	4	19	45122.00	3085.00	2
amt	2025-03	5	6	20203.66	0.00	0
amt	2025-04	1	38	13905.80	1385.00	6
amt	2025-04	2	62	46686.84	1940.00	4
amt	2025-04	3	67	91732.39	5560.46	9
amt	2025-04	4	24	56128.29	1849.00	1
amt	2025-04	5	3	10363.95	2830.00	0
amt	2025-05	1	34	11608.44	190.00	1
amt	2025-05	2	70	52130.78	1930.04	5
amt	2025-05	3	79	108207.22	1940.64	4
amt	2025-05	4	22	53473.67	7589.69	3
amt	2025-05	5	5	16847.00	0.00	0
amt	2025-05	6	1	5100.00	0.00	0
amt	2025-06	1	32	11343.53	665.90	3
amt	2025-06	2	87	67141.20	3153.46	8
amt	2025-06	3	81	113025.81	8148.14	9
amt	2025-06	4	22	53995.36	2141.07	1
amt	2025-06	5	6	20828.00	1300.00	1
amt	2025-06	6	1	9000.00	3638.00	1
amt	2025-07	1	50	19690.61	670.72	2
amt	2025-07	2	100	73496.69	3477.30	7
amt	2025-07	3	111	149776.04	9502.34	10
amt	2025-07	4	37	90976.88	8417.66	6
amt	2025-07	5	7	25516.93	4844.56	3
amt	2025-08	1	17	6583.60	368.15	3
amt	2025-08	2	46	34964.39	788.00	2
amt	2025-08	3	56	78225.63	4530.22	6
amt	2025-08	4	19	45932.84	1905.00	1
amt	2025-09	1	26	8459.87	129.00	1
amt	2025-09	2	67	49671.20	748.00	2
amt	2025-09	3	84	118780.99	6751.15	9
amt	2025-09	4	25	61448.27	3880.27	4
amt	2025-09	5	7	25036.62	2382.44	1
amt	2025-10	1	27	10921.84	514.30	3
amt	2025-10	2	67	50386.81	3282.01	10
amt	2025-10	3	92	126524.18	4965.87	10
amt	2025-10	4	17	41174.47	8589.84	5
amt	2025-10	5	3	10982.50	2699.50	1
amt	2025-10	6	1	5590.00	0.00	0
amt	2025-11	1	52	19292.36	3167.41	24
amt	2025-11	2	99	75019.62	11714.24	73
amt	2025-11	3	121	169705.96	43649.81	96
amt	2025-11	4	36	86345.92	8839.79	24
amt	2025-11	5	10	33653.84	12282.46	10
amt	2025-11	6	2	10486.00	0.00	0
amt	2025-12	1	81	28506.31	5041.00	52
amt	2025-12	2	154	113723.84	30940.98	131
amt	2025-12	3	217	304237.98	97964.16	204
amt	2025-12	4	61	146637.99	38005.63	56
amt	2025-12	5	13	44450.08	17411.59	13
amt	2025-12	6	1	10720.00	1944.00	1
amt	2026-01	1	100	36228.59	8871.45	65
amt	2026-01	2	154	116833.81	36916.90	130
amt	2026-01	3	207	291461.53	112668.31	191
amt	2026-01	4	52	127752.37	61968.56	52
amt	2026-01	5	18	65935.51	30586.92	17
amt	2026-01	6	3	16610.00	0.00	0
amt	2026-02	1	86	32571.32	10355.83	61
amt	2026-02	2	211	151370.01	67984.71	195
amt	2026-02	3	247	368816.91	170128.71	228
amt	2026-02	4	44	107634.18	54956.53	43
amt	2026-02	5	15	55990.77	26690.13	15
amt	2026-02	6	1	9765.00	2933.00	1
amt	2026-03	1	96	37319.34	15093.11	83
amt	2026-03	2	237	171675.72	79854.46	216
amt	2026-03	3	322	465587.27	248990.86	307
amt	2026-03	4	49	119310.29	66247.92	47
amt	2026-03	5	20	74371.57	42709.40	20
amt	2026-03	6	3	18036.00	7870.00	3
amt	2026-04	1	99	36896.43	16844.51	87
amt	2026-04	2	230	172516.67	100282.02	223
amt	2026-04	3	319	455684.83	278165.24	314
amt	2026-04	4	45	114085.96	67064.59	44
amt	2026-04	5	10	38522.19	24065.32	10
amt	2026-04	6	5	28909.10	18118.10	5
amt	2026-05	1	106	39509.89	23615.23	100
amt	2026-05	2	285	207493.08	136687.58	280
amt	2026-05	3	341	492140.85	337556.39	332
amt	2026-05	4	63	155903.71	104691.53	60
amt	2026-05	5	29	101744.71	73852.94	29
amt	2026-05	6	2	13649.11	10471.11	2
amt	2026-06	1	124	46670.77	33553.19	120
amt	2026-06	2	353	261305.23	198056.12	349
amt	2026-06	3	521	759125.36	591586.36	515
amt	2026-06	4	93	229359.71	183504.40	93
amt	2026-06	5	42	146476.24	114288.27	41
amt	2026-06	6	6	39261.00	31735.00	6
amt	2026-07	1	135	50734.49	41459.99	134
amt	2026-07	2	336	246458.63	208358.47	334
amt	2026-07	3	415	579372.50	497276.12	412
amt	2026-07	4	98	239912.39	208327.39	98
amt	2026-07	5	38	144004.00	124317.00	38
amt	2026-07	6	6	39210.00	34973.00	6
amt	2026-08	1	120	44285.00	39972.00	119
amt	2026-08	2	220	167324.03	155312.54	219
amt	2026-08	3	281	404461.07	367603.68	280
amt	2026-08	4	55	128269.02	117325.02	55
amt	2026-08	5	12	41880.01	36022.01	12
amt	2026-08	6	2	12130.00	9680.00	2
amt	2026-09	1	33	12335.00	11899.00	33
amt	2026-09	2	63	48219.44	46884.44	63
amt	2026-09	3	50	64014.00	60384.00	50
amt	2026-09	4	8	18179.00	17069.00	8
city	2025-01	Other Cities	59	61611.75	699.62	2
city	2025-01	Tbilisi	161	180586.62	8648.22	15
city	2025-02	Other Cities	57	55700.26	5119.22	9
city	2025-02	Tbilisi	195	210355.52	16218.37	19
city	2025-03	Other Cities	46	47834.10	1659.12	4
city	2025-03	Tbilisi	171	195383.69	8642.94	13
city	2025-04	Other Cities	48	52442.11	1475.32	5
city	2025-04	Tbilisi	146	166375.16	12089.14	15
city	2025-05	Other Cities	49	63720.59	811.00	3
city	2025-05	Tbilisi	162	183646.52	10839.37	10
city	2025-06	Other Cities	76	84833.22	6397.04	10
city	2025-06	Tbilisi	153	190500.68	12649.53	13
city	2025-07	Other Cities	58	74883.08	7751.56	8
city	2025-07	Tbilisi	247	284574.07	19161.02	20
city	2025-08	Other Cities	28	35221.42	1888.00	3
city	2025-08	Tbilisi	110	130485.04	5703.37	9
city	2025-09	Other Cities	37	40034.03	0.00	0
city	2025-09	Tbilisi	172	223362.92	13890.86	17
city	2025-10	Other Cities	64	80387.66	9765.91	12
city	2025-10	Tbilisi	143	165192.14	10285.61	17
city	2025-11	Other Cities	95	115767.24	30553.04	76
city	2025-11	Tbilisi	225	278736.46	49100.67	151
city	2025-12	Other Cities	178	221205.02	70388.56	159
city	2025-12	Tbilisi	349	427071.18	120918.80	298
city	2026-01	Other Cities	196	249695.65	99463.76	175
city	2026-01	Tbilisi	338	405126.16	151548.38	280
city	2026-02	Other Cities	215	263064.57	132836.30	198
city	2026-02	Tbilisi	389	463083.62	200212.61	345
city	2026-03	Other Cities	268	322863.72	181860.09	255
city	2026-03	Tbilisi	459	563436.47	278905.66	421
city	2026-04	Other Cities	291	350818.78	214958.95	280
city	2026-04	Tbilisi	417	495796.40	289580.83	403
city	2026-05	Other Cities	319	387602.10	273073.63	316
city	2026-05	Tbilisi	507	622839.25	413801.15	487
city	2026-06	Other Cities	464	579284.99	456741.79	459
city	2026-06	Tbilisi	675	902913.32	695981.55	665
city	2026-07	Other Cities	408	525349.43	454550.31	407
city	2026-07	Tbilisi	620	774342.58	660161.66	615
city	2026-08	Other Cities	245	282819.02	253539.04	244
city	2026-08	Tbilisi	445	515530.11	472376.21	443
city	2026-09	Other Cities	41	42827.44	39906.44	41
city	2026-09	Tbilisi	82	72049.00	69459.00	82
city	2026-09	Without City	31	27871.00	26871.00	31
goods	2025-01	115	1	537.00	0.00	0
goods	2025-01	155	2	1039.00	0.00	0
goods	2025-01	1985	1	790.00	0.00	0
goods	2025-01	1989	1	1190.00	0.00	0
goods	2025-01	1994	2	3180.00	259.70	1
goods	2025-01	1998	1	1220.00	0.00	0
goods	2025-01	2006	1	866.00	0.00	0
goods	2025-01	2007	1	1165.44	0.00	0
goods	2025-01	229	3	1314.15	0.00	0
goods	2025-01	242	1	1059.00	0.00	0
goods	2025-01	243	1	2520.00	0.00	0
goods	2025-01	245	1	920.00	0.00	0
goods	2025-01	2489	114	120703.11	3888.64	8
goods	2025-01	2511	2	1572.62	0.00	0
goods	2025-01	259	2	2578.00	170.00	1
goods	2025-01	270	1	500.00	0.00	0
goods	2025-01	271	2	2186.00	0.00	0
goods	2025-01	310	1	567.01	0.00	0
goods	2025-01	312	1	950.00	0.00	0
goods	2025-01	322	1	960.00	0.00	0
goods	2025-01	351	1	662.00	0.00	0
goods	2025-01	355	1	691.00	0.00	0
goods	2025-01	392	2	4022.00	1400.00	1
goods	2025-01	416	2	2697.00	0.00	0
goods	2025-01	422	1	1943.00	0.00	0
goods	2025-01	424	1	2917.00	0.00	0
goods	2025-01	426	4	4125.00	0.00	0
goods	2025-01	427	6	5651.64	597.50	2
goods	2025-01	431	5	6129.64	0.00	0
goods	2025-01	436	1	602.00	0.00	0
goods	2025-01	460	1	430.00	0.00	0
goods	2025-01	463	2	3029.00	0.00	0
goods	2025-01	484	1	480.00	0.00	0
goods	2025-01	489	1	451.00	0.00	0
goods	2025-01	507	1	1130.00	0.00	0
goods	2025-01	531	1	990.00	0.00	0
goods	2025-01	537	1	1036.00	0.00	0
goods	2025-01	608	1	1005.00	0.00	0
goods	2025-01	674	1	2332.00	0.00	0
goods	2025-01	681	1	784.00	432.00	1
goods	2025-01	682	2	3080.00	0.00	0
goods	2025-01	684	2	2050.00	0.00	0
goods	2025-01	685	3	3700.00	1100.00	1
goods	2025-01	686	1	2199.00	0.00	0
goods	2025-01	727	1	641.00	0.00	0
goods	2025-01	737	1	1950.00	0.00	0
goods	2025-01	774	3	4387.43	0.00	0
goods	2025-01	781	1	115.10	0.00	0
goods	2025-01	782	3	4873.97	400.00	1
goods	2025-01	816	2	1519.67	0.00	0
goods	2025-01	817	2	3160.00	0.00	0
goods	2025-01	818	2	4254.00	0.00	0
goods	2025-01	829	1	330.00	0.00	0
goods	2025-01	840	2	2569.00	0.00	0
goods	2025-01	850	1	1180.00	1100.00	1
goods	2025-01	854	1	460.49	0.00	0
goods	2025-01	859	1	470.00	0.00	0
goods	2025-01	861	2	1093.06	0.00	0
goods	2025-01	862	2	1154.00	0.00	0
goods	2025-01	863	1	2999.00	0.00	0
goods	2025-01	866	2	2465.20	0.00	0
goods	2025-01	872	1	1240.00	0.00	0
goods	2025-01	876	4	3837.18	0.00	0
goods	2025-01	883	1	2043.00	0.00	0
goods	2025-01	885	1	1290.00	0.00	0
goods	2025-01	893	1	1320.00	0.00	0
goods	2025-01	900	1	892.66	0.00	0
goods	2025-02	119	1	357.00	0.00	0
goods	2025-02	128	2	760.00	0.00	0
goods	2025-02	13218	2	1633.00	820.00	1
goods	2025-02	137	1	32.00	0.00	0
goods	2025-02	1975	1	708.28	0.00	0
goods	2025-02	1976	1	1180.00	0.00	0
goods	2025-02	1979	2	1930.00	0.00	0
goods	2025-02	1994	2	3960.96	0.00	0
goods	2025-02	1995	1	830.00	0.00	0
goods	2025-02	2001	1	1529.00	0.00	0
goods	2025-02	2003	1	2037.00	0.00	0
goods	2025-02	2006	2	1621.00	0.00	0
goods	2025-02	2007	2	3903.00	0.00	0
goods	2025-02	2008	2	2095.82	0.00	0
goods	2025-02	206	1	3276.00	0.00	0
goods	2025-02	214	1	506.04	0.00	0
goods	2025-02	231	1	1090.00	0.00	0
goods	2025-02	2489	134	140026.26	10151.37	12
goods	2025-02	261	1	1590.00	0.00	0
goods	2025-02	270	1	902.00	552.00	1
goods	2025-02	271	3	2777.20	628.50	1
goods	2025-02	294	1	900.00	0.00	0
goods	2025-02	295	1	890.00	0.00	0
goods	2025-02	302	1	778.24	0.00	0
goods	2025-02	308	1	550.00	0.00	0
goods	2025-02	309	1	516.00	0.00	0
goods	2025-02	351	1	950.00	0.00	0
goods	2025-02	392	3	4044.98	858.98	0
goods	2025-02	402	1	1340.00	0.00	0
goods	2025-02	419	1	1562.00	215.00	1
goods	2025-02	424	1	2913.00	1338.00	1
goods	2025-02	425	2	2240.68	0.00	0
goods	2025-02	426	4	4613.00	0.00	0
goods	2025-02	427	4	3439.00	471.00	1
goods	2025-02	431	2	2284.92	0.00	0
goods	2025-02	434	1	2020.00	0.00	0
goods	2025-02	456	1	218.84	0.00	0
goods	2025-02	459	1	430.00	0.00	0
goods	2025-02	471	1	478.00	0.00	0
goods	2025-02	484	1	255.00	0.00	0
goods	2025-02	487	1	500.00	230.00	1
goods	2025-02	530	2	2250.00	0.00	0
goods	2025-02	539	1	438.96	0.00	0
goods	2025-02	606	1	1430.00	0.00	0
goods	2025-02	616	1	890.00	0.00	0
goods	2025-02	660	1	923.50	0.00	0
goods	2025-02	684	2	1598.00	464.00	1
goods	2025-02	685	2	2440.00	0.00	0
goods	2025-02	686	1	2220.00	0.00	0
goods	2025-02	687	1	2090.00	0.00	0
goods	2025-02	693	1	1220.00	0.00	0
goods	2025-02	723	1	390.00	0.00	0
goods	2025-02	736	1	2550.00	0.00	0
goods	2025-02	737	2	3705.00	0.00	0
goods	2025-02	738	1	808.00	0.00	0
goods	2025-02	745	1	364.70	0.00	0
goods	2025-02	751	1	659.00	0.00	0
goods	2025-02	774	1	546.00	484.00	1
goods	2025-02	785	1	800.00	200.00	1
goods	2025-02	795	1	400.00	0.00	0
goods	2025-02	800	2	1341.64	0.00	0
goods	2025-02	817	1	1570.00	0.00	0
goods	2025-02	818	3	6537.00	2550.38	1
goods	2025-02	826	1	1790.00	0.00	0
goods	2025-02	828	1	684.00	0.00	0
goods	2025-02	829	1	206.00	0.00	0
goods	2025-02	854	1	760.00	0.00	0
goods	2025-02	859	2	1031.86	0.00	0
goods	2025-02	861	1	399.10	0.00	0
goods	2025-02	862	5	3584.37	0.00	0
goods	2025-02	866	1	1320.00	300.00	1
goods	2025-02	872	2	1129.00	0.00	0
goods	2025-02	885	2	2565.00	0.00	0
goods	2025-02	887	1	841.00	0.00	0
goods	2025-02	893	1	541.00	477.00	1
goods	2025-02	894	1	890.00	0.00	0
goods	2025-02	895	1	563.20	187.36	1
goods	2025-02	900	2	1760.00	492.00	1
goods	2025-02	901	2	2581.23	918.00	1
goods	2025-02	902	1	1020.00	0.00	0
goods	2025-02	909	1	2960.00	0.00	0
goods	2025-02	921	2	2100.00	0.00	0
goods	2025-02	922	1	490.00	0.00	0
goods	2025-03	125	1	645.53	580.53	1
goods	2025-03	126	1	210.00	0.00	0
goods	2025-03	148	1	253.32	0.00	0
goods	2025-03	1998	1	1368.97	0.00	0
goods	2025-03	2003	1	1975.00	0.00	0
goods	2025-03	2004	1	968.90	0.00	0
goods	2025-03	2005	1	283.53	0.00	0
goods	2025-03	2006	2	1304.41	0.00	0
goods	2025-03	2007	1	518.00	300.00	1
goods	2025-03	229	1	302.32	0.00	0
goods	2025-03	240	1	1670.00	450.00	1
goods	2025-03	2486	1	404.82	0.00	0
goods	2025-03	2489	113	116032.46	4987.41	10
goods	2025-03	259	1	1651.00	0.00	0
goods	2025-03	261	1	2587.00	0.00	0
goods	2025-03	271	1	3474.66	0.00	0
goods	2025-03	282	1	310.00	0.00	0
goods	2025-03	302	1	730.00	0.00	0
goods	2025-03	303	1	2450.00	0.00	0
goods	2025-03	306	1	233.00	0.00	0
goods	2025-03	309	1	367.00	0.00	0
goods	2025-03	326	2	1136.22	0.00	0
goods	2025-03	331	1	1629.00	0.00	0
goods	2025-03	342	2	3070.00	0.00	0
goods	2025-03	375	1	3618.00	0.00	0
goods	2025-03	392	1	1450.00	0.00	0
goods	2025-03	40492	1	514.00	0.00	0
goods	2025-03	422	1	2020.00	0.00	0
goods	2025-03	425	2	1408.56	0.00	0
goods	2025-03	426	2	1650.48	475.12	1
goods	2025-03	427	6	5324.00	0.00	0
goods	2025-03	431	2	2960.00	625.00	1
goods	2025-03	434	2	4000.00	1365.00	1
goods	2025-03	438	2	4803.00	0.00	0
goods	2025-03	457	1	590.00	0.00	0
goods	2025-03	45757	1	1352.00	0.00	0
goods	2025-03	463	1	1649.00	0.00	0
goods	2025-03	489	1	443.00	0.00	0
goods	2025-03	491	1	430.00	0.00	0
goods	2025-03	507	1	1580.00	0.00	0
goods	2025-03	541	1	500.00	0.00	0
goods	2025-03	568	1	630.00	0.00	0
goods	2025-03	606	1	1923.92	0.00	0
goods	2025-03	657	1	1584.00	0.00	0
goods	2025-03	676	1	1704.00	0.00	0
goods	2025-03	682	1	1550.00	0.00	0
goods	2025-03	684	1	850.72	0.00	0
goods	2025-03	685	1	2340.00	0.00	0
goods	2025-03	687	2	4300.00	0.00	0
goods	2025-03	698	1	1190.00	0.00	0
goods	2025-03	704	1	1220.00	0.00	0
goods	2025-03	726	1	844.00	0.00	0
goods	2025-03	727	1	1130.00	1010.00	1
goods	2025-03	750	1	3930.00	0.00	0
goods	2025-03	766	1	2124.00	0.00	0
goods	2025-03	800	1	788.00	0.00	0
goods	2025-03	808	1	1860.00	0.00	0
goods	2025-03	817	1	2267.00	0.00	0
goods	2025-03	838	1	1920.00	0.00	0
goods	2025-03	840	2	2998.70	0.00	0
goods	2025-03	841	1	932.00	0.00	0
goods	2025-03	844	1	1020.00	0.00	0
goods	2025-03	847	1	911.00	0.00	0
goods	2025-03	851	2	910.00	0.00	0
goods	2025-03	853	1	680.00	509.00	0
goods	2025-03	859	1	469.54	0.00	0
goods	2025-03	862	2	1360.00	0.00	0
goods	2025-03	866	1	1277.89	0.00	0
goods	2025-03	872	1	720.00	0.00	0
goods	2025-03	880	1	1070.00	0.00	0
goods	2025-03	885	2	2617.00	0.00	0
goods	2025-03	891	1	535.00	0.00	0
goods	2025-03	893	1	1300.00	0.00	0
goods	2025-03	899	1	1793.00	0.00	0
goods	2025-03	900	2	2019.28	0.00	0
goods	2025-03	901	2	2286.00	0.00	0
goods	2025-03	902	1	1450.00	0.00	0
goods	2025-03	915	1	550.00	0.00	0
goods	2025-03	917	3	4695.56	0.00	0
goods	2025-03	921	3	2880.00	0.00	0
goods	2025-03	927	1	720.00	0.00	0
goods	2025-04	116	1	498.94	0.00	0
goods	2025-04	130	1	389.36	0.00	0
goods	2025-04	134	1	360.00	0.00	0
goods	2025-04	138	1	940.00	0.00	0
goods	2025-04	140	1	90.00	0.00	0
goods	2025-04	168	1	197.40	0.00	0
goods	2025-04	1975	1	770.00	0.00	0
goods	2025-04	1994	2	3061.99	0.00	0
goods	2025-04	2004	1	922.92	0.00	0
goods	2025-04	2007	1	1270.00	0.00	0
goods	2025-04	2008	1	284.10	0.00	0
goods	2025-04	206	1	2000.00	0.00	0
goods	2025-04	212	1	700.00	0.00	0
goods	2025-04	214	1	499.00	0.00	0
goods	2025-04	231	1	1149.00	0.00	0
goods	2025-04	232	1	1015.00	0.00	0
goods	2025-04	2489	96	116754.34	11055.85	14
goods	2025-04	2492	1	550.00	0.00	0
goods	2025-04	2511	1	783.00	0.00	0
goods	2025-04	259	2	2689.00	680.00	2
goods	2025-04	262	1	2073.00	0.00	0
goods	2025-04	309	1	520.00	0.00	0
goods	2025-04	326	1	810.00	0.00	0
goods	2025-04	342	1	1194.00	0.00	0
goods	2025-04	343	1	2030.00	0.00	0
goods	2025-04	356	1	550.00	0.00	0
goods	2025-04	40376	2	991.29	0.00	0
goods	2025-04	41444	1	288.00	0.00	0
goods	2025-04	418	1	1497.00	0.00	0
goods	2025-04	42570	1	420.00	0.00	0
goods	2025-04	427	4	3661.00	0.00	0
goods	2025-04	433	1	1722.34	0.00	0
goods	2025-04	437	1	2670.00	0.00	0
goods	2025-04	450	1	770.00	0.00	0
goods	2025-04	459	1	610.00	0.00	0
goods	2025-04	487	1	504.00	0.00	0
goods	2025-04	490	1	304.00	0.00	0
goods	2025-04	522	1	2557.00	0.00	0
goods	2025-04	616	1	1419.00	0.00	0
goods	2025-04	652	3	3352.00	0.00	0
goods	2025-04	668	1	720.00	0.00	0
goods	2025-04	681	1	2170.00	0.00	0
goods	2025-04	685	3	5198.00	0.00	0
goods	2025-04	686	1	2250.00	0.00	0
goods	2025-04	721	1	1774.60	0.00	0
goods	2025-04	761	1	432.00	200.00	1
goods	2025-04	765	1	270.00	0.00	0
goods	2025-04	766	1	922.00	0.00	0
goods	2025-04	772	4	2647.16	180.00	1
goods	2025-04	781	1	1191.90	0.00	0
goods	2025-04	788	1	1333.00	0.00	0
goods	2025-04	791	1	1102.42	0.00	0
goods	2025-04	816	1	1114.00	0.00	0
goods	2025-04	828	2	1036.00	0.00	0
goods	2025-04	862	1	664.40	0.00	0
goods	2025-04	863	1	2622.44	0.00	0
goods	2025-04	866	1	828.00	0.00	0
goods	2025-04	867	1	2406.24	0.00	0
goods	2025-04	880	2	1279.52	0.00	0
goods	2025-04	891	2	2380.00	0.00	0
goods	2025-04	892	2	2391.58	0.00	0
goods	2025-04	893	4	4436.00	0.00	0
goods	2025-04	896	1	1720.00	0.00	0
goods	2025-04	900	1	1277.04	0.00	0
goods	2025-04	901	1	1300.00	300.00	1
goods	2025-04	902	1	1281.43	0.00	0
goods	2025-04	903	1	1370.00	0.00	0
goods	2025-04	915	1	550.00	0.00	0
goods	2025-04	919	1	940.00	0.00	0
goods	2025-04	931	1	1450.00	1148.61	1
goods	2025-04	932	2	1333.00	0.00	0
goods	2025-04	937	1	1059.00	0.00	0
goods	2025-04	942	1	1610.00	0.00	0
goods	2025-04	954	1	988.00	0.00	0
goods	2025-04	958	2	866.41	0.00	0
goods	2025-04	991	2	1036.45	0.00	0
goods	2025-05	1027	1	554.00	0.00	0
goods	2025-05	1054	2	1295.50	0.00	0
goods	2025-05	1064	1	1675.00	0.00	0
goods	2025-05	1065	1	2479.00	0.00	0
goods	2025-05	1087	1	967.00	0.00	0
goods	2025-05	1095	1	1467.00	0.00	0
goods	2025-05	1111	1	1520.00	0.00	0
goods	2025-05	1112	1	1776.00	0.00	0
goods	2025-05	1146	1	2125.00	0.00	0
goods	2025-05	1152	1	350.00	0.00	0
goods	2025-05	125	2	841.28	0.00	0
goods	2025-05	128	1	440.00	0.00	0
goods	2025-05	130	1	875.86	0.00	0
goods	2025-05	133	2	780.00	0.00	0
goods	2025-05	138	2	917.00	0.00	0
goods	2025-05	140	1	870.00	0.00	0
goods	2025-05	147	1	380.00	0.00	0
goods	2025-05	160	1	437.00	0.00	0
goods	2025-05	179	1	422.00	0.00	0
goods	2025-05	1973	1	1285.00	0.00	0
goods	2025-05	1994	1	1438.00	0.00	0
goods	2025-05	2001	1	1505.00	0.00	0
goods	2025-05	2003	1	1525.00	0.00	0
goods	2025-05	2004	1	950.00	591.04	1
goods	2025-05	2007	1	1270.00	0.00	0
goods	2025-05	2014	1	2265.00	0.00	0
goods	2025-05	235	1	1105.42	0.00	0
goods	2025-05	247	1	1700.00	0.00	0
goods	2025-05	2489	85	99313.17	8075.33	7
goods	2025-05	281	1	412.00	0.00	0
goods	2025-05	309	1	430.00	0.00	0
goods	2025-05	338	1	1646.00	0.00	0
goods	2025-05	339	1	1690.00	0.00	0
goods	2025-05	342	2	2658.04	0.00	0
goods	2025-05	355	1	452.64	0.00	0
goods	2025-05	373	1	3300.00	0.00	0
goods	2025-05	38305	1	2185.00	0.00	0
goods	2025-05	393	3	4147.30	0.00	0
goods	2025-05	394	1	974.00	0.00	0
goods	2025-05	39546	1	2917.00	0.00	0
goods	2025-05	40372	1	742.00	0.00	0
goods	2025-05	40375	1	1176.80	0.00	0
goods	2025-05	404	1	3010.00	0.00	0
goods	2025-05	414	1	1019.00	0.00	0
goods	2025-05	416	1	1570.00	0.00	0
goods	2025-05	425	1	1194.00	0.00	0
goods	2025-05	427	3	2731.00	0.00	0
goods	2025-05	433	1	1607.00	0.00	0
goods	2025-05	447	1	1270.00	0.00	0
goods	2025-05	458	1	370.00	0.00	0
goods	2025-05	487	1	500.00	0.00	0
goods	2025-05	490	2	873.00	0.00	0
goods	2025-05	503	1	449.44	0.00	0
goods	2025-05	539	1	240.00	0.00	0
goods	2025-05	606	2	2233.32	0.00	0
goods	2025-05	609	1	1267.06	0.00	0
goods	2025-05	61093	1	449.00	0.00	0
goods	2025-05	612	1	667.00	0.00	0
goods	2025-05	613	1	1210.00	0.00	0
goods	2025-05	641	1	2449.00	0.00	0
goods	2025-05	652	2	2197.00	0.00	0
goods	2025-05	660	1	994.00	0.00	0
goods	2025-05	678	1	1995.72	0.00	0
goods	2025-05	680	1	2350.00	1500.00	1
goods	2025-05	681	1	1570.00	0.00	0
goods	2025-05	685	2	2420.00	0.00	0
goods	2025-05	708	1	1863.00	0.00	0
goods	2025-05	709	1	837.22	0.00	0
goods	2025-05	719	2	4641.00	0.00	0
goods	2025-05	726	1	770.00	0.00	0
goods	2025-05	731	1	612.00	250.00	1
goods	2025-05	746	1	2715.00	0.00	0
goods	2025-05	747	3	4326.85	500.00	1
goods	2025-05	76287	1	1230.00	0.00	0
goods	2025-05	765	1	270.00	0.00	0
goods	2025-05	782	1	1090.00	0.00	0
goods	2025-05	800	1	810.00	0.00	0
goods	2025-05	815	1	1904.00	0.00	0
goods	2025-05	828	2	675.00	0.00	0
goods	2025-05	835	1	754.00	0.00	0
goods	2025-05	838	1	3330.00	0.00	0
goods	2025-05	867	1	2748.00	0.00	0
goods	2025-05	880	2	1777.00	363.00	1
goods	2025-05	881	1	1990.31	0.00	0
goods	2025-05	884	1	990.00	0.00	0
goods	2025-05	886	1	1450.00	0.00	0
goods	2025-05	889	1	1050.00	0.00	0
goods	2025-05	891	1	1075.00	0.00	0
goods	2025-05	893	1	1196.88	0.00	0
goods	2025-05	896	1	1615.00	0.00	0
goods	2025-05	897	1	1284.00	0.00	0
goods	2025-05	902	1	1380.00	0.00	0
goods	2025-05	907	2	1985.00	371.00	1
goods	2025-05	908	2	2850.25	0.00	0
goods	2025-05	912	1	2118.27	0.00	0
goods	2025-05	914	2	1242.70	0.00	0
goods	2025-05	915	1	518.08	0.00	0
goods	2025-05	919	2	1550.00	0.00	0
goods	2025-05	927	1	790.00	0.00	0
goods	2025-05	928	1	972.00	0.00	0
goods	2025-05	954	1	450.00	0.00	0
goods	2025-05	958	1	1150.00	0.00	0
goods	2025-05	991	3	1462.00	0.00	0
goods	2025-06	1006	1	1370.00	0.00	0
goods	2025-06	1021	1	990.00	0.00	0
goods	2025-06	1025	2	1138.00	0.00	0
goods	2025-06	1053	1	2340.00	0.00	0
goods	2025-06	1054	1	765.38	0.00	0
goods	2025-06	1062	1	1492.00	405.00	1
goods	2025-06	1067	1	1924.00	0.00	0
goods	2025-06	1068	1	1900.00	1710.00	1
goods	2025-06	1070	1	687.00	0.00	0
goods	2025-06	1074	1	490.00	0.00	0
goods	2025-06	1087	3	3476.48	0.00	0
goods	2025-06	1088	1	862.77	0.00	0
goods	2025-06	1089	1	1050.00	0.00	0
goods	2025-06	1095	1	1450.00	0.00	0
goods	2025-06	1110	1	1050.00	0.00	0
goods	2025-06	1111	1	1221.00	0.00	0
goods	2025-06	1112	1	2176.59	0.00	0
goods	2025-06	1155	1	467.00	0.00	0
goods	2025-06	1180	1	389.33	0.00	0
goods	2025-06	1185	1	1863.00	0.00	0
goods	2025-06	136	1	500.00	0.00	0
goods	2025-06	140	2	1840.00	0.00	0
goods	2025-06	1971	1	600.00	54.00	1
goods	2025-06	1975	1	750.00	0.00	0
goods	2025-06	1998	1	2118.00	0.00	0
goods	2025-06	2000	1	2779.00	0.00	0
goods	2025-06	2003	2	3282.80	0.00	0
goods	2025-06	2004	1	969.00	0.00	0
goods	2025-06	2013	1	1690.00	0.00	0
goods	2025-06	224	1	1102.00	0.00	0
goods	2025-06	231	1	1150.00	0.00	0
goods	2025-06	232	1	1615.00	0.00	0
goods	2025-06	242	3	2287.15	0.00	0
goods	2025-06	2489	106	135431.66	10966.77	12
goods	2025-06	256	2	1780.00	0.00	0
goods	2025-06	259	1	1770.00	0.00	0
goods	2025-06	261	1	1646.00	0.00	0
goods	2025-06	272	1	620.00	0.00	0
goods	2025-06	305	1	1315.82	0.00	0
goods	2025-06	325	1	404.00	0.00	0
goods	2025-06	328	1	410.00	0.00	0
goods	2025-06	333	2	1252.51	0.00	0
goods	2025-06	342	1	1327.00	0.00	0
goods	2025-06	38305	1	1484.00	0.00	0
goods	2025-06	393	2	1748.00	0.00	0
goods	2025-06	402	1	284.00	0.00	0
goods	2025-06	40370	1	510.00	0.00	0
goods	2025-06	40372	1	407.00	0.00	0
goods	2025-06	404	1	4418.00	0.00	0
goods	2025-06	423	2	3838.38	2141.07	1
goods	2025-06	425	1	1184.00	0.00	0
goods	2025-06	426	1	1090.00	0.00	0
goods	2025-06	427	1	970.00	0.00	0
goods	2025-06	430	1	1375.00	0.00	0
goods	2025-06	433	2	3497.00	0.00	0
goods	2025-06	438	1	1420.00	0.00	0
goods	2025-06	444	1	2458.00	0.00	0
goods	2025-06	456	1	530.00	0.00	0
goods	2025-06	459	1	400.00	0.00	0
goods	2025-06	500	2	1343.54	0.00	0
goods	2025-06	51602	1	400.00	0.00	0
goods	2025-06	51711	1	1125.00	0.00	0
goods	2025-06	51712	3	4057.08	0.00	0
goods	2025-06	522	1	1590.00	687.73	1
goods	2025-06	57803	2	720.21	150.00	1
goods	2025-06	605	1	3690.00	0.00	0
goods	2025-06	61093	1	430.00	0.00	0
goods	2025-06	611	2	2000.00	0.00	0
goods	2025-06	630	1	870.00	0.00	0
goods	2025-06	631	1	655.00	0.00	0
goods	2025-06	641	2	5439.25	0.00	0
goods	2025-06	652	2	2291.00	0.00	0
goods	2025-06	653	2	3170.00	400.00	1
goods	2025-06	667	1	1300.00	0.00	0
goods	2025-06	679	2	1273.45	0.00	0
goods	2025-06	685	1	1890.00	0.00	0
goods	2025-06	704	1	1287.00	0.00	0
goods	2025-06	709	1	900.00	0.00	0
goods	2025-06	723	1	370.00	0.00	0
goods	2025-06	745	1	409.00	0.00	0
goods	2025-06	747	5	4207.00	1026.00	2
goods	2025-06	782	1	1550.00	0.00	0
goods	2025-06	793	1	642.38	0.00	0
goods	2025-06	829	1	320.00	0.00	0
goods	2025-06	848	1	1100.00	0.00	0
goods	2025-06	859	1	98.09	0.00	0
goods	2025-06	873	1	1990.00	0.00	0
goods	2025-06	885	1	1319.00	0.00	0
goods	2025-06	886	1	1350.00	0.00	0
goods	2025-06	891	1	1190.00	0.00	0
goods	2025-06	893	1	1320.00	1090.00	1
goods	2025-06	902	1	1241.00	0.00	0
goods	2025-06	909	1	439.00	416.00	1
goods	2025-06	916	2	1439.00	0.00	0
goods	2025-06	921	1	1050.00	0.00	0
goods	2025-06	927	1	773.00	0.00	0
goods	2025-06	932	1	519.03	0.00	0
goods	2025-06	999	1	220.00	0.00	0
goods	2025-07	1005	1	1244.00	0.00	0
goods	2025-07	1008	1	1085.00	0.00	0
goods	2025-07	1011	2	3557.00	1127.00	1
goods	2025-07	1012	1	490.00	0.00	0
goods	2025-07	1013	1	375.11	0.00	0
goods	2025-07	1015	1	606.00	0.00	0
goods	2025-07	1055	1	1330.00	0.00	0
goods	2025-07	106	1	570.00	0.00	0
goods	2025-07	1068	1	1850.00	431.13	1
goods	2025-07	1069	1	2300.00	0.00	0
goods	2025-07	1071	3	1421.37	0.00	0
goods	2025-07	1089	2	2132.00	0.00	0
goods	2025-07	1094	1	2549.00	0.00	0
goods	2025-07	1104	1	1119.62	0.00	0
goods	2025-07	1107	1	430.00	0.00	0
goods	2025-07	1108	1	320.00	0.00	0
goods	2025-07	1109	1	330.00	0.00	0
goods	2025-07	1148	1	880.53	0.00	0
goods	2025-07	1151	1	365.00	0.00	0
goods	2025-07	1152	1	290.00	0.00	0
goods	2025-07	1155	1	510.00	0.00	0
goods	2025-07	1156	1	493.45	0.00	0
goods	2025-07	1157	3	2670.00	0.00	0
goods	2025-07	1158	1	2076.00	1028.66	1
goods	2025-07	1159	1	2220.00	0.00	0
goods	2025-07	1161	2	1995.20	0.00	0
goods	2025-07	1177	2	4844.00	0.00	0
goods	2025-07	1180	1	2100.00	0.00	0
goods	2025-07	1185	1	3356.25	0.00	0
goods	2025-07	1186	1	2012.00	0.00	0
goods	2025-07	1192	1	719.00	0.00	0
goods	2025-07	1193	3	1669.00	311.00	1
goods	2025-07	1203	1	380.00	0.00	0
goods	2025-07	1204	1	660.00	0.00	0
goods	2025-07	1213	1	2679.00	0.00	0
goods	2025-07	1214	1	3190.00	0.00	0
goods	2025-07	1218	1	1814.00	0.00	0
goods	2025-07	1239	2	5340.00	2240.00	1
goods	2025-07	1243	1	109.75	0.00	0
goods	2025-07	125	1	854.00	0.00	0
goods	2025-07	1280	1	330.00	0.00	0
goods	2025-07	149	1	770.00	0.00	0
goods	2025-07	151	1	479.00	0.00	0
goods	2025-07	1971	1	454.00	0.00	0
goods	2025-07	1973	1	1120.00	0.00	0
goods	2025-07	1977	1	1274.00	0.00	0
goods	2025-07	1992	2	793.39	359.72	1
goods	2025-07	1995	1	762.88	0.00	0
goods	2025-07	2001	1	1694.00	0.00	0
goods	2025-07	229	2	774.00	0.00	0
goods	2025-07	231	2	2700.00	0.00	0
goods	2025-07	232	1	970.00	0.00	0
goods	2025-07	234	2	2883.00	1173.00	1
goods	2025-07	236	2	3490.00	0.00	0
goods	2025-07	243	1	1350.00	0.00	0
goods	2025-07	244	1	2190.00	0.00	0
goods	2025-07	245	1	920.00	0.00	0
goods	2025-07	2489	128	145384.20	8571.21	9
goods	2025-07	252	2	4875.10	939.00	1
goods	2025-07	295	1	850.00	304.36	1
goods	2025-07	324	3	1410.38	0.00	0
goods	2025-07	330	1	381.99	0.00	0
goods	2025-07	337	1	1137.46	0.00	0
goods	2025-07	338	1	2050.00	0.00	0
goods	2025-07	343	1	2098.88	0.00	0
goods	2025-07	344	2	4112.70	0.00	0
goods	2025-07	353	1	406.00	0.00	0
goods	2025-07	393	1	636.00	0.00	0
goods	2025-07	40377	1	1690.00	1350.00	1
goods	2025-07	414	2	1871.00	0.00	0
goods	2025-07	416	1	1530.00	0.00	0
goods	2025-07	419	2	4912.68	1085.56	1
goods	2025-07	420	1	2538.00	0.00	0
goods	2025-07	425	1	744.00	700.00	1
goods	2025-07	426	1	1150.00	0.00	0
goods	2025-07	427	1	907.35	0.00	0
goods	2025-07	433	1	1700.00	0.00	0
goods	2025-07	434	1	629.94	187.94	1
goods	2025-07	447	1	960.00	0.00	0
goods	2025-07	456	2	1111.00	0.00	0
goods	2025-07	463	1	1435.00	0.00	0
goods	2025-07	471	1	420.00	0.00	0
goods	2025-07	481	1	2443.00	0.00	0
goods	2025-07	484	1	470.00	0.00	0
goods	2025-07	490	1	711.00	0.00	0
goods	2025-07	500	3	2629.00	0.00	0
goods	2025-07	515	1	574.00	0.00	0
goods	2025-07	51601	2	509.88	0.00	0
goods	2025-07	51602	1	390.00	0.00	0
goods	2025-07	51708	2	1183.00	0.00	0
goods	2025-07	51710	2	1066.22	0.00	0
goods	2025-07	51712	2	3035.00	0.00	0
goods	2025-07	523	1	1178.00	0.00	0
goods	2025-07	528	1	2800.00	0.00	0
goods	2025-07	530	2	2300.00	0.00	0
goods	2025-07	537	1	1150.00	0.00	0
goods	2025-07	539	1	500.00	0.00	0
goods	2025-07	57803	1	447.37	0.00	0
goods	2025-07	602	1	2890.00	0.00	0
goods	2025-07	605	1	3690.00	2820.00	1
goods	2025-07	61093	3	1275.00	0.00	0
goods	2025-07	611	1	1030.00	0.00	0
goods	2025-07	630	2	1758.18	0.00	0
goods	2025-07	641	3	7437.08	0.00	0
goods	2025-07	644	2	5500.00	0.00	0
goods	2025-07	653	2	3897.11	1100.00	1
goods	2025-07	656	1	890.00	0.00	0
goods	2025-07	679	5	3663.88	0.00	0
goods	2025-07	686	2	6770.00	0.00	0
goods	2025-07	688	1	2587.00	729.00	1
goods	2025-07	703	1	1167.00	0.00	0
goods	2025-07	721	1	1975.00	0.00	0
goods	2025-07	744	1	487.00	0.00	0
goods	2025-07	747	3	2543.00	0.00	0
goods	2025-07	76287	1	1231.00	0.00	0
goods	2025-07	766	1	930.00	0.00	0
goods	2025-07	772	1	711.92	0.00	0
goods	2025-07	833	1	550.00	0.00	0
goods	2025-07	843	1	1170.00	0.00	0
goods	2025-07	883	1	2038.28	0.00	0
goods	2025-07	893	1	1190.00	0.00	0
goods	2025-07	895	1	777.00	0.00	0
goods	2025-07	900	1	860.00	0.00	0
goods	2025-07	908	1	1570.00	1420.00	1
goods	2025-07	930	1	577.00	0.00	0
goods	2025-07	932	1	490.00	0.00	0
goods	2025-07	935	1	1071.00	0.00	0
goods	2025-07	960	1	720.00	0.00	0
goods	2025-07	969	2	3450.00	800.00	1
goods	2025-07	977	1	845.00	0.00	0
goods	2025-07	991	3	1497.00	235.00	1
goods	2025-08	1008	1	1043.09	0.00	0
goods	2025-08	1016	1	1000.00	0.00	0
goods	2025-08	1023	2	693.00	100.00	1
goods	2025-08	1054	6	4480.76	0.00	0
goods	2025-08	1059	1	830.00	225.00	1
goods	2025-08	1076	1	796.00	0.00	0
goods	2025-08	1089	1	989.00	0.00	0
goods	2025-08	1177	1	1870.00	0.00	0
goods	2025-08	1179	2	1086.73	0.00	0
goods	2025-08	1180	1	2800.00	1905.00	1
goods	2025-08	1186	1	1846.00	0.00	0
goods	2025-08	1190	1	690.00	0.00	0
goods	2025-08	1211	1	1393.00	0.00	0
goods	2025-08	1243	1	550.00	0.00	0
goods	2025-08	1245	1	2650.00	0.00	0
goods	2025-08	125	1	495.00	0.00	0
goods	2025-08	1297	1	970.00	0.00	0
goods	2025-08	1301	2	2532.00	208.66	1
goods	2025-08	1304	2	3754.00	0.00	0
goods	2025-08	1330	1	400.00	0.00	0
goods	2025-08	1372	1	1458.53	0.00	0
goods	2025-08	1373	1	1590.00	0.00	0
goods	2025-08	138	1	390.00	0.00	0
goods	2025-08	1978	1	1165.00	0.00	0
goods	2025-08	1990	1	1338.67	542.56	1
goods	2025-08	2006	1	790.00	0.00	0
goods	2025-08	2018	1	556.00	0.00	0
goods	2025-08	2020	3	3448.00	0.00	0
goods	2025-08	2023	3	5059.00	0.00	0
goods	2025-08	2026	1	850.00	0.00	0
goods	2025-08	234	1	1196.00	0.00	0
goods	2025-08	236	1	1742.00	0.00	0
goods	2025-08	2489	41	52594.16	3192.15	5
goods	2025-08	340	1	1640.20	0.00	0
goods	2025-08	341	1	1690.00	0.00	0
goods	2025-08	362	1	820.00	0.00	0
goods	2025-08	367	1	1220.00	0.00	0
goods	2025-08	368	1	1050.00	0.00	0
goods	2025-08	369	1	2035.00	0.00	0
goods	2025-08	38856	1	2850.00	0.00	0
goods	2025-08	392	2	2445.00	0.00	0
goods	2025-08	427	1	995.94	0.00	0
goods	2025-08	433	1	1832.00	0.00	0
goods	2025-08	481	1	1948.00	1225.00	1
goods	2025-08	490	1	450.00	0.00	0
goods	2025-08	499	1	509.00	0.00	0
goods	2025-08	501	2	1710.00	0.00	0
goods	2025-08	524	1	1162.68	0.00	0
goods	2025-08	537	1	1150.00	0.00	0
goods	2025-08	570	1	1016.00	0.00	0
goods	2025-08	602	1	2883.00	0.00	0
goods	2025-08	618	1	1920.00	0.00	0
goods	2025-08	630	4	3207.00	0.00	0
goods	2025-08	656	1	870.00	0.00	0
goods	2025-08	657	1	2791.00	0.00	0
goods	2025-08	678	2	3373.68	0.00	0
goods	2025-08	682	1	860.00	0.00	0
goods	2025-08	685	2	2309.73	0.00	0
goods	2025-08	686	2	4615.00	0.00	0
goods	2025-08	687	1	386.00	193.00	1
goods	2025-08	704	1	247.00	0.00	0
goods	2025-08	723	1	400.00	0.00	0
goods	2025-08	783	1	1990.00	0.00	0
goods	2025-08	798	2	920.37	0.00	0
goods	2025-08	826	1	2000.00	0.00	0
goods	2025-08	843	1	1297.00	0.00	0
goods	2025-08	861	1	835.00	0.00	0
goods	2025-08	862	1	690.00	0.00	0
goods	2025-08	863	1	2230.32	0.00	0
goods	2025-08	914	1	670.00	0.00	0
goods	2025-08	919	1	470.00	0.00	0
goods	2025-08	954	1	449.00	0.00	0
goods	2025-08	958	1	1059.36	0.00	0
goods	2025-08	991	2	1270.00	0.00	0
goods	2025-08	996	1	393.24	0.00	0
goods	2025-09	1011	1	1854.00	0.00	0
goods	2025-09	1016	1	1050.00	0.00	0
goods	2025-09	1021	1	978.00	0.00	0
goods	2025-09	1024	1	710.00	0.00	0
goods	2025-09	1025	1	689.67	0.00	0
goods	2025-09	1054	1	740.00	0.00	0
goods	2025-09	1067	2	3510.00	0.00	0
goods	2025-09	1076	2	1505.00	0.00	0
goods	2025-09	1079	1	900.00	0.00	0
goods	2025-09	1086	1	820.00	0.00	0
goods	2025-09	1087	1	2480.00	0.00	0
goods	2025-09	1095	1	1210.39	0.00	0
goods	2025-09	110	1	680.00	0.00	0
goods	2025-09	117	1	200.00	0.00	0
goods	2025-09	1171	1	1732.00	0.00	0
goods	2025-09	1191	1	720.00	0.00	0
goods	2025-09	1192	2	1804.00	0.00	0
goods	2025-09	1216	1	4037.00	0.00	0
goods	2025-09	1243	1	732.00	0.00	0
goods	2025-09	1246	1	1840.00	0.00	0
goods	2025-09	1273	1	670.00	0.00	0
goods	2025-09	1274	1	1200.00	0.00	0
goods	2025-09	1281	1	1050.00	0.00	0
goods	2025-09	1303	1	1390.00	0.00	0
goods	2025-09	1304	1	4335.05	2382.44	1
goods	2025-09	1316	2	2139.65	0.00	0
goods	2025-09	1330	1	830.00	0.00	0
goods	2025-09	1342	1	3451.57	0.00	0
goods	2025-09	1346	1	818.00	0.00	0
goods	2025-09	1352	1	477.17	0.00	0
goods	2025-09	1361	1	2450.00	0.00	0
goods	2025-09	1369	1	1155.00	0.00	0
goods	2025-09	1382	2	1255.00	829.00	2
goods	2025-09	1391	1	954.32	0.00	0
goods	2025-09	1403	2	3169.58	1350.00	1
goods	2025-09	1407	2	2872.17	0.00	0
goods	2025-09	1444	1	3184.00	0.00	0
goods	2025-09	1464	1	290.00	0.00	0
goods	2025-09	1467	1	692.00	0.00	0
goods	2025-09	1475	1	1850.00	0.00	0
goods	2025-09	1983	3	1632.00	0.00	0
goods	2025-09	1995	1	1296.00	288.00	1
goods	2025-09	2001	1	1920.00	0.00	0
goods	2025-09	2007	3	4178.44	0.00	0
goods	2025-09	2023	1	1654.00	0.00	0
goods	2025-09	2025	2	1060.00	48.00	1
goods	2025-09	2026	1	845.43	0.00	0
goods	2025-09	2027	1	330.00	0.00	0
goods	2025-09	219	1	111.56	0.00	0
goods	2025-09	223	1	980.00	0.00	0
goods	2025-09	234	1	1199.00	0.00	0
goods	2025-09	242	1	2510.00	0.00	0
goods	2025-09	2489	57	72705.29	3496.70	4
goods	2025-09	252	2	3064.00	0.00	0
goods	2025-09	253	2	1462.00	0.00	0
goods	2025-09	265	3	3600.00	428.00	1
goods	2025-09	271	6	7540.00	0.00	0
goods	2025-09	275	1	1570.00	0.00	0
goods	2025-09	308	1	810.00	0.00	0
goods	2025-09	311	1	780.00	0.00	0
goods	2025-09	313	1	1130.00	0.00	0
goods	2025-09	351	1	861.44	0.00	0
goods	2025-09	362	1	230.00	0.00	0
goods	2025-09	393	1	953.00	0.00	0
goods	2025-09	394	1	1347.00	0.00	0
goods	2025-09	40377	2	2853.00	0.00	0
goods	2025-09	41455	2	1060.00	0.00	0
goods	2025-09	425	1	1165.36	0.00	0
goods	2025-09	426	1	1075.00	0.00	0
goods	2025-09	433	3	6199.00	0.00	0
goods	2025-09	434	2	4050.00	1800.00	1
goods	2025-09	436	1	740.00	0.00	0
goods	2025-09	438	1	3298.00	0.00	0
goods	2025-09	446	1	550.00	0.00	0
goods	2025-09	456	1	345.00	0.00	0
goods	2025-09	481	2	3680.00	990.00	1
goods	2025-09	490	1	470.00	0.00	0
goods	2025-09	500	1	610.78	0.00	0
goods	2025-09	507	1	650.00	0.00	0
goods	2025-09	539	1	250.00	0.00	0
goods	2025-09	570	1	1183.00	0.00	0
goods	2025-09	587	1	2030.00	0.00	0
goods	2025-09	601	1	2750.00	0.00	0
goods	2025-09	608	1	1190.00	439.44	1
goods	2025-09	647	2	1620.00	0.00	0
goods	2025-09	649	1	2555.00	0.00	0
goods	2025-09	654	1	1547.00	1377.00	1
goods	2025-09	660	2	3016.24	0.00	0
goods	2025-09	668	1	905.00	0.00	0
goods	2025-09	672	1	1800.00	0.00	0
goods	2025-09	685	2	2440.00	0.00	0
goods	2025-09	686	1	2047.28	0.00	0
goods	2025-09	688	1	2390.00	0.00	0
goods	2025-09	696	1	1610.00	0.00	0
goods	2025-09	721	1	1950.00	0.00	0
goods	2025-09	747	3	2846.00	0.00	0
goods	2025-09	753	1	1110.00	0.00	0
goods	2025-09	766	1	749.00	0.00	0
goods	2025-09	772	1	535.00	0.00	0
goods	2025-09	798	2	1422.00	0.00	0
goods	2025-09	808	1	937.00	0.00	0
goods	2025-09	816	1	1275.00	0.00	0
goods	2025-09	843	1	2924.00	0.00	0
goods	2025-09	844	1	1609.00	0.00	0
goods	2025-09	846	1	1442.32	268.28	1
goods	2025-09	859	2	1193.68	0.00	0
goods	2025-09	861	1	550.00	0.00	0
goods	2025-09	867	1	2720.00	0.00	0
goods	2025-09	883	2	4262.72	194.00	1
goods	2025-09	893	1	1209.00	0.00	0
goods	2025-09	895	1	880.00	0.00	0
goods	2025-09	897	1	1439.00	0.00	0
goods	2025-09	912	1	1477.84	0.00	0
goods	2025-09	913	1	640.00	0.00	0
goods	2025-09	954	1	449.00	0.00	0
goods	2025-09	986	1	462.00	0.00	0
goods	2025-09	991	2	1040.00	0.00	0
goods	2025-10	1000	1	2850.00	1980.00	1
goods	2025-10	1008	1	1794.92	971.46	1
goods	2025-10	1009	2	2140.00	603.00	1
goods	2025-10	1012	1	495.00	0.00	0
goods	2025-10	1027	2	1180.00	0.00	0
goods	2025-10	1035	1	850.00	0.00	0
goods	2025-10	1054	1	750.00	204.00	1
goods	2025-10	1063	2	2145.76	0.00	0
goods	2025-10	1094	1	2026.06	0.00	0
goods	2025-10	1095	1	1418.00	0.00	0
goods	2025-10	1145	1	1817.00	0.00	0
goods	2025-10	115	1	408.94	0.00	0
goods	2025-10	1186	1	1760.00	0.00	0
goods	2025-10	1190	2	1327.00	0.00	0
goods	2025-10	1191	1	714.00	0.00	0
goods	2025-10	1193	1	1125.00	248.41	1
goods	2025-10	1218	1	1890.00	0.00	0
goods	2025-10	1255	1	1650.00	0.00	0
goods	2025-10	1272	1	1300.00	0.00	0
goods	2025-10	128	1	425.96	0.00	0
goods	2025-10	1295	1	808.60	0.00	0
goods	2025-10	1306	1	2450.00	0.00	0
goods	2025-10	13218	1	890.00	0.00	0
goods	2025-10	1330	1	599.00	308.00	1
goods	2025-10	1341	1	1578.00	0.00	0
goods	2025-10	1346	1	828.00	0.00	0
goods	2025-10	1350	1	450.00	0.00	0
goods	2025-10	1391	1	1045.00	0.00	0
goods	2025-10	1405	1	1990.00	0.00	0
goods	2025-10	1406	2	4540.00	0.00	0
goods	2025-10	1407	1	1199.16	0.00	0
goods	2025-10	1435	2	861.00	0.00	0
goods	2025-10	1442	1	800.00	70.75	1
goods	2025-10	1453	2	2312.24	0.00	0
goods	2025-10	1470	1	936.20	0.00	0
goods	2025-10	1471	2	2502.99	0.00	0
goods	2025-10	1472	2	1109.70	0.00	0
goods	2025-10	1473	2	1488.00	71.00	1
goods	2025-10	1476	1	2190.00	0.00	0
goods	2025-10	1484	1	1650.00	0.00	0
goods	2025-10	1485	1	1794.26	0.00	0
goods	2025-10	1488	1	210.00	0.00	0
goods	2025-10	1511	1	598.41	0.00	0
goods	2025-10	1512	2	1945.24	0.00	0
goods	2025-10	1513	4	5360.00	0.00	0
goods	2025-10	1514	1	1392.00	0.00	0
goods	2025-10	1515	1	1706.00	0.00	0
goods	2025-10	1517	1	580.00	0.00	0
goods	2025-10	1521	1	1560.00	0.00	0
goods	2025-10	1522	1	1550.00	0.00	0
goods	2025-10	1523	1	800.00	0.00	0
goods	2025-10	1530	1	1470.00	0.00	0
goods	2025-10	1545	2	2139.00	271.00	1
goods	2025-10	1595	1	560.00	0.00	0
goods	2025-10	1597	1	1426.00	0.00	0
goods	2025-10	1601	1	573.00	0.00	0
goods	2025-10	2026	2	1716.00	790.00	1
goods	2025-10	2027	1	446.00	0.00	0
goods	2025-10	229	1	820.00	0.00	0
goods	2025-10	242	1	1060.00	0.00	0
goods	2025-10	2489	66	81781.15	8291.04	8
goods	2025-10	265	7	7354.00	0.00	0
goods	2025-10	271	3	3797.00	0.00	0
goods	2025-10	275	1	1415.00	0.00	0
goods	2025-10	279	1	459.72	0.00	0
goods	2025-10	319	1	470.00	0.00	0
goods	2025-10	341	2	2685.00	894.00	2
goods	2025-10	351	4	4460.03	93.00	1
goods	2025-10	355	2	862.00	83.72	1
goods	2025-10	374	1	3318.00	0.00	0
goods	2025-10	40492	1	247.00	0.00	0
goods	2025-10	41197	1	487.00	0.00	0
goods	2025-10	413	1	987.39	0.00	0
goods	2025-10	426	1	869.23	0.00	0
goods	2025-10	427	1	1120.00	0.00	0
goods	2025-10	432	1	2630.00	1910.00	1
goods	2025-10	433	1	1869.00	0.00	0
goods	2025-10	434	1	1959.71	0.00	0
goods	2025-10	435	1	2370.00	1693.56	1
goods	2025-10	440	1	526.00	0.00	0
goods	2025-10	490	1	878.00	0.00	0
goods	2025-10	570	1	1309.58	0.00	0
goods	2025-10	583	1	1983.00	0.00	0
goods	2025-10	606	1	1163.99	0.00	0
goods	2025-10	640	1	1690.00	0.00	0
goods	2025-10	669	2	2067.00	0.00	0
goods	2025-10	681	1	1521.00	280.00	1
goods	2025-10	682	1	2050.00	0.00	0
goods	2025-10	692	1	1790.00	0.00	0
goods	2025-10	696	1	1445.76	0.00	0
goods	2025-10	747	2	1225.36	244.36	1
goods	2025-10	748	1	450.00	0.00	0
goods	2025-10	749	1	850.00	258.00	1
goods	2025-10	773	1	1190.00	0.00	0
goods	2025-10	774	1	1330.00	0.00	0
goods	2025-10	795	1	368.00	0.00	0
goods	2025-10	798	1	420.00	0.00	0
goods	2025-10	826	1	1030.00	0.00	0
goods	2025-10	843	1	1220.00	0.00	0
goods	2025-10	844	1	1050.00	0.00	0
goods	2025-10	881	1	2886.00	0.00	0
goods	2025-10	883	1	5590.00	0.00	0
goods	2025-10	895	1	850.00	0.00	0
goods	2025-10	910	1	738.00	0.00	0
goods	2025-10	916	1	793.00	0.00	0
goods	2025-10	927	1	720.00	0.00	0
goods	2025-10	954	1	677.00	600.00	1
goods	2025-10	989	1	1450.00	0.00	0
goods	2025-10	991	2	860.00	0.00	0
goods	2025-10	994	1	315.44	186.22	1
goods	2025-11	1000	1	2551.00	263.00	1
goods	2025-11	1007	2	1821.93	92.00	1
goods	2025-11	1008	1	1039.00	96.00	1
goods	2025-11	1009	2	2140.00	188.62	2
goods	2025-11	1010	2	3959.66	363.61	2
goods	2025-11	1022	1	298.00	0.00	0
goods	2025-11	1066	1	2130.00	203.00	1
goods	2025-11	1067	1	2152.00	0.00	0
goods	2025-11	1086	3	3370.00	969.75	3
goods	2025-11	115	1	280.00	0.00	0
goods	2025-11	116	2	1090.00	553.00	2
goods	2025-11	117	1	278.00	0.00	0
goods	2025-11	1180	1	1820.00	164.00	1
goods	2025-11	1185	1	1968.24	1421.24	1
goods	2025-11	1191	3	2725.05	171.19	2
goods	2025-11	1192	1	750.00	70.00	1
goods	2025-11	1193	1	682.00	66.00	1
goods	2025-11	125	1	170.00	145.00	1
goods	2025-11	1272	1	1300.00	128.00	1
goods	2025-11	1273	3	2013.00	299.00	2
goods	2025-11	1276	1	445.00	44.00	1
goods	2025-11	128	1	600.00	0.00	0
goods	2025-11	1293	1	470.00	46.00	1
goods	2025-11	1315	1	1192.00	595.00	1
goods	2025-11	1316	2	2237.00	114.00	1
goods	2025-11	1339	2	2597.80	1126.00	2
goods	2025-11	1340	1	1654.16	0.00	0
goods	2025-11	1356	1	350.00	63.66	1
goods	2025-11	1379	1	1520.00	150.00	1
goods	2025-11	138	1	1100.00	108.00	1
goods	2025-11	1382	2	2311.00	255.16	2
goods	2025-11	1386	1	3075.52	605.78	1
goods	2025-11	1389	2	1966.00	769.00	2
goods	2025-11	1390	1	970.00	88.00	1
goods	2025-11	1391	2	1914.67	96.33	1
goods	2025-11	1397	1	3660.00	3290.00	1
goods	2025-11	1403	1	1396.00	134.03	1
goods	2025-11	1405	1	1790.15	196.46	1
goods	2025-11	1406	1	2280.00	220.00	1
goods	2025-11	1407	2	2756.00	955.00	1
goods	2025-11	1435	1	320.00	36.00	1
goods	2025-11	1442	1	274.00	0.00	0
goods	2025-11	1445	1	1950.00	0.00	0
goods	2025-11	1453	1	1696.00	0.00	0
goods	2025-11	1467	2	1530.00	145.00	2
goods	2025-11	1470	1	999.00	0.00	0
goods	2025-11	1471	1	1360.00	1006.61	1
goods	2025-11	1472	3	1377.43	586.00	2
goods	2025-11	1473	3	2007.00	213.00	2
goods	2025-11	1476	1	1860.97	170.97	1
goods	2025-11	1477	1	2035.00	170.00	1
goods	2025-11	1480	1	188.02	0.00	0
goods	2025-11	1504	1	1150.00	402.00	1
goods	2025-11	1511	2	1106.00	0.00	0
goods	2025-11	1512	2	1959.52	872.52	1
goods	2025-11	1513	1	1878.36	0.00	0
goods	2025-11	1514	1	1328.56	280.00	1
goods	2025-11	1515	2	4066.00	0.00	0
goods	2025-11	1521	1	3050.00	300.00	1
goods	2025-11	1523	1	1520.00	151.00	1
goods	2025-11	1528	1	1790.00	1350.00	1
goods	2025-11	1532	1	2370.00	230.00	1
goods	2025-11	1536	1	1043.00	326.66	1
goods	2025-11	1545	4	4014.00	1980.00	4
goods	2025-11	1549	3	2758.68	1636.47	3
goods	2025-11	1567	1	328.00	23.00	1
goods	2025-11	1576	1	2420.00	717.78	1
goods	2025-11	1594	4	2696.97	565.00	4
goods	2025-11	1595	3	820.00	0.00	0
goods	2025-11	1597	1	1520.00	150.00	1
goods	2025-11	1610	1	500.00	0.00	0
goods	2025-11	1611	1	340.00	33.00	1
goods	2025-11	1613	1	2209.00	0.00	0
goods	2025-11	1620	3	1915.00	190.00	3
goods	2025-11	1650	1	480.00	262.77	1
goods	2025-11	1658	1	3240.00	3000.00	1
goods	2025-11	1659	1	2420.00	0.00	0
goods	2025-11	1661	1	1390.00	100.00	1
goods	2025-11	1663	1	1306.38	708.00	1
goods	2025-11	1677	1	3420.00	1320.00	1
goods	2025-11	1679	1	2479.66	243.61	1
goods	2025-11	1737	1	920.00	760.00	1
goods	2025-11	1795	1	445.00	0.00	0
goods	2025-11	194	1	135.00	0.00	0
goods	2025-11	2007	1	1390.00	0.00	0
goods	2025-11	2025	1	549.00	54.00	1
goods	2025-11	2026	1	845.08	83.00	1
goods	2025-11	2042	3	4838.28	1390.00	1
goods	2025-11	205	1	461.00	46.00	1
goods	2025-11	241	2	1634.44	79.61	1
goods	2025-11	242	1	1004.53	579.53	1
goods	2025-11	243	1	1378.44	620.00	1
goods	2025-11	244	1	2150.00	0.00	0
goods	2025-11	2489	73	93204.54	18065.00	49
goods	2025-11	2509	1	1110.00	0.00	0
goods	2025-11	252	2	2915.00	141.00	1
goods	2025-11	259	1	1780.00	170.00	1
goods	2025-11	265	6	7716.23	2193.84	5
goods	2025-11	267	4	5209.00	281.00	2
goods	2025-11	271	3	5032.27	1885.27	2
goods	2025-11	295	1	915.00	90.00	1
goods	2025-11	309	1	511.00	50.00	1
goods	2025-11	335	1	2337.00	232.00	1
goods	2025-11	336	1	2010.00	195.00	1
goods	2025-11	341	2	2646.00	284.80	2
goods	2025-11	346	1	700.00	63.00	1
goods	2025-11	355	2	873.00	35.00	1
goods	2025-11	357	1	1640.00	0.00	0
goods	2025-11	358	2	1556.00	169.00	2
goods	2025-11	374	1	3468.29	336.41	1
goods	2025-11	392	2	2506.21	1444.13	2
goods	2025-11	393	1	668.00	0.00	0
goods	2025-11	394	1	1070.00	105.00	1
goods	2025-11	397	1	2770.00	750.00	1
goods	2025-11	39934	1	1570.00	142.00	1
goods	2025-11	404	1	2895.40	569.78	1
goods	2025-11	41197	1	450.00	0.00	0
goods	2025-11	416	1	1467.95	992.50	1
goods	2025-11	422	1	3308.00	342.00	1
goods	2025-11	426	2	2189.00	100.00	1
goods	2025-11	427	1	978.00	97.00	1
goods	2025-11	433	3	5214.00	1900.00	2
goods	2025-11	434	2	3920.00	724.43	2
goods	2025-11	435	1	2091.88	219.51	1
goods	2025-11	437	1	2648.00	263.00	1
goods	2025-11	444	1	2970.00	0.00	0
goods	2025-11	456	1	533.00	0.00	0
goods	2025-11	458	1	421.00	119.00	1
goods	2025-11	460	1	430.00	42.00	1
goods	2025-11	463	1	2670.00	0.00	0
goods	2025-11	468	1	327.85	30.42	1
goods	2025-11	481	1	729.40	363.60	1
goods	2025-11	488	1	491.00	0.00	0
goods	2025-11	500	1	840.00	0.00	0
goods	2025-11	507	1	615.00	0.00	0
goods	2025-11	519	1	400.00	39.00	1
goods	2025-11	530	1	870.00	85.00	1
goods	2025-11	531	1	978.00	98.00	1
goods	2025-11	537	2	2068.00	0.00	0
goods	2025-11	600	1	450.00	43.00	1
goods	2025-11	680	3	3914.25	923.55	2
goods	2025-11	682	2	3098.54	1525.27	2
goods	2025-11	683	1	1690.00	760.00	1
goods	2025-11	684	1	1050.00	72.00	1
goods	2025-11	685	2	2314.83	1168.43	2
goods	2025-11	686	2	4299.11	420.66	2
goods	2025-11	693	1	1414.82	140.41	1
goods	2025-11	739	1	1470.00	1200.00	1
goods	2025-11	747	1	920.00	90.00	1
goods	2025-11	772	2	1528.66	144.33	2
goods	2025-11	785	1	5383.00	0.00	0
goods	2025-11	792	1	670.28	77.76	1
goods	2025-11	798	1	414.00	41.00	1
goods	2025-11	843	1	1250.00	0.00	0
goods	2025-11	848	1	1122.92	440.00	1
goods	2025-11	861	1	520.00	423.00	1
goods	2025-11	866	2	1580.37	774.37	2
goods	2025-11	867	1	2750.00	270.00	1
goods	2025-11	883	1	5103.00	0.00	0
goods	2025-11	889	1	398.00	299.00	1
goods	2025-11	894	1	1139.00	154.53	1
goods	2025-11	895	3	2590.00	163.00	2
goods	2025-11	897	1	1546.16	152.77	1
goods	2025-11	902	1	1450.00	135.00	1
goods	2025-11	910	1	667.87	77.99	1
goods	2025-11	916	6	3918.20	185.41	3
goods	2025-11	921	1	759.28	98.73	1
goods	2025-11	927	2	1792.98	710.98	2
goods	2025-11	932	1	478.50	0.00	0
goods	2025-11	989	1	1470.00	1196.00	1
goods	2025-11	991	4	1946.41	517.47	2
goods	2025-12	1008	1	1134.00	0.00	0
goods	2025-12	1009	3	4689.52	1649.66	3
goods	2025-12	1010	1	1260.00	0.00	0
goods	2025-12	1011	1	1690.00	1502.04	1
goods	2025-12	1014	1	534.00	0.00	0
goods	2025-12	1027	1	586.00	116.00	1
goods	2025-12	1043	1	657.06	129.58	1
goods	2025-12	1054	4	2959.00	356.00	3
goods	2025-12	1055	4	5310.00	1570.00	4
goods	2025-12	1056	2	8106.44	1977.75	2
goods	2025-12	1058	1	529.00	110.00	1
goods	2025-12	1059	2	1677.00	245.00	2
goods	2025-12	1063	3	4345.00	1067.00	3
goods	2025-12	1076	1	2639.00	515.00	1
goods	2025-12	108	1	363.00	86.00	1
goods	2025-12	1087	2	2040.00	400.00	2
goods	2025-12	1091	1	793.00	171.00	1
goods	2025-12	1095	1	1590.00	320.00	1
goods	2025-12	110	2	607.72	268.72	1
goods	2025-12	1102	1	885.00	190.00	1
goods	2025-12	1111	1	1420.00	750.00	1
goods	2025-12	115	4	1395.61	106.00	2
goods	2025-12	1151	2	719.00	69.00	1
goods	2025-12	1156	1	430.00	0.00	0
goods	2025-12	1184	1	370.00	70.00	1
goods	2025-12	1185	1	1987.00	189.00	1
goods	2025-12	1190	6	3982.00	526.00	5
goods	2025-12	1191	6	4202.02	623.51	4
goods	2025-12	1193	3	2217.50	582.50	2
goods	2025-12	1210	1	1296.80	272.00	1
goods	2025-12	1216	2	4971.69	468.23	2
goods	2025-12	1239	1	2791.00	2029.00	1
goods	2025-12	1243	1	490.00	120.00	1
goods	2025-12	1245	1	1782.89	1200.89	1
goods	2025-12	1246	1	3129.00	608.00	1
goods	2025-12	1247	2	1801.00	974.00	2
goods	2025-12	125	2	1110.00	490.00	1
goods	2025-12	1271	1	670.00	160.00	1
goods	2025-12	1272	1	2040.00	200.00	1
goods	2025-12	1273	1	640.00	0.00	0
goods	2025-12	1274	1	448.00	256.00	1
goods	2025-12	1276	1	488.06	93.03	1
goods	2025-12	1294	1	1509.29	1199.29	1
goods	2025-12	1296	1	1011.49	319.37	1
goods	2025-12	130	1	740.00	73.00	1
goods	2025-12	13218	1	880.00	166.00	1
goods	2025-12	1334	1	1040.00	721.00	1
goods	2025-12	1336	1	3350.00	100.00	1
goods	2025-12	1339	1	692.21	554.21	1
goods	2025-12	1342	1	1536.30	322.30	1
goods	2025-12	1346	1	888.00	174.00	1
goods	2025-12	1361	2	4910.00	1100.00	1
goods	2025-12	137	1	320.00	62.00	1
goods	2025-12	1372	1	2300.00	228.00	1
goods	2025-12	1373	1	2512.32	539.29	1
goods	2025-12	1386	1	3100.00	558.00	1
goods	2025-12	1389	4	4902.09	1218.69	4
goods	2025-12	1390	2	1510.00	400.00	1
goods	2025-12	1391	1	1780.00	352.00	1
goods	2025-12	1392	1	1197.92	229.73	1
goods	2025-12	1398	1	1490.00	1200.00	1
goods	2025-12	1399	1	2060.00	400.00	1
goods	2025-12	1400	1	3139.00	600.00	1
goods	2025-12	1401	1	634.00	61.00	1
goods	2025-12	1405	3	5361.20	730.06	3
goods	2025-12	1407	5	6867.70	2045.75	5
goods	2025-12	1410	1	1338.00	124.00	1
goods	2025-12	1435	2	625.00	44.00	1
goods	2025-12	1440	1	290.00	0.00	0
goods	2025-12	1447	1	2100.00	410.00	1
goods	2025-12	1454	1	1377.00	416.00	1
goods	2025-12	1463	1	269.00	58.00	1
goods	2025-12	1467	3	2604.00	280.00	3
goods	2025-12	1470	2	1420.00	500.00	2
goods	2025-12	1471	1	2168.00	415.00	1
goods	2025-12	1472	7	4144.00	1073.00	5
goods	2025-12	1473	4	3050.60	1168.20	3
goods	2025-12	1477	1	1923.00	217.00	1
goods	2025-12	1483	1	431.00	0.00	0
goods	2025-12	1484	1	1645.00	0.00	0
goods	2025-12	1505	1	1595.42	320.00	1
goods	2025-12	1511	1	699.73	0.00	0
goods	2025-12	1512	2	1853.00	456.00	2
goods	2025-12	1513	1	1235.00	270.00	1
goods	2025-12	1515	2	4324.00	834.00	2
goods	2025-12	1518	1	510.00	50.00	1
goods	2025-12	1520	1	326.00	0.00	0
goods	2025-12	1521	3	5044.00	1642.00	3
goods	2025-12	1522	2	2857.60	457.72	2
goods	2025-12	1528	2	3267.27	508.74	2
goods	2025-12	1530	1	1440.47	357.83	1
goods	2025-12	1534	1	10720.00	1944.00	1
goods	2025-12	1535	1	1578.85	339.46	1
goods	2025-12	1536	1	1476.00	344.00	1
goods	2025-12	1539	1	1800.00	1490.00	1
goods	2025-12	1541	1	310.00	60.00	1
goods	2025-12	1544	2	2876.83	987.31	2
goods	2025-12	1545	10	11885.34	5528.67	10
goods	2025-12	1546	1	1970.00	1372.00	1
goods	2025-12	1549	2	3597.00	699.00	2
goods	2025-12	1557	1	1251.00	299.00	1
goods	2025-12	156	1	340.00	33.00	1
goods	2025-12	1566	1	390.00	0.00	0
goods	2025-12	1568	1	614.98	60.66	1
goods	2025-12	1587	1	852.57	162.57	1
goods	2025-12	1590	1	560.00	110.00	1
goods	2025-12	1594	4	3294.00	1319.00	4
goods	2025-12	1595	3	813.07	173.07	3
goods	2025-12	1597	1	1688.00	0.00	0
goods	2025-12	1601	2	1150.00	386.00	2
goods	2025-12	1609	1	733.25	139.73	1
goods	2025-12	1613	2	1829.35	367.87	2
goods	2025-12	1638	1	728.73	144.00	1
goods	2025-12	1644	2	3180.00	1712.00	2
goods	2025-12	1646	1	877.80	193.46	1
goods	2025-12	1650	1	442.00	96.00	1
goods	2025-12	1659	1	2440.00	480.00	1
goods	2025-12	1662	5	9537.00	3518.00	4
goods	2025-12	1663	4	6500.00	2420.00	4
goods	2025-12	1668	2	3965.52	962.13	2
goods	2025-12	1669	2	5796.74	2979.14	2
goods	2025-12	1673	2	3399.00	1529.00	2
goods	2025-12	1674	2	3264.75	2521.75	2
goods	2025-12	1679	2	5780.00	2700.00	1
goods	2025-12	1712	1	430.00	0.00	0
goods	2025-12	1726	1	640.00	262.00	1
goods	2025-12	1737	1	417.00	0.00	0
goods	2025-12	1742	1	670.00	132.00	1
goods	2025-12	1771	1	370.00	36.00	1
goods	2025-12	1783	1	450.00	44.00	1
goods	2025-12	1791	2	2570.00	0.00	0
goods	2025-12	1794	1	416.00	78.00	1
goods	2025-12	1795	1	640.00	248.00	1
goods	2025-12	1796	3	1283.48	172.87	3
goods	2025-12	1798	1	773.00	680.00	1
goods	2025-12	1802	1	2280.00	1250.00	1
goods	2025-12	1806	1	1762.00	350.00	1
goods	2025-12	1859	1	1245.36	251.96	1
goods	2025-12	1861	2	1307.88	619.96	2
goods	2025-12	1862	1	441.00	91.00	1
goods	2025-12	1905	1	369.84	0.00	0
goods	2025-12	1911	4	1379.12	301.92	4
goods	2025-12	1912	1	480.00	0.00	0
goods	2025-12	1914	3	3548.00	1676.00	3
goods	2025-12	1920	2	5558.08	1061.00	2
goods	2025-12	1921	1	3195.95	1794.61	1
goods	2025-12	1923	1	2014.02	199.86	1
goods	2025-12	1933	1	298.00	111.00	1
goods	2025-12	1935	1	2499.00	524.00	1
goods	2025-12	1940	2	2260.00	557.00	2
goods	2025-12	1942	1	2140.00	460.00	1
goods	2025-12	1943	2	2859.00	2514.00	2
goods	2025-12	1979	1	1680.00	334.00	1
goods	2025-12	1995	2	3283.77	644.44	2
goods	2025-12	2004	1	1360.00	268.00	1
goods	2025-12	2008	1	1070.00	106.00	1
goods	2025-12	2015	1	1157.92	233.26	1
goods	2025-12	212	1	1050.00	200.00	1
goods	2025-12	223	3	2761.48	380.74	2
goods	2025-12	224	2	1970.84	887.84	2
goods	2025-12	230	1	169.00	32.00	1
goods	2025-12	232	1	863.00	87.00	1
goods	2025-12	233	2	1629.00	262.00	2
goods	2025-12	240	1	710.00	61.00	1
goods	2025-12	241	1	850.00	168.00	1
goods	2025-12	242	1	1091.00	235.00	1
goods	2025-12	247	1	1720.00	324.00	1
goods	2025-12	2489	55	69434.08	20886.42	42
goods	2025-12	249	1	808.00	0.00	0
goods	2025-12	2509	1	1430.00	286.00	1
goods	2025-12	252	3	5366.59	1376.59	3
goods	2025-12	253	2	2971.00	590.00	2
goods	2025-12	259	2	3310.94	696.47	2
goods	2025-12	261	2	2880.00	1800.00	2
goods	2025-12	265	3	3630.00	838.00	3
goods	2025-12	266	1	570.87	455.87	1
goods	2025-12	267	5	5912.00	1176.62	5
goods	2025-12	271	2	2587.00	225.00	1
goods	2025-12	275	3	2860.14	760.00	2
goods	2025-12	282	1	383.00	0.00	0
goods	2025-12	298	1	858.20	94.55	1
goods	2025-12	308	1	660.00	130.00	1
goods	2025-12	309	1	550.00	0.00	0
goods	2025-12	311	3	2054.02	479.00	3
goods	2025-12	312	2	1905.00	280.00	2
goods	2025-12	335	1	1754.86	1560.86	1
goods	2025-12	339	1	1315.00	290.00	1
goods	2025-12	342	2	2800.48	599.12	2
goods	2025-12	344	1	2084.21	1181.24	1
goods	2025-12	346	1	390.00	259.00	1
goods	2025-12	349	1	1320.00	280.00	1
goods	2025-12	351	3	3048.50	1621.25	3
goods	2025-12	355	2	964.28	314.28	1
goods	2025-12	356	1	560.00	0.00	0
goods	2025-12	367	2	2420.00	495.00	2
goods	2025-12	382	1	238.50	0.00	0
goods	2025-12	392	1	1260.00	560.00	1
goods	2025-12	394	3	2917.40	339.80	2
goods	2025-12	40492	1	257.00	25.00	1
goods	2025-12	40894	1	414.00	88.00	1
goods	2025-12	413	1	787.98	180.58	1
goods	2025-12	414	1	990.00	855.00	1
goods	2025-12	41456	1	214.00	0.00	0
goods	2025-12	415	1	1200.00	220.00	1
goods	2025-12	416	1	1480.00	1400.00	1
goods	2025-12	425	2	3360.00	1098.00	1
goods	2025-12	426	1	1050.00	103.00	1
goods	2025-12	431	1	460.00	345.00	1
goods	2025-12	433	3	5252.00	711.00	3
goods	2025-12	434	3	6473.36	1242.15	3
goods	2025-12	435	2	4575.00	946.00	2
goods	2025-12	437	1	2670.00	580.00	1
goods	2025-12	440	1	600.00	59.00	1
goods	2025-12	441	1	1973.00	434.00	1
goods	2025-12	443	2	1510.00	363.00	2
goods	2025-12	444	2	5730.00	1214.00	2
goods	2025-12	456	1	590.00	513.00	1
goods	2025-12	459	1	2250.00	0.00	0
goods	2025-12	463	2	3192.00	610.00	2
goods	2025-12	471	1	320.00	93.00	1
goods	2025-12	488	1	556.00	0.00	0
goods	2025-12	501	1	881.00	174.00	1
goods	2025-12	507	1	670.00	130.00	1
goods	2025-12	522	1	1721.05	205.05	1
goods	2025-12	531	1	987.00	194.00	1
goods	2025-12	533	1	590.00	57.00	1
goods	2025-12	537	4	4477.00	1442.58	4
goods	2025-12	585	1	1820.00	0.00	0
goods	2025-12	587	1	950.60	199.20	1
goods	2025-12	649	3	5030.00	3600.00	3
goods	2025-12	661	1	1090.00	208.00	1
goods	2025-12	668	2	1815.00	166.00	2
goods	2025-12	673	1	1780.00	1600.00	1
goods	2025-12	680	1	2240.00	498.10	1
goods	2025-12	681	1	1600.00	450.00	1
goods	2025-12	682	2	2600.00	662.00	2
goods	2025-12	684	4	4146.84	1313.96	4
goods	2025-12	685	1	1181.00	228.00	1
goods	2025-12	686	1	2024.00	210.00	1
goods	2025-12	687	1	2170.00	420.00	1
goods	2025-12	690	1	805.00	644.00	1
goods	2025-12	696	2	3140.00	640.00	2
goods	2025-12	721	1	1963.66	1506.66	1
goods	2025-12	726	1	963.00	252.00	1
goods	2025-12	739	1	1620.00	320.00	1
goods	2025-12	748	1	440.00	43.00	1
goods	2025-12	749	1	790.00	144.00	1
goods	2025-12	770	1	1420.00	137.00	1
goods	2025-12	772	1	820.00	160.00	1
goods	2025-12	773	1	1148.30	229.40	1
goods	2025-12	774	1	2270.00	225.00	1
goods	2025-12	781	2	2630.00	2490.00	2
goods	2025-12	783	3	4803.16	1477.16	3
goods	2025-12	784	1	1870.00	172.00	1
goods	2025-12	789	1	244.48	61.06	1
goods	2025-12	792	1	850.00	168.00	1
goods	2025-12	798	2	1596.00	681.01	2
goods	2025-12	800	1	470.00	42.00	1
goods	2025-12	808	1	1728.25	1057.75	1
goods	2025-12	816	3	4484.00	1851.00	3
goods	2025-12	817	1	1570.00	1560.00	1
goods	2025-12	819	1	2820.00	1974.00	1
goods	2025-12	826	1	1110.00	220.00	1
goods	2025-12	833	1	2080.00	207.00	1
goods	2025-12	836	1	2150.00	420.00	1
goods	2025-12	843	3	4490.00	454.00	2
goods	2025-12	844	1	621.00	415.00	1
goods	2025-12	859	4	2196.58	1296.20	3
goods	2025-12	860	1	674.40	0.00	0
goods	2025-12	861	1	540.00	106.00	1
goods	2025-12	862	2	1260.00	114.00	1
goods	2025-12	866	2	2837.00	264.00	1
goods	2025-12	867	1	2348.00	1827.00	1
goods	2025-12	868	1	3950.00	3650.00	1
goods	2025-12	876	3	2838.59	1101.56	3
goods	2025-12	884	2	1884.00	1000.00	2
goods	2025-12	886	1	1480.00	290.00	1
goods	2025-12	891	2	2149.00	161.00	1
goods	2025-12	895	1	859.00	420.00	1
goods	2025-12	897	3	4260.00	1714.00	3
goods	2025-12	902	2	2879.00	554.00	2
goods	2025-12	906	1	1890.00	1880.00	1
goods	2025-12	916	1	1160.00	230.00	1
goods	2025-12	921	1	938.00	175.00	1
goods	2025-12	927	1	734.00	156.00	1
goods	2025-12	928	1	1257.00	250.00	1
goods	2025-12	942	1	2604.00	487.93	1
goods	2025-12	954	1	804.16	159.29	1
goods	2025-12	958	2	1408.00	298.00	2
goods	2025-12	977	1	1050.00	309.00	1
goods	2025-12	991	7	4107.28	775.28	7
goods	2026-01	1007	1	801.00	259.00	1
goods	2026-01	1008	5	5041.47	1005.03	5
goods	2026-01	1010	1	1525.00	825.00	1
goods	2026-01	1026	2	1410.00	1060.00	2
goods	2026-01	1052	1	1320.00	260.00	1
goods	2026-01	1054	2	1685.00	676.00	2
goods	2026-01	1063	6	6920.10	1878.82	6
goods	2026-01	108	1	418.12	121.78	1
goods	2026-01	1087	2	2014.00	1210.00	2
goods	2026-01	1089	1	1090.00	212.00	1
goods	2026-01	1147	1	3870.00	3393.00	1
goods	2026-01	1151	1	559.00	158.00	1
goods	2026-01	1152	2	626.00	149.00	2
goods	2026-01	1157	1	890.00	264.00	1
goods	2026-01	116	1	335.00	62.00	1
goods	2026-01	119	1	340.00	0.00	0
goods	2026-01	1190	7	5300.05	1457.25	6
goods	2026-01	1191	6	4175.54	1038.54	5
goods	2026-01	1192	2	1460.00	0.00	0
goods	2026-01	1193	4	2617.00	797.00	3
goods	2026-01	1204	1	250.00	0.00	0
goods	2026-01	1210	1	1291.67	419.89	1
goods	2026-01	1214	1	3150.00	930.00	1
goods	2026-01	1239	1	2080.00	400.00	1
goods	2026-01	1245	2	5390.00	1585.86	2
goods	2026-01	1249	1	1110.00	1050.00	1
goods	2026-01	1262	1	678.42	196.28	1
goods	2026-01	1273	1	632.09	185.09	1
goods	2026-01	1274	3	2186.00	513.00	2
goods	2026-01	1276	1	650.00	124.00	1
goods	2026-01	1279	3	5600.00	2397.00	3
goods	2026-01	128	1	460.00	0.00	0
goods	2026-01	1290	1	530.00	153.00	1
goods	2026-01	1291	1	360.00	70.00	1
goods	2026-01	1292	1	1619.00	470.00	1
goods	2026-01	1296	1	2601.51	854.93	1
goods	2026-01	130	1	440.00	0.00	0
goods	2026-01	1301	1	2660.00	780.00	1
goods	2026-01	1316	1	980.00	2.00	1
goods	2026-01	1339	1	1414.00	416.00	1
goods	2026-01	1341	1	1516.00	344.00	1
goods	2026-01	1346	2	1748.00	689.00	2
goods	2026-01	1355	1	77.74	13.74	1
goods	2026-01	1356	1	360.00	105.00	1
goods	2026-01	1358	1	808.00	285.00	1
goods	2026-01	1360	1	480.31	240.00	1
goods	2026-01	1365	1	240.00	0.00	0
goods	2026-01	137	1	320.00	0.00	0
goods	2026-01	1370	1	1690.00	320.00	1
goods	2026-01	1379	1	3126.27	932.20	1
goods	2026-01	1380	1	1570.00	0.00	0
goods	2026-01	1386	1	2890.00	815.00	1
goods	2026-01	1387	2	4047.16	1012.50	2
goods	2026-01	1388	1	3280.00	900.00	1
goods	2026-01	1389	1	2160.00	430.00	1
goods	2026-01	140	1	1931.00	1289.00	1
goods	2026-01	1403	1	1770.00	350.00	1
goods	2026-01	1407	1	1340.00	810.00	1
goods	2026-01	1440	1	195.00	0.00	0
goods	2026-01	1441	1	1090.00	324.00	1
goods	2026-01	1442	1	460.00	98.00	1
goods	2026-01	145	1	510.00	144.00	1
goods	2026-01	1453	2	2827.48	1194.54	2
goods	2026-01	1464	1	580.00	0.00	0
goods	2026-01	1467	3	2295.00	468.00	2
goods	2026-01	1468	1	1804.00	513.00	1
goods	2026-01	1470	2	2120.70	659.35	2
goods	2026-01	1472	1	610.00	180.00	1
goods	2026-01	1473	3	2965.00	885.00	3
goods	2026-01	1476	1	2100.00	1854.00	1
goods	2026-01	1478	2	5080.00	3000.00	2
goods	2026-01	1483	1	244.74	0.00	0
goods	2026-01	1484	1	2620.00	1760.00	1
goods	2026-01	1504	1	932.00	342.00	1
goods	2026-01	1511	1	569.00	122.00	1
goods	2026-01	1512	2	1915.90	693.62	2
goods	2026-01	1513	1	1360.00	405.00	1
goods	2026-01	1521	1	796.00	640.00	1
goods	2026-01	1523	3	2505.00	1040.00	2
goods	2026-01	1528	2	3630.00	1668.40	2
goods	2026-01	1531	1	1711.43	507.98	1
goods	2026-01	1535	1	1770.00	348.00	1
goods	2026-01	1539	1	1857.00	900.00	1
goods	2026-01	1541	1	500.00	0.00	0
goods	2026-01	1544	1	1265.00	465.00	1
goods	2026-01	1545	5	5951.40	2432.00	3
goods	2026-01	1546	1	1850.00	340.00	1
goods	2026-01	1547	1	1610.00	0.00	0
goods	2026-01	1549	4	4406.98	1664.62	4
goods	2026-01	1551	1	2060.00	2000.00	1
goods	2026-01	1554	1	2350.00	750.00	1
goods	2026-01	156	3	1020.00	99.00	1
goods	2026-01	1563	1	248.00	90.00	1
goods	2026-01	1566	3	1534.00	799.00	3
goods	2026-01	1567	1	140.00	0.00	0
goods	2026-01	1576	1	1620.00	320.00	1
goods	2026-01	1584	1	350.00	102.00	1
goods	2026-01	159	1	520.00	150.00	1
goods	2026-01	1594	8	7025.00	1930.00	6
goods	2026-01	1595	15	4570.10	1265.88	7
goods	2026-01	1600	1	875.00	700.00	1
goods	2026-01	1624	1	290.00	0.00	0
goods	2026-01	1639	1	690.00	610.00	1
goods	2026-01	1640	1	940.00	309.00	1
goods	2026-01	1645	1	1330.00	650.00	1
goods	2026-01	1646	1	990.00	291.00	1
goods	2026-01	1652	4	2434.00	413.00	3
goods	2026-01	1659	1	2430.00	720.00	1
goods	2026-01	1661	3	4161.67	1113.89	3
goods	2026-01	1662	3	4510.00	1328.00	3
goods	2026-01	1663	1	1570.00	1530.00	1
goods	2026-01	1667	1	2300.00	2200.00	1
goods	2026-01	1668	3	5299.00	3188.00	3
goods	2026-01	1672	3	7620.00	6403.00	3
goods	2026-01	1673	6	9153.94	5274.78	6
goods	2026-01	1678	1	4730.00	4400.00	1
goods	2026-01	171	2	11310.00	0.00	0
goods	2026-01	1726	1	329.00	65.00	1
goods	2026-01	1728	2	1940.00	522.00	2
goods	2026-01	1737	1	606.76	179.46	1
goods	2026-01	1742	3	2182.00	195.00	1
goods	2026-01	1757	1	667.00	146.00	1
goods	2026-01	1764	1	240.00	0.00	0
goods	2026-01	1769	1	310.00	90.00	1
goods	2026-01	1771	1	344.00	72.00	1
goods	2026-01	1773	1	1580.00	1137.24	1
goods	2026-01	1794	3	1717.00	477.00	3
goods	2026-01	1796	2	605.00	157.00	2
goods	2026-01	1797	2	947.78	319.78	1
goods	2026-01	1807	1	2780.00	1365.00	1
goods	2026-01	1856	1	471.00	192.00	1
goods	2026-01	1860	1	562.00	174.00	1
goods	2026-01	1861	3	2606.72	656.08	2
goods	2026-01	1862	1	431.00	85.00	1
goods	2026-01	1869	1	388.00	0.00	0
goods	2026-01	1873	1	530.00	350.00	1
goods	2026-01	1879	1	760.00	396.00	1
goods	2026-01	1893	1	177.00	78.00	1
goods	2026-01	1900	1	350.00	0.00	0
goods	2026-01	1911	1	257.82	115.41	1
goods	2026-01	1913	1	520.00	0.00	0
goods	2026-01	1915	1	2917.00	2184.00	1
goods	2026-01	1916	2	2803.76	1045.76	2
goods	2026-01	1923	1	2550.00	750.00	1
goods	2026-01	1927	1	708.00	80.00	1
goods	2026-01	1935	2	5518.38	3720.70	2
goods	2026-01	1938	3	969.75	281.35	3
goods	2026-01	1940	1	1160.00	228.00	1
goods	2026-01	1943	2	4603.00	1323.00	2
goods	2026-01	1975	1	722.00	216.00	1
goods	2026-01	1994	1	1560.00	465.00	1
goods	2026-01	1995	1	1467.62	0.00	0
goods	2026-01	2003	2	3870.00	380.00	1
goods	2026-01	2020	1	1233.00	696.00	1
goods	2026-01	2025	1	550.00	530.00	1
goods	2026-01	2026	1	892.00	172.00	1
goods	2026-01	2044	3	6324.27	2677.02	3
goods	2026-01	2045	2	1225.81	874.00	2
goods	2026-01	2046	1	1730.00	310.00	1
goods	2026-01	2048	1	1570.00	300.00	1
goods	2026-01	2050	2	2896.72	1084.18	2
goods	2026-01	2052	1	1440.00	420.00	1
goods	2026-01	2053	1	1885.00	615.00	1
goods	2026-01	2061	6	9531.12	1671.00	4
goods	2026-01	2125	7	3277.00	1304.00	6
goods	2026-01	216	1	250.00	0.00	0
goods	2026-01	224	1	1370.00	405.00	1
goods	2026-01	225	1	634.00	198.00	1
goods	2026-01	229	1	430.00	0.00	0
goods	2026-01	241	1	755.00	0.00	0
goods	2026-01	242	1	1090.00	100.00	1
goods	2026-01	2489	65	88636.71	38359.34	56
goods	2026-01	252	2	2670.60	1135.20	2
goods	2026-01	2570	3	6400.00	2321.96	2
goods	2026-01	265	4	4549.00	2472.75	4
goods	2026-01	271	5	7377.00	2965.00	5
goods	2026-01	299	1	851.60	41.20	1
goods	2026-01	305	1	1450.00	280.00	1
goods	2026-01	308	1	450.00	0.00	0
goods	2026-01	310	1	610.00	180.00	1
goods	2026-01	311	1	968.00	190.00	1
goods	2026-01	312	3	2867.05	783.05	3
goods	2026-01	340	1	1670.00	480.00	1
goods	2026-01	351	1	1065.00	315.00	1
goods	2026-01	356	1	570.00	112.00	1
goods	2026-01	360	1	260.00	0.00	0
goods	2026-01	369	1	2810.00	2379.00	1
goods	2026-01	373	1	3115.00	2380.00	1
goods	2026-01	375	1	3110.60	1127.72	1
goods	2026-01	386	1	380.00	70.00	1
goods	2026-01	392	3	3990.00	2210.00	3
goods	2026-01	394	1	1078.20	428.00	1
goods	2026-01	400	1	1750.00	345.00	1
goods	2026-01	40377	1	1540.00	450.00	1
goods	2026-01	40472	2	827.10	207.02	2
goods	2026-01	40473	4	5506.88	2488.22	4
goods	2026-01	40894	1	990.00	294.00	1
goods	2026-01	412	1	730.00	213.00	1
goods	2026-01	413	3	2977.12	964.52	3
goods	2026-01	425	2	2580.00	540.00	2
goods	2026-01	426	4	4208.00	588.00	3
goods	2026-01	427	2	2460.00	720.00	2
goods	2026-01	431	1	1210.00	236.99	1
goods	2026-01	434	2	4350.00	1296.00	2
goods	2026-01	435	1	2180.00	645.00	1
goods	2026-01	436	1	983.79	322.19	1
goods	2026-01	437	2	3892.91	1895.00	2
goods	2026-01	444	1	3860.00	1940.00	1
goods	2026-01	450	1	3000.00	1490.00	1
goods	2026-01	452	1	1034.91	828.91	1
goods	2026-01	456	1	630.00	420.00	1
goods	2026-01	463	3	6720.00	2759.00	3
goods	2026-01	485	1	250.00	0.00	0
goods	2026-01	501	1	910.00	650.00	1
goods	2026-01	521	1	4435.00	0.00	0
goods	2026-01	537	1	1150.00	220.00	1
goods	2026-01	572	1	2440.00	440.00	1
goods	2026-01	585	1	1500.70	283.94	1
goods	2026-01	606	1	869.56	353.51	1
goods	2026-01	608	1	1190.00	700.53	1
goods	2026-01	609	2	2087.03	608.31	2
goods	2026-01	649	5	7895.78	2520.03	4
goods	2026-01	654	3	5155.49	1420.49	1
goods	2026-01	660	1	1720.00	471.00	1
goods	2026-01	662	1	1010.00	200.00	1
goods	2026-01	681	1	1195.00	273.00	1
goods	2026-01	682	2	4170.00	2859.69	2
goods	2026-01	684	3	2978.15	908.23	3
goods	2026-01	685	2	2440.00	1410.00	2
goods	2026-01	686	1	2260.00	660.00	1
goods	2026-01	688	1	2840.00	550.00	1
goods	2026-01	696	2	6322.00	1925.00	2
goods	2026-01	727	1	1100.00	1080.00	1
goods	2026-01	739	1	1490.00	480.00	1
goods	2026-01	746	1	2734.58	1074.58	1
goods	2026-01	747	1	562.26	31.21	1
goods	2026-01	749	1	750.00	360.00	1
goods	2026-01	761	2	3138.18	774.09	2
goods	2026-01	766	1	969.24	379.67	1
goods	2026-01	771	1	462.00	112.00	1
goods	2026-01	776	1	4860.00	4360.00	1
goods	2026-01	783	1	1890.00	1288.00	1
goods	2026-01	798	1	450.00	88.00	1
goods	2026-01	800	2	808.00	63.00	1
goods	2026-01	808	1	1935.00	1520.00	1
goods	2026-01	814	1	770.00	168.00	1
goods	2026-01	816	1	1180.00	342.00	1
goods	2026-01	826	1	1110.00	330.00	1
goods	2026-01	843	7	8332.00	2460.00	7
goods	2026-01	852	1	678.00	0.00	0
goods	2026-01	862	1	580.00	171.00	1
goods	2026-01	866	5	8398.00	5894.00	5
goods	2026-01	872	1	514.00	128.00	1
goods	2026-01	876	2	1438.40	231.00	1
goods	2026-01	879	1	2206.00	648.00	1
goods	2026-01	883	2	3640.00	2000.00	2
goods	2026-01	884	7	7019.84	3131.92	6
goods	2026-01	886	1	1349.04	534.51	1
goods	2026-01	889	3	3849.55	1849.00	3
goods	2026-01	892	1	1640.00	800.00	1
goods	2026-01	895	1	860.00	320.00	1
goods	2026-01	900	1	1640.00	320.00	1
goods	2026-01	902	1	1437.00	426.00	1
goods	2026-01	908	1	2570.00	696.00	1
goods	2026-01	914	1	1250.00	244.00	1
goods	2026-01	916	3	2860.00	844.00	2
goods	2026-01	917	1	1010.00	330.00	1
goods	2026-01	930	1	560.00	106.00	1
goods	2026-01	957	1	460.00	334.00	1
goods	2026-01	988	1	1278.48	409.48	1
goods	2026-01	991	9	4362.55	1137.72	8
goods	2026-01	999	1	279.21	224.21	1
goods	2026-02	1007	1	944.24	284.62	1
goods	2026-02	1008	1	1070.00	308.00	1
goods	2026-02	1017	1	1130.00	550.00	1
goods	2026-02	1024	1	372.00	62.00	1
goods	2026-02	1026	2	859.16	535.79	2
goods	2026-02	1054	3	2250.00	1153.00	3
goods	2026-02	1060	1	1070.00	400.00	1
goods	2026-02	1066	1	2220.00	856.00	1
goods	2026-02	1086	3	2530.92	930.00	3
goods	2026-02	1087	2	2178.00	1191.00	2
goods	2026-02	1102	1	910.00	372.00	1
goods	2026-02	1152	1	366.00	142.00	1
goods	2026-02	1154	1	497.00	190.00	1
goods	2026-02	1158	1	1840.00	720.00	1
goods	2026-02	116	2	890.00	141.00	1
goods	2026-02	1184	1	270.00	105.00	1
goods	2026-02	1190	2	1936.51	971.51	2
goods	2026-02	1191	5	3818.78	1071.39	4
goods	2026-02	1192	3	2205.00	1094.00	3
goods	2026-02	1193	6	5064.80	1728.40	5
goods	2026-02	1231	1	387.78	64.23	1
goods	2026-02	1238	1	751.00	303.00	1
goods	2026-02	1239	1	2156.98	794.86	1
goods	2026-02	1240	1	3982.00	1544.00	1
goods	2026-02	1243	2	899.50	171.50	1
goods	2026-02	1244	2	5440.00	3740.00	2
goods	2026-02	1245	2	5136.00	2900.00	2
goods	2026-02	1246	1	1807.02	678.51	1
goods	2026-02	1251	1	1497.00	595.00	1
goods	2026-02	1261	1	1899.00	528.00	1
goods	2026-02	1272	1	1260.00	501.00	1
goods	2026-02	1275	1	600.00	171.00	1
goods	2026-02	1294	1	1010.00	871.00	1
goods	2026-02	1298	1	1150.00	565.00	1
goods	2026-02	1308	1	3010.00	2160.00	1
goods	2026-02	1316	1	927.00	371.00	1
goods	2026-02	1321	1	368.00	0.00	0
goods	2026-02	1342	1	1597.00	455.00	1
goods	2026-02	1368	1	350.00	137.00	1
goods	2026-02	1373	1	1831.00	718.00	1
goods	2026-02	138	1	420.00	205.00	1
goods	2026-02	1382	1	1535.00	612.00	1
goods	2026-02	1386	1	2900.00	1680.00	1
goods	2026-02	1391	2	2764.00	860.00	2
goods	2026-02	1392	1	1210.00	360.00	1
goods	2026-02	1400	1	3169.00	1204.00	1
goods	2026-02	1407	1	1374.00	402.00	1
goods	2026-02	1417	1	340.00	132.00	1
goods	2026-02	1454	1	2135.41	1045.41	1
goods	2026-02	1467	3	2793.00	960.00	3
goods	2026-02	1468	1	1890.00	0.00	0
goods	2026-02	1469	1	1450.00	0.00	0
goods	2026-02	1470	1	1020.00	360.00	1
goods	2026-02	1471	2	2970.00	1024.00	2
goods	2026-02	1472	4	3218.50	1986.22	4
goods	2026-02	1473	1	820.00	800.00	1
goods	2026-02	1475	2	3653.00	1303.00	2
goods	2026-02	1479	1	2700.00	990.00	1
goods	2026-02	1480	1	510.00	200.00	1
goods	2026-02	1481	1	409.99	160.00	1
goods	2026-02	1489	1	250.00	0.00	0
goods	2026-02	149	1	290.00	78.00	1
goods	2026-02	1503	1	1150.00	339.00	1
goods	2026-02	1504	1	1144.78	677.88	1
goods	2026-02	1512	1	1410.00	414.00	1
goods	2026-02	1514	3	6146.07	3917.07	3
goods	2026-02	1521	1	1290.00	375.00	1
goods	2026-02	1523	3	2400.00	880.00	3
goods	2026-02	1545	3	2872.00	975.00	2
goods	2026-02	1546	1	1850.00	1600.00	1
goods	2026-02	1566	1	564.00	0.00	0
goods	2026-02	1569	1	1350.00	500.00	1
goods	2026-02	1584	1	349.00	136.00	1
goods	2026-02	1594	1	869.00	0.00	0
goods	2026-02	1595	7	1924.70	428.70	5
goods	2026-02	1596	2	2196.00	1084.00	2
goods	2026-02	1601	3	1198.00	273.00	1
goods	2026-02	1644	1	1750.00	692.00	1
goods	2026-02	1659	2	4909.00	1705.00	2
goods	2026-02	1662	2	3579.00	1786.96	2
goods	2026-02	1663	3	4475.00	1256.00	2
goods	2026-02	1667	4	9917.52	4228.95	4
goods	2026-02	1668	2	4075.00	1612.00	2
goods	2026-02	1673	1	1550.00	900.00	1
goods	2026-02	1723	2	1191.00	362.00	2
goods	2026-02	1727	1	1559.93	648.00	1
goods	2026-02	1729	1	1531.70	1043.40	1
goods	2026-02	1737	1	770.00	750.00	1
goods	2026-02	1742	1	572.00	0.00	0
goods	2026-02	1771	1	530.00	500.00	1
goods	2026-02	1795	1	590.00	240.00	1
goods	2026-02	1804	1	241.00	0.00	0
goods	2026-02	1811	1	2316.20	919.24	1
goods	2026-02	1818	2	880.00	159.00	1
goods	2026-02	1849	1	440.00	0.00	0
goods	2026-02	1867	1	280.00	0.00	0
goods	2026-02	1892	1	970.00	0.00	0
goods	2026-02	1903	2	867.00	539.00	2
goods	2026-02	1911	2	2410.00	1800.00	1
goods	2026-02	1915	2	3380.00	2059.00	2
goods	2026-02	1920	1	2540.00	1000.00	1
goods	2026-02	1935	1	2412.00	1876.00	1
goods	2026-02	1975	1	1310.00	375.00	1
goods	2026-02	1976	1	720.00	280.00	1
goods	2026-02	1978	2	2476.20	544.00	1
goods	2026-02	198	1	630.00	249.00	1
goods	2026-02	1990	1	2700.00	1950.00	1
goods	2026-02	1993	1	1070.00	300.00	1
goods	2026-02	1994	1	1510.00	600.00	1
goods	2026-02	1995	1	788.82	599.82	1
goods	2026-02	2003	3	6840.00	2402.00	3
goods	2026-02	2004	1	1040.00	300.00	1
goods	2026-02	2006	3	4390.00	1120.00	2
goods	2026-02	2008	1	1050.00	350.00	1
goods	2026-02	2012	1	700.00	277.00	1
goods	2026-02	2013	1	4900.00	1788.00	1
goods	2026-02	2029	1	1300.00	875.00	1
goods	2026-02	2037	1	1880.00	715.00	1
goods	2026-02	2043	1	1875.00	829.00	1
goods	2026-02	2044	1	2270.00	1890.00	1
goods	2026-02	2046	3	5052.02	1148.51	2
goods	2026-02	2047	4	5311.00	1540.00	3
goods	2026-02	2048	2	3210.00	1567.22	2
goods	2026-02	2052	1	1440.00	1300.00	1
goods	2026-02	2054	2	4536.00	1048.00	1
goods	2026-02	2061	30	47394.62	28691.97	28
goods	2026-02	2122	1	1770.00	1020.00	1
goods	2026-02	2123	1	1890.00	753.00	1
goods	2026-02	2124	2	3853.00	1689.00	2
goods	2026-02	2125	38	24680.18	11369.98	36
goods	2026-02	2126	4	2197.00	450.00	2
goods	2026-02	2127	11	6451.79	3099.97	11
goods	2026-02	2146	1	2780.00	1298.00	1
goods	2026-02	2147	1	1050.00	475.00	1
goods	2026-02	2154	1	2180.00	840.00	1
goods	2026-02	2158	1	1704.00	667.00	1
goods	2026-02	2159	1	1876.00	740.00	1
goods	2026-02	2161	1	380.00	0.00	0
goods	2026-02	2163	2	820.00	400.00	1
goods	2026-02	2170	20	15102.25	7420.36	19
goods	2026-02	2171	1	364.00	109.00	1
goods	2026-02	2182	1	860.00	341.00	1
goods	2026-02	2183	1	857.00	675.00	1
goods	2026-02	2236	1	1669.00	805.00	1
goods	2026-02	2241	1	1570.00	1216.00	1
goods	2026-02	2242	2	2988.00	1958.00	2
goods	2026-02	2243	1	1009.40	400.00	1
goods	2026-02	2245	1	1040.00	600.00	1
goods	2026-02	2246	1	1200.00	477.00	1
goods	2026-02	232	1	940.00	373.00	1
goods	2026-02	235	2	3395.42	0.00	0
goods	2026-02	2489	93	103754.99	54445.87	88
goods	2026-02	251	1	780.00	765.00	1
goods	2026-02	256	1	960.00	381.00	1
goods	2026-02	2570	34	54166.82	31531.98	32
goods	2026-02	259	4	7122.00	2120.00	3
goods	2026-02	265	1	1210.00	472.00	1
goods	2026-02	268	2	1588.00	480.00	1
goods	2026-02	275	2	2715.00	1035.00	2
goods	2026-02	310	1	694.00	324.00	1
goods	2026-02	311	2	1155.00	695.00	2
goods	2026-02	319	1	700.00	268.00	1
goods	2026-02	331	1	1640.00	1590.00	1
goods	2026-02	333	1	452.00	137.00	1
goods	2026-02	338	1	1880.00	567.00	1
goods	2026-02	340	2	3410.00	1960.00	2
goods	2026-02	341	1	1580.00	780.00	1
goods	2026-02	342	1	1550.00	450.00	1
goods	2026-02	346	1	780.00	608.00	1
goods	2026-02	350	1	1506.00	740.00	1
goods	2026-02	353	1	452.76	0.00	0
goods	2026-02	3533	1	3319.77	894.13	1
goods	2026-02	363	1	258.68	0.00	0
goods	2026-02	378	1	4020.00	2700.00	1
goods	2026-02	381	1	290.00	0.00	0
goods	2026-02	412	3	2272.00	873.00	3
goods	2026-02	413	2	1258.80	435.00	1
goods	2026-02	414	1	867.00	251.00	1
goods	2026-02	417	1	1193.00	401.00	1
goods	2026-02	422	1	4710.00	1620.00	1
goods	2026-02	426	3	2875.00	1426.00	3
goods	2026-02	427	5	4713.00	1830.00	4
goods	2026-02	4339	1	391.04	0.00	0
goods	2026-02	435	2	4265.00	2493.00	2
goods	2026-02	436	2	1413.76	293.19	1
goods	2026-02	443	1	769.75	309.00	1
goods	2026-02	456	1	560.00	221.00	1
goods	2026-02	459	1	446.99	175.03	1
goods	2026-02	460	1	451.00	180.00	1
goods	2026-02	463	1	1490.00	640.00	1
goods	2026-02	477	1	1230.00	751.00	1
goods	2026-02	500	1	1448.00	700.00	1
goods	2026-02	5047	1	1720.00	680.00	1
goods	2026-02	514	1	800.00	352.00	1
goods	2026-02	531	1	1030.00	148.00	1
goods	2026-02	533	1	290.00	280.00	1
goods	2026-02	537	1	1091.24	707.63	1
goods	2026-02	539	1	390.00	105.00	1
goods	2026-02	541	1	472.00	140.00	1
goods	2026-02	600	1	412.66	156.66	1
goods	2026-02	608	1	1480.00	560.00	1
goods	2026-02	613	1	660.00	540.00	1
goods	2026-02	624	1	1740.00	850.00	1
goods	2026-02	626	1	2400.00	880.00	1
goods	2026-02	648	1	526.00	238.00	1
goods	2026-02	649	3	6212.65	2411.00	3
goods	2026-02	654	1	1916.00	727.00	1
goods	2026-02	660	2	3691.00	2452.00	2
goods	2026-02	663	1	2137.00	630.00	1
goods	2026-02	683	1	1770.00	700.00	1
goods	2026-02	685	2	2560.00	500.00	1
goods	2026-02	686	1	2260.00	2200.00	1
goods	2026-02	687	1	2170.00	1680.00	1
goods	2026-02	688	1	1409.76	941.76	1
goods	2026-02	692	1	1810.00	537.00	1
goods	2026-02	697	1	9765.00	2933.00	1
goods	2026-02	720	1	1747.00	596.00	1
goods	2026-02	722	1	475.30	358.15	1
goods	2026-02	726	1	866.00	368.00	1
goods	2026-02	746	1	2860.00	1120.00	1
goods	2026-02	747	2	3862.00	1387.00	2
goods	2026-02	749	4	3019.00	878.00	4
goods	2026-02	756	1	1220.00	540.00	1
goods	2026-02	766	1	945.00	375.00	1
goods	2026-02	783	5	12132.01	2578.67	3
goods	2026-02	816	4	4628.83	2033.94	4
goods	2026-02	817	1	1530.00	0.00	0
goods	2026-02	826	1	1159.46	439.46	1
goods	2026-02	832	1	790.00	313.00	1
goods	2026-02	833	1	488.00	156.00	1
goods	2026-02	840	1	1640.00	1120.00	1
goods	2026-02	843	6	5525.72	2403.86	5
goods	2026-02	848	1	1009.43	439.81	1
goods	2026-02	862	5	2890.00	857.50	4
goods	2026-02	866	5	7076.00	2490.00	5
goods	2026-02	880	3	3476.00	1262.00	3
goods	2026-02	883	1	2130.00	800.00	1
goods	2026-02	892	1	1326.00	403.00	1
goods	2026-02	895	1	860.00	320.00	1
goods	2026-02	900	1	917.06	807.06	1
goods	2026-02	902	1	1440.00	1072.00	1
goods	2026-02	909	1	820.00	320.00	1
goods	2026-02	916	2	1349.00	448.00	2
goods	2026-02	921	1	1100.00	420.00	1
goods	2026-02	927	1	816.11	324.92	1
goods	2026-02	958	2	2190.00	692.00	2
goods	2026-02	983	1	1068.00	321.00	1
goods	2026-02	989	1	1670.00	680.00	1
goods	2026-02	991	8	3931.41	1568.82	8
goods	2026-02	996	1	364.00	237.00	1
goods	2026-03	1007	1	975.00	525.00	1
goods	2026-03	1008	1	948.90	549.00	1
goods	2026-03	1011	2	3529.71	2421.71	2
goods	2026-03	1026	1	789.00	315.00	1
goods	2026-03	1035	1	1533.00	592.00	1
goods	2026-03	1052	2	2760.00	1350.00	2
goods	2026-03	1054	5	3750.00	1080.00	3
goods	2026-03	1063	1	1050.00	818.00	1
goods	2026-03	1066	1	2220.00	2200.00	1
goods	2026-03	1074	1	600.00	295.00	1
goods	2026-03	1082	1	1420.00	660.00	1
goods	2026-03	1086	1	909.00	430.00	1
goods	2026-03	1087	2	2153.00	984.00	2
goods	2026-03	1111	1	1590.00	930.00	1
goods	2026-03	1113	1	2810.00	1023.46	1
goods	2026-03	1145	1	2020.00	1400.00	1
goods	2026-03	115	1	620.00	305.00	1
goods	2026-03	1153	1	550.00	179.00	1
goods	2026-03	117	1	434.06	158.02	1
goods	2026-03	1190	5	3247.21	1263.00	5
goods	2026-03	1191	4	2990.00	1011.00	3
goods	2026-03	1192	1	749.00	375.00	1
goods	2026-03	1193	4	3528.82	1504.82	4
goods	2026-03	1209	1	2400.00	1150.00	1
goods	2026-03	1228	1	255.00	130.00	1
goods	2026-03	1239	1	2770.00	1080.00	1
goods	2026-03	1241	1	1820.00	1349.00	1
goods	2026-03	1243	1	467.11	224.59	1
goods	2026-03	1244	2	6630.23	3117.74	2
goods	2026-03	1245	1	2650.00	1020.00	1
goods	2026-03	1249	1	741.00	400.00	1
goods	2026-03	1265	1	705.00	360.00	1
goods	2026-03	1272	3	3649.00	1693.00	3
goods	2026-03	1276	1	850.00	415.00	1
goods	2026-03	1281	1	1380.00	1300.00	1
goods	2026-03	1314	1	2500.00	1200.00	1
goods	2026-03	1318	1	760.00	745.00	1
goods	2026-03	1321	1	940.00	465.00	1
goods	2026-03	13218	1	860.00	320.00	1
goods	2026-03	1339	1	1500.00	735.00	1
goods	2026-03	1342	1	1670.00	640.00	1
goods	2026-03	1349	1	1920.00	900.00	1
goods	2026-03	1352	2	980.00	545.00	2
goods	2026-03	1353	2	1249.80	655.00	2
goods	2026-03	1372	1	3260.00	1525.00	1
goods	2026-03	138	2	968.00	205.00	1
goods	2026-03	1380	2	3085.00	799.00	1
goods	2026-03	1382	1	1570.00	600.00	1
goods	2026-03	1386	2	5836.00	5357.00	2
goods	2026-03	1389	1	1820.00	704.00	1
goods	2026-03	1398	1	1501.00	729.00	1
goods	2026-03	140	1	990.00	376.00	1
goods	2026-03	1403	2	3670.42	1788.88	2
goods	2026-03	1407	1	1880.00	1620.00	1
goods	2026-03	145	1	663.00	330.00	1
goods	2026-03	1453	1	1480.00	340.00	1
goods	2026-03	1467	5	3991.00	2114.00	5
goods	2026-03	1470	4	4436.00	1415.00	3
goods	2026-03	1471	4	6409.00	3368.00	4
goods	2026-03	1472	5	3072.04	1269.37	5
goods	2026-03	1473	1	820.00	485.00	1
goods	2026-03	1476	1	2019.90	909.90	1
goods	2026-03	1479	1	2700.00	1250.00	1
goods	2026-03	1482	1	153.00	13.00	1
goods	2026-03	1485	1	4405.36	1997.68	1
goods	2026-03	1488	1	228.99	131.93	1
goods	2026-03	1491	1	1133.50	765.50	1
goods	2026-03	1504	2	3594.00	1640.00	2
goods	2026-03	1508	1	1433.12	851.06	1
goods	2026-03	1509	1	1550.00	1368.00	1
goods	2026-03	1512	2	2160.00	940.00	2
goods	2026-03	1513	1	1710.00	656.00	1
goods	2026-03	1517	1	440.00	0.00	0
goods	2026-03	1518	1	340.00	240.00	1
goods	2026-03	1521	2	2700.00	1130.00	2
goods	2026-03	1522	1	1570.00	640.00	1
goods	2026-03	1523	3	3235.00	1315.00	3
goods	2026-03	1525	1	410.00	2.00	1
goods	2026-03	1528	1	1890.00	0.00	0
goods	2026-03	1539	1	1503.00	738.00	1
goods	2026-03	1545	1	1140.00	555.00	1
goods	2026-03	1546	2	3780.00	1225.83	2
goods	2026-03	1549	2	2500.00	1840.00	2
goods	2026-03	156	1	358.00	59.00	1
goods	2026-03	1565	1	329.94	54.98	1
goods	2026-03	1566	3	1850.00	768.00	2
goods	2026-03	1569	1	1500.00	700.00	1
goods	2026-03	1594	4	3832.00	1005.00	3
goods	2026-03	1604	1	1108.64	599.32	1
goods	2026-03	1613	1	1900.00	875.00	1
goods	2026-03	1639	1	714.20	303.64	1
goods	2026-03	1646	4	4748.54	2270.00	3
goods	2026-03	1659	2	4900.00	2285.00	2
goods	2026-03	1663	2	3070.00	1848.00	2
goods	2026-03	1673	2	3070.00	690.00	1
goods	2026-03	1676	1	5290.00	2520.00	1
goods	2026-03	1687	1	440.00	0.00	0
goods	2026-03	1723	1	650.00	0.00	0
goods	2026-03	1727	1	4117.98	1847.98	1
goods	2026-03	1728	1	406.00	0.00	0
goods	2026-03	1737	1	456.00	73.00	1
goods	2026-03	1768	1	296.00	116.00	1
goods	2026-03	1769	1	450.00	176.00	1
goods	2026-03	1780	1	720.00	285.00	1
goods	2026-03	1794	5	2554.03	928.03	4
goods	2026-03	1795	1	620.00	305.00	1
goods	2026-03	1797	1	555.00	269.00	1
goods	2026-03	1798	1	760.00	523.00	1
goods	2026-03	1805	1	748.00	364.00	1
goods	2026-03	1813	1	320.00	150.00	1
goods	2026-03	1851	1	570.00	280.00	1
goods	2026-03	1860	1	700.00	335.00	1
goods	2026-03	1861	2	1275.00	220.00	1
goods	2026-03	1869	2	834.10	197.85	1
goods	2026-03	1877	1	825.00	500.00	1
goods	2026-03	1879	2	1966.00	480.00	1
goods	2026-03	188	1	980.00	389.00	1
goods	2026-03	1883	1	2460.00	2400.00	1
goods	2026-03	1884	1	6036.00	2130.00	1
goods	2026-03	1920	1	2650.00	2080.00	1
goods	2026-03	1935	1	3530.00	3330.00	1
goods	2026-03	1942	2	6123.48	2709.74	2
goods	2026-03	1943	1	1880.00	1098.00	1
goods	2026-03	1967	1	480.00	131.00	1
goods	2026-03	1975	1	692.36	290.55	1
goods	2026-03	1981	1	1780.00	865.00	1
goods	2026-03	1991	1	1368.94	538.47	1
goods	2026-03	1993	1	1840.00	1530.00	1
goods	2026-03	1994	1	1630.00	640.00	1
goods	2026-03	1995	2	1560.00	642.00	2
goods	2026-03	1997	1	2493.00	1275.00	1
goods	2026-03	2001	1	1880.00	1780.00	1
goods	2026-03	2004	3	3967.59	2159.72	3
goods	2026-03	2006	2	2719.19	2070.19	2
goods	2026-03	2010	1	470.00	225.00	1
goods	2026-03	2014	1	2410.00	944.00	1
goods	2026-03	2015	1	1323.00	525.00	1
goods	2026-03	2020	1	1290.00	1250.00	1
goods	2026-03	2023	5	9600.00	5686.00	5
goods	2026-03	2042	2	3740.00	2020.00	2
goods	2026-03	2043	3	6128.62	4561.62	3
goods	2026-03	2046	2	3482.80	1492.96	2
goods	2026-03	2047	2	2793.00	1340.00	2
goods	2026-03	2050	3	4520.00	2107.00	3
goods	2026-03	2052	1	2345.00	1175.00	1
goods	2026-03	2061	1	1510.00	1280.00	1
goods	2026-03	2125	24	16487.49	8435.91	22
goods	2026-03	2126	11	7643.53	4140.00	10
goods	2026-03	2127	4	2510.22	1011.68	3
goods	2026-03	2129	1	1075.00	320.00	1
goods	2026-03	2138	1	660.00	325.00	1
goods	2026-03	214	1	380.00	126.00	1
goods	2026-03	2140	1	970.00	950.00	1
goods	2026-03	2141	2	901.84	276.00	2
goods	2026-03	2146	2	3297.19	672.19	1
goods	2026-03	215	1	289.00	230.00	1
goods	2026-03	2151	1	578.00	285.00	1
goods	2026-03	2152	1	445.00	0.00	0
goods	2026-03	2154	2	2470.00	1915.00	2
goods	2026-03	2155	1	910.00	348.00	1
goods	2026-03	2157	1	3700.00	1700.00	1
goods	2026-03	2158	1	1630.00	1440.00	1
goods	2026-03	2159	4	6560.00	3310.00	4
goods	2026-03	2160	2	1990.00	927.00	2
goods	2026-03	2163	1	299.00	0.00	0
goods	2026-03	2164	1	700.00	335.00	1
goods	2026-03	2168	2	815.16	389.29	2
goods	2026-03	2170	23	18706.52	8767.47	19
goods	2026-03	2176	3	1492.52	1027.22	3
goods	2026-03	2182	1	853.34	419.17	1
goods	2026-03	2183	1	860.00	850.00	1
goods	2026-03	2191	2	657.00	319.00	2
goods	2026-03	2195	2	5566.18	3430.18	2
goods	2026-03	2226	1	1210.00	580.00	1
goods	2026-03	2236	7	10783.08	5812.80	6
goods	2026-03	2241	11	16554.02	11019.08	11
goods	2026-03	2242	16	24761.74	15637.18	16
goods	2026-03	2243	1	1010.00	450.00	1
goods	2026-03	2244	6	6228.00	4786.35	6
goods	2026-03	2245	2	3129.00	1318.00	2
goods	2026-03	2246	8	9656.28	5333.61	8
goods	2026-03	2247	4	4727.42	2169.64	4
goods	2026-03	225	1	494.00	193.00	1
goods	2026-03	2272	1	1360.00	504.00	1
goods	2026-03	231	2	2216.00	700.00	2
goods	2026-03	233	1	1251.68	477.92	1
goods	2026-03	234	4	7911.00	5049.00	4
goods	2026-03	2346	1	1389.00	644.00	1
goods	2026-03	2347	2	1750.00	865.00	2
goods	2026-03	235	3	5530.76	3705.38	3
goods	2026-03	236	2	3580.00	1860.00	2
goods	2026-03	242	1	984.60	660.00	1
goods	2026-03	2434	1	2250.00	860.00	1
goods	2026-03	2488	4	2330.72	1495.08	4
goods	2026-03	2489	121	128775.89	70912.85	113
goods	2026-03	2493	1	1499.30	699.65	1
goods	2026-03	2499	4	2482.00	996.00	4
goods	2026-03	2501	3	4854.00	3100.00	3
goods	2026-03	2502	1	1220.00	600.00	1
goods	2026-03	2503	4	6391.80	2587.90	3
goods	2026-03	2504	2	436.21	174.20	1
goods	2026-03	2509	4	5378.00	3280.00	4
goods	2026-03	252	2	2830.00	1745.00	2
goods	2026-03	2525	18	30811.97	19430.94	17
goods	2026-03	2527	2	1022.00	510.11	2
goods	2026-03	2529	2	750.00	255.61	2
goods	2026-03	2530	1	990.00	500.00	1
goods	2026-03	2533	1	2894.43	1400.00	1
goods	2026-03	2538	1	4047.00	2925.00	1
goods	2026-03	2543	1	880.00	332.00	1
goods	2026-03	2547	1	320.00	155.00	1
goods	2026-03	2568	1	720.00	415.00	1
goods	2026-03	2570	6	9318.10	5886.00	6
goods	2026-03	258	1	320.00	155.00	1
goods	2026-03	259	3	10760.00	4930.00	3
goods	2026-03	2607	2	1409.31	669.53	2
goods	2026-03	267	1	2620.00	0.00	0
goods	2026-03	28142	1	2251.89	1049.58	1
goods	2026-03	282	1	457.00	225.00	1
goods	2026-03	302	2	2608.02	1094.91	2
goods	2026-03	310	1	630.00	300.00	1
goods	2026-03	311	3	2398.00	1104.00	3
goods	2026-03	312	1	946.00	470.00	1
goods	2026-03	328	1	604.00	0.00	0
goods	2026-03	341	2	3057.16	2160.00	2
goods	2026-03	346	3	1179.65	319.65	2
goods	2026-03	351	1	1089.00	430.00	1
goods	2026-03	353	2	1020.00	755.00	2
goods	2026-03	3533	1	3501.00	2094.00	1
goods	2026-03	355	2	1299.00	590.00	2
goods	2026-03	356	2	1270.00	545.00	2
goods	2026-03	3745	4	4527.00	2115.00	4
goods	2026-03	3748	1	1210.00	595.00	1
goods	2026-03	385	1	860.00	320.00	1
goods	2026-03	401	1	1449.00	784.00	1
goods	2026-03	40894	1	410.00	160.00	1
goods	2026-03	412	4	3236.00	833.94	4
goods	2026-03	413	3	3165.00	1378.00	3
goods	2026-03	414	1	1010.00	682.27	1
goods	2026-03	41552	2	3200.00	1275.00	2
goods	2026-03	417	1	1340.00	620.00	1
goods	2026-03	425	1	1380.00	520.00	1
goods	2026-03	426	6	6794.50	3136.85	6
goods	2026-03	427	4	4016.79	2395.65	4
goods	2026-03	431	1	1258.00	312.00	1
goods	2026-03	436	3	2752.80	1762.00	3
goods	2026-03	439	1	2730.00	0.00	0
goods	2026-03	443	1	650.00	248.00	1
goods	2026-03	444	1	2690.00	1250.00	1
goods	2026-03	454	1	460.00	132.00	1
goods	2026-03	456	1	477.00	371.00	1
goods	2026-03	462	1	3475.00	1300.00	1
goods	2026-03	463	1	1594.00	772.00	1
goods	2026-03	477	2	3182.00	1600.00	2
goods	2026-03	481	1	1930.00	865.00	1
goods	2026-03	489	1	598.00	369.00	1
goods	2026-03	513	1	950.00	360.00	1
goods	2026-03	514	1	221.00	35.00	1
goods	2026-03	527	1	1768.00	835.00	1
goods	2026-03	530	1	900.00	320.00	1
goods	2026-03	531	2	2051.00	994.00	2
goods	2026-03	535	1	1037.98	548.38	1
goods	2026-03	558	1	350.00	128.00	1
goods	2026-03	566	1	320.00	162.84	1
goods	2026-03	600	1	420.00	200.00	1
goods	2026-03	605	1	3071.00	1330.00	1
goods	2026-03	607	1	1640.00	800.00	1
goods	2026-03	644	1	3776.00	1740.00	1
goods	2026-03	646	1	246.00	0.00	0
goods	2026-03	654	1	1905.00	930.00	1
goods	2026-03	657	2	4795.03	2502.00	2
goods	2026-03	660	2	4138.72	2233.36	2
goods	2026-03	669	3	3264.81	585.81	2
goods	2026-03	681	1	1638.00	794.23	1
goods	2026-03	684	4	4759.00	3085.00	4
goods	2026-03	685	2	2550.00	590.00	1
goods	2026-03	687	3	7487.00	3888.00	3
goods	2026-03	696	1	1660.00	0.00	0
goods	2026-03	736	1	2680.00	2480.00	1
goods	2026-03	744	1	480.00	235.00	1
goods	2026-03	766	1	1350.00	520.00	1
goods	2026-03	767	1	194.00	70.00	1
goods	2026-03	773	1	1260.00	400.00	1
goods	2026-03	778	1	995.00	490.00	1
goods	2026-03	783	2	4750.00	2976.00	2
goods	2026-03	789	1	247.00	109.00	1
goods	2026-03	793	1	800.00	308.00	1
goods	2026-03	816	2	2498.00	969.00	2
goods	2026-03	818	1	2090.00	1000.00	1
goods	2026-03	840	1	1640.00	800.00	1
goods	2026-03	842	1	1040.00	563.42	1
goods	2026-03	843	1	1325.00	565.00	1
goods	2026-03	847	1	1095.48	538.62	1
goods	2026-03	858	1	488.96	243.24	1
goods	2026-03	862	1	548.00	0.00	0
goods	2026-03	866	5	7378.00	3779.00	5
goods	2026-03	872	1	610.00	240.00	1
goods	2026-03	883	2	7150.00	4804.00	2
goods	2026-03	884	1	680.00	130.00	1
goods	2026-03	885	1	1430.00	560.00	1
goods	2026-03	895	1	862.52	608.52	1
goods	2026-03	89625	2	713.00	355.00	2
goods	2026-03	901	1	1390.00	645.00	1
goods	2026-03	905	1	1535.00	750.00	1
goods	2026-03	983	1	735.00	350.00	1
goods	2026-03	991	5	2858.00	1812.00	5
goods	2026-04	NULL	1	821.00	567.00	0
goods	2026-04	1003	1	717.80	419.45	1
goods	2026-04	1008	2	2278.00	1199.00	2
goods	2026-04	1021	2	1972.26	873.48	2
goods	2026-04	1022	1	320.00	0.00	0
goods	2026-04	1027	1	559.00	324.00	1
goods	2026-04	1054	1	743.00	427.00	1
goods	2026-04	10678	1	1699.00	1013.00	1
goods	2026-04	10680	1	1780.00	1750.00	1
goods	2026-04	10683	2	2070.00	1308.00	2
goods	2026-04	10695	1	1500.00	871.00	1
goods	2026-04	1071	1	233.80	119.90	1
goods	2026-04	10720	1	1790.00	1584.00	1
goods	2026-04	10729	1	710.00	408.00	1
goods	2026-04	1074	2	1366.00	970.00	2
goods	2026-04	1076	1	1700.00	984.00	1
goods	2026-04	108	1	260.00	80.00	1
goods	2026-04	1086	1	890.00	280.00	1
goods	2026-04	1087	1	1074.00	696.00	1
goods	2026-04	1095	1	1350.00	780.00	1
goods	2026-04	1104	2	2235.27	951.09	2
goods	2026-04	1131	1	1834.00	1072.00	1
goods	2026-04	115	1	520.00	348.00	1
goods	2026-04	1159	1	3569.00	2082.00	1
goods	2026-04	1186	1	2350.00	1230.00	1
goods	2026-04	1190	2	1319.00	762.00	2
goods	2026-04	1191	3	1980.00	1093.00	3
goods	2026-04	1193	1	610.00	300.00	1
goods	2026-04	1211	1	1670.00	805.00	1
goods	2026-04	1236	1	1853.00	1245.00	1
goods	2026-04	1239	2	5865.00	3411.00	2
goods	2026-04	1249	1	1130.00	660.00	1
goods	2026-04	1254	1	1510.00	876.00	1
goods	2026-04	1255	1	1930.00	1295.00	1
goods	2026-04	1272	1	1260.00	620.00	1
goods	2026-04	1276	1	2380.00	1165.00	1
goods	2026-04	1294	1	730.00	3.00	1
goods	2026-04	1297	1	960.00	318.00	1
goods	2026-04	130	1	460.00	308.00	1
goods	2026-04	1312	1	5360.00	1608.00	1
goods	2026-04	1319	1	470.00	270.00	1
goods	2026-04	13218	1	910.00	534.00	1
goods	2026-04	1331	2	760.00	407.00	2
goods	2026-04	13411	4	4530.00	2901.00	4
goods	2026-04	13414	2	2620.00	2022.00	2
goods	2026-04	1342	1	1670.00	960.00	1
goods	2026-04	1352	1	410.00	200.00	1
goods	2026-04	1357	1	430.00	162.00	1
goods	2026-04	1358	1	750.00	583.02	1
goods	2026-04	1369	1	1458.00	852.00	1
goods	2026-04	1379	2	3260.00	2450.00	2
goods	2026-04	138	1	420.00	200.00	1
goods	2026-04	1382	1	1280.00	675.00	1
goods	2026-04	1386	1	2950.00	1425.00	1
goods	2026-04	139377	4	11912.00	7354.00	4
goods	2026-04	1398	1	1340.00	650.00	1
goods	2026-04	1401	1	2238.00	1068.00	1
goods	2026-04	1407	2	2817.54	1641.82	2
goods	2026-04	1417	1	370.00	120.00	1
goods	2026-04	1435	1	990.00	582.00	1
goods	2026-04	1438	1	338.00	156.00	1
goods	2026-04	14407	1	480.00	156.00	1
goods	2026-04	1454	1	1720.00	1002.00	1
goods	2026-04	1467	1	770.00	375.00	1
goods	2026-04	1470	1	1060.00	500.00	1
goods	2026-04	1471	2	2310.00	1359.00	2
goods	2026-04	1472	4	2420.00	1032.00	4
goods	2026-04	1473	3	3099.64	1756.82	3
goods	2026-04	1477	1	2267.00	1300.00	1
goods	2026-04	1479	1	2700.00	1500.00	1
goods	2026-04	1500	1	6740.00	6440.00	1
goods	2026-04	1511	4	2895.78	1847.54	4
goods	2026-04	1512	1	1050.00	600.00	1
goods	2026-04	1523	1	849.00	418.00	1
goods	2026-04	1525	1	290.00	232.00	1
goods	2026-04	1535	1	1839.12	1073.56	1
goods	2026-04	1537	1	2320.00	1355.00	1
goods	2026-04	1539	4	6847.12	3929.06	4
goods	2026-04	1545	2	2295.00	1360.00	2
goods	2026-04	1558	1	910.00	774.00	1
goods	2026-04	1567	1	320.00	180.00	1
goods	2026-04	1575	1	422.00	201.00	1
goods	2026-04	1596	1	1209.13	726.00	1
goods	2026-04	1601	1	267.47	153.47	1
goods	2026-04	1639	1	720.00	420.00	1
goods	2026-04	1640	1	776.64	455.16	1
goods	2026-04	1645	1	1276.69	701.69	1
goods	2026-04	1661	1	1490.00	870.00	1
goods	2026-04	1662	1	1719.97	810.23	1
goods	2026-04	1663	3	5679.71	3134.71	3
goods	2026-04	1679	5	12790.00	8494.00	5
goods	2026-04	1686	1	230.00	90.00	1
goods	2026-04	1729	1	1620.00	1022.00	1
goods	2026-04	1741	1	668.00	288.00	1
goods	2026-04	1750	1	449.81	257.81	1
goods	2026-04	1794	1	506.00	294.00	1
goods	2026-04	1795	1	620.00	300.00	1
goods	2026-04	1796	1	310.00	0.00	0
goods	2026-04	1805	1	760.00	444.00	1
goods	2026-04	1809	1	330.00	160.00	1
goods	2026-04	1823	1	435.00	85.00	1
goods	2026-04	1860	1	950.00	540.00	1
goods	2026-04	1861	1	580.00	336.00	1
goods	2026-04	1884	1	2784.00	1972.00	1
goods	2026-04	1887	1	2148.00	1284.00	1
goods	2026-04	1898	1	299.56	0.00	0
goods	2026-04	19082	1	560.00	186.00	1
goods	2026-04	19088	1	513.02	330.00	1
goods	2026-04	1911	1	320.00	180.00	1
goods	2026-04	1921	1	1490.00	840.00	1
goods	2026-04	19218	1	1430.00	828.00	1
goods	2026-04	1966	1	1162.52	749.38	1
goods	2026-04	1971	1	600.00	290.00	1
goods	2026-04	1975	2	1578.00	518.00	1
goods	2026-04	1981	1	1040.00	370.00	1
goods	2026-04	1983	1	340.00	180.00	1
goods	2026-04	1987	1	269.00	156.00	1
goods	2026-04	1991	1	1377.00	664.00	1
goods	2026-04	1995	2	2040.00	1194.00	2
goods	2026-04	2004	2	1962.00	1099.00	2
goods	2026-04	2008	1	1020.00	590.00	1
goods	2026-04	2014	2	4582.00	2321.00	2
goods	2026-04	2017	1	540.00	318.00	1
goods	2026-04	2023	2	3630.00	1949.00	2
goods	2026-04	2026	2	1650.00	1093.00	2
goods	2026-04	2047	1	1400.00	909.00	1
goods	2026-04	2048	2	3360.00	1625.00	2
goods	2026-04	2052	1	1233.00	740.00	1
goods	2026-04	2061	1	1668.24	1295.12	1
goods	2026-04	20966	1	778.00	438.00	1
goods	2026-04	21069	1	580.00	188.00	1
goods	2026-04	2122	2	3453.47	2498.47	2
goods	2026-04	2125	9	6686.45	4143.89	9
goods	2026-04	2126	4	2667.65	2420.00	4
goods	2026-04	2127	3	2047.00	912.00	2
goods	2026-04	214	1	380.00	0.00	0
goods	2026-04	2141	1	503.00	247.00	1
goods	2026-04	2142	1	1573.53	1398.53	1
goods	2026-04	2145	2	3166.64	2559.16	2
goods	2026-04	2153	1	380.00	0.00	0
goods	2026-04	2154	1	1490.00	1430.00	1
goods	2026-04	2157	1	2060.00	1176.00	1
goods	2026-04	2158	1	1579.00	917.00	1
goods	2026-04	2159	6	9467.00	4986.00	6
goods	2026-04	2160	5	2403.00	1237.00	5
goods	2026-04	2163	4	1248.79	548.79	4
goods	2026-04	2164	1	670.00	280.00	1
goods	2026-04	2168	6	3016.20	1863.29	6
goods	2026-04	2169	3	2538.32	1834.16	3
goods	2026-04	2170	15	12852.32	7648.35	14
goods	2026-04	2182	1	860.00	498.00	1
goods	2026-04	2183	1	778.92	414.73	1
goods	2026-04	2187	1	250.00	120.00	1
goods	2026-04	2196	1	5478.00	2988.00	1
goods	2026-04	2197	1	1152.00	1024.00	1
goods	2026-04	2216	1	855.00	495.00	1
goods	2026-04	2227	3	4335.40	2047.70	3
goods	2026-04	2236	4	6523.00	4352.00	4
goods	2026-04	2241	6	10305.15	7252.87	6
goods	2026-04	2242	1	1618.09	1091.25	1
goods	2026-04	2244	7	8323.52	4394.38	7
goods	2026-04	2245	3	3660.00	2990.00	3
goods	2026-04	2246	7	9030.00	6161.00	7
goods	2026-04	2247	10	12724.86	8664.10	10
goods	2026-04	22590	1	840.00	480.00	1
goods	2026-04	22593	1	1995.00	1150.00	1
goods	2026-04	22623	1	1150.00	660.00	1
goods	2026-04	2271	1	690.00	595.00	1
goods	2026-04	2276	1	3028.94	2343.47	1
goods	2026-04	2277	1	4984.25	3299.85	1
goods	2026-04	232	2	2200.00	1410.00	2
goods	2026-04	233	2	1290.00	650.00	2
goods	2026-04	234	1	990.00	825.00	1
goods	2026-04	2345	1	570.00	439.97	1
goods	2026-04	236	1	1960.00	950.00	1
goods	2026-04	24426	1	2989.62	1613.81	1
goods	2026-04	24439	4	1971.00	978.00	4
goods	2026-04	24760	1	1260.00	480.00	1
goods	2026-04	24784	1	407.00	258.00	1
goods	2026-04	2481	1	1070.00	600.00	1
goods	2026-04	2489	102	101256.40	59976.32	99
goods	2026-04	249	1	1039.00	699.00	1
goods	2026-04	2491	3	2927.77	1622.59	3
goods	2026-04	2492	3	1886.00	1041.00	3
goods	2026-04	2495	2	1320.00	1280.00	2
goods	2026-04	2497	1	270.00	150.00	1
goods	2026-04	2499	3	1520.00	719.00	3
goods	2026-04	2501	2	3280.00	2660.00	2
goods	2026-04	2502	1	1064.00	520.00	1
goods	2026-04	2503	7	11150.53	6456.00	7
goods	2026-04	2504	1	360.00	116.84	1
goods	2026-04	2508	1	380.00	222.00	1
goods	2026-04	251	1	780.00	250.00	1
goods	2026-04	2510	4	2300.00	1096.00	4
goods	2026-04	2516	1	515.00	255.00	1
goods	2026-04	2520	1	1270.00	582.00	1
goods	2026-04	2523	1	1195.00	881.00	1
goods	2026-04	2525	41	65891.33	46134.47	41
goods	2026-04	25260	1	841.50	533.50	1
goods	2026-04	2529	11	5306.21	2857.35	10
goods	2026-04	2530	1	1020.00	582.00	1
goods	2026-04	2560	1	1137.00	624.00	1
goods	2026-04	2570	1	1668.35	988.62	1
goods	2026-04	2573	1	258.00	0.00	0
goods	2026-04	2584	1	328.21	251.70	1
goods	2026-04	2594	1	258.83	149.61	1
goods	2026-04	2596	2	1775.00	850.00	2
goods	2026-04	2600	1	1750.00	1020.00	1
goods	2026-04	2607	2	2020.00	1031.00	2
goods	2026-04	265	1	1110.00	500.00	1
goods	2026-04	269	1	310.00	150.00	1
goods	2026-04	26978	1	1829.36	1067.36	1
goods	2026-04	2747	1	368.00	144.00	1
goods	2026-04	289	1	3630.00	2000.00	1
goods	2026-04	29069	1	1809.00	1165.00	1
goods	2026-04	29815	1	5216.10	3475.10	1
goods	2026-04	302	1	850.00	503.00	1
goods	2026-04	308	1	470.00	270.00	1
goods	2026-04	311	1	680.00	325.00	1
goods	2026-04	312	1	910.00	0.00	0
goods	2026-04	319	1	340.41	199.75	1
goods	2026-04	33075	1	868.00	503.00	1
goods	2026-04	341	2	2810.00	1651.00	2
goods	2026-04	342	2	3469.40	1668.14	2
goods	2026-04	343	2	3703.75	2150.07	2
goods	2026-04	34358	1	470.00	0.00	0
goods	2026-04	346	1	330.00	200.00	1
goods	2026-04	350	3	4368.00	2640.00	3
goods	2026-04	353	1	480.00	276.00	1
goods	2026-04	36227	1	1220.00	720.00	1
goods	2026-04	367	1	1353.00	735.00	1
goods	2026-04	369	1	1663.11	1079.37	1
goods	2026-04	371	1	3220.00	1485.00	1
goods	2026-04	372	1	3280.00	1495.00	1
goods	2026-04	3745	5	6298.00	3503.00	5
goods	2026-04	3748	7	10585.24	6088.08	7
goods	2026-04	3831	5	3820.13	2331.97	5
goods	2026-04	3868	2	500.00	218.00	2
goods	2026-04	3870	2	2770.00	1820.00	2
goods	2026-04	3871	2	3530.72	2003.85	2
goods	2026-04	3893	16	14388.29	9279.00	16
goods	2026-04	402	1	424.00	197.00	1
goods	2026-04	40492	1	289.00	139.00	1
goods	2026-04	4088	2	5960.00	3118.00	2
goods	2026-04	4089	2	8120.00	7300.00	2
goods	2026-04	410	1	2560.00	1320.00	1
goods	2026-04	412	1	850.00	503.00	1
goods	2026-04	413	6	5229.00	3035.00	6
goods	2026-04	414	2	2099.00	1104.00	2
goods	2026-04	41543	1	427.42	251.71	1
goods	2026-04	41546	1	870.00	425.00	1
goods	2026-04	416	1	1410.00	932.00	1
goods	2026-04	425	3	4565.00	2472.00	3
goods	2026-04	427	4	3693.59	2015.00	4
goods	2026-04	434	1	2080.00	1190.00	1
goods	2026-04	443	1	840.00	480.00	1
goods	2026-04	446	1	1140.00	660.00	1
goods	2026-04	463	3	5210.00	3013.00	3
goods	2026-04	482	1	2933.00	1420.00	1
goods	2026-04	487	1	510.00	85.00	1
goods	2026-04	494	1	334.00	244.00	1
goods	2026-04	500	4	2921.00	1530.00	4
goods	2026-04	501	1	880.00	425.00	1
goods	2026-04	515	1	370.00	178.00	1
goods	2026-04	5172	1	1000.00	570.00	1
goods	2026-04	522	1	1920.00	1124.00	1
goods	2026-04	528	1	2900.00	1560.00	1
goods	2026-04	530	1	1120.00	715.00	1
goods	2026-04	531	1	1040.00	1000.00	1
goods	2026-04	537	1	1450.00	840.00	1
goods	2026-04	58903	1	900.00	0.00	0
goods	2026-04	611	1	970.00	460.00	1
goods	2026-04	649	2	3351.00	1700.00	2
goods	2026-04	654	1	6115.00	3607.00	1
goods	2026-04	656	1	1050.00	600.00	1
goods	2026-04	660	2	3450.00	2250.00	2
goods	2026-04	669	3	3748.00	1943.00	3
goods	2026-04	673	1	1870.00	1110.00	1
goods	2026-04	681	3	4805.00	2630.00	3
goods	2026-04	682	1	1619.93	941.93	1
goods	2026-04	684	3	3242.00	1805.00	3
goods	2026-04	685	2	2540.00	861.00	1
goods	2026-04	686	2	4016.54	2128.00	2
goods	2026-04	688	1	2411.10	1384.70	1
goods	2026-04	692	1	1890.00	0.00	0
goods	2026-04	712	1	510.00	250.00	1
goods	2026-04	719	1	1450.00	852.00	1
goods	2026-04	725	1	570.00	275.00	1
goods	2026-04	747	1	800.00	315.00	1
goods	2026-04	773	1	1200.00	1035.00	1
goods	2026-04	780	1	420.00	0.00	0
goods	2026-04	783	4	7620.02	3447.00	3
goods	2026-04	788	1	2570.00	0.00	0
goods	2026-04	789	1	370.00	210.00	1
goods	2026-04	800	2	875.60	509.14	2
goods	2026-04	808	2	3740.00	2124.00	2
goods	2026-04	817	1	1526.00	881.00	1
goods	2026-04	820	1	1905.00	1097.00	1
goods	2026-04	826	1	1160.00	660.00	1
goods	2026-04	833	1	1460.00	1260.00	1
goods	2026-04	843	4	4605.00	2641.00	4
goods	2026-04	866	3	4172.00	2780.00	2
goods	2026-04	872	1	610.00	360.00	1
goods	2026-04	880	3	3623.29	2209.50	3
goods	2026-04	895	1	1310.00	840.00	1
goods	2026-04	89625	4	1908.73	1063.73	3
goods	2026-04	907	2	4051.00	2298.00	2
goods	2026-04	914	1	633.00	335.00	1
goods	2026-04	916	5	3466.00	1331.00	4
goods	2026-04	924	1	2890.00	2272.00	1
goods	2026-04	927	1	1040.00	599.44	1
goods	2026-04	930	1	510.00	80.00	1
goods	2026-04	938	1	1230.00	690.00	1
goods	2026-04	939	1	990.00	576.00	1
goods	2026-04	954	1	490.00	235.00	1
goods	2026-04	971	1	430.00	270.00	1
goods	2026-04	977	1	1100.00	1050.00	1
goods	2026-04	988	4	6225.11	4418.86	4
goods	2026-04	991	1	510.00	490.00	1
goods	2026-05	1008	2	2280.00	1650.00	2
goods	2026-05	1025	2	1474.00	860.00	2
goods	2026-05	1027	2	1120.00	818.00	2
goods	2026-05	1030	2	1018.00	792.00	2
goods	2026-05	1033	1	1400.00	910.00	1
goods	2026-05	1052	1	1500.00	1015.00	1
goods	2026-05	106	1	290.00	196.00	1
goods	2026-05	1062	1	1480.00	1001.00	1
goods	2026-05	1063	2	2471.00	1670.00	2
goods	2026-05	10678	1	3346.00	2380.00	1
goods	2026-05	10683	2	1239.00	899.00	2
goods	2026-05	10729	1	550.00	160.00	1
goods	2026-05	10731	3	3600.00	2802.00	3
goods	2026-05	10732	3	1419.10	837.74	3
goods	2026-05	108	1	216.00	148.00	1
goods	2026-05	1086	2	1880.00	1183.00	2
goods	2026-05	110	1	560.00	385.00	1
goods	2026-05	1151	1	346.00	231.00	1
goods	2026-05	1158	1	1840.00	1740.00	1
goods	2026-05	1185	1	2210.00	2160.00	1
goods	2026-05	1188	2	6772.00	4237.00	2
goods	2026-05	119	1	229.00	129.00	1
goods	2026-05	1190	3	1980.00	1165.00	3
goods	2026-05	1191	3	1965.00	1306.00	3
goods	2026-05	1192	1	700.00	476.00	1
goods	2026-05	1193	1	710.00	480.00	1
goods	2026-05	1204	1	250.00	60.00	1
goods	2026-05	1210	1	1478.00	1001.00	1
goods	2026-05	1214	1	3148.00	1994.00	1
goods	2026-05	1217	1	1139.64	879.82	1
goods	2026-05	1228	1	270.00	150.00	1
goods	2026-05	1239	4	8799.44	4354.44	3
goods	2026-05	12404	1	650.00	378.00	1
goods	2026-05	1251	1	1501.00	1020.00	1
goods	2026-05	1254	1	1602.00	1255.00	1
goods	2026-05	1272	2	2512.48	1705.00	2
goods	2026-05	1273	1	657.00	378.00	1
goods	2026-05	128	1	943.00	657.00	1
goods	2026-05	1290	1	1260.00	968.00	1
goods	2026-05	1291	1	460.00	315.00	1
goods	2026-05	1294	1	1450.00	980.00	1
goods	2026-05	1300	2	2490.00	1701.00	2
goods	2026-05	1303	1	1450.00	1080.00	1
goods	2026-05	1316	2	2253.21	1422.26	2
goods	2026-05	13218	6	5720.00	4042.00	6
goods	2026-05	1339	2	3000.00	1995.00	2
goods	2026-05	13414	2	2619.73	1816.73	2
goods	2026-05	1342	4	6544.99	4870.99	4
goods	2026-05	1382	2	2970.00	1875.00	2
goods	2026-05	1386	3	8169.00	4690.00	3
goods	2026-05	139377	2	6400.00	4116.00	2
goods	2026-05	1399	2	4097.00	2765.00	2
goods	2026-05	1407	1	1410.00	980.00	1
goods	2026-05	142258	1	1590.70	1089.60	1
goods	2026-05	142260	1	1618.72	1411.72	1
goods	2026-05	142281	1	3100.00	2030.00	1
goods	2026-05	1435	2	720.00	417.00	2
goods	2026-05	1449	2	5884.00	4094.00	2
goods	2026-05	1455	1	2767.00	1726.00	1
goods	2026-05	1465	2	1340.00	1120.00	2
goods	2026-05	1467	8	6130.00	4305.00	8
goods	2026-05	147	1	395.00	230.00	1
goods	2026-05	1471	2	2268.00	1419.00	2
goods	2026-05	1472	7	4598.00	3383.00	7
goods	2026-05	1473	2	1544.00	1005.00	2
goods	2026-05	1475	1	1945.00	1355.00	1
goods	2026-05	1476	1	1960.00	1337.00	1
goods	2026-05	1478	2	5300.00	4750.00	2
goods	2026-05	1479	1	2700.00	1820.00	1
goods	2026-05	1480	1	510.00	125.00	1
goods	2026-05	1504	1	1080.00	755.00	1
goods	2026-05	1511	1	620.00	300.00	1
goods	2026-05	1525	1	297.88	208.44	1
goods	2026-05	1527	1	520.00	100.00	1
goods	2026-05	1528	1	1884.00	1250.00	1
goods	2026-05	1539	1	1529.00	1033.00	1
goods	2026-05	1545	1	1110.00	648.00	1
goods	2026-05	1546	2	3775.71	2860.88	2
goods	2026-05	1549	5	5830.00	4205.00	5
goods	2026-05	1550	2	4190.00	3411.00	2
goods	2026-05	1563	1	360.00	245.00	1
goods	2026-05	1565	1	700.00	550.00	1
goods	2026-05	1567	1	549.43	370.43	1
goods	2026-05	158	2	919.12	694.12	2
goods	2026-05	1594	2	1660.00	1016.00	2
goods	2026-05	1596	1	1250.00	1200.00	1
goods	2026-05	1624	1	399.00	273.00	1
goods	2026-05	1668	1	2300.00	1380.00	1
goods	2026-05	1672	1	2490.00	1820.00	1
goods	2026-05	1673	1	2476.00	1390.00	1
goods	2026-05	1687	1	306.00	175.00	1
goods	2026-05	1728	1	650.00	496.00	1
goods	2026-05	1740	1	509.00	350.00	1
goods	2026-05	1768	1	367.00	222.00	1
goods	2026-05	1769	1	320.00	0.00	0
goods	2026-05	1801	1	820.00	268.00	1
goods	2026-05	1843	1	320.00	100.00	1
goods	2026-05	1846	1	370.00	252.00	1
goods	2026-05	1861	1	580.00	336.00	1
goods	2026-05	1887	2	4228.53	1871.51	1
goods	2026-05	1892	1	290.00	186.00	1
goods	2026-05	1893	1	240.00	138.00	1
goods	2026-05	1896	1	458.00	276.00	1
goods	2026-05	1900	1	450.00	0.00	0
goods	2026-05	1903	1	328.00	192.00	1
goods	2026-05	19082	1	560.00	385.00	1
goods	2026-05	19087	1	424.00	98.00	1
goods	2026-05	19088	2	4507.00	2841.00	2
goods	2026-05	1917	1	1330.00	910.00	1
goods	2026-05	1920	2	4830.00	3290.00	2
goods	2026-05	1971	2	1667.39	1200.76	2
goods	2026-05	1975	5	3920.20	2714.00	5
goods	2026-05	1977	1	1389.90	1160.90	1
goods	2026-05	1981	1	3040.00	1500.00	1
goods	2026-05	1984	1	280.00	182.00	1
goods	2026-05	1991	1	2194.00	1530.00	1
goods	2026-05	2006	1	837.00	0.00	0
goods	2026-05	2007	3	4107.50	3013.50	3
goods	2026-05	2008	1	1276.26	737.30	1
goods	2026-05	2018	1	680.00	480.00	1
goods	2026-05	2026	1	794.00	620.00	1
goods	2026-05	2042	1	1920.00	1092.00	1
goods	2026-05	20626	1	3040.00	2320.00	1
goods	2026-05	20973	1	376.00	215.00	1
goods	2026-05	21032	1	460.00	301.00	1
goods	2026-05	21033	2	800.00	518.00	2
goods	2026-05	21052	1	455.70	299.60	1
goods	2026-05	21064	1	830.00	560.00	1
goods	2026-05	2125	9	7276.00	5379.00	9
goods	2026-05	2127	5	4197.00	2992.00	5
goods	2026-05	21288	1	282.76	174.00	1
goods	2026-05	21302	1	1119.08	971.08	1
goods	2026-05	21309	1	760.00	0.00	0
goods	2026-05	2143	1	2220.00	2120.00	1
goods	2026-05	2148	1	1530.00	900.00	1
goods	2026-05	2152	1	430.00	420.00	1
goods	2026-05	2158	2	3260.00	2352.00	2
goods	2026-05	2159	4	6550.00	4189.00	4
goods	2026-05	2160	5	2050.00	1303.00	5
goods	2026-05	2163	2	870.00	535.00	2
goods	2026-05	2164	1	700.00	414.00	1
goods	2026-05	2168	1	540.00	350.00	1
goods	2026-05	2169	1	856.00	567.00	1
goods	2026-05	2170	11	9288.13	6061.71	11
goods	2026-05	2174	1	760.00	511.00	1
goods	2026-05	2176	1	534.00	361.00	1
goods	2026-05	2181	1	820.00	560.00	1
goods	2026-05	2182	1	860.00	504.00	1
goods	2026-05	2216	2	2496.60	1372.60	2
goods	2026-05	2219	2	2166.48	1475.24	2
goods	2026-05	2222	1	1080.00	700.00	1
goods	2026-05	2227	1	1450.00	810.00	1
goods	2026-05	2241	1	1576.00	1092.00	1
goods	2026-05	2244	7	9024.00	6283.00	7
goods	2026-05	2245	2	2478.00	1545.95	2
goods	2026-05	2246	10	14085.41	10087.00	9
goods	2026-05	2247	6	7578.69	3046.27	4
goods	2026-05	22584	1	909.00	711.00	1
goods	2026-05	22604	1	1450.00	1001.00	1
goods	2026-05	2271	1	880.00	581.00	1
goods	2026-05	231	8	8863.00	5354.35	8
goods	2026-05	232	3	2817.00	1811.19	3
goods	2026-05	235	5	8181.91	4696.91	4
goods	2026-05	236	3	5671.08	4122.08	3
goods	2026-05	241	3	3130.00	2065.00	3
goods	2026-05	242	2	2090.06	1328.06	2
goods	2026-05	2433	1	2140.00	1470.00	1
goods	2026-05	24431	1	261.00	180.00	1
goods	2026-05	24439	3	2010.00	1352.00	3
goods	2026-05	245	2	1830.00	1253.00	2
goods	2026-05	247	1	1700.00	1155.00	1
goods	2026-05	24774	1	1890.00	1074.00	1
goods	2026-05	24779	1	3060.00	2960.00	1
goods	2026-05	24791	1	3779.17	2295.17	1
goods	2026-05	2481	2	2140.00	1406.00	2
goods	2026-05	2489	120	149304.91	108806.08	120
goods	2026-05	249	1	1040.00	693.00	1
goods	2026-05	2491	1	750.32	522.12	1
goods	2026-05	2497	3	785.00	351.00	2
goods	2026-05	2498	1	320.00	210.00	1
goods	2026-05	2499	7	3514.00	2312.00	7
goods	2026-05	2503	1	1600.00	1085.00	1
goods	2026-05	2508	1	364.00	210.00	1
goods	2026-05	2509	1	1239.00	714.00	1
goods	2026-05	251	1	719.20	345.20	1
goods	2026-05	2510	3	2103.90	1494.03	3
goods	2026-05	2515	2	3165.00	2030.00	2
goods	2026-05	2524	2	2480.00	1518.00	2
goods	2026-05	2525	15	23782.70	17226.14	15
goods	2026-05	25260	1	1060.00	805.00	1
goods	2026-05	2528	2	660.00	224.00	1
goods	2026-05	2529	4	2096.00	1405.00	4
goods	2026-05	2530	3	3059.00	2424.00	3
goods	2026-05	2533	1	2830.00	1935.00	1
goods	2026-05	2556	1	410.00	280.00	1
goods	2026-05	2559	3	1329.78	1123.78	3
goods	2026-05	256	1	930.00	630.00	1
goods	2026-05	2562	1	880.00	510.00	1
goods	2026-05	2568	1	1260.00	839.68	1
goods	2026-05	2589	1	1330.00	750.00	1
goods	2026-05	2607	2	2869.48	1926.24	2
goods	2026-05	2616	1	975.00	575.00	1
goods	2026-05	269	1	280.00	189.00	1
goods	2026-05	276	1	265.00	126.00	1
goods	2026-05	28139	1	2264.00	1518.00	1
goods	2026-05	289	2	9684.11	7746.11	2
goods	2026-05	295	1	789.00	648.00	1
goods	2026-05	308	1	425.00	0.00	0
goods	2026-05	310	2	1170.00	777.00	2
goods	2026-05	311	2	1300.00	630.00	2
goods	2026-05	312	1	910.00	890.00	1
goods	2026-05	324	1	617.00	419.00	1
goods	2026-05	32505	1	1300.00	1250.00	1
goods	2026-05	32540	1	700.00	218.00	1
goods	2026-05	32626	1	880.00	687.99	1
goods	2026-05	32670	1	560.00	540.00	1
goods	2026-05	32683	1	600.00	413.00	1
goods	2026-05	32848	1	66.00	14.00	1
goods	2026-05	333	2	1198.00	754.00	2
goods	2026-05	334	1	2710.00	1890.00	1
goods	2026-05	341	1	1509.00	1091.00	1
goods	2026-05	346	1	390.00	222.00	1
goods	2026-05	3524	1	438.26	300.94	1
goods	2026-05	355	1	460.00	305.00	1
goods	2026-05	356	2	1735.00	820.00	2
goods	2026-05	36288	1	510.00	350.00	1
goods	2026-05	36588	1	2721.42	1877.42	1
goods	2026-05	367	2	4206.00	2855.00	2
goods	2026-05	369	1	1824.00	957.00	1
goods	2026-05	372	1	4539.54	3631.77	1
goods	2026-05	373	1	3590.00	2712.00	1
goods	2026-05	3745	10	14420.80	8010.80	9
goods	2026-05	3748	7	8526.34	6175.51	7
goods	2026-05	377	1	3760.00	2768.00	1
goods	2026-05	3831	3	2337.98	1381.33	3
goods	2026-05	38327	8	8038.78	5909.70	8
goods	2026-05	38484	1	207.00	102.00	1
goods	2026-05	38584	1	516.00	383.00	1
goods	2026-05	38724	1	530.00	357.00	1
goods	2026-05	38754	1	455.00	360.00	1
goods	2026-05	38835	1	420.00	245.00	1
goods	2026-05	38857	1	1265.00	700.00	1
goods	2026-05	3893	2	1433.00	950.00	2
goods	2026-05	39056	1	470.00	270.00	1
goods	2026-05	39062	1	289.98	188.99	1
goods	2026-05	39173	1	1077.00	685.00	1
goods	2026-05	39180	1	850.00	560.00	1
goods	2026-05	39280	1	3360.00	2170.00	1
goods	2026-05	39448	2	3240.00	2093.00	2
goods	2026-05	39556	1	2438.33	1643.47	1
goods	2026-05	39640	1	428.00	0.00	0
goods	2026-05	39643	1	470.00	315.00	1
goods	2026-05	39650	1	679.00	511.00	1
goods	2026-05	39651	1	1676.32	1140.32	1
goods	2026-05	39655	1	950.00	720.00	1
goods	2026-05	39657	1	950.00	450.00	1
goods	2026-05	39663	2	3038.00	2101.00	2
goods	2026-05	39665	1	1880.00	0.00	0
goods	2026-05	39666	1	1868.00	1210.00	1
goods	2026-05	39667	1	1594.00	926.00	1
goods	2026-05	39668	1	1600.00	1106.00	1
goods	2026-05	39677	1	1890.00	1840.00	1
goods	2026-05	39704	1	730.00	502.00	1
goods	2026-05	39707	2	1640.00	1120.00	2
goods	2026-05	39710	1	518.00	313.00	1
goods	2026-05	39712	1	472.00	325.00	1
goods	2026-05	39713	1	480.00	276.00	1
goods	2026-05	39715	2	1098.34	734.17	2
goods	2026-05	39716	1	558.00	371.00	1
goods	2026-05	39717	3	1740.00	1114.00	3
goods	2026-05	39720	3	5046.00	3354.00	3
goods	2026-05	39721	1	1674.32	983.11	1
goods	2026-05	39722	1	1700.00	1600.00	1
goods	2026-05	39723	2	3300.00	1141.00	1
goods	2026-05	39727	1	1930.00	1830.00	1
goods	2026-05	39730	1	2041.00	1413.74	1
goods	2026-05	39741	1	1450.00	980.00	1
goods	2026-05	39847	1	675.00	360.00	1
goods	2026-05	39927	1	700.00	414.00	1
goods	2026-05	39988	1	520.00	350.00	1
goods	2026-05	40003	1	4780.00	4480.00	1
goods	2026-05	40048	1	510.00	307.00	1
goods	2026-05	40146	1	362.00	248.00	1
goods	2026-05	40219	2	1460.00	931.00	2
goods	2026-05	40220	2	3060.00	2086.00	2
goods	2026-05	40256	1	1530.00	1350.00	1
goods	2026-05	40291	1	900.00	609.00	1
goods	2026-05	40299	1	2410.00	1652.00	1
goods	2026-05	40362	1	1230.00	840.00	1
goods	2026-05	40372	1	838.90	639.42	1
goods	2026-05	40375	1	1526.00	1034.00	1
goods	2026-05	40466	1	1002.00	690.00	1
goods	2026-05	40469	1	949.00	644.00	1
goods	2026-05	40472	4	1973.00	1195.00	4
goods	2026-05	40845	1	480.00	329.00	1
goods	2026-05	4087	3	9140.00	7354.00	3
goods	2026-05	4088	1	2980.00	2016.00	1
goods	2026-05	410	2	5120.00	1689.83	1
goods	2026-05	41202	1	420.00	320.00	1
goods	2026-05	413	4	3151.00	1833.00	3
goods	2026-05	414	5	4951.95	3894.65	5
goods	2026-05	41451	1	2127.00	1140.00	1
goods	2026-05	41455	1	620.00	488.00	1
goods	2026-05	41460	1	1790.00	1204.00	1
goods	2026-05	41538	1	1106.00	755.00	1
goods	2026-05	41542	1	1449.00	1079.00	1
goods	2026-05	41546	1	869.00	594.00	1
goods	2026-05	41547	1	480.00	376.00	1
goods	2026-05	41553	1	3470.00	2616.00	1
goods	2026-05	416	1	1586.98	1078.00	1
goods	2026-05	421	1	2270.00	1320.00	1
goods	2026-05	423	2	6078.77	4458.77	2
goods	2026-05	425	4	5398.00	3772.00	4
goods	2026-05	427	2	1920.00	1395.00	2
goods	2026-05	432	1	1520.00	1029.00	1
goods	2026-05	434	5	10880.00	6846.00	5
goods	2026-05	4345	1	420.00	246.00	1
goods	2026-05	4350	1	350.00	116.00	1
goods	2026-05	436	1	735.00	525.00	1
goods	2026-05	4367	1	596.00	0.00	0
goods	2026-05	4376	1	455.00	110.00	1
goods	2026-05	442	1	390.00	265.00	1
goods	2026-05	443	1	640.00	378.00	1
goods	2026-05	444	2	5379.00	3890.00	2
goods	2026-05	456	1	560.00	330.00	1
goods	2026-05	458	1	421.00	315.00	1
goods	2026-05	463	1	1509.00	846.00	1
goods	2026-05	485	1	260.00	150.00	1
goods	2026-05	487	1	610.00	420.00	1
goods	2026-05	488	1	577.00	399.00	1
goods	2026-05	48850	1	6717.00	5133.00	1
goods	2026-05	495	1	410.00	280.00	1
goods	2026-05	500	2	1517.00	1306.00	2
goods	2026-05	507	1	664.00	401.00	1
goods	2026-05	510	1	430.00	266.00	1
goods	2026-05	518	1	1016.00	660.00	1
goods	2026-05	5181	1	1040.00	588.00	1
goods	2026-05	522	1	1620.00	1415.00	1
goods	2026-05	5241	1	1440.00	980.00	1
goods	2026-05	531	1	1039.00	594.00	1
goods	2026-05	537	2	3250.00	2044.00	2
goods	2026-05	566	1	435.00	213.00	1
goods	2026-05	58903	2	2840.00	1905.00	2
goods	2026-05	598	2	5800.00	4425.00	2
goods	2026-05	611	1	960.00	744.00	1
goods	2026-05	630	2	2600.00	1722.00	2
goods	2026-05	631	2	2190.00	1780.00	2
goods	2026-05	648	1	250.00	154.00	1
goods	2026-05	653	1	1620.00	1120.00	1
goods	2026-05	654	2	3541.00	2355.00	2
goods	2026-05	657	1	2380.00	1526.00	1
goods	2026-05	660	2	4250.00	3390.00	2
goods	2026-05	667	1	896.00	588.00	1
goods	2026-05	679	1	840.00	574.00	1
goods	2026-05	681	1	1650.00	1085.00	1
goods	2026-05	684	1	1089.00	749.00	1
goods	2026-05	685	4	5041.00	3647.00	4
goods	2026-05	686	2	6430.00	5235.00	2
goods	2026-05	688	1	2510.00	1743.00	1
goods	2026-05	68897	1	3490.00	2752.00	1
goods	2026-05	696	1	1670.00	1134.00	1
goods	2026-05	704	1	1348.70	909.33	1
goods	2026-05	707	1	1890.00	1183.00	1
goods	2026-05	719	3	4350.00	1960.00	2
goods	2026-05	747	1	950.00	930.00	1
goods	2026-05	769	1	570.00	385.00	1
goods	2026-05	774	1	1360.00	917.00	1
goods	2026-05	781	1	1970.00	1483.00	1
goods	2026-05	783	1	1952.00	1300.00	1
goods	2026-05	800	2	1430.00	799.00	2
goods	2026-05	808	3	5230.00	3369.00	3
goods	2026-05	818	1	2089.87	1592.00	1
goods	2026-05	826	1	1753.00	1239.00	1
goods	2026-05	832	1	728.56	237.28	1
goods	2026-05	843	6	6575.00	3428.39	5
goods	2026-05	844	1	1086.90	648.00	1
goods	2026-05	859	1	1039.61	910.61	1
goods	2026-05	862	1	520.00	168.00	1
goods	2026-05	866	14	18782.26	12102.10	14
goods	2026-05	868	1	3722.00	2740.00	1
goods	2026-05	876	12	9531.61	6268.48	12
goods	2026-05	883	1	2129.00	1463.00	1
goods	2026-05	884	2	2787.18	2190.18	2
goods	2026-05	888	1	1000.00	880.00	1
goods	2026-05	891	1	1260.00	720.00	1
goods	2026-05	89625	1	250.00	144.00	1
goods	2026-05	897	2	3280.00	2384.00	2
goods	2026-05	899	1	1634.00	1110.00	1
goods	2026-05	910	2	1459.00	841.00	2
goods	2026-05	914	1	697.00	412.00	1
goods	2026-05	917	1	1886.00	1308.00	1
goods	2026-05	920	1	1157.10	832.87	1
goods	2026-05	921	2	2433.38	1690.19	2
goods	2026-05	927	4	3805.00	2559.00	4
goods	2026-05	928	1	1734.00	894.00	1
goods	2026-05	930	1	820.00	640.00	1
goods	2026-05	931	1	1090.00	749.00	1
goods	2026-05	932	1	414.00	322.00	1
goods	2026-05	971	1	455.20	348.20	1
goods	2026-05	979	1	916.00	620.00	1
goods	2026-05	985	1	1298.86	699.43	1
goods	2026-05	991	2	1014.71	349.06	1
goods	2026-06	NULL	1	1720.00	1720.00	0
goods	2026-06	1008	3	3403.00	2640.00	3
goods	2026-06	1011	1	1769.00	1335.00	1
goods	2026-06	1025	1	760.00	675.00	1
goods	2026-06	1030	2	1108.85	735.07	2
goods	2026-06	1031	2	2585.08	1065.08	1
goods	2026-06	1033	1	2750.00	2650.00	1
goods	2026-06	1036	1	238.00	200.00	1
goods	2026-06	1046	1	430.00	378.00	1
goods	2026-06	1052	2	2780.00	1982.00	2
goods	2026-06	1054	4	3097.00	2333.00	4
goods	2026-06	10683	2	1490.00	856.00	2
goods	2026-06	1069	3	7992.00	6023.00	3
goods	2026-06	10690	2	1242.00	562.00	2
goods	2026-06	10723	1	1426.00	1120.00	1
goods	2026-06	10729	3	2739.06	2296.06	3
goods	2026-06	10731	1	1183.91	865.97	1
goods	2026-06	1076	1	870.00	680.00	1
goods	2026-06	1086	6	5655.60	4587.60	6
goods	2026-06	1103	1	1727.00	1305.00	1
goods	2026-06	1179	4	6207.00	4775.00	4
goods	2026-06	118	1	560.00	424.00	1
goods	2026-06	1180	1	1940.00	1689.00	1
goods	2026-06	1190	1	660.00	455.00	1
goods	2026-06	1191	11	8546.00	6128.26	11
goods	2026-06	1192	2	1393.00	1026.00	2
goods	2026-06	1193	4	2875.00	2169.00	4
goods	2026-06	1202	1	370.00	240.00	1
goods	2026-06	1210	4	4697.00	3818.00	4
goods	2026-06	1211	1	1670.00	1320.00	1
goods	2026-06	1229	1	270.00	208.00	1
goods	2026-06	1232	1	1089.00	707.00	1
goods	2026-06	1239	1	1630.00	1120.00	1
goods	2026-06	12400	1	510.00	250.00	1
goods	2026-06	1244	1	2650.00	2040.00	1
goods	2026-06	125	1	280.00	168.00	1
goods	2026-06	12580	1	590.00	580.00	1
goods	2026-06	1272	1	1260.00	968.00	1
goods	2026-06	1274	1	479.14	375.14	1
goods	2026-06	1275	5	1719.00	1073.00	4
goods	2026-06	1276	2	780.00	630.00	2
goods	2026-06	1287	1	270.00	208.00	1
goods	2026-06	1302	1	1450.00	1120.00	1
goods	2026-06	1303	1	1450.00	1152.00	1
goods	2026-06	1311	1	370.00	360.00	1
goods	2026-06	1316	1	900.00	595.00	1
goods	2026-06	1318	2	2560.00	1878.00	2
goods	2026-06	1319	1	647.00	510.00	1
goods	2026-06	13218	1	883.00	630.00	1
goods	2026-06	1350	2	1020.00	809.00	2
goods	2026-06	1354	1	329.00	255.00	1
goods	2026-06	1359	1	510.00	251.00	1
goods	2026-06	1360	1	649.00	512.00	1
goods	2026-06	1366	3	1683.00	854.00	2
goods	2026-06	1368	1	278.00	216.00	1
goods	2026-06	1372	1	1490.00	1112.00	1
goods	2026-06	1373	1	1748.00	1391.00	1
goods	2026-06	1380	2	4410.30	3660.30	2
goods	2026-06	1386	4	11951.00	10014.00	4
goods	2026-06	139377	1	3430.00	2261.00	1
goods	2026-06	1398	1	1340.00	910.00	1
goods	2026-06	1403	1	1840.00	1456.00	1
goods	2026-06	1417	1	512.00	448.00	1
goods	2026-06	142258	8	12941.00	10385.00	8
goods	2026-06	142260	7	12862.36	10422.04	7
goods	2026-06	1435	1	310.00	150.00	1
goods	2026-06	1453	1	1360.00	1080.00	1
goods	2026-06	1454	3	5215.59	4071.59	3
goods	2026-06	1458	2	810.00	677.00	2
goods	2026-06	1467	2	2951.00	2040.66	2
goods	2026-06	1471	6	6835.00	5049.00	6
goods	2026-06	1472	4	2274.00	1788.25	4
goods	2026-06	1473	3	2157.17	1878.91	3
goods	2026-06	1474	1	4540.00	3616.00	1
goods	2026-06	1476	2	3918.00	2856.00	2
goods	2026-06	1478	3	7945.27	6195.27	3
goods	2026-06	1479	2	5355.00	4160.00	2
goods	2026-06	1484	1	2610.00	2008.00	1
goods	2026-06	1513	1	1510.00	1168.00	1
goods	2026-06	1514	1	1779.00	1398.00	1
goods	2026-06	1523	2	3100.00	2778.00	2
goods	2026-06	1527	1	590.00	377.00	1
goods	2026-06	1528	1	1890.00	1840.00	1
goods	2026-06	153	4	980.00	466.00	4
goods	2026-06	1545	4	4919.88	4264.94	4
goods	2026-06	1546	1	1890.00	1285.97	1
goods	2026-06	1549	4	5037.00	3543.00	4
goods	2026-06	1550	1	1884.00	1250.00	1
goods	2026-06	1551	1	2150.00	1680.00	1
goods	2026-06	1557	1	1472.00	1140.00	1
goods	2026-06	1559	1	1150.00	880.00	1
goods	2026-06	156	1	360.00	210.00	1
goods	2026-06	1566	1	550.00	378.00	1
goods	2026-06	1567	2	560.00	400.00	2
goods	2026-06	1593	2	4900.00	4700.00	2
goods	2026-06	1596	2	3304.00	1764.00	2
goods	2026-06	1597	4	6226.80	4878.70	4
goods	2026-06	160	1	560.00	330.00	1
goods	2026-06	1618	1	1051.00	808.00	1
goods	2026-06	1640	1	770.00	600.00	1
goods	2026-06	1646	1	1180.00	0.00	0
goods	2026-06	1651	1	460.00	360.00	1
goods	2026-06	1660	2	4316.00	3156.00	2
goods	2026-06	1662	3	6345.00	4427.00	3
goods	2026-06	1663	1	1680.00	1467.00	1
goods	2026-06	1669	2	6300.00	5270.00	2
goods	2026-06	1671	1	5950.00	4360.00	1
goods	2026-06	1673	1	1700.00	1600.00	1
goods	2026-06	1724	1	550.00	432.00	1
goods	2026-06	1727	1	1768.00	1169.00	1
goods	2026-06	1742	1	910.00	602.00	1
goods	2026-06	1751	1	1100.00	828.00	1
goods	2026-06	1752	2	1920.00	1512.00	2
goods	2026-06	1753	1	560.00	400.00	1
goods	2026-06	1768	1	250.00	160.00	1
goods	2026-06	1799	2	2800.00	2260.00	2
goods	2026-06	1809	1	330.00	240.00	1
goods	2026-06	1861	1	570.00	513.00	1
goods	2026-06	1883	1	2420.00	1808.00	1
goods	2026-06	1884	2	9170.00	7176.00	2
goods	2026-06	1885	2	3368.76	2430.92	2
goods	2026-06	1893	1	480.00	368.00	1
goods	2026-06	1906	1	444.00	300.00	1
goods	2026-06	19088	1	1020.00	707.00	1
goods	2026-06	1919	1	1300.00	863.00	1
goods	2026-06	1920	4	7707.00	6233.00	4
goods	2026-06	1921	1	1490.00	1152.00	1
goods	2026-06	1966	2	2436.67	1976.11	2
goods	2026-06	1970	1	268.00	189.00	1
goods	2026-06	1975	2	1577.00	1155.00	2
goods	2026-06	1977	1	1448.00	1135.00	1
goods	2026-06	1991	1	1380.00	945.00	1
goods	2026-06	1992	1	290.00	188.00	1
goods	2026-06	1994	1	1664.00	1295.00	1
goods	2026-06	1998	1	1510.00	1200.00	1
goods	2026-06	1999	1	3820.00	3720.00	1
goods	2026-06	2004	9	8411.00	6972.00	9
goods	2026-06	2007	1	1277.14	991.57	1
goods	2026-06	2008	1	1100.00	763.00	1
goods	2026-06	2021	2	744.00	450.00	2
goods	2026-06	2025	1	508.00	342.00	1
goods	2026-06	2037	1	1740.00	1186.00	1
goods	2026-06	2051	1	5790.00	5031.00	1
goods	2026-06	2055	1	1020.00	800.00	1
goods	2026-06	20591	1	780.00	613.00	1
goods	2026-06	20805	1	1920.00	1456.00	1
goods	2026-06	21003	1	610.00	480.00	1
goods	2026-06	21036	2	780.00	304.00	1
goods	2026-06	2124	1	2020.00	1400.00	1
goods	2026-06	2125	7	5774.78	4481.39	7
goods	2026-06	2127	4	2789.53	2176.94	4
goods	2026-06	2129	1	1345.00	915.00	1
goods	2026-06	2140	2	1596.06	690.03	2
goods	2026-06	2142	2	3760.00	2686.00	2
goods	2026-06	2153	1	1210.00	928.00	1
goods	2026-06	2160	3	1200.00	925.00	3
goods	2026-06	2164	2	2081.00	1675.00	2
goods	2026-06	2169	1	860.00	668.00	1
goods	2026-06	2170	4	3437.26	2292.26	4
goods	2026-06	2176	3	1618.19	1044.19	3
goods	2026-06	2183	1	829.82	698.66	1
goods	2026-06	223	1	938.00	815.00	1
goods	2026-06	2244	3	3567.49	2805.00	3
goods	2026-06	2245	4	4882.00	4133.00	4
goods	2026-06	2246	9	11267.35	9472.81	9
goods	2026-06	2247	8	10235.39	8106.79	8
goods	2026-06	2271	1	880.00	696.00	1
goods	2026-06	2272	2	2540.00	2080.00	2
goods	2026-06	2273	1	3264.61	2268.84	1
goods	2026-06	2275	1	3030.00	2051.00	1
goods	2026-06	229	1	438.12	351.56	1
goods	2026-06	231	12	14655.02	11306.98	12
goods	2026-06	232	7	6591.00	5275.00	7
goods	2026-06	2345	1	570.00	495.00	1
goods	2026-06	2346	1	2650.00	2340.00	1
goods	2026-06	235	11	18461.18	14563.18	11
goods	2026-06	236	3	5852.00	4858.00	3
goods	2026-06	241	1	2180.00	1953.00	1
goods	2026-06	2413	1	2469.80	1896.00	1
goods	2026-06	2434	1	2140.00	1632.00	1
goods	2026-06	24430	2	759.00	612.00	2
goods	2026-06	24439	2	1201.00	930.00	2
goods	2026-06	245	1	1662.00	1424.00	1
goods	2026-06	24760	3	4025.00	3174.00	3
goods	2026-06	24784	1	450.00	148.00	1
goods	2026-06	24785	1	811.00	704.00	1
goods	2026-06	24787	2	900.00	738.00	2
goods	2026-06	24791	1	1397.00	1070.00	1
goods	2026-06	248	1	460.00	360.00	1
goods	2026-06	2481	4	4557.00	3749.00	4
goods	2026-06	2489	111	162219.50	125903.82	109
goods	2026-06	2491	1	1558.00	1239.00	1
goods	2026-06	2492	1	630.00	488.00	1
goods	2026-06	2495	1	660.00	576.00	1
goods	2026-06	2498	1	860.00	588.00	1
goods	2026-06	2509	2	2720.00	2104.00	2
goods	2026-06	2510	5	3252.00	2481.00	5
goods	2026-06	2512	3	2630.00	2209.00	3
goods	2026-06	2514	1	1043.00	834.00	1
goods	2026-06	2515	2	2311.72	1271.84	2
goods	2026-06	2520	1	1690.00	1590.00	1
goods	2026-06	25267	2	2960.00	1981.00	2
goods	2026-06	2529	4	2210.00	1436.00	4
goods	2026-06	2530	6	5877.00	4857.00	6
goods	2026-06	2537	1	1436.00	987.00	1
goods	2026-06	2540	2	1640.00	1296.00	2
goods	2026-06	2543	1	890.00	701.00	1
goods	2026-06	2568	1	1500.00	1175.00	1
goods	2026-06	2569	1	1149.88	879.94	1
goods	2026-06	2574	1	719.56	629.56	1
goods	2026-06	2605	1	360.00	315.00	1
goods	2026-06	2607	3	3000.00	2228.00	3
goods	2026-06	268	1	330.00	100.00	1
goods	2026-06	271	1	1330.00	1040.00	1
goods	2026-06	288	1	2150.00	1911.00	1
goods	2026-06	289	1	2693.00	2160.00	1
goods	2026-06	30813	1	710.00	630.00	1
goods	2026-06	310	1	630.00	400.00	1
goods	2026-06	313	4	4844.00	3406.00	4
goods	2026-06	32689	1	1080.00	784.00	1
goods	2026-06	33075	6	5667.35	3806.00	5
goods	2026-06	333	5	2705.00	1791.00	5
goods	2026-06	341	7	10476.00	7417.00	7
goods	2026-06	342	2	2900.00	2100.00	2
goods	2026-06	34208	1	1676.00	1302.00	1
goods	2026-06	343	1	3330.00	2656.00	1
goods	2026-06	346	2	780.00	600.00	2
goods	2026-06	356	1	560.00	440.00	1
goods	2026-06	357	1	2257.00	1768.00	1
goods	2026-06	362	1	260.00	250.00	1
goods	2026-06	36347	1	1020.00	776.00	1
goods	2026-06	36590	1	1108.00	807.00	1
goods	2026-06	367	4	4855.50	3640.54	4
goods	2026-06	369	1	1639.00	1475.00	1
goods	2026-06	3692	1	728.91	490.00	1
goods	2026-06	3745	11	14688.00	10851.00	11
goods	2026-06	3748	20	26345.96	20555.96	20
goods	2026-06	38305	1	1860.00	1472.00	1
goods	2026-06	3831	8	6177.52	5154.36	8
goods	2026-06	38327	9	8193.17	6223.45	9
goods	2026-06	38505	1	460.00	360.00	1
goods	2026-06	38529	1	290.00	216.00	1
goods	2026-06	38561	2	860.00	672.00	2
goods	2026-06	38562	1	429.00	293.00	1
goods	2026-06	38583	1	555.00	490.00	1
goods	2026-06	38601	1	1150.00	733.70	1
goods	2026-06	38608	1	488.71	374.71	1
goods	2026-06	38652	1	660.00	585.00	1
goods	2026-06	3868	1	320.00	248.00	1
goods	2026-06	3870	1	1441.30	977.60	1
goods	2026-06	3876	1	3828.00	3265.00	1
goods	2026-06	38761	1	460.00	360.00	1
goods	2026-06	38857	10	17759.00	14494.00	10
goods	2026-06	3893	14	12989.00	9923.52	14
goods	2026-06	39090	1	998.00	686.00	1
goods	2026-06	39175	1	899.18	679.59	1
goods	2026-06	39176	2	1832.00	1389.00	2
goods	2026-06	39179	2	3814.28	3027.64	2
goods	2026-06	39180	1	850.00	681.00	1
goods	2026-06	39182	2	1980.00	1354.00	2
goods	2026-06	39183	1	1449.00	1305.00	1
goods	2026-06	39404	1	2640.00	2440.00	1
goods	2026-06	39469	1	1020.00	700.00	1
goods	2026-06	39470	1	1200.00	805.00	1
goods	2026-06	39590	1	300.00	224.00	1
goods	2026-06	39640	3	1636.00	1257.00	3
goods	2026-06	39642	2	860.00	526.00	2
goods	2026-06	39643	1	470.00	360.00	1
goods	2026-06	39644	1	470.00	360.00	1
goods	2026-06	39645	5	3090.00	2400.00	5
goods	2026-06	39649	4	2481.00	1833.00	4
goods	2026-06	39650	4	3743.21	2891.21	4
goods	2026-06	39651	1	790.00	693.00	1
goods	2026-06	39654	1	990.00	776.00	1
goods	2026-06	39655	2	2850.00	2268.00	2
goods	2026-06	39657	4	3859.00	3249.61	4
goods	2026-06	39658	2	2388.60	1848.50	2
goods	2026-06	39663	3	3240.00	2663.00	3
goods	2026-06	39664	7	11800.00	9035.00	7
goods	2026-06	39665	14	23695.23	19422.38	14
goods	2026-06	39666	3	5100.00	4125.00	3
goods	2026-06	39667	3	4456.00	3725.00	3
goods	2026-06	39668	6	9280.76	7032.76	6
goods	2026-06	39677	6	11659.16	9880.58	6
goods	2026-06	39678	4	7553.00	5942.00	4
goods	2026-06	39698	1	1953.00	1736.00	1
goods	2026-06	39707	3	2454.00	1830.00	3
goods	2026-06	39709	2	1034.00	659.00	2
goods	2026-06	39710	1	519.00	343.00	1
goods	2026-06	39711	2	1340.00	990.00	2
goods	2026-06	39713	4	1916.96	1401.48	4
goods	2026-06	39715	4	2750.24	2013.62	4
goods	2026-06	39716	1	559.00	377.00	1
goods	2026-06	39717	3	1653.00	1319.00	3
goods	2026-06	39720	9	14786.82	10232.91	8
goods	2026-06	39721	7	11685.00	10003.12	7
goods	2026-06	39723	7	10396.00	8051.00	7
goods	2026-06	39739	1	1000.00	784.00	1
goods	2026-06	39740	1	1240.00	1080.00	1
goods	2026-06	39780	1	1630.00	1600.00	1
goods	2026-06	39797	1	2039.00	1287.00	1
goods	2026-06	39828	1	1188.00	871.00	1
goods	2026-06	39927	1	700.00	552.00	1
goods	2026-06	39935	1	2001.00	1370.00	1
goods	2026-06	39951	1	2540.00	1952.00	1
goods	2026-06	39999	1	786.00	679.00	1
goods	2026-06	401	1	1690.00	1344.00	1
goods	2026-06	40147	1	408.00	260.00	1
goods	2026-06	40219	5	3532.00	2203.00	4
goods	2026-06	40252	1	3530.00	3380.00	1
goods	2026-06	40255	1	1400.00	945.00	1
goods	2026-06	40294	1	3125.00	2480.00	1
goods	2026-06	40299	1	2410.00	1920.00	1
goods	2026-06	40341	7	7399.62	4379.89	6
goods	2026-06	40347	1	550.00	432.00	1
goods	2026-06	40353	1	630.00	427.00	1
goods	2026-06	40356	1	1430.00	1128.00	1
goods	2026-06	40362	1	1120.00	897.00	1
goods	2026-06	40363	2	4516.66	4227.00	2
goods	2026-06	40364	1	2860.00	2240.00	1
goods	2026-06	40365	2	1978.00	1787.00	2
goods	2026-06	40372	1	2680.00	2340.00	1
goods	2026-06	40373	1	1820.00	1548.00	1
goods	2026-06	40379	3	2593.00	1873.00	3
goods	2026-06	40380	1	1120.00	714.00	1
goods	2026-06	40464	3	2579.00	2091.00	3
goods	2026-06	40466	2	2100.00	1700.00	2
goods	2026-06	40467	2	2220.00	1650.00	2
goods	2026-06	40469	2	2077.00	1615.00	2
goods	2026-06	40471	1	1068.00	840.00	1
goods	2026-06	40472	3	1392.48	1193.48	3
goods	2026-06	40473	1	1500.00	1260.00	1
goods	2026-06	40492	2	1124.00	769.00	2
goods	2026-06	40657	1	590.00	448.00	1
goods	2026-06	40668	1	194.00	132.00	1
goods	2026-06	4087	2	6377.00	4621.11	2
goods	2026-06	4088	8	25368.08	21027.77	8
goods	2026-06	40898	1	788.00	646.00	1
goods	2026-06	410	5	12797.22	10498.22	5
goods	2026-06	41189	1	460.00	355.00	1
goods	2026-06	41192	4	2309.00	1698.00	4
goods	2026-06	41193	1	460.00	405.00	1
goods	2026-06	41197	1	520.00	500.00	1
goods	2026-06	41202	1	419.71	328.70	1
goods	2026-06	41225	1	286.00	188.00	1
goods	2026-06	414	1	1008.00	782.00	1
goods	2026-06	41444	1	370.00	280.00	1
goods	2026-06	41451	2	4041.00	3401.00	2
goods	2026-06	41460	1	2020.00	1576.00	1
goods	2026-06	41532	1	1570.00	1216.00	1
goods	2026-06	41538	1	1110.00	770.00	1
goods	2026-06	41539	1	720.00	560.00	1
goods	2026-06	41540	1	2230.00	1680.00	1
goods	2026-06	41542	1	1829.16	1439.58	1
goods	2026-06	41543	4	1515.00	1081.00	4
goods	2026-06	41544	2	734.00	530.00	2
goods	2026-06	41547	1	280.00	69.00	1
goods	2026-06	41549	1	580.00	456.00	1
goods	2026-06	41551	1	864.00	672.00	1
goods	2026-06	41591	6	8019.61	5996.61	6
goods	2026-06	41610	2	930.36	777.12	2
goods	2026-06	422	1	1980.00	1504.00	1
goods	2026-06	424	1	3026.00	2340.00	1
goods	2026-06	425	1	1330.00	1152.00	1
goods	2026-06	42553	1	470.00	322.00	1
goods	2026-06	42570	1	308.00	240.00	1
goods	2026-06	426	2	2194.00	1716.00	2
goods	2026-06	427	1	960.00	752.00	1
goods	2026-06	430	3	10843.00	8029.00	3
goods	2026-06	43055	4	1500.00	1092.00	4
goods	2026-06	434	4	8467.20	6813.20	4
goods	2026-06	4349	2	1889.00	1216.00	2
goods	2026-06	44733	2	1440.00	1303.00	2
goods	2026-06	44737	1	196.00	88.00	1
goods	2026-06	456	1	560.00	495.00	1
goods	2026-06	45904	2	5069.00	4088.00	2
goods	2026-06	45905	1	1280.00	1000.00	1
goods	2026-06	45909	2	5459.83	4199.83	2
goods	2026-06	477	1	1220.00	1080.00	1
goods	2026-06	481	2	3842.00	2620.00	2
goods	2026-06	486	1	270.00	213.00	1
goods	2026-06	48879	2	6130.00	5388.00	2
goods	2026-06	489	1	410.00	280.00	1
goods	2026-06	491	1	480.00	360.00	1
goods	2026-06	492	1	930.00	728.00	1
goods	2026-06	494	1	370.00	245.00	1
goods	2026-06	49400	1	2897.68	2197.68	1
goods	2026-06	49959	1	2589.00	1630.00	1
goods	2026-06	50218	1	1210.00	952.00	1
goods	2026-06	5028	1	1556.00	1400.00	1
goods	2026-06	51160	2	7170.00	5256.00	2
goods	2026-06	51165	4	8897.29	7234.00	4
goods	2026-06	514	1	154.00	0.00	0
goods	2026-06	51602	2	940.00	879.00	2
goods	2026-06	51710	2	1319.00	994.00	2
goods	2026-06	51711	2	1760.00	1368.00	2
goods	2026-06	51715	1	1510.00	1480.00	1
goods	2026-06	51719	1	619.62	360.00	1
goods	2026-06	51720	1	1300.00	1024.00	1
goods	2026-06	51721	3	5266.86	4012.93	3
goods	2026-06	51723	2	3275.47	2555.99	2
goods	2026-06	51726	1	1290.00	1190.00	1
goods	2026-06	51727	2	3550.00	2901.00	2
goods	2026-06	51761	1	1633.00	1274.00	1
goods	2026-06	521	1	2320.00	1750.00	1
goods	2026-06	53495	1	1140.00	1008.00	1
goods	2026-06	53496	3	5820.00	3616.00	2
goods	2026-06	53499	2	1270.00	836.00	2
goods	2026-06	537	2	2910.00	2565.00	2
goods	2026-06	549	1	301.00	199.00	1
goods	2026-06	56650	1	2790.00	2160.00	1
goods	2026-06	57478	1	378.00	221.00	1
goods	2026-06	58069	1	1000.00	980.00	1
goods	2026-06	58073	2	2760.00	2176.00	2
goods	2026-06	58382	1	570.00	550.00	1
goods	2026-06	58903	1	730.00	576.00	1
goods	2026-06	597	1	2347.00	1879.00	1
goods	2026-06	598	2	5800.00	4470.00	2
goods	2026-06	61094	1	610.00	480.00	1
goods	2026-06	611	1	1010.00	800.00	1
goods	2026-06	61545	1	867.60	678.80	1
goods	2026-06	622	1	1440.00	800.00	1
goods	2026-06	630	5	6290.00	4974.00	5
goods	2026-06	631	3	3014.00	2217.00	3
goods	2026-06	64146	1	1780.00	1680.00	1
goods	2026-06	64153	1	680.00	585.00	1
goods	2026-06	644	6	21337.62	17640.62	6
goods	2026-06	646	1	250.00	192.00	1
goods	2026-06	648	1	250.00	192.00	1
goods	2026-06	649	2	4660.00	4052.00	2
goods	2026-06	650	1	3297.72	2968.72	1
goods	2026-06	652	1	1140.00	770.00	1
goods	2026-06	654	1	1840.00	1620.00	1
goods	2026-06	658	1	1260.00	1259.00	1
goods	2026-06	660	1	2003.00	1375.00	1
goods	2026-06	662	1	810.00	780.00	1
goods	2026-06	67634	1	510.00	450.00	1
goods	2026-06	679	1	710.00	560.00	1
goods	2026-06	685	2	2890.00	2448.00	2
goods	2026-06	68728	1	4630.00	3544.00	1
goods	2026-06	688	1	2507.93	1965.93	1
goods	2026-06	697	1	1789.86	1375.86	1
goods	2026-06	703	2	2256.33	1922.33	2
goods	2026-06	70320	1	2206.00	1720.00	1
goods	2026-06	704	3	3890.06	3019.38	3
goods	2026-06	707	1	1360.00	945.00	1
goods	2026-06	709	2	1730.38	1388.69	2
goods	2026-06	719	3	4172.54	3334.54	3
goods	2026-06	720	2	3760.00	2719.00	2
goods	2026-06	722	1	610.00	400.00	1
goods	2026-06	726	2	1523.00	1118.00	2
goods	2026-06	737	1	1930.00	1800.00	1
goods	2026-06	747	2	1882.00	1360.00	2
goods	2026-06	766	1	940.00	744.00	1
goods	2026-06	773	1	1327.92	983.96	1
goods	2026-06	783	1	1830.00	1440.00	1
goods	2026-06	787	5	3538.00	2495.00	5
goods	2026-06	800	1	470.00	460.00	1
goods	2026-06	816	3	3764.48	2930.74	3
goods	2026-06	818	2	4176.80	3183.90	2
goods	2026-06	822	1	1380.00	1024.00	1
goods	2026-06	826	1	3080.00	2135.00	1
goods	2026-06	832	2	1460.00	1288.00	2
goods	2026-06	833	2	1730.00	1312.00	2
goods	2026-06	843	1	943.00	759.00	1
goods	2026-06	852	1	580.00	448.00	1
goods	2026-06	858	1	510.00	0.00	0
goods	2026-06	860	2	1123.00	1005.00	2
goods	2026-06	862	4	2470.00	1806.00	4
goods	2026-06	866	3	4439.44	3665.44	3
goods	2026-06	868	2	7290.00	6246.00	2
goods	2026-06	872	1	710.00	560.00	1
goods	2026-06	876	6	4905.00	3421.00	6
goods	2026-06	880	2	2290.00	1750.00	2
goods	2026-06	884	1	1104.00	928.00	1
goods	2026-06	888	1	1070.00	816.00	1
goods	2026-06	890	2	2318.00	1814.00	2
goods	2026-06	891	1	1257.00	990.00	1
goods	2026-06	893	1	1390.00	1032.00	1
goods	2026-06	897	1	1635.00	1269.00	1
goods	2026-06	898	1	1780.00	1602.00	1
goods	2026-06	900	2	1808.08	1247.88	2
goods	2026-06	902	1	1770.00	1376.00	1
goods	2026-06	905	1	1778.00	1344.00	1
goods	2026-06	910	2	1680.00	1401.00	2
goods	2026-06	913	1	620.00	480.00	1
goods	2026-06	921	4	4947.00	3837.00	4
goods	2026-06	928	2	4349.00	3536.00	2
goods	2026-06	931	1	6310.00	4648.00	1
goods	2026-06	938	1	1220.00	960.00	1
goods	2026-06	942	1	1110.00	880.00	1
goods	2026-06	954	2	1389.00	1087.00	2
goods	2026-06	977	1	1100.00	1090.00	1
goods	2026-06	986	2	1055.00	922.00	2
goods	2026-06	989	1	1540.00	1200.00	1
goods	2026-06	991	1	507.00	390.00	1
goods	2026-07	1006	1	1460.00	1269.00	1
goods	2026-07	1008	2	2280.00	1862.00	2
goods	2026-07	1010	2	3060.00	2609.00	2
goods	2026-07	101124	1	510.00	450.00	1
goods	2026-07	101126	1	1100.00	945.00	1
goods	2026-07	101129	1	1620.00	1440.00	1
goods	2026-07	1031	1	1300.00	1080.00	1
goods	2026-07	1035	1	900.00	696.00	1
goods	2026-07	1066	1	2212.00	1735.00	1
goods	2026-07	1067	3	9199.00	6307.00	3
goods	2026-07	10682	2	1530.00	1268.00	2
goods	2026-07	10683	4	4122.60	3647.30	4
goods	2026-07	1069	2	4540.00	3987.00	2
goods	2026-07	10694	1	2010.00	1910.00	1
goods	2026-07	10695	1	910.00	900.00	1
goods	2026-07	10729	1	1089.54	866.54	1
goods	2026-07	1086	8	7290.14	5717.14	8
goods	2026-07	1089	1	1098.00	879.00	1
goods	2026-07	1128	1	1240.00	1080.00	1
goods	2026-07	1155	1	330.00	275.00	1
goods	2026-07	1177	1	1966.00	1574.00	1
goods	2026-07	1179	1	1449.00	1295.00	1
goods	2026-07	1180	1	2110.00	1881.00	1
goods	2026-07	1185	2	4080.00	3600.00	2
goods	2026-07	1186	1	2139.00	1465.00	1
goods	2026-07	1189	1	2500.00	2070.00	1
goods	2026-07	1190	3	1971.00	1110.00	2
goods	2026-07	1191	7	4675.62	3519.62	6
goods	2026-07	1192	1	700.00	621.00	1
goods	2026-07	1193	2	1420.00	1269.00	2
goods	2026-07	1201	2	880.00	764.00	2
goods	2026-07	1206	1	340.00	270.00	1
goods	2026-07	1211	1	1670.00	1458.00	1
goods	2026-07	1229	2	746.00	657.00	2
goods	2026-07	1234	1	480.00	353.00	1
goods	2026-07	1236	2	2240.00	2045.00	2
goods	2026-07	1247	1	1790.00	1530.00	1
goods	2026-07	1254	2	3474.00	3081.00	2
goods	2026-07	1271	1	756.00	670.00	1
goods	2026-07	1272	1	1260.00	1080.00	1
goods	2026-07	1273	1	570.00	450.00	1
goods	2026-07	1275	2	500.00	376.00	2
goods	2026-07	1276	1	420.00	320.00	1
goods	2026-07	1280	1	249.00	215.00	1
goods	2026-07	130	1	440.00	360.00	1
goods	2026-07	13218	17	14004.76	12413.60	17
goods	2026-07	1336	1	4220.00	3377.00	1
goods	2026-07	1350	1	509.62	440.62	1
goods	2026-07	1356	1	340.00	297.00	1
goods	2026-07	1360	1	710.00	552.00	1
goods	2026-07	1366	3	950.00	804.00	3
goods	2026-07	1370	1	1760.00	1530.00	1
goods	2026-07	1372	1	1488.90	1258.90	1
goods	2026-07	1373	1	1450.00	1120.00	1
goods	2026-07	1378	1	3390.00	3090.00	1
goods	2026-07	1382	1	1500.00	1450.00	1
goods	2026-07	1386	1	2990.00	2310.00	1
goods	2026-07	142260	1	1620.00	1600.00	1
goods	2026-07	1435	1	310.00	240.00	1
goods	2026-07	145	1	480.00	414.00	1
goods	2026-07	1458	1	310.00	270.00	1
goods	2026-07	1471	5	5700.00	4676.00	5
goods	2026-07	1472	4	2960.00	2737.00	4
goods	2026-07	1473	5	3869.00	3325.00	5
goods	2026-07	1474	1	4539.00	3472.00	1
goods	2026-07	1475	1	1700.00	1494.00	1
goods	2026-07	1476	2	3722.00	3295.00	2
goods	2026-07	1478	1	2590.00	2490.00	1
goods	2026-07	1479	3	8060.00	6609.00	3
goods	2026-07	1480	1	510.00	440.00	1
goods	2026-07	1513	1	1360.00	1170.00	1
goods	2026-07	1515	1	2320.00	1998.00	1
goods	2026-07	1516	1	279.00	235.00	1
goods	2026-07	1527	1	550.00	540.00	1
goods	2026-07	1528	1	1890.00	1620.00	1
goods	2026-07	1541	1	320.00	279.00	1
goods	2026-07	1543	2	3027.00	2466.00	2
goods	2026-07	1545	3	3770.00	3258.00	3
goods	2026-07	1546	2	3780.00	3501.00	2
goods	2026-07	1563	3	801.00	610.00	3
goods	2026-07	1567	1	370.00	288.00	1
goods	2026-07	1591	1	1070.00	840.00	1
goods	2026-07	1596	2	2400.00	2106.00	2
goods	2026-07	1597	6	8846.00	7656.00	6
goods	2026-07	1602	1	659.00	584.00	1
goods	2026-07	1606	1	627.00	490.00	1
goods	2026-07	1644	2	3220.00	3005.00	2
goods	2026-07	1646	1	1033.00	920.00	1
goods	2026-07	1651	1	690.00	612.00	1
goods	2026-07	1656	1	2950.00	2610.00	1
goods	2026-07	1659	2	4850.00	4239.00	2
goods	2026-07	1660	2	4320.00	3600.00	2
goods	2026-07	1662	1	1730.00	0.00	0
goods	2026-07	1663	2	3844.00	3586.00	2
goods	2026-07	1668	1	4160.00	3600.00	1
goods	2026-07	1669	1	4010.00	3429.00	1
goods	2026-07	1694	1	340.00	297.00	1
goods	2026-07	1727	2	3540.00	3275.00	2
goods	2026-07	1728	1	1049.00	899.00	1
goods	2026-07	1730	1	1640.00	1630.00	1
goods	2026-07	1740	1	320.00	240.00	1
goods	2026-07	1742	5	3763.00	3223.00	5
goods	2026-07	1780	1	510.00	500.00	1
goods	2026-07	1796	1	310.00	240.00	1
goods	2026-07	1817	1	750.00	657.00	1
goods	2026-07	1835	1	790.00	702.00	1
goods	2026-07	1869	1	1210.00	1044.00	1
goods	2026-07	1884	1	3400.00	3200.00	1
goods	2026-07	1893	1	450.00	352.00	1
goods	2026-07	1898	1	310.00	270.00	1
goods	2026-07	1899	1	320.00	250.00	1
goods	2026-07	19085	1	575.00	440.00	1
goods	2026-07	19251	1	770.00	675.00	1
goods	2026-07	1966	1	1281.82	1020.82	1
goods	2026-07	1967	1	550.00	495.00	1
goods	2026-07	1975	2	1489.00	1313.00	2
goods	2026-07	1977	2	2578.00	2196.00	2
goods	2026-07	1991	1	1364.00	1190.00	1
goods	2026-07	1993	1	1070.00	950.00	1
goods	2026-07	1994	4	6890.00	5880.00	4
goods	2026-07	1999	1	2940.00	2610.00	1
goods	2026-07	2001	1	1670.00	1494.00	1
goods	2026-07	2007	5	6765.00	5961.00	5
goods	2026-07	2013	2	3099.00	2585.00	2
goods	2026-07	2021	2	759.00	665.00	2
goods	2026-07	2043	1	2110.00	1809.00	1
goods	2026-07	2044	1	2557.00	2275.00	1
goods	2026-07	2059	1	850.00	747.00	1
goods	2026-07	21024	1	510.00	450.00	1
goods	2026-07	21065	1	530.00	174.00	1
goods	2026-07	21069	1	579.00	494.00	1
goods	2026-07	2122	2	3160.00	2934.00	2
goods	2026-07	2124	1	1920.32	1885.16	1
goods	2026-07	2125	10	7527.73	6426.73	10
goods	2026-07	2127	4	2798.00	2261.00	4
goods	2026-07	2129	1	1230.00	1017.00	1
goods	2026-07	2130	1	1530.00	1520.00	1
goods	2026-07	2141	3	1470.00	1224.00	3
goods	2026-07	2145	1	1640.00	1280.00	1
goods	2026-07	215	1	838.00	662.00	1
goods	2026-07	2154	1	880.00	667.00	1
goods	2026-07	2158	1	1860.00	1440.00	1
goods	2026-07	2159	2	3280.00	3040.00	2
goods	2026-07	2160	3	1620.00	1413.00	3
goods	2026-07	2162	1	2030.00	1818.00	1
goods	2026-07	2163	2	720.00	576.00	2
goods	2026-07	2168	1	540.00	312.00	1
goods	2026-07	2169	9	8578.54	7708.54	9
goods	2026-07	2170	8	6878.00	5747.00	8
goods	2026-07	2174	1	760.00	657.00	1
goods	2026-07	2176	1	540.00	400.00	1
goods	2026-07	2182	1	860.00	664.00	1
goods	2026-07	223	1	1020.00	909.00	1
goods	2026-07	2244	5	5451.00	4833.00	5
goods	2026-07	2246	20	24959.00	21407.00	20
goods	2026-07	2247	20	26248.39	22489.72	20
goods	2026-07	2271	1	865.00	750.00	1
goods	2026-07	229	2	940.00	801.00	2
goods	2026-07	232	1	630.00	560.00	1
goods	2026-07	2344	1	570.00	450.00	1
goods	2026-07	235	4	6560.00	5741.00	4
goods	2026-07	2413	1	2770.00	2160.00	1
goods	2026-07	242	3	2919.00	2546.00	3
goods	2026-07	2433	2	4276.34	3740.34	2
goods	2026-07	2434	1	2140.00	1890.00	1
goods	2026-07	24439	1	770.00	625.00	1
goods	2026-07	245	2	1799.00	1415.00	2
goods	2026-07	24761	1	1650.00	1440.00	1
goods	2026-07	2478	1	8020.00	8000.00	1
goods	2026-07	2481	6	6798.75	5933.75	6
goods	2026-07	2482	2	2460.00	2220.00	2
goods	2026-07	2489	102	142391.85	125235.85	102
goods	2026-07	249	2	2079.00	1763.00	2
goods	2026-07	2491	2	2169.66	1844.66	2
goods	2026-07	2492	3	1822.00	1570.00	3
goods	2026-07	2497	3	810.00	573.00	3
goods	2026-07	2508	1	330.00	288.00	1
goods	2026-07	2510	5	2396.00	1828.00	5
goods	2026-07	2511	2	1760.00	1536.00	2
goods	2026-07	2512	2	1240.00	1089.00	2
goods	2026-07	2514	5	5129.00	4463.00	5
goods	2026-07	2518	1	1340.00	1330.00	1
goods	2026-07	2520	2	1740.00	1634.00	2
goods	2026-07	25266	1	2790.00	2192.00	1
goods	2026-07	2530	8	7332.00	6395.00	8
goods	2026-07	2540	1	820.00	720.00	1
goods	2026-07	2564	1	980.00	873.00	1
goods	2026-07	2574	1	1280.00	984.00	1
goods	2026-07	2600	1	310.00	224.00	1
goods	2026-07	26528	1	5650.00	4360.00	1
goods	2026-07	2756	1	440.00	387.00	1
goods	2026-07	28202	1	1253.24	1073.24	1
goods	2026-07	288	2	6140.00	5801.00	2
goods	2026-07	289	5	16759.00	14360.00	5
goods	2026-07	29768	1	1800.00	1600.00	1
goods	2026-07	299	1	1170.00	1026.00	1
goods	2026-07	30812	1	650.00	567.00	1
goods	2026-07	30959	1	900.00	801.00	1
goods	2026-07	313	1	1190.00	953.00	1
goods	2026-07	319	1	280.00	180.00	1
goods	2026-07	324	6	2216.00	1964.00	6
goods	2026-07	325	2	760.00	592.00	2
goods	2026-07	32667	1	780.00	675.00	1
goods	2026-07	328	3	1223.00	1036.00	3
goods	2026-07	32837	1	740.00	609.00	1
goods	2026-07	33075	2	1860.00	1660.00	2
goods	2026-07	331	1	3060.00	2745.00	1
goods	2026-07	333	1	538.26	414.26	1
goods	2026-07	337	1	1240.00	1071.00	1
goods	2026-07	340	3	4900.00	4134.00	3
goods	2026-07	342	2	2770.00	2538.00	2
goods	2026-07	344	1	2459.00	2195.00	1
goods	2026-07	350	1	1160.00	880.00	1
goods	2026-07	353	1	440.00	387.00	1
goods	2026-07	355	1	500.00	360.00	1
goods	2026-07	35501	1	520.00	400.00	1
goods	2026-07	357	1	1350.00	1125.00	1
goods	2026-07	363	1	320.00	258.00	1
goods	2026-07	36364	1	780.00	684.00	1
goods	2026-07	36366	1	769.80	591.80	1
goods	2026-07	36416	1	860.00	790.00	1
goods	2026-07	367	1	1140.00	940.00	1
goods	2026-07	372	1	3290.00	3240.00	1
goods	2026-07	3745	6	7556.00	6239.65	6
goods	2026-07	3748	16	19899.15	17677.15	16
goods	2026-07	383	1	380.00	333.00	1
goods	2026-07	3831	4	3118.78	2716.78	4
goods	2026-07	38561	3	1660.00	1529.00	3
goods	2026-07	3869	1	620.00	540.00	1
goods	2026-07	3870	1	1910.00	1710.00	1
goods	2026-07	38777	1	530.00	400.00	1
goods	2026-07	38857	6	10189.00	8395.00	6
goods	2026-07	39060	1	490.00	432.00	1
goods	2026-07	39063	1	290.00	224.00	1
goods	2026-07	39165	1	4940.00	4939.00	1
goods	2026-07	39175	1	894.84	759.84	1
goods	2026-07	39176	1	1260.00	960.00	1
goods	2026-07	39328	1	1880.00	1647.00	1
goods	2026-07	394	1	1220.00	1089.00	1
goods	2026-07	39408	1	1110.00	871.00	1
goods	2026-07	39469	1	1020.00	800.00	1
goods	2026-07	39561	1	2910.00	2520.00	1
goods	2026-07	39582	1	280.00	216.00	1
goods	2026-07	39594	1	240.00	207.00	1
goods	2026-07	39596	2	658.00	529.00	2
goods	2026-07	39640	1	430.00	320.00	1
goods	2026-07	39642	2	860.00	696.00	2
goods	2026-07	39644	2	940.00	810.00	2
goods	2026-07	39645	5	3049.00	2423.00	5
goods	2026-07	39649	7	4916.40	3958.50	7
goods	2026-07	39654	1	950.00	900.00	1
goods	2026-07	39655	2	1892.00	1610.00	2
goods	2026-07	39658	3	2955.00	2269.00	3
goods	2026-07	39663	1	1092.00	1075.00	1
goods	2026-07	39664	1	2600.00	2295.00	1
goods	2026-07	39668	3	4500.00	3685.00	3
goods	2026-07	39669	2	3000.00	2705.00	2
goods	2026-07	39715	3	1678.00	1419.00	3
goods	2026-07	39716	1	560.00	440.00	1
goods	2026-07	39927	3	2100.00	1767.00	3
goods	2026-07	39973	1	700.00	603.00	1
goods	2026-07	402	1	310.00	270.00	1
goods	2026-07	40219	2	1451.00	1198.00	2
goods	2026-07	40240	1	1280.00	1125.00	1
goods	2026-07	40243	1	870.00	765.00	1
goods	2026-07	40252	1	2030.00	1618.00	1
goods	2026-07	40291	2	1260.00	1080.00	2
goods	2026-07	40293	1	770.00	675.00	1
goods	2026-07	40295	1	1650.00	1440.00	1
goods	2026-07	40297	1	3340.00	3040.00	1
goods	2026-07	40353	1	1190.00	1044.00	1
goods	2026-07	40366	1	1190.00	1071.00	1
goods	2026-07	40367	1	1280.00	1125.00	1
goods	2026-07	40371	1	768.00	655.00	1
goods	2026-07	40464	2	1720.00	1574.00	2
goods	2026-07	40466	1	1610.00	1590.00	1
goods	2026-07	40467	1	1110.00	981.00	1
goods	2026-07	40469	3	3590.00	3026.00	3
goods	2026-07	40531	1	460.00	360.00	1
goods	2026-07	40560	1	790.00	630.00	1
goods	2026-07	4088	1	1980.00	1950.00	1
goods	2026-07	40903	1	360.00	292.00	1
goods	2026-07	410	5	12779.44	11088.44	5
goods	2026-07	41460	1	1869.00	1655.00	1
goods	2026-07	41538	1	1110.00	999.00	1
goods	2026-07	41543	1	430.00	360.00	1
goods	2026-07	41544	2	740.00	576.00	2
goods	2026-07	41548	1	550.00	432.00	1
goods	2026-07	41565	1	1870.00	1620.00	1
goods	2026-07	41589	1	2290.00	1971.00	1
goods	2026-07	41591	2	2900.00	2660.00	2
goods	2026-07	41592	1	2840.00	2466.00	1
goods	2026-07	425	1	1570.00	1323.00	1
goods	2026-07	42577	1	1200.00	990.00	1
goods	2026-07	426	3	4194.00	3851.00	3
goods	2026-07	427	6	5752.90	4848.90	6
goods	2026-07	430	1	2900.00	2520.00	1
goods	2026-07	43054	1	600.00	462.00	1
goods	2026-07	434	1	2018.00	1635.00	1
goods	2026-07	4367	1	630.00	540.00	1
goods	2026-07	44740	1	1200.00	1035.00	1
goods	2026-07	45169	1	477.00	370.00	1
goods	2026-07	45225	1	388.00	315.00	1
goods	2026-07	459	1	460.00	338.00	1
goods	2026-07	45904	1	2106.00	1850.00	1
goods	2026-07	45905	1	1280.00	1080.00	1
goods	2026-07	45907	1	2410.00	2360.00	1
goods	2026-07	45909	3	7350.00	6200.00	3
goods	2026-07	45911	1	1960.00	0.00	0
goods	2026-07	481	1	1930.00	1710.00	1
goods	2026-07	48878	1	3530.00	2664.00	1
goods	2026-07	49959	1	1428.00	930.00	1
goods	2026-07	51154	1	1260.00	1125.00	1
goods	2026-07	51158	1	320.00	279.00	1
goods	2026-07	51159	1	3739.00	3230.00	1
goods	2026-07	51160	1	2550.00	2250.00	1
goods	2026-07	51165	2	864.00	740.00	2
goods	2026-07	51601	2	650.00	450.00	2
goods	2026-07	51709	8	4436.67	3975.67	8
goods	2026-07	51712	1	1380.00	1170.00	1
goods	2026-07	51715	1	1510.00	1359.00	1
goods	2026-07	51716	4	4974.00	4282.00	4
goods	2026-07	51759	1	1898.00	1690.00	1
goods	2026-07	51761	3	4918.00	4064.00	3
goods	2026-07	524	1	1290.00	1080.00	1
goods	2026-07	526	1	2280.00	1782.00	1
goods	2026-07	527	1	1639.96	1439.96	1
goods	2026-07	531	2	2175.00	1837.00	2
goods	2026-07	532	1	420.00	360.00	1
goods	2026-07	53496	1	1527.00	1270.00	1
goods	2026-07	53498	1	3170.00	2673.00	1
goods	2026-07	53499	1	570.00	495.00	1
goods	2026-07	537	1	1200.00	1053.00	1
goods	2026-07	53826	1	2138.00	1924.00	1
goods	2026-07	55980	1	960.00	819.00	1
goods	2026-07	56650	1	2190.00	2090.00	1
goods	2026-07	56654	2	8520.00	7243.00	2
goods	2026-07	57506	1	1020.00	900.00	1
goods	2026-07	57520	1	1500.00	1260.00	1
goods	2026-07	57538	1	2220.00	1953.00	1
goods	2026-07	57548	1	1060.00	1030.00	1
goods	2026-07	57549	2	3260.00	2880.00	2
goods	2026-07	57555	1	9020.00	7217.00	1
goods	2026-07	57573	1	2610.00	2340.00	1
goods	2026-07	57588	1	2900.00	2520.00	1
goods	2026-07	57803	3	1260.00	1098.00	3
goods	2026-07	580	1	1936.00	1706.00	1
goods	2026-07	58069	4	5726.00	4964.00	4
goods	2026-07	58073	1	1377.00	1230.00	1
goods	2026-07	58074	1	580.00	477.00	1
goods	2026-07	58090	1	560.00	486.00	1
goods	2026-07	58903	3	2360.00	1826.00	3
goods	2026-07	597	2	4700.00	4230.00	2
goods	2026-07	598	2	7239.00	6424.00	2
goods	2026-07	60106	1	240.00	190.00	1
goods	2026-07	604	1	3670.00	3240.00	1
goods	2026-07	605	1	3860.00	3465.00	1
goods	2026-07	608	1	1240.00	1000.00	1
goods	2026-07	61094	4	2648.00	2338.00	4
goods	2026-07	611	3	3490.00	3312.00	3
goods	2026-07	61545	3	4438.20	3580.20	3
goods	2026-07	61546	1	1538.00	1465.00	1
goods	2026-07	616	1	920.00	918.00	1
goods	2026-07	618	1	1973.00	1730.00	1
goods	2026-07	622	2	3310.00	2758.00	2
goods	2026-07	62504	1	1087.00	790.00	1
goods	2026-07	626	1	2400.00	2390.00	1
goods	2026-07	62674	1	3812.00	3160.00	1
goods	2026-07	630	1	959.00	805.00	1
goods	2026-07	631	5	4285.00	3729.00	5
goods	2026-07	63678	2	1020.00	734.00	2
goods	2026-07	63686	1	360.00	315.00	1
goods	2026-07	63692	1	310.00	270.00	1
goods	2026-07	63701	2	1240.00	1094.00	2
goods	2026-07	63724	1	377.00	0.00	0
goods	2026-07	64034	1	680.00	585.00	1
goods	2026-07	64037	1	2450.00	2160.00	1
goods	2026-07	64154	3	1105.89	888.89	3
goods	2026-07	64155	1	520.00	450.00	1
goods	2026-07	644	1	2670.00	2358.00	1
goods	2026-07	650	1	4400.00	3600.00	1
goods	2026-07	65935	1	280.00	243.00	1
goods	2026-07	661	1	1705.00	1490.00	1
goods	2026-07	663	1	2300.00	2200.00	1
goods	2026-07	669	2	4106.10	3364.10	2
goods	2026-07	67633	3	2306.00	1746.00	3
goods	2026-07	67634	1	480.00	423.00	1
goods	2026-07	67635	3	1829.00	1650.00	3
goods	2026-07	67636	2	1879.00	1464.00	2
goods	2026-07	67637	6	6758.00	5838.00	6
goods	2026-07	67638	1	2025.00	1621.00	1
goods	2026-07	67639	5	13529.00	12459.00	5
goods	2026-07	67640	1	1032.00	1016.00	1
goods	2026-07	67641	4	5379.00	4796.00	4
goods	2026-07	67642	1	2360.00	2124.00	1
goods	2026-07	67643	1	3140.00	2496.00	1
goods	2026-07	67856	1	1440.00	1120.00	1
goods	2026-07	679	8	6210.00	5426.00	8
goods	2026-07	682	2	3240.00	2826.00	2
goods	2026-07	684	1	1071.60	881.60	1
goods	2026-07	685	2	2560.00	2205.00	2
goods	2026-07	68729	2	1730.00	1512.00	2
goods	2026-07	68730	2	3210.00	2790.00	2
goods	2026-07	688	2	5020.00	4660.00	2
goods	2026-07	68901	1	2120.00	1890.00	1
goods	2026-07	68903	1	2417.00	2130.00	1
goods	2026-07	68909	6	11039.00	9193.00	6
goods	2026-07	68913	4	11620.00	10020.00	4
goods	2026-07	692	1	2510.00	2214.00	1
goods	2026-07	70298	1	659.00	575.00	1
goods	2026-07	70299	1	659.00	575.00	1
goods	2026-07	703	3	3298.00	1656.00	2
goods	2026-07	70303	1	660.00	504.00	1
goods	2026-07	70312	1	950.00	828.00	1
goods	2026-07	70317	2	1540.00	900.00	2
goods	2026-07	70318	1	768.00	664.00	1
goods	2026-07	70327	3	3030.00	2582.00	3
goods	2026-07	70328	1	1003.00	789.00	1
goods	2026-07	70331	1	680.00	650.00	1
goods	2026-07	704	4	8320.00	7093.00	4
goods	2026-07	707	1	1230.00	1064.00	1
goods	2026-07	710	1	1920.00	1683.00	1
goods	2026-07	71306	1	510.00	441.00	1
goods	2026-07	71308	1	270.00	200.00	1
goods	2026-07	71330	1	280.00	209.00	1
goods	2026-07	719	4	5793.00	4985.00	4
goods	2026-07	71994	2	960.00	807.00	2
goods	2026-07	720	6	11264.61	9744.61	6
goods	2026-07	725	2	938.00	758.00	2
goods	2026-07	726	2	1620.00	1269.00	2
goods	2026-07	72870	1	610.00	531.00	1
goods	2026-07	73079	1	480.00	423.00	1
goods	2026-07	732	1	1500.00	1305.00	1
goods	2026-07	73240	1	950.00	837.00	1
goods	2026-07	73776	1	377.00	190.00	1
goods	2026-07	741	1	3520.00	2943.00	1
goods	2026-07	747	2	2350.00	1894.00	2
goods	2026-07	750	1	1300.00	1270.00	1
goods	2026-07	757	1	1470.00	1305.00	1
goods	2026-07	76287	2	2692.00	1319.00	2
goods	2026-07	76288	5	7498.00	6556.00	5
goods	2026-07	76882	2	5878.00	5227.00	2
goods	2026-07	773	2	2710.00	2367.00	2
goods	2026-07	781	2	2680.00	2210.00	2
goods	2026-07	782	4	6680.00	5681.00	4
goods	2026-07	783	1	1830.00	1602.00	1
goods	2026-07	78608	1	229.50	176.00	1
goods	2026-07	800	4	1880.00	1561.00	4
goods	2026-07	812	1	5080.00	4780.00	1
goods	2026-07	816	1	3120.00	3090.00	1
goods	2026-07	832	3	2400.00	2262.00	3
goods	2026-07	842	2	2080.00	1800.00	2
goods	2026-07	843	4	4800.00	3900.00	4
goods	2026-07	848	1	1150.00	980.00	1
goods	2026-07	849	1	1260.00	1080.00	1
goods	2026-07	859	1	480.00	405.00	1
goods	2026-07	862	3	1560.00	1350.00	3
goods	2026-07	876	5	4281.27	3767.27	5
goods	2026-07	880	1	1148.00	1015.00	1
goods	2026-07	88769	1	3430.00	2727.00	1
goods	2026-07	889	1	1140.00	990.00	1
goods	2026-07	89633	1	910.00	900.00	1
goods	2026-07	89638	1	680.00	440.00	1
goods	2026-07	89645	4	1157.51	1015.51	4
goods	2026-07	89646	1	760.00	675.00	1
goods	2026-07	897	1	1540.00	1350.00	1
goods	2026-07	898	1	1830.00	1620.00	1
goods	2026-07	901	1	2487.00	1950.00	1
goods	2026-07	902	1	1500.00	1120.00	1
goods	2026-07	903	2	2498.00	2230.00	2
goods	2026-07	908	1	1670.00	1296.00	1
goods	2026-07	909	1	850.00	756.00	1
goods	2026-07	910	2	1720.00	1387.00	2
goods	2026-07	912	2	3390.00	3006.00	2
goods	2026-07	915	2	1120.00	1045.00	2
goods	2026-07	920	1	809.00	719.00	1
goods	2026-07	93380	1	2700.00	2376.00	1
goods	2026-07	937	1	1110.00	972.00	1
goods	2026-07	942	2	3168.61	2833.61	2
goods	2026-07	958	1	560.00	436.00	1
goods	2026-07	96114	1	2360.00	1840.00	1
goods	2026-07	96116	1	1410.00	1224.00	1
goods	2026-07	977	2	2199.00	1952.00	2
goods	2026-07	983	1	620.00	504.00	1
goods	2026-07	986	1	529.00	343.00	1
goods	2026-07	991	8	4981.70	4179.70	8
goods	2026-08	1008	1	1140.00	1000.00	1
goods	2026-08	101124	2	1020.00	941.00	2
goods	2026-08	1015	1	1240.00	1100.00	1
goods	2026-08	1021	2	2080.00	1846.00	2
goods	2026-08	1027	1	560.00	540.00	1
goods	2026-08	1028	1	760.00	740.00	1
goods	2026-08	1030	1	510.00	500.00	1
goods	2026-08	1057	1	630.00	610.00	1
goods	2026-08	1063	1	1240.00	1200.00	1
goods	2026-08	1066	1	2220.00	2000.00	1
goods	2026-08	1067	1	2450.00	1845.00	1
goods	2026-08	10683	1	810.00	800.00	1
goods	2026-08	10688	1	350.00	330.00	1
goods	2026-08	10729	2	1520.00	1421.00	2
goods	2026-08	10731	1	1380.00	1180.00	1
goods	2026-08	1077	1	3480.00	2980.00	1
goods	2026-08	1086	14	13438.00	12576.73	14
goods	2026-08	1095	2	2700.00	2506.00	2
goods	2026-08	1102	3	2760.00	2670.00	3
goods	2026-08	1108	1	360.00	340.00	1
goods	2026-08	1188	1	3390.00	3000.00	1
goods	2026-08	1190	3	1980.00	1885.00	3
goods	2026-08	1192	1	700.00	690.00	1
goods	2026-08	1193	2	1440.00	1400.00	2
goods	2026-08	1217	1	1020.00	900.00	1
goods	2026-08	1232	1	370.00	234.00	1
goods	2026-08	12417	1	390.00	380.00	1
goods	2026-08	1245	1	2650.00	2255.00	1
goods	2026-08	125	2	560.00	431.00	2
goods	2026-08	1253	1	1390.00	1242.00	1
goods	2026-08	1255	1	1730.00	1450.00	1
goods	2026-08	1273	1	570.00	495.00	1
goods	2026-08	13218	1	870.00	760.00	1
goods	2026-08	13277	1	320.00	310.00	1
goods	2026-08	1331	1	490.00	440.00	1
goods	2026-08	1348	1	280.00	270.00	1
goods	2026-08	1352	1	420.00	410.00	1
goods	2026-08	1354	1	320.00	279.00	1
goods	2026-08	1356	1	340.00	330.00	1
goods	2026-08	1369	1	1577.00	1410.00	1
goods	2026-08	1377	1	2030.00	1950.00	1
goods	2026-08	138	2	780.00	760.00	2
goods	2026-08	1386	1	2990.00	2690.00	1
goods	2026-08	139384	1	1850.00	1700.00	1
goods	2026-08	1407	3	3920.00	3544.00	3
goods	2026-08	1417	1	370.00	360.00	1
goods	2026-08	142258	1	1600.00	1500.00	1
goods	2026-08	142259	1	1600.00	1500.00	1
goods	2026-08	142263	2	1570.00	1530.00	2
goods	2026-08	142264	2	1780.00	1710.00	2
goods	2026-08	142266	3	2840.00	2620.00	3
goods	2026-08	142267	3	2840.00	2690.00	3
goods	2026-08	142268	2	2640.00	2580.00	2
goods	2026-08	142269	1	1280.00	1180.00	1
goods	2026-08	142277	1	1550.00	1500.00	1
goods	2026-08	142295	1	760.00	740.00	1
goods	2026-08	142297	1	860.00	840.00	1
goods	2026-08	142298	1	990.00	900.00	1
goods	2026-08	142300	4	4800.00	4670.00	4
goods	2026-08	142303	2	3040.00	2840.00	2
goods	2026-08	142306	1	1980.00	1680.00	1
goods	2026-08	142308	1	610.00	610.00	1
goods	2026-08	1435	1	460.00	450.00	1
goods	2026-08	1441	1	1040.00	1000.00	1
goods	2026-08	1459	1	290.00	280.00	1
goods	2026-08	1469	2	1040.01	1000.01	2
goods	2026-08	1471	3	3480.00	3230.00	3
goods	2026-08	1472	5	3480.00	3209.00	5
goods	2026-08	1473	3	2260.00	2028.00	3
goods	2026-08	1476	3	5310.00	5030.00	3
goods	2026-08	1478	1	2580.00	2480.00	1
goods	2026-08	1483	1	300.00	261.00	1
goods	2026-08	1484	3	5097.00	4590.00	3
goods	2026-08	1511	1	591.00	540.00	1
goods	2026-08	1512	1	990.00	970.00	1
goods	2026-08	1515	1	3840.00	3240.00	1
goods	2026-08	1522	1	1700.00	1520.00	1
goods	2026-08	1523	2	1719.00	1520.00	2
goods	2026-08	1544	1	1540.01	1450.01	1
goods	2026-08	1545	1	1100.00	1090.00	1
goods	2026-08	1558	2	1820.00	1760.00	2
goods	2026-08	156	1	330.00	300.00	1
goods	2026-08	1563	2	540.00	484.00	2
goods	2026-08	1566	2	1100.00	1070.00	2
goods	2026-08	1567	1	1470.00	1370.00	1
goods	2026-08	1597	1	2510.00	2400.00	1
goods	2026-08	1600	1	2540.00	2400.00	1
goods	2026-08	1614	1	3080.00	2142.00	1
goods	2026-08	1633	1	330.00	270.00	1
goods	2026-08	1646	2	2970.00	2820.00	2
goods	2026-08	1659	1	2680.00	2380.00	1
goods	2026-08	1660	2	5370.00	5150.00	2
goods	2026-08	1663	2	5180.00	4820.00	2
goods	2026-08	1668	1	2130.00	1830.00	1
goods	2026-08	1681	1	920.00	910.00	1
goods	2026-08	1682	1	920.00	648.00	1
goods	2026-08	1728	1	630.00	610.00	1
goods	2026-08	1735	1	370.00	320.00	1
goods	2026-08	1770	1	300.00	290.00	1
goods	2026-08	1782	1	290.00	270.00	1
goods	2026-08	1796	1	180.00	180.00	1
goods	2026-08	1802	2	1340.00	1320.00	2
goods	2026-08	1883	2	4920.00	4230.00	2
goods	2026-08	1896	2	960.00	864.00	2
goods	2026-08	1900	1	400.00	390.00	1
goods	2026-08	1901	1	250.00	240.00	1
goods	2026-08	19082	1	560.00	540.00	1
goods	2026-08	1967	1	263.00	250.00	1
goods	2026-08	1973	1	1400.00	1300.00	1
goods	2026-08	1975	3	2400.01	2232.01	3
goods	2026-08	1977	1	1390.00	1290.00	1
goods	2026-08	1985	1	1400.00	1400.00	1
goods	2026-08	1994	6	9180.02	8528.02	6
goods	2026-08	2007	4	5160.00	4940.00	4
goods	2026-08	2013	1	1550.00	1450.00	1
goods	2026-08	2024	1	2520.01	2500.01	1
goods	2026-08	2025	1	570.00	520.00	1
goods	2026-08	2026	1	950.00	940.00	1
goods	2026-08	2028	1	2470.00	2205.00	1
goods	2026-08	20679	1	310.00	300.00	1
goods	2026-08	20693	1	340.00	330.00	1
goods	2026-08	21024	2	1000.00	970.00	2
goods	2026-08	211	1	370.00	350.00	1
goods	2026-08	2122	1	1580.00	1500.00	1
goods	2026-08	2127	24	17567.00	16257.00	24
goods	2026-08	2141	3	1480.00	1393.00	3
goods	2026-08	21433	1	1050.00	950.00	1
goods	2026-08	2144	1	2080.00	1845.00	1
goods	2026-08	2148	1	1921.00	1771.00	1
goods	2026-08	2158	1	1580.00	1570.00	1
goods	2026-08	2159	2	3280.00	3220.00	2
goods	2026-08	2161	1	588.00	520.00	1
goods	2026-08	2163	1	290.00	252.00	1
goods	2026-08	2181	1	820.00	800.00	1
goods	2026-08	2182	1	860.00	850.00	1
goods	2026-08	220	1	420.00	400.00	1
goods	2026-08	2205	1	1000.00	980.00	1
goods	2026-08	223	1	625.00	625.00	1
goods	2026-08	22360	1	1050.00	1000.00	1
goods	2026-08	2246	5	6400.00	5574.00	5
goods	2026-08	2247	1	1240.00	1140.00	1
goods	2026-08	22590	1	1150.00	1100.00	1
goods	2026-08	22594	1	1470.00	1260.00	1
goods	2026-08	22604	1	1650.00	1600.00	1
goods	2026-08	22606	1	2060.00	1960.00	1
goods	2026-08	2272	2	3990.00	3900.00	2
goods	2026-08	2275	2	8680.00	7780.00	2
goods	2026-08	2336	1	6480.00	4680.00	1
goods	2026-08	2344	1	560.00	520.00	1
goods	2026-08	242	5	5330.01	4859.01	5
goods	2026-08	2433	2	5540.00	5100.00	2
goods	2026-08	2434	1	2140.00	2000.00	1
goods	2026-08	24439	1	470.00	405.00	1
goods	2026-08	245	1	900.00	850.00	1
goods	2026-08	247	1	1650.00	1550.00	1
goods	2026-08	24761	1	1150.00	550.00	1
goods	2026-08	24785	2	640.00	630.00	2
goods	2026-08	24786	1	410.00	400.00	1
goods	2026-08	24787	2	1460.00	1218.00	2
goods	2026-08	2481	2	2140.00	2050.00	2
goods	2026-08	2482	1	820.00	800.00	1
goods	2026-08	2489	51	63294.00	58187.46	51
goods	2026-08	249	12	12418.00	11752.00	12
goods	2026-08	2492	1	630.00	620.00	1
goods	2026-08	2497	3	810.00	744.00	3
goods	2026-08	2498	2	600.00	580.00	2
goods	2026-08	2511	2	1880.01	1830.01	2
goods	2026-08	2530	2	2055.00	1822.00	2
goods	2026-08	2534	1	250.00	240.00	1
goods	2026-08	2559	1	320.00	310.00	1
goods	2026-08	2574	1	720.00	700.00	1
goods	2026-08	2583	1	310.00	300.00	1
goods	2026-08	2594	1	360.00	315.00	1
goods	2026-08	270	1	320.00	248.00	1
goods	2026-08	276	1	260.00	250.00	1
goods	2026-08	288	1	2560.00	2400.00	1
goods	2026-08	299	3	3710.00	2955.00	3
goods	2026-08	308	1	410.00	400.00	1
goods	2026-08	310	2	1616.00	1450.00	2
goods	2026-08	313	3	3570.01	3360.01	3
goods	2026-08	324	2	749.00	692.00	2
goods	2026-08	32618	1	480.00	405.00	1
goods	2026-08	33076	1	2350.00	2200.00	1
goods	2026-08	33644	1	4980.00	3762.00	1
goods	2026-08	337	1	1240.00	1200.00	1
goods	2026-08	339	1	1330.00	1300.00	1
goods	2026-08	340	2	3200.00	2972.00	2
goods	2026-08	342	1	1450.00	1278.00	1
goods	2026-08	34208	1	480.00	410.00	1
goods	2026-08	346	2	780.00	720.00	2
goods	2026-08	350	2	2320.00	2200.00	2
goods	2026-08	355	1	470.00	460.00	1
goods	2026-08	356	1	960.00	0.00	0
goods	2026-08	3673	1	270.00	260.00	1
goods	2026-08	3690	1	320.00	310.00	1
goods	2026-08	3745	6	8290.00	6480.00	5
goods	2026-08	3748	7	8800.00	7516.00	7
goods	2026-08	38481	2	1700.00	1617.00	2
goods	2026-08	38485	1	240.00	240.00	1
goods	2026-08	38559	1	680.00	660.00	1
goods	2026-08	38647	1	380.00	370.00	1
goods	2026-08	38777	1	530.00	417.00	1
goods	2026-08	38857	4	6680.00	5836.00	4
goods	2026-08	39054	1	380.00	370.00	1
goods	2026-08	391	1	277.00	240.00	1
goods	2026-08	39582	2	730.00	650.00	2
goods	2026-08	39589	1	250.00	200.00	1
goods	2026-08	39642	1	520.00	480.00	1
goods	2026-08	39643	5	2528.00	2238.00	5
goods	2026-08	39644	10	5124.00	4206.00	9
goods	2026-08	39651	9	7197.00	6583.11	9
goods	2026-08	39654	1	950.00	810.00	1
goods	2026-08	39658	4	4250.00	3736.00	4
goods	2026-08	39663	2	3290.00	2972.00	2
goods	2026-08	39664	11	17450.00	15320.00	11
goods	2026-08	39665	6	10020.00	8640.00	6
goods	2026-08	39666	3	5130.00	4590.00	3
goods	2026-08	39667	1	1500.00	1400.00	1
goods	2026-08	39668	5	6950.00	6030.00	5
goods	2026-08	39669	4	6060.00	5543.00	4
goods	2026-08	39707	1	860.00	840.00	1
goods	2026-08	39776	1	950.00	900.00	1
goods	2026-08	39777	2	3300.00	2950.00	2
goods	2026-08	39934	2	3380.00	3030.00	2
goods	2026-08	40243	1	870.00	860.00	1
goods	2026-08	40252	1	2030.00	1800.00	1
goods	2026-08	40253	1	3300.01	3000.01	1
goods	2026-08	40341	2	1537.00	1280.00	2
goods	2026-08	40354	1	1780.00	1530.00	1
goods	2026-08	40362	1	1100.00	972.00	1
goods	2026-08	40363	1	1740.00	1440.00	1
goods	2026-08	40364	3	6510.00	5990.00	3
goods	2026-08	40370	1	500.00	431.30	1
goods	2026-08	40375	2	3030.00	2850.00	2
goods	2026-08	40466	2	2100.00	1836.00	2
goods	2026-08	40613	1	370.00	315.00	1
goods	2026-08	40845	1	480.00	450.00	1
goods	2026-08	410	1	2220.00	2195.00	1
goods	2026-08	41202	1	420.00	400.00	1
goods	2026-08	41460	1	1870.00	1800.00	1
goods	2026-08	41542	2	2900.00	2700.00	2
goods	2026-08	41547	2	740.00	710.00	2
goods	2026-08	41548	2	1083.00	940.00	2
goods	2026-08	41549	1	1190.00	1090.00	1
goods	2026-08	41551	1	1300.00	1143.00	1
goods	2026-08	41552	1	1880.00	1870.00	1
goods	2026-08	41565	1	1870.00	1620.00	1
goods	2026-08	41588	1	660.00	650.00	1
goods	2026-08	416	2	2980.01	2580.01	2
goods	2026-08	425	2	2660.01	2430.01	2
goods	2026-08	42557	3	1530.00	1400.00	3
goods	2026-08	426	1	1100.00	970.00	1
goods	2026-08	427	3	2880.00	2800.00	3
goods	2026-08	430	1	2900.00	2700.00	1
goods	2026-08	433	1	1890.00	1740.00	1
goods	2026-08	434	1	2029.00	1694.00	1
goods	2026-08	435	2	4520.00	4260.00	2
goods	2026-08	456	2	1200.00	1180.00	2
goods	2026-08	459	1	460.00	420.00	1
goods	2026-08	45905	2	2560.00	2399.00	2
goods	2026-08	45909	1	2450.00	2250.00	1
goods	2026-08	463	1	2000.00	1800.00	1
goods	2026-08	464	1	1890.00	1800.00	1
goods	2026-08	481	1	1930.00	1830.00	1
goods	2026-08	487	1	460.00	396.00	1
goods	2026-08	488	1	579.00	512.00	1
goods	2026-08	489	3	1180.00	955.00	3
goods	2026-08	500	3	2160.00	2030.00	3
goods	2026-08	507	1	1160.00	1100.00	1
goods	2026-08	51154	1	1580.00	1480.00	1
goods	2026-08	51165	1	860.00	765.00	1
goods	2026-08	513	1	900.00	800.00	1
goods	2026-08	5169	1	1040.00	1000.00	1
goods	2026-08	51709	1	510.00	500.00	1
goods	2026-08	5185	1	576.00	505.00	1
goods	2026-08	526	2	4840.00	4340.00	2
goods	2026-08	53496	1	1640.00	1639.00	1
goods	2026-08	537	1	1780.00	1422.00	1
goods	2026-08	56651	1	3170.00	2538.00	1
goods	2026-08	57490	1	2220.00	1376.00	1
goods	2026-08	57510	1	1970.00	1730.00	1
goods	2026-08	57803	1	420.00	369.00	1
goods	2026-08	58369	1	720.00	700.00	1
goods	2026-08	58903	1	900.00	850.00	1
goods	2026-08	61091	1	307.00	306.00	1
goods	2026-08	61545	1	441.00	367.00	1
goods	2026-08	61546	1	1640.00	1600.00	1
goods	2026-08	616	1	1020.00	1000.00	1
goods	2026-08	62669	1	2720.00	2490.00	1
goods	2026-08	63687	1	260.00	250.00	1
goods	2026-08	64037	1	799.00	710.00	1
goods	2026-08	64154	1	380.00	370.00	1
goods	2026-08	649	1	1910.00	1900.00	1
goods	2026-08	65185	1	670.00	620.00	1
goods	2026-08	65191	1	700.00	650.00	1
goods	2026-08	663	1	1150.00	1100.00	1
goods	2026-08	669	1	1710.00	1690.00	1
goods	2026-08	673	2	3680.00	3320.00	2
goods	2026-08	67403	1	580.00	459.00	1
goods	2026-08	67636	1	860.00	840.00	1
goods	2026-08	67637	1	1060.00	781.00	1
goods	2026-08	67638	1	1840.00	1800.00	1
goods	2026-08	67640	1	1140.00	990.00	1
goods	2026-08	67641	1	1200.00	1040.00	1
goods	2026-08	67643	1	2380.00	1962.00	1
goods	2026-08	685	1	1280.00	1200.00	1
goods	2026-08	687	1	2260.00	2100.00	1
goods	2026-08	68727	2	3200.00	3000.00	2
goods	2026-08	68901	1	2110.00	2000.00	1
goods	2026-08	68909	5	8800.00	7935.00	5
goods	2026-08	68913	3	7410.00	6773.00	3
goods	2026-08	696	1	1630.00	1530.00	1
goods	2026-08	70299	1	660.00	640.00	1
goods	2026-08	70301	1	820.00	800.00	1
goods	2026-08	70313	3	2850.00	2622.91	3
goods	2026-08	70316	1	770.00	750.00	1
goods	2026-08	70322	1	1200.00	990.00	1
goods	2026-08	70337	1	1110.00	1010.00	1
goods	2026-08	704	1	1260.00	1245.00	1
goods	2026-08	71330	1	270.00	225.00	1
goods	2026-08	71675	1	1540.00	1500.00	1
goods	2026-08	719	1	1450.00	1400.00	1
goods	2026-08	71997	1	480.00	460.00	1
goods	2026-08	72387	1	620.00	600.00	1
goods	2026-08	747	8	8890.00	8650.00	8
goods	2026-08	750	1	1300.00	1143.00	1
goods	2026-08	754	1	1420.00	1340.00	1
goods	2026-08	75719	1	310.00	270.00	1
goods	2026-08	773	1	1230.00	1130.00	1
goods	2026-08	774	1	1580.00	1480.00	1
goods	2026-08	77739	1	1480.00	1400.00	1
goods	2026-08	77773	1	990.00	873.00	1
goods	2026-08	77779	1	1110.00	1110.00	1
goods	2026-08	780	1	600.00	495.00	1
goods	2026-08	782	2	3080.00	2667.00	2
goods	2026-08	783	1	2020.00	2000.00	1
goods	2026-08	793	1	720.00	700.00	1
goods	2026-08	800	1	470.00	450.00	1
goods	2026-08	824	1	820.00	800.00	1
goods	2026-08	826	1	1160.00	1035.00	1
goods	2026-08	833	1	560.00	486.00	1
goods	2026-08	848	1	1360.00	1260.00	1
goods	2026-08	862	1	520.00	510.00	1
goods	2026-08	876	4	4250.00	3645.00	4
goods	2026-08	880	2	2310.00	2230.00	2
goods	2026-08	883	5	10210.00	9690.00	5
goods	2026-08	884	1	1040.00	1000.00	1
goods	2026-08	889	1	1140.00	1100.00	1
goods	2026-08	891	1	1260.00	1116.00	1
goods	2026-08	893	1	1390.00	1350.00	1
goods	2026-08	89625	3	890.00	860.00	3
goods	2026-08	89629	1	2420.00	2270.00	1
goods	2026-08	89642	1	2080.00	2000.00	1
goods	2026-08	89645	3	1250.00	1177.00	3
goods	2026-08	89646	1	290.00	280.00	1
goods	2026-08	897	4	6160.00	5490.00	4
goods	2026-08	898	3	5810.00	5300.00	3
goods	2026-08	902	1	1150.00	1150.00	1
goods	2026-08	905	1	946.00	466.00	1
goods	2026-08	915	2	1120.00	1090.00	2
goods	2026-08	916	2	1400.00	1233.00	2
goods	2026-08	920	1	810.00	790.00	1
goods	2026-08	921	3	3298.00	2846.61	3
goods	2026-08	927	1	820.00	800.00	1
goods	2026-08	928	1	2650.01	2250.01	1
goods	2026-08	932	1	490.00	470.00	1
goods	2026-08	937	2	2220.00	1940.00	2
goods	2026-08	939	1	830.00	780.00	1
goods	2026-08	96114	1	1700.00	1600.00	1
goods	2026-08	96115	1	1350.00	1196.00	1
goods	2026-08	96116	1	1410.00	1400.00	1
goods	2026-08	991	4	2040.00	1891.00	4
goods	2026-09	1059	1	880.00	870.00	1
goods	2026-09	1066	1	2100.00	2100.00	1
goods	2026-09	1086	3	2809.00	2749.00	3
goods	2026-09	117	1	169.00	169.00	1
goods	2026-09	1190	1	594.00	528.00	1
goods	2026-09	1193	2	1400.00	1360.00	2
goods	2026-09	1276	1	329.00	329.00	1
goods	2026-09	1374	1	550.00	530.00	1
goods	2026-09	142259	1	1269.00	1169.00	1
goods	2026-09	142260	1	1500.00	1400.00	1
goods	2026-09	142262	2	2410.00	2260.00	2
goods	2026-09	142264	1	840.00	840.00	1
goods	2026-09	142265	5	3897.00	3837.00	5
goods	2026-09	142276	2	3090.00	2800.00	2
goods	2026-09	142296	1	679.00	659.00	1
goods	2026-09	142298	1	970.00	970.00	1
goods	2026-09	142300	1	1100.00	1100.00	1
goods	2026-09	142301	1	949.00	949.00	1
goods	2026-09	142302	1	1150.00	1150.00	1
goods	2026-09	142303	1	1199.00	1179.00	1
goods	2026-09	147	1	309.00	299.00	1
goods	2026-09	1471	2	2290.00	2260.00	2
goods	2026-09	1472	2	1085.00	1025.00	2
goods	2026-09	1544	1	1500.00	1460.00	1
goods	2026-09	1566	1	490.00	490.00	1
goods	2026-09	1646	1	1000.00	1000.00	1
goods	2026-09	1647	1	1850.00	1810.00	1
goods	2026-09	1663	1	1490.00	1340.00	1
goods	2026-09	1682	1	900.00	900.00	1
goods	2026-09	1731	1	310.00	300.00	1
goods	2026-09	1796	1	300.00	290.00	1
goods	2026-09	1806	1	2400.00	2150.00	1
goods	2026-09	19087	1	830.00	800.00	1
goods	2026-09	1975	2	1530.00	1510.00	2
goods	2026-09	1994	3	4516.00	4217.00	3
goods	2026-09	2013	1	1229.00	1229.00	1
goods	2026-09	2127	2	1179.00	1179.00	2
goods	2026-09	2128	1	1400.00	1340.00	1
goods	2026-09	2140	2	1570.00	1540.00	2
goods	2026-09	2141	1	480.00	480.00	1
goods	2026-09	2145	1	1540.00	1440.00	1
goods	2026-09	2157	1	2000.00	1990.00	1
goods	2026-09	2160	2	1070.00	1050.00	2
goods	2026-09	2161	1	300.00	300.00	1
goods	2026-09	2163	2	817.00	647.00	2
goods	2026-09	21802	1	260.00	260.00	1
goods	2026-09	2182	1	850.00	840.00	1
goods	2026-09	2271	1	870.00	850.00	1
goods	2026-09	242	2	2150.00	2140.00	2
goods	2026-09	2434	1	2100.00	2050.00	1
goods	2026-09	24438	1	1059.00	1049.00	1
goods	2026-09	249	3	2710.00	2670.00	3
goods	2026-09	2514	1	900.00	860.00	1
goods	2026-09	2543	1	880.00	880.00	1
goods	2026-09	2547	1	440.00	430.00	1
goods	2026-09	2554	1	270.00	260.00	1
goods	2026-09	259	1	1479.00	1279.00	1
goods	2026-09	269	1	260.00	250.00	1
goods	2026-09	28155	1	450.00	450.00	1
goods	2026-09	342	1	1149.00	1004.00	1
goods	2026-09	34359	1	470.00	460.00	1
goods	2026-09	3488	1	430.00	420.00	1
goods	2026-09	355	1	450.00	430.00	1
goods	2026-09	356	1	510.00	490.00	1
goods	2026-09	3745	3	3534.00	3288.00	3
goods	2026-09	3748	2	2360.00	2260.00	2
goods	2026-09	38533	1	640.00	620.00	1
goods	2026-09	38557	1	2200.00	2000.00	1
goods	2026-09	38646	1	450.00	440.00	1
goods	2026-09	38739	1	330.00	320.00	1
goods	2026-09	39061	1	530.00	510.00	1
goods	2026-09	39324	1	1280.00	1230.00	1
goods	2026-09	39707	1	800.00	740.00	1
goods	2026-09	39709	1	479.00	459.00	1
goods	2026-09	39776	1	940.00	930.00	1
goods	2026-09	39777	1	1100.00	1000.00	1
goods	2026-09	40245	1	689.00	669.00	1
goods	2026-09	40659	1	390.00	390.00	1
goods	2026-09	41202	1	660.00	610.00	1
goods	2026-09	41444	1	344.00	298.00	1
goods	2026-09	41546	2	1747.44	1707.44	2
goods	2026-09	41548	1	520.00	520.00	1
goods	2026-09	41549	1	860.00	850.00	1
goods	2026-09	434	1	2029.00	2029.00	1
goods	2026-09	437	1	2860.00	2260.00	1
goods	2026-09	459	1	600.00	580.00	1
goods	2026-09	481	1	1800.00	1670.00	1
goods	2026-09	500	2	1400.00	1380.00	2
goods	2026-09	50218	1	1160.00	1110.00	1
goods	2026-09	57491	1	2490.00	2490.00	1
goods	2026-09	57552	1	1840.00	1640.00	1
goods	2026-09	58075	1	530.00	520.00	1
goods	2026-09	58088	1	370.00	370.00	1
goods	2026-09	58369	1	710.00	710.00	1
goods	2026-09	608	1	1140.00	1040.00	1
goods	2026-09	64146	1	850.00	850.00	1
goods	2026-09	649	1	1500.00	1360.00	1
goods	2026-09	660	1	1422.00	1422.00	1
goods	2026-09	684	1	859.00	750.00	1
goods	2026-09	68727	1	1200.00	800.00	1
goods	2026-09	70301	1	649.00	629.00	1
goods	2026-09	71606	1	220.00	220.00	1
goods	2026-09	72394	1	1006.00	891.00	1
goods	2026-09	72870	1	1087.00	1070.00	1
goods	2026-09	747	1	1217.00	1217.00	1
goods	2026-09	798	1	410.00	400.00	1
goods	2026-09	799	1	179.00	179.00	1
goods	2026-09	814	1	870.00	820.00	1
goods	2026-09	847	1	1070.00	1070.00	1
goods	2026-09	848	1	879.00	819.00	1
goods	2026-09	849	1	1200.00	1140.00	1
goods	2026-09	862	1	470.00	470.00	1
goods	2026-09	876	1	800.00	800.00	1
goods	2026-09	880	1	1199.00	1199.00	1
goods	2026-09	888	1	970.00	870.00	1
goods	2026-09	891	2	2159.00	2099.00	2
goods	2026-09	900	1	864.00	764.00	1
goods	2026-09	913	1	1080.00	962.00	1
goods	2026-09	915	1	1000.00	980.00	1
goods	2026-09	921	1	1080.00	1060.00	1
goods	2026-09	927	2	1610.00	1600.00	2
goods	2026-09	932	4	1930.00	1860.00	4
goods	2026-09	999	1	229.00	229.00	1
kind	2025-01	active	17	22678.14	9347.84	17
kind	2025-01	norec	5	2563.00	0.00	0
kind	2025-01	paid	198	216957.23	0.00	0
kind	2025-02	active	28	32246.07	17499.61	28
kind	2025-02	norec	7	3897.88	0.00	0
kind	2025-02	paid	213	224927.85	0.00	0
kind	2025-02	wo	4	4983.98	3837.98	0
kind	2025-03	active	17	19398.90	9353.06	17
kind	2025-03	norec	4	2503.56	0.00	0
kind	2025-03	paid	194	220145.33	0.00	0
kind	2025-03	wo	2	1170.00	949.00	0
kind	2025-04	active	20	20748.47	10734.46	20
kind	2025-04	norec	5	4144.00	0.00	0
kind	2025-04	paid	168	190764.80	0.00	0
kind	2025-04	wo	1	3160.00	2830.00	0
kind	2025-05	active	13	17245.53	9720.37	13
kind	2025-05	norec	5	4817.80	0.00	0
kind	2025-05	paid	192	223153.78	0.00	0
kind	2025-05	wo	1	2150.00	1930.00	0
kind	2025-06	active	23	35783.97	19046.57	23
kind	2025-06	norec	11	11461.33	0.00	0
kind	2025-06	paid	195	228088.60	0.00	0
kind	2025-07	active	28	46953.67	26912.58	28
kind	2025-07	norec	76	103248.17	0.00	0
kind	2025-07	paid	201	209255.31	0.00	0
kind	2025-08	active	12	14081.12	7591.37	12
kind	2025-08	norec	102	127436.24	0.00	0
kind	2025-08	paid	24	24189.10	0.00	0
kind	2025-09	active	17	27891.36	13890.86	17
kind	2025-09	norec	166	210908.16	0.00	0
kind	2025-09	paid	26	24597.43	0.00	0
kind	2025-10	active	29	38510.15	20051.52	29
kind	2025-10	norec	152	178392.25	0.00	0
kind	2025-10	paid	26	28677.40	0.00	0
kind	2025-11	active	227	288636.27	79653.71	227
kind	2025-11	norec	41	45642.65	0.00	0
kind	2025-11	paid	52	60224.78	0.00	0
kind	2025-12	active	457	592645.21	191307.36	457
kind	2025-12	norec	42	33895.78	0.00	0
kind	2025-12	paid	28	21735.21	0.00	0
kind	2026-01	active	455	581318.73	251012.14	455
kind	2026-01	norec	59	54121.96	0.00	0
kind	2026-01	paid	20	19381.12	0.00	0
kind	2026-02	active	543	674252.45	333048.91	543
kind	2026-02	norec	42	34018.74	0.00	0
kind	2026-02	paid	19	17877.00	0.00	0
kind	2026-03	active	676	840990.51	460765.75	676
kind	2026-03	norec	37	30489.18	0.00	0
kind	2026-03	paid	14	14820.50	0.00	0
kind	2026-04	active	683	826368.62	503972.78	683
kind	2026-04	norec	24	19866.56	567.00	0
kind	2026-04	paid	1	380.00	0.00	0
kind	2026-05	active	803	984697.35	686874.78	803
kind	2026-05	norec	21	21550.00	0.00	0
kind	2026-05	paid	2	4194.00	0.00	0
kind	2026-06	active	1124	1465485.31	1151003.34	1124
kind	2026-06	norec	13	15669.00	1720.00	0
kind	2026-06	paid	2	1044.00	0.00	0
kind	2026-07	active	1022	1293206.01	1114711.97	1022
kind	2026-07	norec	5	4526.00	0.00	0
kind	2026-07	paid	1	1960.00	0.00	0
kind	2026-08	active	687	795659.13	725915.25	687
kind	2026-08	norec	1	1260.00	0.00	0
kind	2026-08	paid	2	1430.00	0.00	0
kind	2026-09	active	154	142747.44	136236.44	154
risk	2025-01	დაბალი	52	54458.49	1802.00	3
risk	2025-01	მაღალი	71	90387.22	4898.64	9
risk	2025-01	საშუალო	97	97352.66	2647.20	5
risk	2025-02	დაბალი	50	44158.19	215.00	1
risk	2025-02	მაღალი	85	99601.98	13084.09	18
risk	2025-02	საშუალო	117	122295.61	8038.50	9
risk	2025-03	დაბალი	54	61823.30	625.00	1
risk	2025-03	მაღალი	61	79989.50	4917.29	7
risk	2025-03	საშუალო	102	101404.99	4759.77	9
risk	2025-04	დაბალი	43	42395.94	1580.00	2
risk	2025-04	მაღალი	42	52774.01	9425.14	12
risk	2025-04	საშუალო	109	123647.32	2559.32	6
risk	2025-05	დაბალი	66	68304.27	4818.64	4
risk	2025-05	მაღალი	38	53564.87	811.00	3
risk	2025-05	საშუალო	107	125497.97	6020.73	6
risk	2025-06	დაბალი	43	51175.30	4508.00	2
risk	2025-06	მაღალი	52	71364.41	7923.84	10
risk	2025-06	საშუალო	134	152794.19	6614.73	11
risk	2025-07	დაბალი	77	71953.10	961.66	1
risk	2025-07	მაღალი	71	87649.87	12662.66	13
risk	2025-07	საშუალო	157	199854.18	13288.26	14
risk	2025-08	დაბალი	36	37927.64	75.15	1
risk	2025-08	მაღალი	22	26578.02	3422.56	6
risk	2025-08	საშუალო	80	101200.80	4093.66	5
risk	2025-09	დაბალი	49	59067.00	2471.43	4
risk	2025-09	მაღალი	49	63624.09	6616.27	7
risk	2025-09	საშუალო	111	140705.86	4803.16	6
risk	2025-10	დაბალი	48	44069.52	765.00	4
risk	2025-10	მაღალი	53	75348.31	13025.37	12
risk	2025-10	საშუალო	106	126161.97	6261.15	13
risk	2025-11	დაბალი	79	96404.47	8912.45	49
risk	2025-11	მაღალი	132	164591.56	51398.71	103
risk	2025-11	საშუალო	109	133507.67	19342.55	75
risk	2025-12	დაბალი	50	59631.14	12969.63	42
risk	2025-12	მაღალი	93	149924.14	49192.81	87
risk	2025-12	საშუალო	384	438720.92	129144.92	328
risk	2026-01	0	1	602.00	0.00	0
risk	2026-01	დაბალი	5	3204.00	850.00	4
risk	2026-01	საშუალო	528	651015.81	250162.14	451
risk	2026-02	საშუალო	604	726148.19	333048.91	543
risk	2026-03	დაბალი	2	1550.00	624.00	1
risk	2026-03	საშუალო	725	884750.19	460141.75	675
risk	2026-04	დაბალი	2	5760.00	1808.00	2
risk	2026-04	საშუალო	706	840855.18	502731.78	681
risk	2026-05	დაბალი	2	2079.00	1250.00	2
risk	2026-05	საშუალო	824	1008362.35	685624.78	801
risk	2026-06	დაბალი	1	4500.00	3150.00	1
risk	2026-06	მაღალი	2	2900.00	2197.00	2
risk	2026-06	საშუალო	1136	1474798.31	1147376.34	1121
risk	2026-07	დაბალი	1	979.00	881.00	1
risk	2026-07	მაღალი	1	580.00	465.00	1
risk	2026-07	საშუალო	1026	1298133.01	1113365.97	1020
risk	2026-08	low	4	4570.00	4220.00	4
risk	2026-08	medium	4	5030.00	4720.00	4
risk	2026-08	საშუალო	682	788749.13	716975.25	679
risk	2026-09	low	51	43272.00	41397.00	51
risk	2026-09	medium	103	99475.44	94839.44	103
seg	2025-01	A	22	40464.22	1800.00	2
seg	2025-01	B	198	201734.15	7547.84	15
seg	2025-02	A	27	48711.71	7335.36	8
seg	2025-02	B	225	217344.07	14002.23	20
seg	2025-03	A	22	50419.53	2993.59	3
seg	2025-03	B	195	192798.26	7308.47	14
seg	2025-04	A	25	48579.71	5159.00	3
seg	2025-04	B	169	170237.56	8405.46	17
seg	2025-05	A	17	39459.50	0.00	0
seg	2025-05	B	194	207907.61	11650.37	13
seg	2025-06	A	21	59972.46	7949.07	4
seg	2025-06	B	208	215361.44	11097.50	19
seg	2025-07	A	38	86785.45	10852.56	8
seg	2025-07	B	267	272671.70	16060.02	20
seg	2025-08	A	23	37739.34	3010.56	3
seg	2025-08	B	115	127967.12	4580.81	9
seg	2025-09	A	31	69975.73	2756.71	3
seg	2025-09	B	178	193421.22	11134.15	14
seg	2025-10	A	40	65250.42	9156.78	8
seg	2025-10	B	167	180329.38	10894.74	21
seg	2025-11	A	68	126223.39	29871.30	47
seg	2025-11	B	252	268280.31	49782.41	180
seg	2025-12	A	129	241314.06	82043.87	120
seg	2025-12	B	398	406962.14	109263.49	337
seg	2026-01	A	144	274220.43	119076.32	130
seg	2026-01	B	390	380601.38	131935.82	325
seg	2026-02	A	232	340653.13	170676.86	218
seg	2026-02	B	372	385495.06	162372.05	325
seg	2026-03	A	255	398756.98	218450.46	238
seg	2026-03	B	472	487543.21	242315.29	438
seg	2026-04	A	190	324770.79	205210.17	187
seg	2026-04	B	518	521844.39	299329.61	496
seg	2026-05	A	171	327130.53	229006.77	167
seg	2026-05	B	655	683310.82	457868.01	636
seg	2026-06	A	184	413777.39	328498.23	182
seg	2026-06	B	955	1068420.92	824225.11	942
seg	2026-07	A	173	391344.87	337716.87	172
seg	2026-07	B	855	908347.14	776995.10	850
seg	2026-08	A	86	141497.03	126225.03	86
seg	2026-08	B	604	656852.10	599690.22	601
seg	2026-09	A	7	7478.00	6568.00	7
seg	2026-09	B	147	135269.44	129668.44	147
term	2025-01	1	5	864.78	0.00	0
term	2025-01	10	177	206978.50	3037.20	6
term	2025-01	11	3	5091.00	2700.00	3
term	2025-01	12	2	2770.52	1842.00	2
term	2025-01	13	1	970.00	250.00	1
term	2025-01	15	1	2490.00	440.00	1
term	2025-01	17	1	1950.00	209.02	1
term	2025-01	3	1	299.67	0.00	0
term	2025-01	4	5	1955.78	299.62	1
term	2025-01	5	6	4166.78	0.00	0
term	2025-01	6	11	9332.34	400.00	1
term	2025-01	7	2	750.00	170.00	1
term	2025-01	8	3	2717.00	0.00	0
term	2025-01	9	2	1862.00	0.00	0
term	2025-02	1	5	461.75	0.00	0
term	2025-02	10	169	209463.48	9167.35	9
term	2025-02	11	3	3280.00	1948.00	3
term	2025-02	12	3	4750.00	3328.00	3
term	2025-02	13	2	3340.00	1800.00	2
term	2025-02	16	1	2190.00	580.38	1
term	2025-02	19	1	1020.00	520.00	1
term	2025-02	2	4	1073.00	0.00	0
term	2025-02	3	10	5911.10	187.36	1
term	2025-02	4	5	2101.24	200.00	1
term	2025-02	5	5	4112.90	960.00	1
term	2025-02	6	24	15248.52	948.00	2
term	2025-02	7	4	2605.76	593.00	2
term	2025-02	8	10	7302.69	628.50	1
term	2025-02	9	6	3195.34	477.00	1
term	2025-03	1	5	699.34	0.00	0
term	2025-03	10	163	203332.23	4054.18	6
term	2025-03	11	4	6020.00	3000.00	3
term	2025-03	12	1	1010.00	313.17	1
term	2025-03	14	1	1550.00	206.00	1
term	2025-03	15	1	1950.00	651.00	1
term	2025-03	2	2	811.12	263.59	1
term	2025-03	3	1	210.00	0.00	0
term	2025-03	4	2	940.00	0.00	0
term	2025-03	5	12	8380.64	0.00	0
term	2025-03	6	16	11624.54	509.00	0
term	2025-03	7	2	1383.00	290.00	1
term	2025-03	8	4	2842.20	715.12	2
term	2025-03	9	3	2464.72	300.00	1
term	2025-04	1	2	111.16	0.00	0
term	2025-04	10	149	186719.03	7518.84	7
term	2025-04	12	1	1300.00	300.00	1
term	2025-04	13	1	1170.00	618.00	1
term	2025-04	14	1	1450.00	1148.61	1
term	2025-04	2	3	844.34	0.00	0
term	2025-04	3	5	2513.10	250.00	1
term	2025-04	4	5	2339.58	200.00	1
term	2025-04	5	1	650.00	130.00	1
term	2025-04	6	14	10153.70	200.00	1
term	2025-04	7	1	1249.78	209.01	1
term	2025-04	8	4	4103.58	1730.00	3
term	2025-04	9	7	6213.00	1260.00	2
term	2025-05	1	1	199.61	0.00	0
term	2025-05	10	166	210472.50	5570.37	5
term	2025-05	11	1	1060.00	285.00	1
term	2025-05	13	1	1760.00	500.00	1
term	2025-05	14	1	2350.00	1500.00	1
term	2025-05	15	1	870.00	355.00	1
term	2025-05	17	1	1970.00	600.00	1
term	2025-05	2	1	270.00	0.00	0
term	2025-05	3	3	970.00	0.00	0
term	2025-05	4	7	6825.00	190.00	1
term	2025-05	5	5	2669.00	0.00	0
term	2025-05	6	16	9322.00	0.00	0
term	2025-05	8	3	2482.00	250.00	1
term	2025-05	9	4	6147.00	2400.00	1
term	2025-06	1	2	527.00	0.00	0
term	2025-06	10	184	226812.78	5448.80	7
term	2025-06	11	4	13062.00	6052.46	4
term	2025-06	12	2	2540.00	1472.00	2
term	2025-06	13	1	1550.00	1315.41	1
term	2025-06	15	1	3200.00	1300.00	1
term	2025-06	2	3	1179.33	0.00	0
term	2025-06	3	2	937.09	0.00	0
term	2025-06	4	5	3443.31	870.00	1
term	2025-06	5	5	2847.00	227.00	1
term	2025-06	6	12	12007.90	249.90	2
term	2025-06	7	2	1065.00	866.00	2
term	2025-06	8	5	3822.49	1245.00	2
term	2025-06	9	1	2340.00	0.00	0
term	2025-07	10	242	300821.79	6325.11	8
term	2025-07	11	2	4008.00	1616.00	1
term	2025-07	12	6	8205.00	5135.49	6
term	2025-07	13	1	1261.58	961.66	1
term	2025-07	14	2	5500.00	2804.00	2
term	2025-07	16	1	3690.00	2820.00	1
term	2025-07	2	2	240.63	0.00	0
term	2025-07	20	1	2076.00	1028.66	1
term	2025-07	3	3	2028.00	0.00	0
term	2025-07	4	6	2996.94	637.94	2
term	2025-07	5	8	7913.99	4113.00	3
term	2025-07	6	21	14999.34	359.72	1
term	2025-07	8	7	4057.88	800.00	1
term	2025-07	9	3	1658.00	311.00	1
term	2025-08	10	116	149350.52	5560.37	7
term	2025-08	11	1	1470.00	530.00	1
term	2025-08	2	3	969.00	193.00	1
term	2025-08	4	2	2793.00	100.00	1
term	2025-08	5	2	1287.00	563.00	1
term	2025-08	6	8	5861.37	645.00	1
term	2025-08	7	1	870.00	0.00	0
term	2025-08	8	1	346.84	0.00	0
term	2025-08	9	4	2758.73	0.00	0
term	2025-09	1	1	130.19	0.00	0
term	2025-09	10	180	231831.21	5000.72	8
term	2025-09	11	1	2000.00	1800.00	1
term	2025-09	12	1	1300.00	354.43	1
term	2025-09	13	1	1650.00	1350.00	1
term	2025-09	2	2	549.75	129.00	1
term	2025-09	20	1	4335.05	2382.44	1
term	2025-09	3	1	330.00	0.00	0
term	2025-09	4	4	2479.80	0.00	0
term	2025-09	6	8	6095.68	0.00	0
term	2025-09	7	3	3728.27	326.27	1
term	2025-09	9	6	8967.00	2548.00	3
term	2025-10	1	1	264.00	0.00	0
term	2025-10	10	174	212345.59	7965.50	12
term	2025-10	11	6	6100.00	2804.47	6
term	2025-10	12	3	5910.00	3468.00	3
term	2025-10	13	2	5220.00	3673.56	2
term	2025-10	15	1	1070.00	603.00	1
term	2025-10	3	1	520.00	0.00	0
term	2025-10	4	1	315.44	186.22	1
term	2025-10	5	4	1894.36	244.36	1
term	2025-10	6	9	8067.41	0.00	0
term	2025-10	8	2	1221.00	258.00	1
term	2025-10	9	3	2652.00	848.41	2
term	2025-11	10	251	330024.57	53006.95	185
term	2025-11	11	12	19560.00	8170.88	12
term	2025-11	12	6	8690.00	6143.61	6
term	2025-11	13	1	1470.00	1200.00	1
term	2025-11	15	1	920.00	760.00	1
term	2025-11	3	5	1435.39	254.37	1
term	2025-11	4	7	3494.37	2001.57	6
term	2025-11	5	5	2905.00	336.00	2
term	2025-11	6	19	15819.44	3071.56	7
term	2025-11	7	5	1730.43	145.00	1
term	2025-11	8	5	5564.50	2590.00	2
term	2025-11	9	3	2890.00	1973.77	3
term	2025-12	1	1	44.51	0.00	0
term	2025-12	10	427	559564.92	151975.93	407
term	2025-12	11	16	20765.00	12864.63	16
term	2025-12	12	6	7660.00	5750.97	6
term	2025-12	13	1	1920.00	1496.00	1
term	2025-12	17	1	1190.00	765.00	1
term	2025-12	2	1	290.00	0.00	0
term	2025-12	3	5	2137.80	59.07	1
term	2025-12	4	8	3502.43	1350.59	3
term	2025-12	5	13	7189.02	3384.24	7
term	2025-12	6	29	21266.32	2251.73	3
term	2025-12	7	6	4437.00	1846.00	3
term	2025-12	8	5	4237.34	1358.34	2
term	2025-12	9	8	14071.86	8204.86	7
term	2026-01	1	1	123.22	0.00	0
term	2026-01	10	395	513434.86	191976.91	378
term	2026-01	11	25	39505.81	22016.50	24
term	2026-01	12	7	11386.49	6673.32	7
term	2026-01	13	3	6150.00	4560.00	3
term	2026-01	14	1	2540.00	1532.00	1
term	2026-01	18	1	2810.00	2379.00	1
term	2026-01	3	6	2262.74	13.74	1
term	2026-01	4	9	4185.76	415.76	1
term	2026-01	5	17	11632.62	5529.62	7
term	2026-01	6	42	32672.93	3653.21	8
term	2026-01	7	7	5954.62	2126.62	4
term	2026-01	8	13	14984.00	7950.00	13
term	2026-01	9	7	7178.76	2185.46	7
term	2026-02	10	496	622441.81	280157.67	475
term	2026-02	11	27	39272.82	26645.09	27
term	2026-02	12	2	3560.00	2574.96	2
term	2026-02	2	1	290.00	0.00	0
term	2026-02	3	8	2704.04	0.00	0
term	2026-02	4	4	2155.15	450.15	1
term	2026-02	5	4	2308.68	1045.00	2
term	2026-02	6	37	26037.14	5882.99	13
term	2026-02	7	7	5056.84	1976.84	6
term	2026-02	8	11	11106.23	6684.21	10
term	2026-02	9	7	11215.48	7632.00	7
term	2026-03	1	1	94.61	0.00	0
term	2026-03	10	613	764974.77	395376.20	591
term	2026-03	11	34	54496.00	39170.36	33
term	2026-03	12	2	2921.00	2387.49	2
term	2026-03	2	2	805.00	0.00	0
term	2026-03	3	1	340.26	114.26	1
term	2026-03	4	2	948.03	0.00	0
term	2026-03	5	10	5988.00	630.00	1
term	2026-03	6	38	25432.18	3960.78	24
term	2026-03	7	4	2900.16	1768.08	4
term	2026-03	8	11	13020.37	6629.37	11
term	2026-03	9	9	14379.81	10729.21	9
term	2026-04	10	612	763595.60	459316.83	601
term	2026-04	11	15	17633.00	13341.17	15
term	2026-04	12	4	9400.00	8020.42	4
term	2026-04	3	5	2435.56	0.00	0
term	2026-04	4	4	2890.00	600.00	1
term	2026-04	5	9	6404.00	948.00	6
term	2026-04	6	34	23693.06	8851.43	32
term	2026-04	7	5	2334.00	865.00	5
term	2026-04	8	12	8292.45	4905.29	11
term	2026-04	9	8	9937.51	7691.64	8
term	2026-05	10	725	904031.41	615879.38	711
term	2026-05	11	34	59383.11	45743.15	33
term	2026-05	3	2	758.00	0.00	0
term	2026-05	4	11	6488.20	1007.20	7
term	2026-05	5	5	2356.00	1212.00	5
term	2026-05	6	27	19273.41	8214.96	25
term	2026-05	7	3	2099.00	1607.00	3
term	2026-05	8	12	10487.22	8496.09	12
term	2026-05	9	7	5565.00	4715.00	7
term	2026-06	10	964	1269250.61	982804.33	953
term	2026-06	11	72	125138.22	108949.82	72
term	2026-06	2	1	510.00	0.00	0
term	2026-06	3	11	6262.68	2677.32	10
term	2026-06	4	6	2561.00	892.00	4
term	2026-06	5	9	6083.62	2647.00	9
term	2026-06	6	51	36950.10	25054.29	51
term	2026-06	7	1	470.00	322.00	1
term	2026-06	8	17	24350.08	20927.88	17
term	2026-06	9	7	10622.00	8448.70	7
term	2026-07	1	1	110.00	0.00	1
term	2026-07	10	909	1188723.58	1022414.54	904
term	2026-07	11	49	58965.89	52804.89	49
term	2026-07	2	1	1100.00	0.00	0
term	2026-07	3	3	1520.00	666.00	3
term	2026-07	4	6	4896.00	4172.00	6
term	2026-07	5	6	3848.00	2558.00	6
term	2026-07	6	37	27584.54	20968.54	37
term	2026-07	7	3	1517.00	1259.00	3
term	2026-07	8	8	8274.00	7119.00	8
term	2026-07	9	5	3153.00	2750.00	5
term	2026-08	10	634	756388.11	688766.77	631
term	2026-08	11	8	8570.01	8030.01	8
term	2026-08	2	2	1510.00	900.00	2
term	2026-08	3	3	910.00	754.00	3
term	2026-08	4	2	665.00	465.00	2
term	2026-08	5	7	3207.00	2863.00	7
term	2026-08	6	24	17059.01	15026.47	24
term	2026-08	7	2	2430.00	2130.00	2
term	2026-08	8	8	7610.00	6980.00	8
term	2026-09	10	132	126556.00	121065.00	132
term	2026-09	12	2	1038.00	929.00	2
term	2026-09	4	1	310.00	300.00	1
term	2026-09	5	3	2529.00	2334.00	3
term	2026-09	6	11	7307.00	6761.00	11
term	2026-09	7	1	900.00	900.00	1
term	2026-09	8	3	3407.44	3267.44	3
term	2026-09	9	1	700.00	680.00	1
